#usda 1.0
(
    endTimeCode = 1000
    framesPerSecond = 100
    metersPerUnit = 1
    startTimeCode = 0
    subLayers = [
        @demo_C_closed_loop.usda@
    ]
    timeCodesPerSecond = 100
    upAxis = "Z"
)

over "World"
{
    def Xform "Visual"
    {
        def Cube "Base"
        {
            color3f[] primvars:displayColor = [(0.055, 0.09, 0.15)]
            double size = 1
            float3 xformOp:scale = (3.8, 2, 0.1)
            double3 xformOp:translate = (0, 0, -0.06)
            uniform token[] xformOpOrder = ["xformOp:translate", "xformOp:scale"]
        }

        def Cylinder "WheelDisk"
        {
            double height = 0.08
            color3f[] primvars:displayColor = [(0.28, 0.35, 0.43)]
            double radius = 0.5
            double3 xformOp:translate = (-0.92, 0, 0.06)
            uniform token[] xformOpOrder = ["xformOp:translate"]
        }

        def Xform "WheelAngle"
        {
            float xformOp:rotateZ.timeSamples = {
                0: 0,
                1: 0,
                2: 0,
                3: 0,
                4: 0,
                5: 0,
                6: 0,
                7: 0,
                8: 0,
                9: 0,
                10: 0,
                11: 0,
                12: 0,
                13: 0,
                14: 0,
                15: 0,
                16: 0,
                17: 0,
                18: 0,
                19: 0,
                20: 0,
                21: 0,
                22: 0.07237045,
                23: 0.28785673,
                24: 0.64289045,
                25: 1.131756,
                26: 1.748939,
                27: 2.4891891,
                28: 3.3475096,
                29: 4.319143,
                30: 5.399559,
                31: 6.5844436,
                32: 7.8696876,
                33: 9.251375,
                34: 10.725776,
                35: 12.289332,
                36: 13.938653,
                37: 15.6705065,
                38: 17.481806,
                39: 19.369608,
                40: 21.33111,
                41: 23.363625,
                42: 25.464598,
                43: 27.631582,
                44: 29.862244,
                45: 32.15435,
                46: 34.50577,
                47: 36.914467,
                48: 39.378487,
                49: 41.895966,
                50: 44.46512,
                51: 47.084236,
                52: 49.75169,
                53: 52.4659,
                54: 55.22538,
                55: 58.02868,
                56: 60.874424,
                57: 63.76129,
                58: 66.68801,
                59: 69.65337,
                60: 72.656204,
                61: 75.69539,
                62: 78.76984,
                63: 81.87851,
                64: 85.020424,
                65: 88.194626,
                66: 91.40019,
                67: 94.63622,
                68: 97.901886,
                69: 101.19636,
                70: 104.51884,
                71: 107.86855,
                72: 111.2448,
                73: 114.64686,
                74: 118.07404,
                75: 121.52567,
                76: 125.00116,
                77: 128.49986,
                78: 132.0212,
                79: 135.56456,
                80: 139.12944,
                81: 142.71529,
                82: 146.32158,
                83: 149.9478,
                84: 153.5935,
                85: 157.2582,
                86: 160.94142,
                87: 164.64276,
                88: 168.36176,
                89: 172.09802,
                90: 175.85114,
                91: 179.62073,
                92: 183.4064,
                93: 187.20781,
                94: 191.02458,
                95: 194.85638,
                96: 198.70288,
                97: 202.56374,
                98: 206.43866,
                99: 210.3273,
                100: 214.22939,
                101: 218.14464,
                102: 222.07274,
                103: 226.01344,
                104: 229.96646,
                105: 233.93155,
                106: 237.90843,
                107: 241.89688,
                108: 245.89667,
                109: 249.90752,
                110: 253.92921,
                111: 257.96155,
                112: 262.0043,
                113: 266.05725,
                114: 270.12018,
                115: 274.19293,
                116: 278.2752,
                117: 282.36694,
                118: 286.46786,
                119: 290.5778,
                120: 294.6966,
                121: 298.82407,
                122: 302.96002,
                123: 307.10428,
                124: 311.25674,
                125: 315.4172,
                126: 319.58554,
                127: 323.76154,
                128: 327.9451,
                129: 332.13605,
                130: 336.33426,
                131: 340.53958,
                132: 344.7519,
                133: 348.97104,
                134: 353.1969,
                135: 357.42935,
                136: 361.66824,
                137: 365.9135,
                138: 370.16498,
                139: 374.42252,
                140: 378.68607,
                141: 382.95547,
                142: 387.23065,
                143: 391.51147,
                144: 395.79782,
                145: 400.08963,
                146: 404.38678,
                147: 408.68915,
                148: 412.99667,
                149: 417.30923,
                150: 421.62674,
                151: 425.9491,
                152: 430.2762,
                153: 434.60803,
                154: 438.9444,
                155: 443.2853,
                156: 447.6306,
                157: 451.9803,
                158: 456.3342,
                159: 460.69226,
                160: 465.05447,
                161: 469.42072,
                162: 473.7909,
                163: 478.16495,
                164: 482.54282,
                165: 486.9244,
                166: 491.30966,
                167: 495.69858,
                168: 500.09097,
                169: 504.48685,
                170: 508.88614,
                171: 513.28876,
                172: 517.6947,
                173: 522.1038,
                174: 526.5161,
                175: 530.9315,
                176: 535.35004,
                177: 539.7714,
                178: 544.1958,
                179: 548.6231,
                180: 553.0532,
                181: 557.4861,
                182: 561.9217,
                183: 566.36,
                184: 570.8009,
                185: 575.24445,
                186: 579.6905,
                187: 584.13904,
                188: 588.59,
                189: 593.0434,
                190: 597.49915,
                191: 601.9572,
                192: 606.41754,
                193: 610.8801,
                194: 615.34485,
                195: 619.81177,
                196: 624.28076,
                197: 628.7519,
                198: 633.225,
                199: 637.7001,
                200: 642.1772,
                201: 646.6562,
                202: 651.1371,
                203: 655.6198,
                204: 660.1044,
                205: 664.5908,
                206: 669.07886,
                207: 673.5688,
                208: 678.0603,
                209: 682.5535,
                210: 687.04834,
                211: 691.5448,
                212: 696.04285,
                213: 700.5424,
                214: 705.0435,
                215: 709.54614,
                216: 714.0502,
                217: 718.5556,
                218: 723.0625,
                219: 727.5708,
                220: 732.08044,
                221: 736.59143,
                222: 741.1037,
                223: 745.6173,
                224: 750.1322,
                225: 754.64825,
                226: 759.1656,
                227: 763.6841,
                228: 768.2038,
                229: 772.7246,
                230: 777.2466,
                231: 781.76965,
                232: 786.2938,
                233: 790.81915,
                234: 795.3454,
                235: 799.8728,
                236: 804.4012,
                237: 808.9305,
                238: 813.4608,
                239: 817.9921,
                240: 822.52435,
                241: 827.05756,
                242: 831.5917,
                243: 836.12665,
                244: 840.66254,
                245: 845.1992,
                246: 849.73676,
                247: 854.2752,
                248: 858.81445,
                249: 863.35443,
                250: 867.89526,
                251: 872.4368,
                252: 876.9792,
                253: 881.5223,
                254: 886.0661,
                255: 890.61066,
                256: 895.1559,
                257: 899.70184,
                258: 904.2485,
                259: 908.7957,
                260: 913.3437,
                261: 917.8923,
                262: 922.4415,
                263: 926.99133,
                264: 931.5419,
                265: 936.09283,
                266: 940.6445,
                267: 945.1968,
                268: 949.7495,
                269: 954.30286,
                270: 958.8567,
                271: 963.4112,
                272: 967.9661,
                273: 972.52155,
                274: 977.0776,
                275: 981.63416,
                276: 986.19104,
                277: 990.74854,
                278: 995.3064,
                279: 999.8648,
                280: 1004.4237,
                281: 1008.983,
                282: 1013.5427,
                283: 1018.10284,
                284: 1022.66345,
                285: 1027.2245,
                286: 1031.7859,
                287: 1036.3478,
                288: 1040.9099,
                289: 1045.4725,
                290: 1050.0355,
                291: 1054.5989,
                292: 1059.1626,
                293: 1063.7267,
                294: 1068.2911,
                295: 1072.8558,
                296: 1077.421,
                297: 1081.9865,
                298: 1086.5522,
                299: 1091.1184,
                300: 1095.6847,
                301: 1100.2515,
                302: 1104.8185,
                303: 1109.3859,
                304: 1113.9535,
                305: 1118.5214,
                306: 1123.0896,
                307: 1127.6581,
                308: 1132.2269,
                309: 1136.7959,
                310: 1141.3652,
                311: 1145.9348,
                312: 1150.5046,
                313: 1155.0746,
                314: 1159.6449,
                315: 1164.2155,
                316: 1168.7863,
                317: 1173.3573,
                318: 1177.9285,
                319: 1182.5,
                320: 1187.0717,
                321: 1191.6436,
                322: 1196.1433,
                323: 1200.5001,
                324: 1204.7177,
                325: 1208.8015,
                326: 1212.7572,
                327: 1216.5901,
                328: 1220.305,
                329: 1223.907,
                330: 1227.4001,
                331: 1230.7892,
                332: 1234.078,
                333: 1237.2705,
                334: 1240.3706,
                335: 1243.3815,
                336: 1246.3069,
                337: 1249.1499,
                338: 1251.9137,
                339: 1254.6011,
                340: 1257.2148,
                341: 1259.7578,
                342: 1262.2325,
                343: 1264.6414,
                344: 1266.9866,
                345: 1269.2705,
                346: 1271.4954,
                347: 1273.663,
                348: 1275.7754,
                349: 1277.8345,
                350: 1279.842,
                351: 1281.7998,
                352: 1283.7094,
                353: 1285.5721,
                354: 1287.39,
                355: 1289.164,
                356: 1290.8958,
                357: 1292.5864,
                358: 1294.2373,
                359: 1295.8497,
                360: 1297.4248,
                361: 1298.9636,
                362: 1300.4673,
                363: 1301.9368,
                364: 1303.373,
                365: 1304.7772,
                366: 1306.1501,
                367: 1307.4927,
                368: 1308.8058,
                369: 1310.0901,
                370: 1311.3464,
                371: 1312.5756,
                372: 1313.7783,
                373: 1314.9554,
                374: 1316.1074,
                375: 1317.2351,
                376: 1318.339,
                377: 1319.4197,
                378: 1320.4779,
                379: 1321.5139,
                380: 1322.5288,
                381: 1323.5227,
                382: 1324.4962,
                383: 1325.4498,
                384: 1326.384,
                385: 1327.2993,
                386: 1328.1962,
                387: 1329.075,
                388: 1329.936,
                389: 1330.78,
                390: 1331.6073,
                391: 1332.4181,
                392: 1333.2128,
                393: 1333.992,
                394: 1334.7557,
                395: 1335.5045,
                396: 1336.2386,
                397: 1336.9585,
                398: 1337.6643,
                399: 1338.3566,
                400: 1339.0353,
                401: 1339.701,
                402: 1340.3539,
                403: 1340.9943,
                404: 1341.6223,
                405: 1342.2383,
                406: 1342.8425,
                407: 1343.4353,
                408: 1344.0167,
                409: 1344.5872,
                410: 1345.1469,
                411: 1345.6959,
                412: 1346.2345,
                413: 1346.7631,
                414: 1347.2817,
                415: 1347.7905,
                416: 1348.2897,
                417: 1348.7797,
                418: 1349.2604,
                419: 1349.7322,
                420: 1350.1951,
                421: 1350.6494,
                422: 1351.0409,
                423: 1351.3169,
                424: 1351.4799,
                425: 1351.5348,
                426: 1351.4855,
                427: 1351.3362,
                428: 1351.0908,
                429: 1350.7533,
                430: 1350.3268,
                431: 1349.8148,
                432: 1349.2207,
                433: 1348.5474,
                434: 1347.798,
                435: 1346.9751,
                436: 1346.0813,
                437: 1345.1194,
                438: 1344.0917,
                439: 1343.0006,
                440: 1341.8483,
                441: 1340.6368,
                442: 1339.3683,
                443: 1338.0447,
                444: 1336.6677,
                445: 1335.2393,
                446: 1333.761,
                447: 1332.2345,
                448: 1330.6615,
                449: 1329.0433,
                450: 1327.3815,
                451: 1325.6774,
                452: 1323.9323,
                453: 1322.1473,
                454: 1320.324,
                455: 1318.4634,
                456: 1316.5663,
                457: 1314.6342,
                458: 1312.668,
                459: 1310.6685,
                460: 1308.637,
                461: 1306.574,
                462: 1304.4808,
                463: 1302.3579,
                464: 1300.2065,
                465: 1298.0271,
                466: 1295.8204,
                467: 1293.5873,
                468: 1291.3286,
                469: 1289.0447,
                470: 1286.7363,
                471: 1284.4044,
                472: 1282.0492,
                473: 1279.6715,
                474: 1277.2717,
                475: 1274.8506,
                476: 1272.4084,
                477: 1269.9459,
                478: 1267.4635,
                479: 1264.9618,
                480: 1262.4409,
                481: 1259.9017,
                482: 1257.3444,
                483: 1254.7694,
                484: 1252.1774,
                485: 1249.5684,
                486: 1246.943,
                487: 1244.3015,
                488: 1241.6444,
                489: 1238.9719,
                490: 1236.2844,
                491: 1233.5823,
                492: 1230.8658,
                493: 1228.1355,
                494: 1225.3912,
                495: 1222.6337,
                496: 1219.8629,
                497: 1217.0793,
                498: 1214.2833,
                499: 1211.475,
                500: 1208.6545,
                501: 1205.8223,
                502: 1202.9785,
                503: 1200.1234,
                504: 1197.2574,
                505: 1194.3804,
                506: 1191.4928,
                507: 1188.595,
                508: 1185.6869,
                509: 1182.7688,
                510: 1179.841,
                511: 1176.9036,
                512: 1173.9568,
                513: 1171.0007,
                514: 1168.0358,
                515: 1165.062,
                516: 1162.0796,
                517: 1159.0886,
                518: 1156.0892,
                519: 1153.0819,
                520: 1150.0665,
                521: 1147.0433,
                522: 1144.0125,
                523: 1140.9739,
                524: 1137.9282,
                525: 1134.875,
                526: 1131.815,
                527: 1128.7478,
                528: 1125.6738,
                529: 1122.5931,
                530: 1119.506,
                531: 1116.4122,
                532: 1113.3123,
                533: 1110.206,
                534: 1107.0938,
                535: 1103.9755,
                536: 1100.8514,
                537: 1097.7216,
                538: 1094.586,
                539: 1091.445,
                540: 1088.2985,
                541: 1085.1467,
                542: 1081.9897,
                543: 1078.8276,
                544: 1075.6604,
                545: 1072.4883,
                546: 1069.3114,
                547: 1066.1296,
                548: 1062.9432,
                549: 1059.7523,
                550: 1056.5569,
                551: 1053.3569,
                552: 1050.1527,
                553: 1046.9443,
                554: 1043.7317,
                555: 1040.5149,
                556: 1037.2942,
                557: 1034.0696,
                558: 1030.841,
                559: 1027.6086,
                560: 1024.3726,
                561: 1021.1328,
                562: 1017.8894,
                563: 1014.64264,
                564: 1011.3922,
                565: 1008.13855,
                566: 1004.8815,
                567: 1001.6211,
                568: 998.3575,
                569: 995.0908,
                570: 991.8209,
                571: 988.54816,
                572: 985.2723,
                573: 981.99347,
                574: 978.7118,
                575: 975.4273,
                576: 972.1401,
                577: 968.8501,
                578: 965.5574,
                579: 962.2621,
                580: 958.96423,
                581: 955.66376,
                582: 952.3609,
                583: 949.05566,
                584: 945.74786,
                585: 942.4378,
                586: 939.1254,
                587: 935.8108,
                588: 932.4939,
                589: 929.1748,
                590: 925.8536,
                591: 922.5303,
                592: 919.2049,
                593: 915.8775,
                594: 912.5481,
                595: 909.2167,
                596: 905.8834,
                597: 902.5482,
                598: 899.2112,
                599: 895.8723,
                600: 892.5317,
                601: 889.1893,
                602: 885.84515,
                603: 882.4993,
                604: 879.1519,
                605: 875.80273,
                606: 872.4521,
                607: 869.0998,
                608: 865.746,
                609: 862.3906,
                610: 859.0338,
                611: 855.6755,
                612: 852.31573,
                613: 848.95465,
                614: 845.5921,
                615: 842.2283,
                616: 838.8631,
                617: 835.4966,
                618: 832.1287,
                619: 828.75964,
                620: 825.38934,
                621: 822.0178,
                622: 818.97076,
                623: 816.5665,
                624: 814.7892,
                625: 813.6129,
                626: 813.0129,
                627: 812.9657,
                628: 813.44867,
                629: 814.4405,
                630: 815.9208,
                631: 817.87024,
                632: 820.27026,
                633: 823.1034,
                634: 826.35266,
                635: 830.00226,
                636: 834.0368,
                637: 838.4419,
                638: 843.20355,
                639: 848.3086,
                640: 853.74445,
                641: 859.499,
                642: 865.56085,
                643: 871.9189,
                644: 878.5627,
                645: 885.4822,
                646: 892.6678,
                647: 900.11035,
                648: 907.80023,
                649: 915.7278,
                650: 923.8836,
                651: 932.259,
                652: 940.84503,
                653: 949.63354,
                654: 958.6167,
                655: 967.78674,
                656: 977.1365,
                657: 986.6589,
                658: 996.3469,
                659: 1006.1943,
                660: 1016.19476,
                661: 1026.3424,
                662: 1036.6311,
                663: 1047.0558,
                664: 1057.6107,
                665: 1068.2911,
                666: 1079.0919,
                667: 1090.0083,
                668: 1101.0358,
                669: 1112.1702,
                670: 1123.4071,
                671: 1134.7426,
                672: 1146.1729,
                673: 1157.6941,
                674: 1169.3027,
                675: 1180.9955,
                676: 1192.7687,
                677: 1204.6198,
                678: 1216.545,
                679: 1228.5421,
                680: 1240.6079,
                681: 1252.7397,
                682: 1264.935,
                683: 1277.1914,
                684: 1289.5063,
                685: 1301.8776,
                686: 1314.303,
                687: 1326.7803,
                688: 1339.3075,
                689: 1351.8828,
                690: 1364.5042,
                691: 1377.1698,
                692: 1389.878,
                693: 1402.6271,
                694: 1415.4155,
                695: 1428.2416,
                696: 1441.104,
                697: 1454.0012,
                698: 1466.932,
                699: 1479.8948,
                700: 1492.8885,
                701: 1505.912,
                702: 1518.964,
                703: 1532.0435,
                704: 1545.149,
                705: 1558.2803,
                706: 1571.4355,
                707: 1584.6143,
                708: 1597.8153,
                709: 1611.0381,
                710: 1624.2815,
                711: 1637.5447,
                712: 1650.8273,
                713: 1664.128,
                714: 1677.4465,
                715: 1690.7819,
                716: 1704.1337,
                717: 1717.501,
                718: 1730.8834,
                719: 1744.2803,
                720: 1757.691,
                721: 1771.115,
                722: 1784.3158,
                723: 1797.062,
                724: 1809.3662,
                725: 1821.2473,
                726: 1832.7239,
                727: 1843.8134,
                728: 1854.5327,
                729: 1864.8976,
                730: 1874.923,
                731: 1884.6234,
                732: 1894.0126,
                733: 1903.1031,
                734: 1911.9076,
                735: 1920.4379,
                736: 1928.7048,
                737: 1936.7195,
                738: 1944.4915,
                739: 1952.0309,
                740: 1959.3468,
                741: 1966.4478,
                742: 1973.3422,
                743: 1980.0385,
                744: 1986.5433,
                745: 1992.8647,
                746: 1999.0093,
                747: 2004.9835,
                748: 2010.794,
                749: 2016.4463,
                750: 2021.9463,
                751: 2027.2996,
                752: 2032.5111,
                753: 2037.5862,
                754: 2042.5293,
                755: 2047.3452,
                756: 2052.0383,
                757: 2056.6123,
                758: 2061.0715,
                759: 2065.42,
                760: 2069.661,
                761: 2073.798,
                762: 2077.8347,
                763: 2081.774,
                764: 2085.6191,
                765: 2089.373,
                766: 2093.0383,
                767: 2096.618,
                768: 2100.1145,
                769: 2103.5305,
                770: 2106.868,
                771: 2110.13,
                772: 2113.3179,
                773: 2116.434,
                774: 2119.4812,
                775: 2122.4604,
                776: 2125.374,
                777: 2128.2239,
                778: 2131.0117,
                779: 2133.739,
                780: 2136.4077,
                781: 2139.0195,
                782: 2141.5752,
                783: 2144.077,
                784: 2146.5256,
                785: 2148.923,
                786: 2151.2705,
                787: 2153.569,
                788: 2155.8198,
                789: 2158.0247,
                790: 2160.1838,
                791: 2162.2988,
                792: 2164.3708,
                793: 2166.401,
                794: 2168.3901,
                795: 2170.339,
                796: 2172.2488,
                797: 2174.1206,
                798: 2175.955,
                799: 2177.753,
                800: 2179.5156,
                801: 2181.2432,
                802: 2182.9368,
                803: 2184.5972,
                804: 2186.225,
                805: 2187.8213,
                806: 2189.3865,
                807: 2190.9211,
                808: 2192.426,
                809: 2193.902,
                810: 2195.3496,
                811: 2196.7693,
                812: 2198.1619,
                813: 2199.5273,
                814: 2200.8672,
                815: 2202.1814,
                816: 2203.4707,
                817: 2204.7354,
                818: 2205.976,
                819: 2207.193,
                820: 2208.3872,
                821: 2209.559,
                822: 2210.7087,
                823: 2211.8367,
                824: 2212.9434,
                825: 2214.0293,
                826: 2215.095,
                827: 2216.1409,
                828: 2217.167,
                829: 2218.1743,
                830: 2219.1624,
                831: 2220.1323,
                832: 2221.0842,
                833: 2222.0183,
                834: 2222.9353,
                835: 2223.835,
                836: 2224.7183,
                837: 2225.5852,
                838: 2226.436,
                839: 2227.2712,
                840: 2228.0908,
                841: 2228.8953,
                842: 2229.6853,
                843: 2230.4604,
                844: 2231.2212,
                845: 2231.9683,
                846: 2232.7017,
                847: 2233.4214,
                848: 2234.128,
                849: 2234.8215,
                850: 2235.5024,
                851: 2236.171,
                852: 2236.8271,
                853: 2237.4712,
                854: 2238.1038,
                855: 2238.7244,
                856: 2239.334,
                857: 2239.9324,
                858: 2240.5198,
                859: 2241.0964,
                860: 2241.6628,
                861: 2242.2188,
                862: 2242.7644,
                863: 2243.3,
                864: 2243.8262,
                865: 2244.3428,
                866: 2244.8499,
                867: 2245.3477,
                868: 2245.8364,
                869: 2246.3164,
                870: 2246.7876,
                871: 2247.25,
                872: 2247.7043,
                873: 2248.1504,
                874: 2248.5881,
                875: 2249.018,
                876: 2249.4402,
                877: 2249.8547,
                878: 2250.2615,
                879: 2250.661,
                880: 2251.0532,
                881: 2251.4385,
                882: 2251.8167,
                883: 2252.188,
                884: 2252.5527,
                885: 2252.9106,
                886: 2253.2622,
                887: 2253.6072,
                888: 2253.9463,
                889: 2254.2788,
                890: 2254.6057,
                891: 2254.9265,
                892: 2255.2415,
                893: 2255.551,
                894: 2255.8545,
                895: 2256.1528,
                896: 2256.4456,
                897: 2256.7332,
                898: 2257.0154,
                899: 2257.2927,
                900: 2257.565,
                901: 2257.832,
                902: 2258.0947,
                903: 2258.3523,
                904: 2258.6052,
                905: 2258.8538,
                906: 2259.0977,
                907: 2259.3372,
                908: 2259.5725,
                909: 2259.8035,
                910: 2260.0303,
                911: 2260.253,
                912: 2260.4714,
                913: 2260.6863,
                914: 2260.897,
                915: 2261.1042,
                916: 2261.3076,
                917: 2261.507,
                918: 2261.7031,
                919: 2261.8955,
                920: 2262.0845,
                921: 2262.27,
                922: 2262.4524,
                923: 2262.6313,
                924: 2262.8071,
                925: 2262.9795,
                926: 2263.149,
                927: 2263.3152,
                928: 2263.4788,
                929: 2263.639,
                930: 2263.7966,
                931: 2263.9514,
                932: 2264.103,
                933: 2264.2522,
                934: 2264.3987,
                935: 2264.5425,
                936: 2264.6838,
                937: 2264.8223,
                938: 2264.9585,
                939: 2265.092,
                940: 2265.2234,
                941: 2265.3523,
                942: 2265.479,
                943: 2265.603,
                944: 2265.725,
                945: 2265.845,
                946: 2265.963,
                947: 2266.0781,
                948: 2266.1917,
                949: 2266.3032,
                950: 2266.4126,
                951: 2266.52,
                952: 2266.6255,
                953: 2266.729,
                954: 2266.8308,
                955: 2266.9307,
                956: 2267.0288,
                957: 2267.1252,
                958: 2267.2195,
                959: 2267.3125,
                960: 2267.4036,
                961: 2267.4932,
                962: 2267.581,
                963: 2267.6675,
                964: 2267.7522,
                965: 2267.8354,
                966: 2267.9172,
                967: 2267.9973,
                968: 2268.0764,
                969: 2268.1538,
                970: 2268.2297,
                971: 2268.3042,
                972: 2268.3777,
                973: 2268.4497,
                974: 2268.5203,
                975: 2268.5898,
                976: 2268.6577,
                977: 2268.7249,
                978: 2268.7903,
                979: 2268.855,
                980: 2268.9182,
                981: 2268.9805,
                982: 2269.0415,
                983: 2269.1016,
                984: 2269.1604,
                985: 2269.2183,
                986: 2269.2751,
                987: 2269.3308,
                988: 2269.3855,
                989: 2269.4392,
                990: 2269.4922,
                991: 2269.544,
                992: 2269.595,
                993: 2269.645,
                994: 2269.6938,
                995: 2269.7422,
                996: 2269.7896,
                997: 2269.836,
                998: 2269.8816,
                999: 2269.9265,
                1000: 2269.9707,
            }
            double3 xformOp:translate = (-0.92, 0, 0.11)
            uniform token[] xformOpOrder = ["xformOp:translate", "xformOp:rotateZ"]

            def Cube "Pointer"
            {
                color3f[] primvars:displayColor = [(1, 0.52, 0.12)]
                double size = 1
                float3 xformOp:scale = (0.43, 0.055, 0.025)
                double3 xformOp:translate = (0.26, 0, 0.02)
                uniform token[] xformOpOrder = ["xformOp:translate", "xformOp:scale"]
            }

            def Cube "Hub"
            {
                color3f[] primvars:displayColor = [(0.85, 0.92, 0.98)]
                double size = 1
                float3 xformOp:scale = (0.11, 0.11, 0.08)
                double3 xformOp:translate = (0, 0, 0.04)
                uniform token[] xformOpOrder = ["xformOp:translate", "xformOp:scale"]
            }
        }

        def Cube "ReferenceTrack"
        {
            color3f[] primvars:displayColor = [(0.2, 0.26, 0.34)]
            double size = 1
            float3 xformOp:scale = (1.42, 0.12, 0.04)
            double3 xformOp:translate = (0.66, 0.44, 0.03)
            uniform token[] xformOpOrder = ["xformOp:translate", "xformOp:scale"]
        }

        def Cube "MeasuredTrack"
        {
            color3f[] primvars:displayColor = [(0.2, 0.26, 0.34)]
            double size = 1
            float3 xformOp:scale = (1.42, 0.12, 0.04)
            double3 xformOp:translate = (0.66, -0.44, 0.03)
            uniform token[] xformOpOrder = ["xformOp:translate", "xformOp:scale"]
        }

        def Cube "ReferenceBar"
        {
            color3f[] primvars:displayColor = [(1, 0.53, 0.15)]
            double size = 1
            float3 xformOp:scale = (1, 1, 1)
            float3 xformOp:scale.timeSamples = {
                0: (0.004, 0.085, 0.035),
                1: (0.004, 0.085, 0.035),
                2: (0.004, 0.085, 0.035),
                3: (0.004, 0.085, 0.035),
                4: (0.004, 0.085, 0.035),
                5: (0.004, 0.085, 0.035),
                6: (0.004, 0.085, 0.035),
                7: (0.004, 0.085, 0.035),
                8: (0.004, 0.085, 0.035),
                9: (0.004, 0.085, 0.035),
                10: (0.004, 0.085, 0.035),
                11: (0.004, 0.085, 0.035),
                12: (0.004, 0.085, 0.035),
                13: (0.004, 0.085, 0.035),
                14: (0.004, 0.085, 0.035),
                15: (0.004, 0.085, 0.035),
                16: (0.004, 0.085, 0.035),
                17: (0.004, 0.085, 0.035),
                18: (0.004, 0.085, 0.035),
                19: (0.004, 0.085, 0.035),
                20: (0.004, 0.085, 0.035),
                21: (0.33333334, 0.085, 0.035),
                22: (0.33333334, 0.085, 0.035),
                23: (0.33333334, 0.085, 0.035),
                24: (0.33333334, 0.085, 0.035),
                25: (0.33333334, 0.085, 0.035),
                26: (0.33333334, 0.085, 0.035),
                27: (0.33333334, 0.085, 0.035),
                28: (0.33333334, 0.085, 0.035),
                29: (0.33333334, 0.085, 0.035),
                30: (0.33333334, 0.085, 0.035),
                31: (0.33333334, 0.085, 0.035),
                32: (0.33333334, 0.085, 0.035),
                33: (0.33333334, 0.085, 0.035),
                34: (0.33333334, 0.085, 0.035),
                35: (0.33333334, 0.085, 0.035),
                36: (0.33333334, 0.085, 0.035),
                37: (0.33333334, 0.085, 0.035),
                38: (0.33333334, 0.085, 0.035),
                39: (0.33333334, 0.085, 0.035),
                40: (0.33333334, 0.085, 0.035),
                41: (0.33333334, 0.085, 0.035),
                42: (0.33333334, 0.085, 0.035),
                43: (0.33333334, 0.085, 0.035),
                44: (0.33333334, 0.085, 0.035),
                45: (0.33333334, 0.085, 0.035),
                46: (0.33333334, 0.085, 0.035),
                47: (0.33333334, 0.085, 0.035),
                48: (0.33333334, 0.085, 0.035),
                49: (0.33333334, 0.085, 0.035),
                50: (0.33333334, 0.085, 0.035),
                51: (0.33333334, 0.085, 0.035),
                52: (0.33333334, 0.085, 0.035),
                53: (0.33333334, 0.085, 0.035),
                54: (0.33333334, 0.085, 0.035),
                55: (0.33333334, 0.085, 0.035),
                56: (0.33333334, 0.085, 0.035),
                57: (0.33333334, 0.085, 0.035),
                58: (0.33333334, 0.085, 0.035),
                59: (0.33333334, 0.085, 0.035),
                60: (0.33333334, 0.085, 0.035),
                61: (0.33333334, 0.085, 0.035),
                62: (0.33333334, 0.085, 0.035),
                63: (0.33333334, 0.085, 0.035),
                64: (0.33333334, 0.085, 0.035),
                65: (0.33333334, 0.085, 0.035),
                66: (0.33333334, 0.085, 0.035),
                67: (0.33333334, 0.085, 0.035),
                68: (0.33333334, 0.085, 0.035),
                69: (0.33333334, 0.085, 0.035),
                70: (0.33333334, 0.085, 0.035),
                71: (0.33333334, 0.085, 0.035),
                72: (0.33333334, 0.085, 0.035),
                73: (0.33333334, 0.085, 0.035),
                74: (0.33333334, 0.085, 0.035),
                75: (0.33333334, 0.085, 0.035),
                76: (0.33333334, 0.085, 0.035),
                77: (0.33333334, 0.085, 0.035),
                78: (0.33333334, 0.085, 0.035),
                79: (0.33333334, 0.085, 0.035),
                80: (0.33333334, 0.085, 0.035),
                81: (0.33333334, 0.085, 0.035),
                82: (0.33333334, 0.085, 0.035),
                83: (0.33333334, 0.085, 0.035),
                84: (0.33333334, 0.085, 0.035),
                85: (0.33333334, 0.085, 0.035),
                86: (0.33333334, 0.085, 0.035),
                87: (0.33333334, 0.085, 0.035),
                88: (0.33333334, 0.085, 0.035),
                89: (0.33333334, 0.085, 0.035),
                90: (0.33333334, 0.085, 0.035),
                91: (0.33333334, 0.085, 0.035),
                92: (0.33333334, 0.085, 0.035),
                93: (0.33333334, 0.085, 0.035),
                94: (0.33333334, 0.085, 0.035),
                95: (0.33333334, 0.085, 0.035),
                96: (0.33333334, 0.085, 0.035),
                97: (0.33333334, 0.085, 0.035),
                98: (0.33333334, 0.085, 0.035),
                99: (0.33333334, 0.085, 0.035),
                100: (0.33333334, 0.085, 0.035),
                101: (0.33333334, 0.085, 0.035),
                102: (0.33333334, 0.085, 0.035),
                103: (0.33333334, 0.085, 0.035),
                104: (0.33333334, 0.085, 0.035),
                105: (0.33333334, 0.085, 0.035),
                106: (0.33333334, 0.085, 0.035),
                107: (0.33333334, 0.085, 0.035),
                108: (0.33333334, 0.085, 0.035),
                109: (0.33333334, 0.085, 0.035),
                110: (0.33333334, 0.085, 0.035),
                111: (0.33333334, 0.085, 0.035),
                112: (0.33333334, 0.085, 0.035),
                113: (0.33333334, 0.085, 0.035),
                114: (0.33333334, 0.085, 0.035),
                115: (0.33333334, 0.085, 0.035),
                116: (0.33333334, 0.085, 0.035),
                117: (0.33333334, 0.085, 0.035),
                118: (0.33333334, 0.085, 0.035),
                119: (0.33333334, 0.085, 0.035),
                120: (0.33333334, 0.085, 0.035),
                121: (0.33333334, 0.085, 0.035),
                122: (0.33333334, 0.085, 0.035),
                123: (0.33333334, 0.085, 0.035),
                124: (0.33333334, 0.085, 0.035),
                125: (0.33333334, 0.085, 0.035),
                126: (0.33333334, 0.085, 0.035),
                127: (0.33333334, 0.085, 0.035),
                128: (0.33333334, 0.085, 0.035),
                129: (0.33333334, 0.085, 0.035),
                130: (0.33333334, 0.085, 0.035),
                131: (0.33333334, 0.085, 0.035),
                132: (0.33333334, 0.085, 0.035),
                133: (0.33333334, 0.085, 0.035),
                134: (0.33333334, 0.085, 0.035),
                135: (0.33333334, 0.085, 0.035),
                136: (0.33333334, 0.085, 0.035),
                137: (0.33333334, 0.085, 0.035),
                138: (0.33333334, 0.085, 0.035),
                139: (0.33333334, 0.085, 0.035),
                140: (0.33333334, 0.085, 0.035),
                141: (0.33333334, 0.085, 0.035),
                142: (0.33333334, 0.085, 0.035),
                143: (0.33333334, 0.085, 0.035),
                144: (0.33333334, 0.085, 0.035),
                145: (0.33333334, 0.085, 0.035),
                146: (0.33333334, 0.085, 0.035),
                147: (0.33333334, 0.085, 0.035),
                148: (0.33333334, 0.085, 0.035),
                149: (0.33333334, 0.085, 0.035),
                150: (0.33333334, 0.085, 0.035),
                151: (0.33333334, 0.085, 0.035),
                152: (0.33333334, 0.085, 0.035),
                153: (0.33333334, 0.085, 0.035),
                154: (0.33333334, 0.085, 0.035),
                155: (0.33333334, 0.085, 0.035),
                156: (0.33333334, 0.085, 0.035),
                157: (0.33333334, 0.085, 0.035),
                158: (0.33333334, 0.085, 0.035),
                159: (0.33333334, 0.085, 0.035),
                160: (0.33333334, 0.085, 0.035),
                161: (0.33333334, 0.085, 0.035),
                162: (0.33333334, 0.085, 0.035),
                163: (0.33333334, 0.085, 0.035),
                164: (0.33333334, 0.085, 0.035),
                165: (0.33333334, 0.085, 0.035),
                166: (0.33333334, 0.085, 0.035),
                167: (0.33333334, 0.085, 0.035),
                168: (0.33333334, 0.085, 0.035),
                169: (0.33333334, 0.085, 0.035),
                170: (0.33333334, 0.085, 0.035),
                171: (0.33333334, 0.085, 0.035),
                172: (0.33333334, 0.085, 0.035),
                173: (0.33333334, 0.085, 0.035),
                174: (0.33333334, 0.085, 0.035),
                175: (0.33333334, 0.085, 0.035),
                176: (0.33333334, 0.085, 0.035),
                177: (0.33333334, 0.085, 0.035),
                178: (0.33333334, 0.085, 0.035),
                179: (0.33333334, 0.085, 0.035),
                180: (0.33333334, 0.085, 0.035),
                181: (0.33333334, 0.085, 0.035),
                182: (0.33333334, 0.085, 0.035),
                183: (0.33333334, 0.085, 0.035),
                184: (0.33333334, 0.085, 0.035),
                185: (0.33333334, 0.085, 0.035),
                186: (0.33333334, 0.085, 0.035),
                187: (0.33333334, 0.085, 0.035),
                188: (0.33333334, 0.085, 0.035),
                189: (0.33333334, 0.085, 0.035),
                190: (0.33333334, 0.085, 0.035),
                191: (0.33333334, 0.085, 0.035),
                192: (0.33333334, 0.085, 0.035),
                193: (0.33333334, 0.085, 0.035),
                194: (0.33333334, 0.085, 0.035),
                195: (0.33333334, 0.085, 0.035),
                196: (0.33333334, 0.085, 0.035),
                197: (0.33333334, 0.085, 0.035),
                198: (0.33333334, 0.085, 0.035),
                199: (0.33333334, 0.085, 0.035),
                200: (0.33333334, 0.085, 0.035),
                201: (0.33333334, 0.085, 0.035),
                202: (0.33333334, 0.085, 0.035),
                203: (0.33333334, 0.085, 0.035),
                204: (0.33333334, 0.085, 0.035),
                205: (0.33333334, 0.085, 0.035),
                206: (0.33333334, 0.085, 0.035),
                207: (0.33333334, 0.085, 0.035),
                208: (0.33333334, 0.085, 0.035),
                209: (0.33333334, 0.085, 0.035),
                210: (0.33333334, 0.085, 0.035),
                211: (0.33333334, 0.085, 0.035),
                212: (0.33333334, 0.085, 0.035),
                213: (0.33333334, 0.085, 0.035),
                214: (0.33333334, 0.085, 0.035),
                215: (0.33333334, 0.085, 0.035),
                216: (0.33333334, 0.085, 0.035),
                217: (0.33333334, 0.085, 0.035),
                218: (0.33333334, 0.085, 0.035),
                219: (0.33333334, 0.085, 0.035),
                220: (0.33333334, 0.085, 0.035),
                221: (0.33333334, 0.085, 0.035),
                222: (0.33333334, 0.085, 0.035),
                223: (0.33333334, 0.085, 0.035),
                224: (0.33333334, 0.085, 0.035),
                225: (0.33333334, 0.085, 0.035),
                226: (0.33333334, 0.085, 0.035),
                227: (0.33333334, 0.085, 0.035),
                228: (0.33333334, 0.085, 0.035),
                229: (0.33333334, 0.085, 0.035),
                230: (0.33333334, 0.085, 0.035),
                231: (0.33333334, 0.085, 0.035),
                232: (0.33333334, 0.085, 0.035),
                233: (0.33333334, 0.085, 0.035),
                234: (0.33333334, 0.085, 0.035),
                235: (0.33333334, 0.085, 0.035),
                236: (0.33333334, 0.085, 0.035),
                237: (0.33333334, 0.085, 0.035),
                238: (0.33333334, 0.085, 0.035),
                239: (0.33333334, 0.085, 0.035),
                240: (0.33333334, 0.085, 0.035),
                241: (0.33333334, 0.085, 0.035),
                242: (0.33333334, 0.085, 0.035),
                243: (0.33333334, 0.085, 0.035),
                244: (0.33333334, 0.085, 0.035),
                245: (0.33333334, 0.085, 0.035),
                246: (0.33333334, 0.085, 0.035),
                247: (0.33333334, 0.085, 0.035),
                248: (0.33333334, 0.085, 0.035),
                249: (0.33333334, 0.085, 0.035),
                250: (0.33333334, 0.085, 0.035),
                251: (0.33333334, 0.085, 0.035),
                252: (0.33333334, 0.085, 0.035),
                253: (0.33333334, 0.085, 0.035),
                254: (0.33333334, 0.085, 0.035),
                255: (0.33333334, 0.085, 0.035),
                256: (0.33333334, 0.085, 0.035),
                257: (0.33333334, 0.085, 0.035),
                258: (0.33333334, 0.085, 0.035),
                259: (0.33333334, 0.085, 0.035),
                260: (0.33333334, 0.085, 0.035),
                261: (0.33333334, 0.085, 0.035),
                262: (0.33333334, 0.085, 0.035),
                263: (0.33333334, 0.085, 0.035),
                264: (0.33333334, 0.085, 0.035),
                265: (0.33333334, 0.085, 0.035),
                266: (0.33333334, 0.085, 0.035),
                267: (0.33333334, 0.085, 0.035),
                268: (0.33333334, 0.085, 0.035),
                269: (0.33333334, 0.085, 0.035),
                270: (0.33333334, 0.085, 0.035),
                271: (0.33333334, 0.085, 0.035),
                272: (0.33333334, 0.085, 0.035),
                273: (0.33333334, 0.085, 0.035),
                274: (0.33333334, 0.085, 0.035),
                275: (0.33333334, 0.085, 0.035),
                276: (0.33333334, 0.085, 0.035),
                277: (0.33333334, 0.085, 0.035),
                278: (0.33333334, 0.085, 0.035),
                279: (0.33333334, 0.085, 0.035),
                280: (0.33333334, 0.085, 0.035),
                281: (0.33333334, 0.085, 0.035),
                282: (0.33333334, 0.085, 0.035),
                283: (0.33333334, 0.085, 0.035),
                284: (0.33333334, 0.085, 0.035),
                285: (0.33333334, 0.085, 0.035),
                286: (0.33333334, 0.085, 0.035),
                287: (0.33333334, 0.085, 0.035),
                288: (0.33333334, 0.085, 0.035),
                289: (0.33333334, 0.085, 0.035),
                290: (0.33333334, 0.085, 0.035),
                291: (0.33333334, 0.085, 0.035),
                292: (0.33333334, 0.085, 0.035),
                293: (0.33333334, 0.085, 0.035),
                294: (0.33333334, 0.085, 0.035),
                295: (0.33333334, 0.085, 0.035),
                296: (0.33333334, 0.085, 0.035),
                297: (0.33333334, 0.085, 0.035),
                298: (0.33333334, 0.085, 0.035),
                299: (0.33333334, 0.085, 0.035),
                300: (0.33333334, 0.085, 0.035),
                301: (0.33333334, 0.085, 0.035),
                302: (0.33333334, 0.085, 0.035),
                303: (0.33333334, 0.085, 0.035),
                304: (0.33333334, 0.085, 0.035),
                305: (0.33333334, 0.085, 0.035),
                306: (0.33333334, 0.085, 0.035),
                307: (0.33333334, 0.085, 0.035),
                308: (0.33333334, 0.085, 0.035),
                309: (0.33333334, 0.085, 0.035),
                310: (0.33333334, 0.085, 0.035),
                311: (0.33333334, 0.085, 0.035),
                312: (0.33333334, 0.085, 0.035),
                313: (0.33333334, 0.085, 0.035),
                314: (0.33333334, 0.085, 0.035),
                315: (0.33333334, 0.085, 0.035),
                316: (0.33333334, 0.085, 0.035),
                317: (0.33333334, 0.085, 0.035),
                318: (0.33333334, 0.085, 0.035),
                319: (0.33333334, 0.085, 0.035),
                320: (0.33333334, 0.085, 0.035),
                321: (0.004, 0.085, 0.035),
                322: (0.004, 0.085, 0.035),
                323: (0.004, 0.085, 0.035),
                324: (0.004, 0.085, 0.035),
                325: (0.004, 0.085, 0.035),
                326: (0.004, 0.085, 0.035),
                327: (0.004, 0.085, 0.035),
                328: (0.004, 0.085, 0.035),
                329: (0.004, 0.085, 0.035),
                330: (0.004, 0.085, 0.035),
                331: (0.004, 0.085, 0.035),
                332: (0.004, 0.085, 0.035),
                333: (0.004, 0.085, 0.035),
                334: (0.004, 0.085, 0.035),
                335: (0.004, 0.085, 0.035),
                336: (0.004, 0.085, 0.035),
                337: (0.004, 0.085, 0.035),
                338: (0.004, 0.085, 0.035),
                339: (0.004, 0.085, 0.035),
                340: (0.004, 0.085, 0.035),
                341: (0.004, 0.085, 0.035),
                342: (0.004, 0.085, 0.035),
                343: (0.004, 0.085, 0.035),
                344: (0.004, 0.085, 0.035),
                345: (0.004, 0.085, 0.035),
                346: (0.004, 0.085, 0.035),
                347: (0.004, 0.085, 0.035),
                348: (0.004, 0.085, 0.035),
                349: (0.004, 0.085, 0.035),
                350: (0.004, 0.085, 0.035),
                351: (0.004, 0.085, 0.035),
                352: (0.004, 0.085, 0.035),
                353: (0.004, 0.085, 0.035),
                354: (0.004, 0.085, 0.035),
                355: (0.004, 0.085, 0.035),
                356: (0.004, 0.085, 0.035),
                357: (0.004, 0.085, 0.035),
                358: (0.004, 0.085, 0.035),
                359: (0.004, 0.085, 0.035),
                360: (0.004, 0.085, 0.035),
                361: (0.004, 0.085, 0.035),
                362: (0.004, 0.085, 0.035),
                363: (0.004, 0.085, 0.035),
                364: (0.004, 0.085, 0.035),
                365: (0.004, 0.085, 0.035),
                366: (0.004, 0.085, 0.035),
                367: (0.004, 0.085, 0.035),
                368: (0.004, 0.085, 0.035),
                369: (0.004, 0.085, 0.035),
                370: (0.004, 0.085, 0.035),
                371: (0.004, 0.085, 0.035),
                372: (0.004, 0.085, 0.035),
                373: (0.004, 0.085, 0.035),
                374: (0.004, 0.085, 0.035),
                375: (0.004, 0.085, 0.035),
                376: (0.004, 0.085, 0.035),
                377: (0.004, 0.085, 0.035),
                378: (0.004, 0.085, 0.035),
                379: (0.004, 0.085, 0.035),
                380: (0.004, 0.085, 0.035),
                381: (0.004, 0.085, 0.035),
                382: (0.004, 0.085, 0.035),
                383: (0.004, 0.085, 0.035),
                384: (0.004, 0.085, 0.035),
                385: (0.004, 0.085, 0.035),
                386: (0.004, 0.085, 0.035),
                387: (0.004, 0.085, 0.035),
                388: (0.004, 0.085, 0.035),
                389: (0.004, 0.085, 0.035),
                390: (0.004, 0.085, 0.035),
                391: (0.004, 0.085, 0.035),
                392: (0.004, 0.085, 0.035),
                393: (0.004, 0.085, 0.035),
                394: (0.004, 0.085, 0.035),
                395: (0.004, 0.085, 0.035),
                396: (0.004, 0.085, 0.035),
                397: (0.004, 0.085, 0.035),
                398: (0.004, 0.085, 0.035),
                399: (0.004, 0.085, 0.035),
                400: (0.004, 0.085, 0.035),
                401: (0.004, 0.085, 0.035),
                402: (0.004, 0.085, 0.035),
                403: (0.004, 0.085, 0.035),
                404: (0.004, 0.085, 0.035),
                405: (0.004, 0.085, 0.035),
                406: (0.004, 0.085, 0.035),
                407: (0.004, 0.085, 0.035),
                408: (0.004, 0.085, 0.035),
                409: (0.004, 0.085, 0.035),
                410: (0.004, 0.085, 0.035),
                411: (0.004, 0.085, 0.035),
                412: (0.004, 0.085, 0.035),
                413: (0.004, 0.085, 0.035),
                414: (0.004, 0.085, 0.035),
                415: (0.004, 0.085, 0.035),
                416: (0.004, 0.085, 0.035),
                417: (0.004, 0.085, 0.035),
                418: (0.004, 0.085, 0.035),
                419: (0.004, 0.085, 0.035),
                420: (0.004, 0.085, 0.035),
                421: (0.25, 0.085, 0.035),
                422: (0.25, 0.085, 0.035),
                423: (0.25, 0.085, 0.035),
                424: (0.25, 0.085, 0.035),
                425: (0.25, 0.085, 0.035),
                426: (0.25, 0.085, 0.035),
                427: (0.25, 0.085, 0.035),
                428: (0.25, 0.085, 0.035),
                429: (0.25, 0.085, 0.035),
                430: (0.25, 0.085, 0.035),
                431: (0.25, 0.085, 0.035),
                432: (0.25, 0.085, 0.035),
                433: (0.25, 0.085, 0.035),
                434: (0.25, 0.085, 0.035),
                435: (0.25, 0.085, 0.035),
                436: (0.25, 0.085, 0.035),
                437: (0.25, 0.085, 0.035),
                438: (0.25, 0.085, 0.035),
                439: (0.25, 0.085, 0.035),
                440: (0.25, 0.085, 0.035),
                441: (0.25, 0.085, 0.035),
                442: (0.25, 0.085, 0.035),
                443: (0.25, 0.085, 0.035),
                444: (0.25, 0.085, 0.035),
                445: (0.25, 0.085, 0.035),
                446: (0.25, 0.085, 0.035),
                447: (0.25, 0.085, 0.035),
                448: (0.25, 0.085, 0.035),
                449: (0.25, 0.085, 0.035),
                450: (0.25, 0.085, 0.035),
                451: (0.25, 0.085, 0.035),
                452: (0.25, 0.085, 0.035),
                453: (0.25, 0.085, 0.035),
                454: (0.25, 0.085, 0.035),
                455: (0.25, 0.085, 0.035),
                456: (0.25, 0.085, 0.035),
                457: (0.25, 0.085, 0.035),
                458: (0.25, 0.085, 0.035),
                459: (0.25, 0.085, 0.035),
                460: (0.25, 0.085, 0.035),
                461: (0.25, 0.085, 0.035),
                462: (0.25, 0.085, 0.035),
                463: (0.25, 0.085, 0.035),
                464: (0.25, 0.085, 0.035),
                465: (0.25, 0.085, 0.035),
                466: (0.25, 0.085, 0.035),
                467: (0.25, 0.085, 0.035),
                468: (0.25, 0.085, 0.035),
                469: (0.25, 0.085, 0.035),
                470: (0.25, 0.085, 0.035),
                471: (0.25, 0.085, 0.035),
                472: (0.25, 0.085, 0.035),
                473: (0.25, 0.085, 0.035),
                474: (0.25, 0.085, 0.035),
                475: (0.25, 0.085, 0.035),
                476: (0.25, 0.085, 0.035),
                477: (0.25, 0.085, 0.035),
                478: (0.25, 0.085, 0.035),
                479: (0.25, 0.085, 0.035),
                480: (0.25, 0.085, 0.035),
                481: (0.25, 0.085, 0.035),
                482: (0.25, 0.085, 0.035),
                483: (0.25, 0.085, 0.035),
                484: (0.25, 0.085, 0.035),
                485: (0.25, 0.085, 0.035),
                486: (0.25, 0.085, 0.035),
                487: (0.25, 0.085, 0.035),
                488: (0.25, 0.085, 0.035),
                489: (0.25, 0.085, 0.035),
                490: (0.25, 0.085, 0.035),
                491: (0.25, 0.085, 0.035),
                492: (0.25, 0.085, 0.035),
                493: (0.25, 0.085, 0.035),
                494: (0.25, 0.085, 0.035),
                495: (0.25, 0.085, 0.035),
                496: (0.25, 0.085, 0.035),
                497: (0.25, 0.085, 0.035),
                498: (0.25, 0.085, 0.035),
                499: (0.25, 0.085, 0.035),
                500: (0.25, 0.085, 0.035),
                501: (0.25, 0.085, 0.035),
                502: (0.25, 0.085, 0.035),
                503: (0.25, 0.085, 0.035),
                504: (0.25, 0.085, 0.035),
                505: (0.25, 0.085, 0.035),
                506: (0.25, 0.085, 0.035),
                507: (0.25, 0.085, 0.035),
                508: (0.25, 0.085, 0.035),
                509: (0.25, 0.085, 0.035),
                510: (0.25, 0.085, 0.035),
                511: (0.25, 0.085, 0.035),
                512: (0.25, 0.085, 0.035),
                513: (0.25, 0.085, 0.035),
                514: (0.25, 0.085, 0.035),
                515: (0.25, 0.085, 0.035),
                516: (0.25, 0.085, 0.035),
                517: (0.25, 0.085, 0.035),
                518: (0.25, 0.085, 0.035),
                519: (0.25, 0.085, 0.035),
                520: (0.25, 0.085, 0.035),
                521: (0.25, 0.085, 0.035),
                522: (0.25, 0.085, 0.035),
                523: (0.25, 0.085, 0.035),
                524: (0.25, 0.085, 0.035),
                525: (0.25, 0.085, 0.035),
                526: (0.25, 0.085, 0.035),
                527: (0.25, 0.085, 0.035),
                528: (0.25, 0.085, 0.035),
                529: (0.25, 0.085, 0.035),
                530: (0.25, 0.085, 0.035),
                531: (0.25, 0.085, 0.035),
                532: (0.25, 0.085, 0.035),
                533: (0.25, 0.085, 0.035),
                534: (0.25, 0.085, 0.035),
                535: (0.25, 0.085, 0.035),
                536: (0.25, 0.085, 0.035),
                537: (0.25, 0.085, 0.035),
                538: (0.25, 0.085, 0.035),
                539: (0.25, 0.085, 0.035),
                540: (0.25, 0.085, 0.035),
                541: (0.25, 0.085, 0.035),
                542: (0.25, 0.085, 0.035),
                543: (0.25, 0.085, 0.035),
                544: (0.25, 0.085, 0.035),
                545: (0.25, 0.085, 0.035),
                546: (0.25, 0.085, 0.035),
                547: (0.25, 0.085, 0.035),
                548: (0.25, 0.085, 0.035),
                549: (0.25, 0.085, 0.035),
                550: (0.25, 0.085, 0.035),
                551: (0.25, 0.085, 0.035),
                552: (0.25, 0.085, 0.035),
                553: (0.25, 0.085, 0.035),
                554: (0.25, 0.085, 0.035),
                555: (0.25, 0.085, 0.035),
                556: (0.25, 0.085, 0.035),
                557: (0.25, 0.085, 0.035),
                558: (0.25, 0.085, 0.035),
                559: (0.25, 0.085, 0.035),
                560: (0.25, 0.085, 0.035),
                561: (0.25, 0.085, 0.035),
                562: (0.25, 0.085, 0.035),
                563: (0.25, 0.085, 0.035),
                564: (0.25, 0.085, 0.035),
                565: (0.25, 0.085, 0.035),
                566: (0.25, 0.085, 0.035),
                567: (0.25, 0.085, 0.035),
                568: (0.25, 0.085, 0.035),
                569: (0.25, 0.085, 0.035),
                570: (0.25, 0.085, 0.035),
                571: (0.25, 0.085, 0.035),
                572: (0.25, 0.085, 0.035),
                573: (0.25, 0.085, 0.035),
                574: (0.25, 0.085, 0.035),
                575: (0.25, 0.085, 0.035),
                576: (0.25, 0.085, 0.035),
                577: (0.25, 0.085, 0.035),
                578: (0.25, 0.085, 0.035),
                579: (0.25, 0.085, 0.035),
                580: (0.25, 0.085, 0.035),
                581: (0.25, 0.085, 0.035),
                582: (0.25, 0.085, 0.035),
                583: (0.25, 0.085, 0.035),
                584: (0.25, 0.085, 0.035),
                585: (0.25, 0.085, 0.035),
                586: (0.25, 0.085, 0.035),
                587: (0.25, 0.085, 0.035),
                588: (0.25, 0.085, 0.035),
                589: (0.25, 0.085, 0.035),
                590: (0.25, 0.085, 0.035),
                591: (0.25, 0.085, 0.035),
                592: (0.25, 0.085, 0.035),
                593: (0.25, 0.085, 0.035),
                594: (0.25, 0.085, 0.035),
                595: (0.25, 0.085, 0.035),
                596: (0.25, 0.085, 0.035),
                597: (0.25, 0.085, 0.035),
                598: (0.25, 0.085, 0.035),
                599: (0.25, 0.085, 0.035),
                600: (0.25, 0.085, 0.035),
                601: (0.25, 0.085, 0.035),
                602: (0.25, 0.085, 0.035),
                603: (0.25, 0.085, 0.035),
                604: (0.25, 0.085, 0.035),
                605: (0.25, 0.085, 0.035),
                606: (0.25, 0.085, 0.035),
                607: (0.25, 0.085, 0.035),
                608: (0.25, 0.085, 0.035),
                609: (0.25, 0.085, 0.035),
                610: (0.25, 0.085, 0.035),
                611: (0.25, 0.085, 0.035),
                612: (0.25, 0.085, 0.035),
                613: (0.25, 0.085, 0.035),
                614: (0.25, 0.085, 0.035),
                615: (0.25, 0.085, 0.035),
                616: (0.25, 0.085, 0.035),
                617: (0.25, 0.085, 0.035),
                618: (0.25, 0.085, 0.035),
                619: (0.25, 0.085, 0.035),
                620: (0.25, 0.085, 0.035),
                621: (1.25, 0.085, 0.035),
                622: (1.25, 0.085, 0.035),
                623: (1.25, 0.085, 0.035),
                624: (1.25, 0.085, 0.035),
                625: (1.25, 0.085, 0.035),
                626: (1.25, 0.085, 0.035),
                627: (1.25, 0.085, 0.035),
                628: (1.25, 0.085, 0.035),
                629: (1.25, 0.085, 0.035),
                630: (1.25, 0.085, 0.035),
                631: (1.25, 0.085, 0.035),
                632: (1.25, 0.085, 0.035),
                633: (1.25, 0.085, 0.035),
                634: (1.25, 0.085, 0.035),
                635: (1.25, 0.085, 0.035),
                636: (1.25, 0.085, 0.035),
                637: (1.25, 0.085, 0.035),
                638: (1.25, 0.085, 0.035),
                639: (1.25, 0.085, 0.035),
                640: (1.25, 0.085, 0.035),
                641: (1.25, 0.085, 0.035),
                642: (1.25, 0.085, 0.035),
                643: (1.25, 0.085, 0.035),
                644: (1.25, 0.085, 0.035),
                645: (1.25, 0.085, 0.035),
                646: (1.25, 0.085, 0.035),
                647: (1.25, 0.085, 0.035),
                648: (1.25, 0.085, 0.035),
                649: (1.25, 0.085, 0.035),
                650: (1.25, 0.085, 0.035),
                651: (1.25, 0.085, 0.035),
                652: (1.25, 0.085, 0.035),
                653: (1.25, 0.085, 0.035),
                654: (1.25, 0.085, 0.035),
                655: (1.25, 0.085, 0.035),
                656: (1.25, 0.085, 0.035),
                657: (1.25, 0.085, 0.035),
                658: (1.25, 0.085, 0.035),
                659: (1.25, 0.085, 0.035),
                660: (1.25, 0.085, 0.035),
                661: (1.25, 0.085, 0.035),
                662: (1.25, 0.085, 0.035),
                663: (1.25, 0.085, 0.035),
                664: (1.25, 0.085, 0.035),
                665: (1.25, 0.085, 0.035),
                666: (1.25, 0.085, 0.035),
                667: (1.25, 0.085, 0.035),
                668: (1.25, 0.085, 0.035),
                669: (1.25, 0.085, 0.035),
                670: (1.25, 0.085, 0.035),
                671: (1.25, 0.085, 0.035),
                672: (1.25, 0.085, 0.035),
                673: (1.25, 0.085, 0.035),
                674: (1.25, 0.085, 0.035),
                675: (1.25, 0.085, 0.035),
                676: (1.25, 0.085, 0.035),
                677: (1.25, 0.085, 0.035),
                678: (1.25, 0.085, 0.035),
                679: (1.25, 0.085, 0.035),
                680: (1.25, 0.085, 0.035),
                681: (1.25, 0.085, 0.035),
                682: (1.25, 0.085, 0.035),
                683: (1.25, 0.085, 0.035),
                684: (1.25, 0.085, 0.035),
                685: (1.25, 0.085, 0.035),
                686: (1.25, 0.085, 0.035),
                687: (1.25, 0.085, 0.035),
                688: (1.25, 0.085, 0.035),
                689: (1.25, 0.085, 0.035),
                690: (1.25, 0.085, 0.035),
                691: (1.25, 0.085, 0.035),
                692: (1.25, 0.085, 0.035),
                693: (1.25, 0.085, 0.035),
                694: (1.25, 0.085, 0.035),
                695: (1.25, 0.085, 0.035),
                696: (1.25, 0.085, 0.035),
                697: (1.25, 0.085, 0.035),
                698: (1.25, 0.085, 0.035),
                699: (1.25, 0.085, 0.035),
                700: (1.25, 0.085, 0.035),
                701: (1.25, 0.085, 0.035),
                702: (1.25, 0.085, 0.035),
                703: (1.25, 0.085, 0.035),
                704: (1.25, 0.085, 0.035),
                705: (1.25, 0.085, 0.035),
                706: (1.25, 0.085, 0.035),
                707: (1.25, 0.085, 0.035),
                708: (1.25, 0.085, 0.035),
                709: (1.25, 0.085, 0.035),
                710: (1.25, 0.085, 0.035),
                711: (1.25, 0.085, 0.035),
                712: (1.25, 0.085, 0.035),
                713: (1.25, 0.085, 0.035),
                714: (1.25, 0.085, 0.035),
                715: (1.25, 0.085, 0.035),
                716: (1.25, 0.085, 0.035),
                717: (1.25, 0.085, 0.035),
                718: (1.25, 0.085, 0.035),
                719: (1.25, 0.085, 0.035),
                720: (1.25, 0.085, 0.035),
                721: (0.004, 0.085, 0.035),
                722: (0.004, 0.085, 0.035),
                723: (0.004, 0.085, 0.035),
                724: (0.004, 0.085, 0.035),
                725: (0.004, 0.085, 0.035),
                726: (0.004, 0.085, 0.035),
                727: (0.004, 0.085, 0.035),
                728: (0.004, 0.085, 0.035),
                729: (0.004, 0.085, 0.035),
                730: (0.004, 0.085, 0.035),
                731: (0.004, 0.085, 0.035),
                732: (0.004, 0.085, 0.035),
                733: (0.004, 0.085, 0.035),
                734: (0.004, 0.085, 0.035),
                735: (0.004, 0.085, 0.035),
                736: (0.004, 0.085, 0.035),
                737: (0.004, 0.085, 0.035),
                738: (0.004, 0.085, 0.035),
                739: (0.004, 0.085, 0.035),
                740: (0.004, 0.085, 0.035),
                741: (0.004, 0.085, 0.035),
                742: (0.004, 0.085, 0.035),
                743: (0.004, 0.085, 0.035),
                744: (0.004, 0.085, 0.035),
                745: (0.004, 0.085, 0.035),
                746: (0.004, 0.085, 0.035),
                747: (0.004, 0.085, 0.035),
                748: (0.004, 0.085, 0.035),
                749: (0.004, 0.085, 0.035),
                750: (0.004, 0.085, 0.035),
                751: (0.004, 0.085, 0.035),
                752: (0.004, 0.085, 0.035),
                753: (0.004, 0.085, 0.035),
                754: (0.004, 0.085, 0.035),
                755: (0.004, 0.085, 0.035),
                756: (0.004, 0.085, 0.035),
                757: (0.004, 0.085, 0.035),
                758: (0.004, 0.085, 0.035),
                759: (0.004, 0.085, 0.035),
                760: (0.004, 0.085, 0.035),
                761: (0.004, 0.085, 0.035),
                762: (0.004, 0.085, 0.035),
                763: (0.004, 0.085, 0.035),
                764: (0.004, 0.085, 0.035),
                765: (0.004, 0.085, 0.035),
                766: (0.004, 0.085, 0.035),
                767: (0.004, 0.085, 0.035),
                768: (0.004, 0.085, 0.035),
                769: (0.004, 0.085, 0.035),
                770: (0.004, 0.085, 0.035),
                771: (0.004, 0.085, 0.035),
                772: (0.004, 0.085, 0.035),
                773: (0.004, 0.085, 0.035),
                774: (0.004, 0.085, 0.035),
                775: (0.004, 0.085, 0.035),
                776: (0.004, 0.085, 0.035),
                777: (0.004, 0.085, 0.035),
                778: (0.004, 0.085, 0.035),
                779: (0.004, 0.085, 0.035),
                780: (0.004, 0.085, 0.035),
                781: (0.004, 0.085, 0.035),
                782: (0.004, 0.085, 0.035),
                783: (0.004, 0.085, 0.035),
                784: (0.004, 0.085, 0.035),
                785: (0.004, 0.085, 0.035),
                786: (0.004, 0.085, 0.035),
                787: (0.004, 0.085, 0.035),
                788: (0.004, 0.085, 0.035),
                789: (0.004, 0.085, 0.035),
                790: (0.004, 0.085, 0.035),
                791: (0.004, 0.085, 0.035),
                792: (0.004, 0.085, 0.035),
                793: (0.004, 0.085, 0.035),
                794: (0.004, 0.085, 0.035),
                795: (0.004, 0.085, 0.035),
                796: (0.004, 0.085, 0.035),
                797: (0.004, 0.085, 0.035),
                798: (0.004, 0.085, 0.035),
                799: (0.004, 0.085, 0.035),
                800: (0.004, 0.085, 0.035),
                801: (0.004, 0.085, 0.035),
                802: (0.004, 0.085, 0.035),
                803: (0.004, 0.085, 0.035),
                804: (0.004, 0.085, 0.035),
                805: (0.004, 0.085, 0.035),
                806: (0.004, 0.085, 0.035),
                807: (0.004, 0.085, 0.035),
                808: (0.004, 0.085, 0.035),
                809: (0.004, 0.085, 0.035),
                810: (0.004, 0.085, 0.035),
                811: (0.004, 0.085, 0.035),
                812: (0.004, 0.085, 0.035),
                813: (0.004, 0.085, 0.035),
                814: (0.004, 0.085, 0.035),
                815: (0.004, 0.085, 0.035),
                816: (0.004, 0.085, 0.035),
                817: (0.004, 0.085, 0.035),
                818: (0.004, 0.085, 0.035),
                819: (0.004, 0.085, 0.035),
                820: (0.004, 0.085, 0.035),
                821: (0.004, 0.085, 0.035),
                822: (0.004, 0.085, 0.035),
                823: (0.004, 0.085, 0.035),
                824: (0.004, 0.085, 0.035),
                825: (0.004, 0.085, 0.035),
                826: (0.004, 0.085, 0.035),
                827: (0.004, 0.085, 0.035),
                828: (0.004, 0.085, 0.035),
                829: (0.004, 0.085, 0.035),
                830: (0.004, 0.085, 0.035),
                831: (0.004, 0.085, 0.035),
                832: (0.004, 0.085, 0.035),
                833: (0.004, 0.085, 0.035),
                834: (0.004, 0.085, 0.035),
                835: (0.004, 0.085, 0.035),
                836: (0.004, 0.085, 0.035),
                837: (0.004, 0.085, 0.035),
                838: (0.004, 0.085, 0.035),
                839: (0.004, 0.085, 0.035),
                840: (0.004, 0.085, 0.035),
                841: (0.004, 0.085, 0.035),
                842: (0.004, 0.085, 0.035),
                843: (0.004, 0.085, 0.035),
                844: (0.004, 0.085, 0.035),
                845: (0.004, 0.085, 0.035),
                846: (0.004, 0.085, 0.035),
                847: (0.004, 0.085, 0.035),
                848: (0.004, 0.085, 0.035),
                849: (0.004, 0.085, 0.035),
                850: (0.004, 0.085, 0.035),
                851: (0.004, 0.085, 0.035),
                852: (0.004, 0.085, 0.035),
                853: (0.004, 0.085, 0.035),
                854: (0.004, 0.085, 0.035),
                855: (0.004, 0.085, 0.035),
                856: (0.004, 0.085, 0.035),
                857: (0.004, 0.085, 0.035),
                858: (0.004, 0.085, 0.035),
                859: (0.004, 0.085, 0.035),
                860: (0.004, 0.085, 0.035),
                861: (0.004, 0.085, 0.035),
                862: (0.004, 0.085, 0.035),
                863: (0.004, 0.085, 0.035),
                864: (0.004, 0.085, 0.035),
                865: (0.004, 0.085, 0.035),
                866: (0.004, 0.085, 0.035),
                867: (0.004, 0.085, 0.035),
                868: (0.004, 0.085, 0.035),
                869: (0.004, 0.085, 0.035),
                870: (0.004, 0.085, 0.035),
                871: (0.004, 0.085, 0.035),
                872: (0.004, 0.085, 0.035),
                873: (0.004, 0.085, 0.035),
                874: (0.004, 0.085, 0.035),
                875: (0.004, 0.085, 0.035),
                876: (0.004, 0.085, 0.035),
                877: (0.004, 0.085, 0.035),
                878: (0.004, 0.085, 0.035),
                879: (0.004, 0.085, 0.035),
                880: (0.004, 0.085, 0.035),
                881: (0.004, 0.085, 0.035),
                882: (0.004, 0.085, 0.035),
                883: (0.004, 0.085, 0.035),
                884: (0.004, 0.085, 0.035),
                885: (0.004, 0.085, 0.035),
                886: (0.004, 0.085, 0.035),
                887: (0.004, 0.085, 0.035),
                888: (0.004, 0.085, 0.035),
                889: (0.004, 0.085, 0.035),
                890: (0.004, 0.085, 0.035),
                891: (0.004, 0.085, 0.035),
                892: (0.004, 0.085, 0.035),
                893: (0.004, 0.085, 0.035),
                894: (0.004, 0.085, 0.035),
                895: (0.004, 0.085, 0.035),
                896: (0.004, 0.085, 0.035),
                897: (0.004, 0.085, 0.035),
                898: (0.004, 0.085, 0.035),
                899: (0.004, 0.085, 0.035),
                900: (0.004, 0.085, 0.035),
                901: (0.004, 0.085, 0.035),
                902: (0.004, 0.085, 0.035),
                903: (0.004, 0.085, 0.035),
                904: (0.004, 0.085, 0.035),
                905: (0.004, 0.085, 0.035),
                906: (0.004, 0.085, 0.035),
                907: (0.004, 0.085, 0.035),
                908: (0.004, 0.085, 0.035),
                909: (0.004, 0.085, 0.035),
                910: (0.004, 0.085, 0.035),
                911: (0.004, 0.085, 0.035),
                912: (0.004, 0.085, 0.035),
                913: (0.004, 0.085, 0.035),
                914: (0.004, 0.085, 0.035),
                915: (0.004, 0.085, 0.035),
                916: (0.004, 0.085, 0.035),
                917: (0.004, 0.085, 0.035),
                918: (0.004, 0.085, 0.035),
                919: (0.004, 0.085, 0.035),
                920: (0.004, 0.085, 0.035),
                921: (0.004, 0.085, 0.035),
                922: (0.004, 0.085, 0.035),
                923: (0.004, 0.085, 0.035),
                924: (0.004, 0.085, 0.035),
                925: (0.004, 0.085, 0.035),
                926: (0.004, 0.085, 0.035),
                927: (0.004, 0.085, 0.035),
                928: (0.004, 0.085, 0.035),
                929: (0.004, 0.085, 0.035),
                930: (0.004, 0.085, 0.035),
                931: (0.004, 0.085, 0.035),
                932: (0.004, 0.085, 0.035),
                933: (0.004, 0.085, 0.035),
                934: (0.004, 0.085, 0.035),
                935: (0.004, 0.085, 0.035),
                936: (0.004, 0.085, 0.035),
                937: (0.004, 0.085, 0.035),
                938: (0.004, 0.085, 0.035),
                939: (0.004, 0.085, 0.035),
                940: (0.004, 0.085, 0.035),
                941: (0.004, 0.085, 0.035),
                942: (0.004, 0.085, 0.035),
                943: (0.004, 0.085, 0.035),
                944: (0.004, 0.085, 0.035),
                945: (0.004, 0.085, 0.035),
                946: (0.004, 0.085, 0.035),
                947: (0.004, 0.085, 0.035),
                948: (0.004, 0.085, 0.035),
                949: (0.004, 0.085, 0.035),
                950: (0.004, 0.085, 0.035),
                951: (0.004, 0.085, 0.035),
                952: (0.004, 0.085, 0.035),
                953: (0.004, 0.085, 0.035),
                954: (0.004, 0.085, 0.035),
                955: (0.004, 0.085, 0.035),
                956: (0.004, 0.085, 0.035),
                957: (0.004, 0.085, 0.035),
                958: (0.004, 0.085, 0.035),
                959: (0.004, 0.085, 0.035),
                960: (0.004, 0.085, 0.035),
                961: (0.004, 0.085, 0.035),
                962: (0.004, 0.085, 0.035),
                963: (0.004, 0.085, 0.035),
                964: (0.004, 0.085, 0.035),
                965: (0.004, 0.085, 0.035),
                966: (0.004, 0.085, 0.035),
                967: (0.004, 0.085, 0.035),
                968: (0.004, 0.085, 0.035),
                969: (0.004, 0.085, 0.035),
                970: (0.004, 0.085, 0.035),
                971: (0.004, 0.085, 0.035),
                972: (0.004, 0.085, 0.035),
                973: (0.004, 0.085, 0.035),
                974: (0.004, 0.085, 0.035),
                975: (0.004, 0.085, 0.035),
                976: (0.004, 0.085, 0.035),
                977: (0.004, 0.085, 0.035),
                978: (0.004, 0.085, 0.035),
                979: (0.004, 0.085, 0.035),
                980: (0.004, 0.085, 0.035),
                981: (0.004, 0.085, 0.035),
                982: (0.004, 0.085, 0.035),
                983: (0.004, 0.085, 0.035),
                984: (0.004, 0.085, 0.035),
                985: (0.004, 0.085, 0.035),
                986: (0.004, 0.085, 0.035),
                987: (0.004, 0.085, 0.035),
                988: (0.004, 0.085, 0.035),
                989: (0.004, 0.085, 0.035),
                990: (0.004, 0.085, 0.035),
                991: (0.004, 0.085, 0.035),
                992: (0.004, 0.085, 0.035),
                993: (0.004, 0.085, 0.035),
                994: (0.004, 0.085, 0.035),
                995: (0.004, 0.085, 0.035),
                996: (0.004, 0.085, 0.035),
                997: (0.004, 0.085, 0.035),
                998: (0.004, 0.085, 0.035),
                999: (0.004, 0.085, 0.035),
                1000: (0.004, 0.085, 0.035),
            }
            double3 xformOp:translate = (0, 0, 0)
            double3 xformOp:translate.timeSamples = {
                0: (0.66, 0.44, 0.075),
                1: (0.66, 0.44, 0.075),
                2: (0.66, 0.44, 0.075),
                3: (0.66, 0.44, 0.075),
                4: (0.66, 0.44, 0.075),
                5: (0.66, 0.44, 0.075),
                6: (0.66, 0.44, 0.075),
                7: (0.66, 0.44, 0.075),
                8: (0.66, 0.44, 0.075),
                9: (0.66, 0.44, 0.075),
                10: (0.66, 0.44, 0.075),
                11: (0.66, 0.44, 0.075),
                12: (0.66, 0.44, 0.075),
                13: (0.66, 0.44, 0.075),
                14: (0.66, 0.44, 0.075),
                15: (0.66, 0.44, 0.075),
                16: (0.66, 0.44, 0.075),
                17: (0.66, 0.44, 0.075),
                18: (0.66, 0.44, 0.075),
                19: (0.66, 0.44, 0.075),
                20: (0.66, 0.44, 0.075),
                21: (0.8266666666666667, 0.44, 0.075),
                22: (0.8266666666666667, 0.44, 0.075),
                23: (0.8266666666666667, 0.44, 0.075),
                24: (0.8266666666666667, 0.44, 0.075),
                25: (0.8266666666666667, 0.44, 0.075),
                26: (0.8266666666666667, 0.44, 0.075),
                27: (0.8266666666666667, 0.44, 0.075),
                28: (0.8266666666666667, 0.44, 0.075),
                29: (0.8266666666666667, 0.44, 0.075),
                30: (0.8266666666666667, 0.44, 0.075),
                31: (0.8266666666666667, 0.44, 0.075),
                32: (0.8266666666666667, 0.44, 0.075),
                33: (0.8266666666666667, 0.44, 0.075),
                34: (0.8266666666666667, 0.44, 0.075),
                35: (0.8266666666666667, 0.44, 0.075),
                36: (0.8266666666666667, 0.44, 0.075),
                37: (0.8266666666666667, 0.44, 0.075),
                38: (0.8266666666666667, 0.44, 0.075),
                39: (0.8266666666666667, 0.44, 0.075),
                40: (0.8266666666666667, 0.44, 0.075),
                41: (0.8266666666666667, 0.44, 0.075),
                42: (0.8266666666666667, 0.44, 0.075),
                43: (0.8266666666666667, 0.44, 0.075),
                44: (0.8266666666666667, 0.44, 0.075),
                45: (0.8266666666666667, 0.44, 0.075),
                46: (0.8266666666666667, 0.44, 0.075),
                47: (0.8266666666666667, 0.44, 0.075),
                48: (0.8266666666666667, 0.44, 0.075),
                49: (0.8266666666666667, 0.44, 0.075),
                50: (0.8266666666666667, 0.44, 0.075),
                51: (0.8266666666666667, 0.44, 0.075),
                52: (0.8266666666666667, 0.44, 0.075),
                53: (0.8266666666666667, 0.44, 0.075),
                54: (0.8266666666666667, 0.44, 0.075),
                55: (0.8266666666666667, 0.44, 0.075),
                56: (0.8266666666666667, 0.44, 0.075),
                57: (0.8266666666666667, 0.44, 0.075),
                58: (0.8266666666666667, 0.44, 0.075),
                59: (0.8266666666666667, 0.44, 0.075),
                60: (0.8266666666666667, 0.44, 0.075),
                61: (0.8266666666666667, 0.44, 0.075),
                62: (0.8266666666666667, 0.44, 0.075),
                63: (0.8266666666666667, 0.44, 0.075),
                64: (0.8266666666666667, 0.44, 0.075),
                65: (0.8266666666666667, 0.44, 0.075),
                66: (0.8266666666666667, 0.44, 0.075),
                67: (0.8266666666666667, 0.44, 0.075),
                68: (0.8266666666666667, 0.44, 0.075),
                69: (0.8266666666666667, 0.44, 0.075),
                70: (0.8266666666666667, 0.44, 0.075),
                71: (0.8266666666666667, 0.44, 0.075),
                72: (0.8266666666666667, 0.44, 0.075),
                73: (0.8266666666666667, 0.44, 0.075),
                74: (0.8266666666666667, 0.44, 0.075),
                75: (0.8266666666666667, 0.44, 0.075),
                76: (0.8266666666666667, 0.44, 0.075),
                77: (0.8266666666666667, 0.44, 0.075),
                78: (0.8266666666666667, 0.44, 0.075),
                79: (0.8266666666666667, 0.44, 0.075),
                80: (0.8266666666666667, 0.44, 0.075),
                81: (0.8266666666666667, 0.44, 0.075),
                82: (0.8266666666666667, 0.44, 0.075),
                83: (0.8266666666666667, 0.44, 0.075),
                84: (0.8266666666666667, 0.44, 0.075),
                85: (0.8266666666666667, 0.44, 0.075),
                86: (0.8266666666666667, 0.44, 0.075),
                87: (0.8266666666666667, 0.44, 0.075),
                88: (0.8266666666666667, 0.44, 0.075),
                89: (0.8266666666666667, 0.44, 0.075),
                90: (0.8266666666666667, 0.44, 0.075),
                91: (0.8266666666666667, 0.44, 0.075),
                92: (0.8266666666666667, 0.44, 0.075),
                93: (0.8266666666666667, 0.44, 0.075),
                94: (0.8266666666666667, 0.44, 0.075),
                95: (0.8266666666666667, 0.44, 0.075),
                96: (0.8266666666666667, 0.44, 0.075),
                97: (0.8266666666666667, 0.44, 0.075),
                98: (0.8266666666666667, 0.44, 0.075),
                99: (0.8266666666666667, 0.44, 0.075),
                100: (0.8266666666666667, 0.44, 0.075),
                101: (0.8266666666666667, 0.44, 0.075),
                102: (0.8266666666666667, 0.44, 0.075),
                103: (0.8266666666666667, 0.44, 0.075),
                104: (0.8266666666666667, 0.44, 0.075),
                105: (0.8266666666666667, 0.44, 0.075),
                106: (0.8266666666666667, 0.44, 0.075),
                107: (0.8266666666666667, 0.44, 0.075),
                108: (0.8266666666666667, 0.44, 0.075),
                109: (0.8266666666666667, 0.44, 0.075),
                110: (0.8266666666666667, 0.44, 0.075),
                111: (0.8266666666666667, 0.44, 0.075),
                112: (0.8266666666666667, 0.44, 0.075),
                113: (0.8266666666666667, 0.44, 0.075),
                114: (0.8266666666666667, 0.44, 0.075),
                115: (0.8266666666666667, 0.44, 0.075),
                116: (0.8266666666666667, 0.44, 0.075),
                117: (0.8266666666666667, 0.44, 0.075),
                118: (0.8266666666666667, 0.44, 0.075),
                119: (0.8266666666666667, 0.44, 0.075),
                120: (0.8266666666666667, 0.44, 0.075),
                121: (0.8266666666666667, 0.44, 0.075),
                122: (0.8266666666666667, 0.44, 0.075),
                123: (0.8266666666666667, 0.44, 0.075),
                124: (0.8266666666666667, 0.44, 0.075),
                125: (0.8266666666666667, 0.44, 0.075),
                126: (0.8266666666666667, 0.44, 0.075),
                127: (0.8266666666666667, 0.44, 0.075),
                128: (0.8266666666666667, 0.44, 0.075),
                129: (0.8266666666666667, 0.44, 0.075),
                130: (0.8266666666666667, 0.44, 0.075),
                131: (0.8266666666666667, 0.44, 0.075),
                132: (0.8266666666666667, 0.44, 0.075),
                133: (0.8266666666666667, 0.44, 0.075),
                134: (0.8266666666666667, 0.44, 0.075),
                135: (0.8266666666666667, 0.44, 0.075),
                136: (0.8266666666666667, 0.44, 0.075),
                137: (0.8266666666666667, 0.44, 0.075),
                138: (0.8266666666666667, 0.44, 0.075),
                139: (0.8266666666666667, 0.44, 0.075),
                140: (0.8266666666666667, 0.44, 0.075),
                141: (0.8266666666666667, 0.44, 0.075),
                142: (0.8266666666666667, 0.44, 0.075),
                143: (0.8266666666666667, 0.44, 0.075),
                144: (0.8266666666666667, 0.44, 0.075),
                145: (0.8266666666666667, 0.44, 0.075),
                146: (0.8266666666666667, 0.44, 0.075),
                147: (0.8266666666666667, 0.44, 0.075),
                148: (0.8266666666666667, 0.44, 0.075),
                149: (0.8266666666666667, 0.44, 0.075),
                150: (0.8266666666666667, 0.44, 0.075),
                151: (0.8266666666666667, 0.44, 0.075),
                152: (0.8266666666666667, 0.44, 0.075),
                153: (0.8266666666666667, 0.44, 0.075),
                154: (0.8266666666666667, 0.44, 0.075),
                155: (0.8266666666666667, 0.44, 0.075),
                156: (0.8266666666666667, 0.44, 0.075),
                157: (0.8266666666666667, 0.44, 0.075),
                158: (0.8266666666666667, 0.44, 0.075),
                159: (0.8266666666666667, 0.44, 0.075),
                160: (0.8266666666666667, 0.44, 0.075),
                161: (0.8266666666666667, 0.44, 0.075),
                162: (0.8266666666666667, 0.44, 0.075),
                163: (0.8266666666666667, 0.44, 0.075),
                164: (0.8266666666666667, 0.44, 0.075),
                165: (0.8266666666666667, 0.44, 0.075),
                166: (0.8266666666666667, 0.44, 0.075),
                167: (0.8266666666666667, 0.44, 0.075),
                168: (0.8266666666666667, 0.44, 0.075),
                169: (0.8266666666666667, 0.44, 0.075),
                170: (0.8266666666666667, 0.44, 0.075),
                171: (0.8266666666666667, 0.44, 0.075),
                172: (0.8266666666666667, 0.44, 0.075),
                173: (0.8266666666666667, 0.44, 0.075),
                174: (0.8266666666666667, 0.44, 0.075),
                175: (0.8266666666666667, 0.44, 0.075),
                176: (0.8266666666666667, 0.44, 0.075),
                177: (0.8266666666666667, 0.44, 0.075),
                178: (0.8266666666666667, 0.44, 0.075),
                179: (0.8266666666666667, 0.44, 0.075),
                180: (0.8266666666666667, 0.44, 0.075),
                181: (0.8266666666666667, 0.44, 0.075),
                182: (0.8266666666666667, 0.44, 0.075),
                183: (0.8266666666666667, 0.44, 0.075),
                184: (0.8266666666666667, 0.44, 0.075),
                185: (0.8266666666666667, 0.44, 0.075),
                186: (0.8266666666666667, 0.44, 0.075),
                187: (0.8266666666666667, 0.44, 0.075),
                188: (0.8266666666666667, 0.44, 0.075),
                189: (0.8266666666666667, 0.44, 0.075),
                190: (0.8266666666666667, 0.44, 0.075),
                191: (0.8266666666666667, 0.44, 0.075),
                192: (0.8266666666666667, 0.44, 0.075),
                193: (0.8266666666666667, 0.44, 0.075),
                194: (0.8266666666666667, 0.44, 0.075),
                195: (0.8266666666666667, 0.44, 0.075),
                196: (0.8266666666666667, 0.44, 0.075),
                197: (0.8266666666666667, 0.44, 0.075),
                198: (0.8266666666666667, 0.44, 0.075),
                199: (0.8266666666666667, 0.44, 0.075),
                200: (0.8266666666666667, 0.44, 0.075),
                201: (0.8266666666666667, 0.44, 0.075),
                202: (0.8266666666666667, 0.44, 0.075),
                203: (0.8266666666666667, 0.44, 0.075),
                204: (0.8266666666666667, 0.44, 0.075),
                205: (0.8266666666666667, 0.44, 0.075),
                206: (0.8266666666666667, 0.44, 0.075),
                207: (0.8266666666666667, 0.44, 0.075),
                208: (0.8266666666666667, 0.44, 0.075),
                209: (0.8266666666666667, 0.44, 0.075),
                210: (0.8266666666666667, 0.44, 0.075),
                211: (0.8266666666666667, 0.44, 0.075),
                212: (0.8266666666666667, 0.44, 0.075),
                213: (0.8266666666666667, 0.44, 0.075),
                214: (0.8266666666666667, 0.44, 0.075),
                215: (0.8266666666666667, 0.44, 0.075),
                216: (0.8266666666666667, 0.44, 0.075),
                217: (0.8266666666666667, 0.44, 0.075),
                218: (0.8266666666666667, 0.44, 0.075),
                219: (0.8266666666666667, 0.44, 0.075),
                220: (0.8266666666666667, 0.44, 0.075),
                221: (0.8266666666666667, 0.44, 0.075),
                222: (0.8266666666666667, 0.44, 0.075),
                223: (0.8266666666666667, 0.44, 0.075),
                224: (0.8266666666666667, 0.44, 0.075),
                225: (0.8266666666666667, 0.44, 0.075),
                226: (0.8266666666666667, 0.44, 0.075),
                227: (0.8266666666666667, 0.44, 0.075),
                228: (0.8266666666666667, 0.44, 0.075),
                229: (0.8266666666666667, 0.44, 0.075),
                230: (0.8266666666666667, 0.44, 0.075),
                231: (0.8266666666666667, 0.44, 0.075),
                232: (0.8266666666666667, 0.44, 0.075),
                233: (0.8266666666666667, 0.44, 0.075),
                234: (0.8266666666666667, 0.44, 0.075),
                235: (0.8266666666666667, 0.44, 0.075),
                236: (0.8266666666666667, 0.44, 0.075),
                237: (0.8266666666666667, 0.44, 0.075),
                238: (0.8266666666666667, 0.44, 0.075),
                239: (0.8266666666666667, 0.44, 0.075),
                240: (0.8266666666666667, 0.44, 0.075),
                241: (0.8266666666666667, 0.44, 0.075),
                242: (0.8266666666666667, 0.44, 0.075),
                243: (0.8266666666666667, 0.44, 0.075),
                244: (0.8266666666666667, 0.44, 0.075),
                245: (0.8266666666666667, 0.44, 0.075),
                246: (0.8266666666666667, 0.44, 0.075),
                247: (0.8266666666666667, 0.44, 0.075),
                248: (0.8266666666666667, 0.44, 0.075),
                249: (0.8266666666666667, 0.44, 0.075),
                250: (0.8266666666666667, 0.44, 0.075),
                251: (0.8266666666666667, 0.44, 0.075),
                252: (0.8266666666666667, 0.44, 0.075),
                253: (0.8266666666666667, 0.44, 0.075),
                254: (0.8266666666666667, 0.44, 0.075),
                255: (0.8266666666666667, 0.44, 0.075),
                256: (0.8266666666666667, 0.44, 0.075),
                257: (0.8266666666666667, 0.44, 0.075),
                258: (0.8266666666666667, 0.44, 0.075),
                259: (0.8266666666666667, 0.44, 0.075),
                260: (0.8266666666666667, 0.44, 0.075),
                261: (0.8266666666666667, 0.44, 0.075),
                262: (0.8266666666666667, 0.44, 0.075),
                263: (0.8266666666666667, 0.44, 0.075),
                264: (0.8266666666666667, 0.44, 0.075),
                265: (0.8266666666666667, 0.44, 0.075),
                266: (0.8266666666666667, 0.44, 0.075),
                267: (0.8266666666666667, 0.44, 0.075),
                268: (0.8266666666666667, 0.44, 0.075),
                269: (0.8266666666666667, 0.44, 0.075),
                270: (0.8266666666666667, 0.44, 0.075),
                271: (0.8266666666666667, 0.44, 0.075),
                272: (0.8266666666666667, 0.44, 0.075),
                273: (0.8266666666666667, 0.44, 0.075),
                274: (0.8266666666666667, 0.44, 0.075),
                275: (0.8266666666666667, 0.44, 0.075),
                276: (0.8266666666666667, 0.44, 0.075),
                277: (0.8266666666666667, 0.44, 0.075),
                278: (0.8266666666666667, 0.44, 0.075),
                279: (0.8266666666666667, 0.44, 0.075),
                280: (0.8266666666666667, 0.44, 0.075),
                281: (0.8266666666666667, 0.44, 0.075),
                282: (0.8266666666666667, 0.44, 0.075),
                283: (0.8266666666666667, 0.44, 0.075),
                284: (0.8266666666666667, 0.44, 0.075),
                285: (0.8266666666666667, 0.44, 0.075),
                286: (0.8266666666666667, 0.44, 0.075),
                287: (0.8266666666666667, 0.44, 0.075),
                288: (0.8266666666666667, 0.44, 0.075),
                289: (0.8266666666666667, 0.44, 0.075),
                290: (0.8266666666666667, 0.44, 0.075),
                291: (0.8266666666666667, 0.44, 0.075),
                292: (0.8266666666666667, 0.44, 0.075),
                293: (0.8266666666666667, 0.44, 0.075),
                294: (0.8266666666666667, 0.44, 0.075),
                295: (0.8266666666666667, 0.44, 0.075),
                296: (0.8266666666666667, 0.44, 0.075),
                297: (0.8266666666666667, 0.44, 0.075),
                298: (0.8266666666666667, 0.44, 0.075),
                299: (0.8266666666666667, 0.44, 0.075),
                300: (0.8266666666666667, 0.44, 0.075),
                301: (0.8266666666666667, 0.44, 0.075),
                302: (0.8266666666666667, 0.44, 0.075),
                303: (0.8266666666666667, 0.44, 0.075),
                304: (0.8266666666666667, 0.44, 0.075),
                305: (0.8266666666666667, 0.44, 0.075),
                306: (0.8266666666666667, 0.44, 0.075),
                307: (0.8266666666666667, 0.44, 0.075),
                308: (0.8266666666666667, 0.44, 0.075),
                309: (0.8266666666666667, 0.44, 0.075),
                310: (0.8266666666666667, 0.44, 0.075),
                311: (0.8266666666666667, 0.44, 0.075),
                312: (0.8266666666666667, 0.44, 0.075),
                313: (0.8266666666666667, 0.44, 0.075),
                314: (0.8266666666666667, 0.44, 0.075),
                315: (0.8266666666666667, 0.44, 0.075),
                316: (0.8266666666666667, 0.44, 0.075),
                317: (0.8266666666666667, 0.44, 0.075),
                318: (0.8266666666666667, 0.44, 0.075),
                319: (0.8266666666666667, 0.44, 0.075),
                320: (0.8266666666666667, 0.44, 0.075),
                321: (0.66, 0.44, 0.075),
                322: (0.66, 0.44, 0.075),
                323: (0.66, 0.44, 0.075),
                324: (0.66, 0.44, 0.075),
                325: (0.66, 0.44, 0.075),
                326: (0.66, 0.44, 0.075),
                327: (0.66, 0.44, 0.075),
                328: (0.66, 0.44, 0.075),
                329: (0.66, 0.44, 0.075),
                330: (0.66, 0.44, 0.075),
                331: (0.66, 0.44, 0.075),
                332: (0.66, 0.44, 0.075),
                333: (0.66, 0.44, 0.075),
                334: (0.66, 0.44, 0.075),
                335: (0.66, 0.44, 0.075),
                336: (0.66, 0.44, 0.075),
                337: (0.66, 0.44, 0.075),
                338: (0.66, 0.44, 0.075),
                339: (0.66, 0.44, 0.075),
                340: (0.66, 0.44, 0.075),
                341: (0.66, 0.44, 0.075),
                342: (0.66, 0.44, 0.075),
                343: (0.66, 0.44, 0.075),
                344: (0.66, 0.44, 0.075),
                345: (0.66, 0.44, 0.075),
                346: (0.66, 0.44, 0.075),
                347: (0.66, 0.44, 0.075),
                348: (0.66, 0.44, 0.075),
                349: (0.66, 0.44, 0.075),
                350: (0.66, 0.44, 0.075),
                351: (0.66, 0.44, 0.075),
                352: (0.66, 0.44, 0.075),
                353: (0.66, 0.44, 0.075),
                354: (0.66, 0.44, 0.075),
                355: (0.66, 0.44, 0.075),
                356: (0.66, 0.44, 0.075),
                357: (0.66, 0.44, 0.075),
                358: (0.66, 0.44, 0.075),
                359: (0.66, 0.44, 0.075),
                360: (0.66, 0.44, 0.075),
                361: (0.66, 0.44, 0.075),
                362: (0.66, 0.44, 0.075),
                363: (0.66, 0.44, 0.075),
                364: (0.66, 0.44, 0.075),
                365: (0.66, 0.44, 0.075),
                366: (0.66, 0.44, 0.075),
                367: (0.66, 0.44, 0.075),
                368: (0.66, 0.44, 0.075),
                369: (0.66, 0.44, 0.075),
                370: (0.66, 0.44, 0.075),
                371: (0.66, 0.44, 0.075),
                372: (0.66, 0.44, 0.075),
                373: (0.66, 0.44, 0.075),
                374: (0.66, 0.44, 0.075),
                375: (0.66, 0.44, 0.075),
                376: (0.66, 0.44, 0.075),
                377: (0.66, 0.44, 0.075),
                378: (0.66, 0.44, 0.075),
                379: (0.66, 0.44, 0.075),
                380: (0.66, 0.44, 0.075),
                381: (0.66, 0.44, 0.075),
                382: (0.66, 0.44, 0.075),
                383: (0.66, 0.44, 0.075),
                384: (0.66, 0.44, 0.075),
                385: (0.66, 0.44, 0.075),
                386: (0.66, 0.44, 0.075),
                387: (0.66, 0.44, 0.075),
                388: (0.66, 0.44, 0.075),
                389: (0.66, 0.44, 0.075),
                390: (0.66, 0.44, 0.075),
                391: (0.66, 0.44, 0.075),
                392: (0.66, 0.44, 0.075),
                393: (0.66, 0.44, 0.075),
                394: (0.66, 0.44, 0.075),
                395: (0.66, 0.44, 0.075),
                396: (0.66, 0.44, 0.075),
                397: (0.66, 0.44, 0.075),
                398: (0.66, 0.44, 0.075),
                399: (0.66, 0.44, 0.075),
                400: (0.66, 0.44, 0.075),
                401: (0.66, 0.44, 0.075),
                402: (0.66, 0.44, 0.075),
                403: (0.66, 0.44, 0.075),
                404: (0.66, 0.44, 0.075),
                405: (0.66, 0.44, 0.075),
                406: (0.66, 0.44, 0.075),
                407: (0.66, 0.44, 0.075),
                408: (0.66, 0.44, 0.075),
                409: (0.66, 0.44, 0.075),
                410: (0.66, 0.44, 0.075),
                411: (0.66, 0.44, 0.075),
                412: (0.66, 0.44, 0.075),
                413: (0.66, 0.44, 0.075),
                414: (0.66, 0.44, 0.075),
                415: (0.66, 0.44, 0.075),
                416: (0.66, 0.44, 0.075),
                417: (0.66, 0.44, 0.075),
                418: (0.66, 0.44, 0.075),
                419: (0.66, 0.44, 0.075),
                420: (0.66, 0.44, 0.075),
                421: (0.535, 0.44, 0.075),
                422: (0.535, 0.44, 0.075),
                423: (0.535, 0.44, 0.075),
                424: (0.535, 0.44, 0.075),
                425: (0.535, 0.44, 0.075),
                426: (0.535, 0.44, 0.075),
                427: (0.535, 0.44, 0.075),
                428: (0.535, 0.44, 0.075),
                429: (0.535, 0.44, 0.075),
                430: (0.535, 0.44, 0.075),
                431: (0.535, 0.44, 0.075),
                432: (0.535, 0.44, 0.075),
                433: (0.535, 0.44, 0.075),
                434: (0.535, 0.44, 0.075),
                435: (0.535, 0.44, 0.075),
                436: (0.535, 0.44, 0.075),
                437: (0.535, 0.44, 0.075),
                438: (0.535, 0.44, 0.075),
                439: (0.535, 0.44, 0.075),
                440: (0.535, 0.44, 0.075),
                441: (0.535, 0.44, 0.075),
                442: (0.535, 0.44, 0.075),
                443: (0.535, 0.44, 0.075),
                444: (0.535, 0.44, 0.075),
                445: (0.535, 0.44, 0.075),
                446: (0.535, 0.44, 0.075),
                447: (0.535, 0.44, 0.075),
                448: (0.535, 0.44, 0.075),
                449: (0.535, 0.44, 0.075),
                450: (0.535, 0.44, 0.075),
                451: (0.535, 0.44, 0.075),
                452: (0.535, 0.44, 0.075),
                453: (0.535, 0.44, 0.075),
                454: (0.535, 0.44, 0.075),
                455: (0.535, 0.44, 0.075),
                456: (0.535, 0.44, 0.075),
                457: (0.535, 0.44, 0.075),
                458: (0.535, 0.44, 0.075),
                459: (0.535, 0.44, 0.075),
                460: (0.535, 0.44, 0.075),
                461: (0.535, 0.44, 0.075),
                462: (0.535, 0.44, 0.075),
                463: (0.535, 0.44, 0.075),
                464: (0.535, 0.44, 0.075),
                465: (0.535, 0.44, 0.075),
                466: (0.535, 0.44, 0.075),
                467: (0.535, 0.44, 0.075),
                468: (0.535, 0.44, 0.075),
                469: (0.535, 0.44, 0.075),
                470: (0.535, 0.44, 0.075),
                471: (0.535, 0.44, 0.075),
                472: (0.535, 0.44, 0.075),
                473: (0.535, 0.44, 0.075),
                474: (0.535, 0.44, 0.075),
                475: (0.535, 0.44, 0.075),
                476: (0.535, 0.44, 0.075),
                477: (0.535, 0.44, 0.075),
                478: (0.535, 0.44, 0.075),
                479: (0.535, 0.44, 0.075),
                480: (0.535, 0.44, 0.075),
                481: (0.535, 0.44, 0.075),
                482: (0.535, 0.44, 0.075),
                483: (0.535, 0.44, 0.075),
                484: (0.535, 0.44, 0.075),
                485: (0.535, 0.44, 0.075),
                486: (0.535, 0.44, 0.075),
                487: (0.535, 0.44, 0.075),
                488: (0.535, 0.44, 0.075),
                489: (0.535, 0.44, 0.075),
                490: (0.535, 0.44, 0.075),
                491: (0.535, 0.44, 0.075),
                492: (0.535, 0.44, 0.075),
                493: (0.535, 0.44, 0.075),
                494: (0.535, 0.44, 0.075),
                495: (0.535, 0.44, 0.075),
                496: (0.535, 0.44, 0.075),
                497: (0.535, 0.44, 0.075),
                498: (0.535, 0.44, 0.075),
                499: (0.535, 0.44, 0.075),
                500: (0.535, 0.44, 0.075),
                501: (0.535, 0.44, 0.075),
                502: (0.535, 0.44, 0.075),
                503: (0.535, 0.44, 0.075),
                504: (0.535, 0.44, 0.075),
                505: (0.535, 0.44, 0.075),
                506: (0.535, 0.44, 0.075),
                507: (0.535, 0.44, 0.075),
                508: (0.535, 0.44, 0.075),
                509: (0.535, 0.44, 0.075),
                510: (0.535, 0.44, 0.075),
                511: (0.535, 0.44, 0.075),
                512: (0.535, 0.44, 0.075),
                513: (0.535, 0.44, 0.075),
                514: (0.535, 0.44, 0.075),
                515: (0.535, 0.44, 0.075),
                516: (0.535, 0.44, 0.075),
                517: (0.535, 0.44, 0.075),
                518: (0.535, 0.44, 0.075),
                519: (0.535, 0.44, 0.075),
                520: (0.535, 0.44, 0.075),
                521: (0.535, 0.44, 0.075),
                522: (0.535, 0.44, 0.075),
                523: (0.535, 0.44, 0.075),
                524: (0.535, 0.44, 0.075),
                525: (0.535, 0.44, 0.075),
                526: (0.535, 0.44, 0.075),
                527: (0.535, 0.44, 0.075),
                528: (0.535, 0.44, 0.075),
                529: (0.535, 0.44, 0.075),
                530: (0.535, 0.44, 0.075),
                531: (0.535, 0.44, 0.075),
                532: (0.535, 0.44, 0.075),
                533: (0.535, 0.44, 0.075),
                534: (0.535, 0.44, 0.075),
                535: (0.535, 0.44, 0.075),
                536: (0.535, 0.44, 0.075),
                537: (0.535, 0.44, 0.075),
                538: (0.535, 0.44, 0.075),
                539: (0.535, 0.44, 0.075),
                540: (0.535, 0.44, 0.075),
                541: (0.535, 0.44, 0.075),
                542: (0.535, 0.44, 0.075),
                543: (0.535, 0.44, 0.075),
                544: (0.535, 0.44, 0.075),
                545: (0.535, 0.44, 0.075),
                546: (0.535, 0.44, 0.075),
                547: (0.535, 0.44, 0.075),
                548: (0.535, 0.44, 0.075),
                549: (0.535, 0.44, 0.075),
                550: (0.535, 0.44, 0.075),
                551: (0.535, 0.44, 0.075),
                552: (0.535, 0.44, 0.075),
                553: (0.535, 0.44, 0.075),
                554: (0.535, 0.44, 0.075),
                555: (0.535, 0.44, 0.075),
                556: (0.535, 0.44, 0.075),
                557: (0.535, 0.44, 0.075),
                558: (0.535, 0.44, 0.075),
                559: (0.535, 0.44, 0.075),
                560: (0.535, 0.44, 0.075),
                561: (0.535, 0.44, 0.075),
                562: (0.535, 0.44, 0.075),
                563: (0.535, 0.44, 0.075),
                564: (0.535, 0.44, 0.075),
                565: (0.535, 0.44, 0.075),
                566: (0.535, 0.44, 0.075),
                567: (0.535, 0.44, 0.075),
                568: (0.535, 0.44, 0.075),
                569: (0.535, 0.44, 0.075),
                570: (0.535, 0.44, 0.075),
                571: (0.535, 0.44, 0.075),
                572: (0.535, 0.44, 0.075),
                573: (0.535, 0.44, 0.075),
                574: (0.535, 0.44, 0.075),
                575: (0.535, 0.44, 0.075),
                576: (0.535, 0.44, 0.075),
                577: (0.535, 0.44, 0.075),
                578: (0.535, 0.44, 0.075),
                579: (0.535, 0.44, 0.075),
                580: (0.535, 0.44, 0.075),
                581: (0.535, 0.44, 0.075),
                582: (0.535, 0.44, 0.075),
                583: (0.535, 0.44, 0.075),
                584: (0.535, 0.44, 0.075),
                585: (0.535, 0.44, 0.075),
                586: (0.535, 0.44, 0.075),
                587: (0.535, 0.44, 0.075),
                588: (0.535, 0.44, 0.075),
                589: (0.535, 0.44, 0.075),
                590: (0.535, 0.44, 0.075),
                591: (0.535, 0.44, 0.075),
                592: (0.535, 0.44, 0.075),
                593: (0.535, 0.44, 0.075),
                594: (0.535, 0.44, 0.075),
                595: (0.535, 0.44, 0.075),
                596: (0.535, 0.44, 0.075),
                597: (0.535, 0.44, 0.075),
                598: (0.535, 0.44, 0.075),
                599: (0.535, 0.44, 0.075),
                600: (0.535, 0.44, 0.075),
                601: (0.535, 0.44, 0.075),
                602: (0.535, 0.44, 0.075),
                603: (0.535, 0.44, 0.075),
                604: (0.535, 0.44, 0.075),
                605: (0.535, 0.44, 0.075),
                606: (0.535, 0.44, 0.075),
                607: (0.535, 0.44, 0.075),
                608: (0.535, 0.44, 0.075),
                609: (0.535, 0.44, 0.075),
                610: (0.535, 0.44, 0.075),
                611: (0.535, 0.44, 0.075),
                612: (0.535, 0.44, 0.075),
                613: (0.535, 0.44, 0.075),
                614: (0.535, 0.44, 0.075),
                615: (0.535, 0.44, 0.075),
                616: (0.535, 0.44, 0.075),
                617: (0.535, 0.44, 0.075),
                618: (0.535, 0.44, 0.075),
                619: (0.535, 0.44, 0.075),
                620: (0.535, 0.44, 0.075),
                621: (1.2850000000000001, 0.44, 0.075),
                622: (1.2850000000000001, 0.44, 0.075),
                623: (1.2850000000000001, 0.44, 0.075),
                624: (1.2850000000000001, 0.44, 0.075),
                625: (1.2850000000000001, 0.44, 0.075),
                626: (1.2850000000000001, 0.44, 0.075),
                627: (1.2850000000000001, 0.44, 0.075),
                628: (1.2850000000000001, 0.44, 0.075),
                629: (1.2850000000000001, 0.44, 0.075),
                630: (1.2850000000000001, 0.44, 0.075),
                631: (1.2850000000000001, 0.44, 0.075),
                632: (1.2850000000000001, 0.44, 0.075),
                633: (1.2850000000000001, 0.44, 0.075),
                634: (1.2850000000000001, 0.44, 0.075),
                635: (1.2850000000000001, 0.44, 0.075),
                636: (1.2850000000000001, 0.44, 0.075),
                637: (1.2850000000000001, 0.44, 0.075),
                638: (1.2850000000000001, 0.44, 0.075),
                639: (1.2850000000000001, 0.44, 0.075),
                640: (1.2850000000000001, 0.44, 0.075),
                641: (1.2850000000000001, 0.44, 0.075),
                642: (1.2850000000000001, 0.44, 0.075),
                643: (1.2850000000000001, 0.44, 0.075),
                644: (1.2850000000000001, 0.44, 0.075),
                645: (1.2850000000000001, 0.44, 0.075),
                646: (1.2850000000000001, 0.44, 0.075),
                647: (1.2850000000000001, 0.44, 0.075),
                648: (1.2850000000000001, 0.44, 0.075),
                649: (1.2850000000000001, 0.44, 0.075),
                650: (1.2850000000000001, 0.44, 0.075),
                651: (1.2850000000000001, 0.44, 0.075),
                652: (1.2850000000000001, 0.44, 0.075),
                653: (1.2850000000000001, 0.44, 0.075),
                654: (1.2850000000000001, 0.44, 0.075),
                655: (1.2850000000000001, 0.44, 0.075),
                656: (1.2850000000000001, 0.44, 0.075),
                657: (1.2850000000000001, 0.44, 0.075),
                658: (1.2850000000000001, 0.44, 0.075),
                659: (1.2850000000000001, 0.44, 0.075),
                660: (1.2850000000000001, 0.44, 0.075),
                661: (1.2850000000000001, 0.44, 0.075),
                662: (1.2850000000000001, 0.44, 0.075),
                663: (1.2850000000000001, 0.44, 0.075),
                664: (1.2850000000000001, 0.44, 0.075),
                665: (1.2850000000000001, 0.44, 0.075),
                666: (1.2850000000000001, 0.44, 0.075),
                667: (1.2850000000000001, 0.44, 0.075),
                668: (1.2850000000000001, 0.44, 0.075),
                669: (1.2850000000000001, 0.44, 0.075),
                670: (1.2850000000000001, 0.44, 0.075),
                671: (1.2850000000000001, 0.44, 0.075),
                672: (1.2850000000000001, 0.44, 0.075),
                673: (1.2850000000000001, 0.44, 0.075),
                674: (1.2850000000000001, 0.44, 0.075),
                675: (1.2850000000000001, 0.44, 0.075),
                676: (1.2850000000000001, 0.44, 0.075),
                677: (1.2850000000000001, 0.44, 0.075),
                678: (1.2850000000000001, 0.44, 0.075),
                679: (1.2850000000000001, 0.44, 0.075),
                680: (1.2850000000000001, 0.44, 0.075),
                681: (1.2850000000000001, 0.44, 0.075),
                682: (1.2850000000000001, 0.44, 0.075),
                683: (1.2850000000000001, 0.44, 0.075),
                684: (1.2850000000000001, 0.44, 0.075),
                685: (1.2850000000000001, 0.44, 0.075),
                686: (1.2850000000000001, 0.44, 0.075),
                687: (1.2850000000000001, 0.44, 0.075),
                688: (1.2850000000000001, 0.44, 0.075),
                689: (1.2850000000000001, 0.44, 0.075),
                690: (1.2850000000000001, 0.44, 0.075),
                691: (1.2850000000000001, 0.44, 0.075),
                692: (1.2850000000000001, 0.44, 0.075),
                693: (1.2850000000000001, 0.44, 0.075),
                694: (1.2850000000000001, 0.44, 0.075),
                695: (1.2850000000000001, 0.44, 0.075),
                696: (1.2850000000000001, 0.44, 0.075),
                697: (1.2850000000000001, 0.44, 0.075),
                698: (1.2850000000000001, 0.44, 0.075),
                699: (1.2850000000000001, 0.44, 0.075),
                700: (1.2850000000000001, 0.44, 0.075),
                701: (1.2850000000000001, 0.44, 0.075),
                702: (1.2850000000000001, 0.44, 0.075),
                703: (1.2850000000000001, 0.44, 0.075),
                704: (1.2850000000000001, 0.44, 0.075),
                705: (1.2850000000000001, 0.44, 0.075),
                706: (1.2850000000000001, 0.44, 0.075),
                707: (1.2850000000000001, 0.44, 0.075),
                708: (1.2850000000000001, 0.44, 0.075),
                709: (1.2850000000000001, 0.44, 0.075),
                710: (1.2850000000000001, 0.44, 0.075),
                711: (1.2850000000000001, 0.44, 0.075),
                712: (1.2850000000000001, 0.44, 0.075),
                713: (1.2850000000000001, 0.44, 0.075),
                714: (1.2850000000000001, 0.44, 0.075),
                715: (1.2850000000000001, 0.44, 0.075),
                716: (1.2850000000000001, 0.44, 0.075),
                717: (1.2850000000000001, 0.44, 0.075),
                718: (1.2850000000000001, 0.44, 0.075),
                719: (1.2850000000000001, 0.44, 0.075),
                720: (1.2850000000000001, 0.44, 0.075),
                721: (0.66, 0.44, 0.075),
                722: (0.66, 0.44, 0.075),
                723: (0.66, 0.44, 0.075),
                724: (0.66, 0.44, 0.075),
                725: (0.66, 0.44, 0.075),
                726: (0.66, 0.44, 0.075),
                727: (0.66, 0.44, 0.075),
                728: (0.66, 0.44, 0.075),
                729: (0.66, 0.44, 0.075),
                730: (0.66, 0.44, 0.075),
                731: (0.66, 0.44, 0.075),
                732: (0.66, 0.44, 0.075),
                733: (0.66, 0.44, 0.075),
                734: (0.66, 0.44, 0.075),
                735: (0.66, 0.44, 0.075),
                736: (0.66, 0.44, 0.075),
                737: (0.66, 0.44, 0.075),
                738: (0.66, 0.44, 0.075),
                739: (0.66, 0.44, 0.075),
                740: (0.66, 0.44, 0.075),
                741: (0.66, 0.44, 0.075),
                742: (0.66, 0.44, 0.075),
                743: (0.66, 0.44, 0.075),
                744: (0.66, 0.44, 0.075),
                745: (0.66, 0.44, 0.075),
                746: (0.66, 0.44, 0.075),
                747: (0.66, 0.44, 0.075),
                748: (0.66, 0.44, 0.075),
                749: (0.66, 0.44, 0.075),
                750: (0.66, 0.44, 0.075),
                751: (0.66, 0.44, 0.075),
                752: (0.66, 0.44, 0.075),
                753: (0.66, 0.44, 0.075),
                754: (0.66, 0.44, 0.075),
                755: (0.66, 0.44, 0.075),
                756: (0.66, 0.44, 0.075),
                757: (0.66, 0.44, 0.075),
                758: (0.66, 0.44, 0.075),
                759: (0.66, 0.44, 0.075),
                760: (0.66, 0.44, 0.075),
                761: (0.66, 0.44, 0.075),
                762: (0.66, 0.44, 0.075),
                763: (0.66, 0.44, 0.075),
                764: (0.66, 0.44, 0.075),
                765: (0.66, 0.44, 0.075),
                766: (0.66, 0.44, 0.075),
                767: (0.66, 0.44, 0.075),
                768: (0.66, 0.44, 0.075),
                769: (0.66, 0.44, 0.075),
                770: (0.66, 0.44, 0.075),
                771: (0.66, 0.44, 0.075),
                772: (0.66, 0.44, 0.075),
                773: (0.66, 0.44, 0.075),
                774: (0.66, 0.44, 0.075),
                775: (0.66, 0.44, 0.075),
                776: (0.66, 0.44, 0.075),
                777: (0.66, 0.44, 0.075),
                778: (0.66, 0.44, 0.075),
                779: (0.66, 0.44, 0.075),
                780: (0.66, 0.44, 0.075),
                781: (0.66, 0.44, 0.075),
                782: (0.66, 0.44, 0.075),
                783: (0.66, 0.44, 0.075),
                784: (0.66, 0.44, 0.075),
                785: (0.66, 0.44, 0.075),
                786: (0.66, 0.44, 0.075),
                787: (0.66, 0.44, 0.075),
                788: (0.66, 0.44, 0.075),
                789: (0.66, 0.44, 0.075),
                790: (0.66, 0.44, 0.075),
                791: (0.66, 0.44, 0.075),
                792: (0.66, 0.44, 0.075),
                793: (0.66, 0.44, 0.075),
                794: (0.66, 0.44, 0.075),
                795: (0.66, 0.44, 0.075),
                796: (0.66, 0.44, 0.075),
                797: (0.66, 0.44, 0.075),
                798: (0.66, 0.44, 0.075),
                799: (0.66, 0.44, 0.075),
                800: (0.66, 0.44, 0.075),
                801: (0.66, 0.44, 0.075),
                802: (0.66, 0.44, 0.075),
                803: (0.66, 0.44, 0.075),
                804: (0.66, 0.44, 0.075),
                805: (0.66, 0.44, 0.075),
                806: (0.66, 0.44, 0.075),
                807: (0.66, 0.44, 0.075),
                808: (0.66, 0.44, 0.075),
                809: (0.66, 0.44, 0.075),
                810: (0.66, 0.44, 0.075),
                811: (0.66, 0.44, 0.075),
                812: (0.66, 0.44, 0.075),
                813: (0.66, 0.44, 0.075),
                814: (0.66, 0.44, 0.075),
                815: (0.66, 0.44, 0.075),
                816: (0.66, 0.44, 0.075),
                817: (0.66, 0.44, 0.075),
                818: (0.66, 0.44, 0.075),
                819: (0.66, 0.44, 0.075),
                820: (0.66, 0.44, 0.075),
                821: (0.66, 0.44, 0.075),
                822: (0.66, 0.44, 0.075),
                823: (0.66, 0.44, 0.075),
                824: (0.66, 0.44, 0.075),
                825: (0.66, 0.44, 0.075),
                826: (0.66, 0.44, 0.075),
                827: (0.66, 0.44, 0.075),
                828: (0.66, 0.44, 0.075),
                829: (0.66, 0.44, 0.075),
                830: (0.66, 0.44, 0.075),
                831: (0.66, 0.44, 0.075),
                832: (0.66, 0.44, 0.075),
                833: (0.66, 0.44, 0.075),
                834: (0.66, 0.44, 0.075),
                835: (0.66, 0.44, 0.075),
                836: (0.66, 0.44, 0.075),
                837: (0.66, 0.44, 0.075),
                838: (0.66, 0.44, 0.075),
                839: (0.66, 0.44, 0.075),
                840: (0.66, 0.44, 0.075),
                841: (0.66, 0.44, 0.075),
                842: (0.66, 0.44, 0.075),
                843: (0.66, 0.44, 0.075),
                844: (0.66, 0.44, 0.075),
                845: (0.66, 0.44, 0.075),
                846: (0.66, 0.44, 0.075),
                847: (0.66, 0.44, 0.075),
                848: (0.66, 0.44, 0.075),
                849: (0.66, 0.44, 0.075),
                850: (0.66, 0.44, 0.075),
                851: (0.66, 0.44, 0.075),
                852: (0.66, 0.44, 0.075),
                853: (0.66, 0.44, 0.075),
                854: (0.66, 0.44, 0.075),
                855: (0.66, 0.44, 0.075),
                856: (0.66, 0.44, 0.075),
                857: (0.66, 0.44, 0.075),
                858: (0.66, 0.44, 0.075),
                859: (0.66, 0.44, 0.075),
                860: (0.66, 0.44, 0.075),
                861: (0.66, 0.44, 0.075),
                862: (0.66, 0.44, 0.075),
                863: (0.66, 0.44, 0.075),
                864: (0.66, 0.44, 0.075),
                865: (0.66, 0.44, 0.075),
                866: (0.66, 0.44, 0.075),
                867: (0.66, 0.44, 0.075),
                868: (0.66, 0.44, 0.075),
                869: (0.66, 0.44, 0.075),
                870: (0.66, 0.44, 0.075),
                871: (0.66, 0.44, 0.075),
                872: (0.66, 0.44, 0.075),
                873: (0.66, 0.44, 0.075),
                874: (0.66, 0.44, 0.075),
                875: (0.66, 0.44, 0.075),
                876: (0.66, 0.44, 0.075),
                877: (0.66, 0.44, 0.075),
                878: (0.66, 0.44, 0.075),
                879: (0.66, 0.44, 0.075),
                880: (0.66, 0.44, 0.075),
                881: (0.66, 0.44, 0.075),
                882: (0.66, 0.44, 0.075),
                883: (0.66, 0.44, 0.075),
                884: (0.66, 0.44, 0.075),
                885: (0.66, 0.44, 0.075),
                886: (0.66, 0.44, 0.075),
                887: (0.66, 0.44, 0.075),
                888: (0.66, 0.44, 0.075),
                889: (0.66, 0.44, 0.075),
                890: (0.66, 0.44, 0.075),
                891: (0.66, 0.44, 0.075),
                892: (0.66, 0.44, 0.075),
                893: (0.66, 0.44, 0.075),
                894: (0.66, 0.44, 0.075),
                895: (0.66, 0.44, 0.075),
                896: (0.66, 0.44, 0.075),
                897: (0.66, 0.44, 0.075),
                898: (0.66, 0.44, 0.075),
                899: (0.66, 0.44, 0.075),
                900: (0.66, 0.44, 0.075),
                901: (0.66, 0.44, 0.075),
                902: (0.66, 0.44, 0.075),
                903: (0.66, 0.44, 0.075),
                904: (0.66, 0.44, 0.075),
                905: (0.66, 0.44, 0.075),
                906: (0.66, 0.44, 0.075),
                907: (0.66, 0.44, 0.075),
                908: (0.66, 0.44, 0.075),
                909: (0.66, 0.44, 0.075),
                910: (0.66, 0.44, 0.075),
                911: (0.66, 0.44, 0.075),
                912: (0.66, 0.44, 0.075),
                913: (0.66, 0.44, 0.075),
                914: (0.66, 0.44, 0.075),
                915: (0.66, 0.44, 0.075),
                916: (0.66, 0.44, 0.075),
                917: (0.66, 0.44, 0.075),
                918: (0.66, 0.44, 0.075),
                919: (0.66, 0.44, 0.075),
                920: (0.66, 0.44, 0.075),
                921: (0.66, 0.44, 0.075),
                922: (0.66, 0.44, 0.075),
                923: (0.66, 0.44, 0.075),
                924: (0.66, 0.44, 0.075),
                925: (0.66, 0.44, 0.075),
                926: (0.66, 0.44, 0.075),
                927: (0.66, 0.44, 0.075),
                928: (0.66, 0.44, 0.075),
                929: (0.66, 0.44, 0.075),
                930: (0.66, 0.44, 0.075),
                931: (0.66, 0.44, 0.075),
                932: (0.66, 0.44, 0.075),
                933: (0.66, 0.44, 0.075),
                934: (0.66, 0.44, 0.075),
                935: (0.66, 0.44, 0.075),
                936: (0.66, 0.44, 0.075),
                937: (0.66, 0.44, 0.075),
                938: (0.66, 0.44, 0.075),
                939: (0.66, 0.44, 0.075),
                940: (0.66, 0.44, 0.075),
                941: (0.66, 0.44, 0.075),
                942: (0.66, 0.44, 0.075),
                943: (0.66, 0.44, 0.075),
                944: (0.66, 0.44, 0.075),
                945: (0.66, 0.44, 0.075),
                946: (0.66, 0.44, 0.075),
                947: (0.66, 0.44, 0.075),
                948: (0.66, 0.44, 0.075),
                949: (0.66, 0.44, 0.075),
                950: (0.66, 0.44, 0.075),
                951: (0.66, 0.44, 0.075),
                952: (0.66, 0.44, 0.075),
                953: (0.66, 0.44, 0.075),
                954: (0.66, 0.44, 0.075),
                955: (0.66, 0.44, 0.075),
                956: (0.66, 0.44, 0.075),
                957: (0.66, 0.44, 0.075),
                958: (0.66, 0.44, 0.075),
                959: (0.66, 0.44, 0.075),
                960: (0.66, 0.44, 0.075),
                961: (0.66, 0.44, 0.075),
                962: (0.66, 0.44, 0.075),
                963: (0.66, 0.44, 0.075),
                964: (0.66, 0.44, 0.075),
                965: (0.66, 0.44, 0.075),
                966: (0.66, 0.44, 0.075),
                967: (0.66, 0.44, 0.075),
                968: (0.66, 0.44, 0.075),
                969: (0.66, 0.44, 0.075),
                970: (0.66, 0.44, 0.075),
                971: (0.66, 0.44, 0.075),
                972: (0.66, 0.44, 0.075),
                973: (0.66, 0.44, 0.075),
                974: (0.66, 0.44, 0.075),
                975: (0.66, 0.44, 0.075),
                976: (0.66, 0.44, 0.075),
                977: (0.66, 0.44, 0.075),
                978: (0.66, 0.44, 0.075),
                979: (0.66, 0.44, 0.075),
                980: (0.66, 0.44, 0.075),
                981: (0.66, 0.44, 0.075),
                982: (0.66, 0.44, 0.075),
                983: (0.66, 0.44, 0.075),
                984: (0.66, 0.44, 0.075),
                985: (0.66, 0.44, 0.075),
                986: (0.66, 0.44, 0.075),
                987: (0.66, 0.44, 0.075),
                988: (0.66, 0.44, 0.075),
                989: (0.66, 0.44, 0.075),
                990: (0.66, 0.44, 0.075),
                991: (0.66, 0.44, 0.075),
                992: (0.66, 0.44, 0.075),
                993: (0.66, 0.44, 0.075),
                994: (0.66, 0.44, 0.075),
                995: (0.66, 0.44, 0.075),
                996: (0.66, 0.44, 0.075),
                997: (0.66, 0.44, 0.075),
                998: (0.66, 0.44, 0.075),
                999: (0.66, 0.44, 0.075),
                1000: (0.66, 0.44, 0.075),
            }
            uniform token[] xformOpOrder = ["xformOp:translate", "xformOp:scale"]
        }

        def Cube "MeasuredBar"
        {
            color3f[] primvars:displayColor = [(0.16, 0.6, 0.94)]
            double size = 1
            float3 xformOp:scale = (1, 1, 1)
            float3 xformOp:scale.timeSamples = {
                0: (0.004, 0.085, 0.035),
                1: (0.004, 0.085, 0.035),
                2: (0.004, 0.085, 0.035),
                3: (0.004, 0.085, 0.035),
                4: (0.004, 0.085, 0.035),
                5: (0.004, 0.085, 0.035),
                6: (0.004, 0.085, 0.035),
                7: (0.004, 0.085, 0.035),
                8: (0.004, 0.085, 0.035),
                9: (0.004, 0.085, 0.035),
                10: (0.004, 0.085, 0.035),
                11: (0.004, 0.085, 0.035),
                12: (0.004, 0.085, 0.035),
                13: (0.004, 0.085, 0.035),
                14: (0.004, 0.085, 0.035),
                15: (0.004, 0.085, 0.035),
                16: (0.004, 0.085, 0.035),
                17: (0.004, 0.085, 0.035),
                18: (0.004, 0.085, 0.035),
                19: (0.004, 0.085, 0.035),
                20: (0.004, 0.085, 0.035),
                21: (0.004, 0.085, 0.035),
                22: (0.0104561495, 0.085, 0.035),
                23: (0.020815993, 0.085, 0.035),
                24: (0.030755311, 0.085, 0.035),
                25: (0.040283777, 0.085, 0.035),
                26: (0.049420938, 0.085, 0.035),
                27: (0.058185678, 0.085, 0.035),
                28: (0.066595905, 0.085, 0.035),
                29: (0.07466859, 0.085, 0.035),
                30: (0.08241987, 0.085, 0.035),
                31: (0.089865, 0.085, 0.035),
                32: (0.09701847, 0.085, 0.035),
                33: (0.10389403, 0.085, 0.035),
                34: (0.110504724, 0.085, 0.035),
                35: (0.116862915, 0.085, 0.035),
                36: (0.12298035, 0.085, 0.035),
                37: (0.12886815, 0.085, 0.035),
                38: (0.1345369, 0.085, 0.035),
                39: (0.13999666, 0.085, 0.035),
                40: (0.14525692, 0.085, 0.035),
                41: (0.15032674, 0.085, 0.035),
                42: (0.1552147, 0.085, 0.035),
                43: (0.15992896, 0.085, 0.035),
                44: (0.16447726, 0.085, 0.035),
                45: (0.16886695, 0.085, 0.035),
                46: (0.17310505, 0.085, 0.035),
                47: (0.17719816, 0.085, 0.035),
                48: (0.1811526, 0.085, 0.035),
                49: (0.18497439, 0.085, 0.035),
                50: (0.1886692, 0.085, 0.035),
                51: (0.19224246, 0.085, 0.035),
                52: (0.19569933, 0.085, 0.035),
                53: (0.1990447, 0.085, 0.035),
                54: (0.20228325, 0.085, 0.035),
                55: (0.20541938, 0.085, 0.035),
                56: (0.20845734, 0.085, 0.035),
                57: (0.2114011, 0.085, 0.035),
                58: (0.21425454, 0.085, 0.035),
                59: (0.21702124, 0.085, 0.035),
                60: (0.21970473, 0.085, 0.035),
                61: (0.22230823, 0.085, 0.035),
                62: (0.22483496, 0.085, 0.035),
                63: (0.22728787, 0.085, 0.035),
                64: (0.22966981, 0.085, 0.035),
                65: (0.23198353, 0.085, 0.035),
                66: (0.23423158, 0.085, 0.035),
                67: (0.23641647, 0.085, 0.035),
                68: (0.23854055, 0.085, 0.035),
                69: (0.24060607, 0.085, 0.035),
                70: (0.24261516, 0.085, 0.035),
                71: (0.2445699, 0.085, 0.035),
                72: (0.24647222, 0.085, 0.035),
                73: (0.24832402, 0.085, 0.035),
                74: (0.25012705, 0.085, 0.035),
                75: (0.25188303, 0.085, 0.035),
                76: (0.25359362, 0.085, 0.035),
                77: (0.25526035, 0.085, 0.035),
                78: (0.2568847, 0.085, 0.035),
                79: (0.25846812, 0.085, 0.035),
                80: (0.260012, 0.085, 0.035),
                81: (0.26151758, 0.085, 0.035),
                82: (0.26298615, 0.085, 0.035),
                83: (0.26441893, 0.085, 0.035),
                84: (0.26581705, 0.085, 0.035),
                85: (0.26718158, 0.085, 0.035),
                86: (0.26851362, 0.085, 0.035),
                87: (0.26981416, 0.085, 0.035),
                88: (0.27108416, 0.085, 0.035),
                89: (0.2723246, 0.085, 0.035),
                90: (0.2735363, 0.085, 0.035),
                91: (0.27472016, 0.085, 0.035),
                92: (0.27587703, 0.085, 0.035),
                93: (0.27700764, 0.085, 0.035),
                94: (0.2781128, 0.085, 0.035),
                95: (0.27919325, 0.085, 0.035),
                96: (0.28024966, 0.085, 0.035),
                97: (0.28128272, 0.085, 0.035),
                98: (0.28229308, 0.085, 0.035),
                99: (0.2832814, 0.085, 0.035),
                100: (0.2842482, 0.085, 0.035),
                101: (0.2851942, 0.085, 0.035),
                102: (0.28611982, 0.085, 0.035),
                103: (0.28702566, 0.085, 0.035),
                104: (0.28791228, 0.085, 0.035),
                105: (0.28878012, 0.085, 0.035),
                106: (0.28962973, 0.085, 0.035),
                107: (0.2904615, 0.085, 0.035),
                108: (0.291276, 0.085, 0.035),
                109: (0.29207355, 0.085, 0.035),
                110: (0.29285464, 0.085, 0.035),
                111: (0.29361966, 0.085, 0.035),
                112: (0.294369, 0.085, 0.035),
                113: (0.29510307, 0.085, 0.035),
                114: (0.29582223, 0.085, 0.035),
                115: (0.29652682, 0.085, 0.035),
                116: (0.2972172, 0.085, 0.035),
                117: (0.29789367, 0.085, 0.035),
                118: (0.29855666, 0.085, 0.035),
                119: (0.29920638, 0.085, 0.035),
                120: (0.2998432, 0.085, 0.035),
                121: (0.30046737, 0.085, 0.035),
                122: (0.30107924, 0.085, 0.035),
                123: (0.30167904, 0.085, 0.035),
                124: (0.30226704, 0.085, 0.035),
                125: (0.30284354, 0.085, 0.035),
                126: (0.30340877, 0.085, 0.035),
                127: (0.303963, 0.085, 0.035),
                128: (0.30450645, 0.085, 0.035),
                129: (0.30503938, 0.085, 0.035),
                130: (0.305562, 0.085, 0.035),
                131: (0.30607453, 0.085, 0.035),
                132: (0.30657718, 0.085, 0.035),
                133: (0.3070702, 0.085, 0.035),
                134: (0.30755377, 0.085, 0.035),
                135: (0.3080281, 0.085, 0.035),
                136: (0.30849338, 0.085, 0.035),
                137: (0.30894977, 0.085, 0.035),
                138: (0.3093975, 0.085, 0.035),
                139: (0.30983675, 0.085, 0.035),
                140: (0.31026766, 0.085, 0.035),
                141: (0.31069043, 0.085, 0.035),
                142: (0.3111052, 0.085, 0.035),
                143: (0.31151214, 0.085, 0.035),
                144: (0.31191146, 0.085, 0.035),
                145: (0.31230327, 0.085, 0.035),
                146: (0.3126877, 0.085, 0.035),
                147: (0.31306493, 0.085, 0.035),
                148: (0.3134351, 0.085, 0.035),
                149: (0.31379837, 0.085, 0.035),
                150: (0.31415483, 0.085, 0.035),
                151: (0.31450468, 0.085, 0.035),
                152: (0.31484798, 0.085, 0.035),
                153: (0.31518492, 0.085, 0.035),
                154: (0.31551558, 0.085, 0.035),
                155: (0.3158401, 0.085, 0.035),
                156: (0.31615862, 0.085, 0.035),
                157: (0.31647122, 0.085, 0.035),
                158: (0.31677803, 0.085, 0.035),
                159: (0.3170792, 0.085, 0.035),
                160: (0.31737477, 0.085, 0.035),
                161: (0.3176649, 0.085, 0.035),
                162: (0.31794968, 0.085, 0.035),
                163: (0.3182292, 0.085, 0.035),
                164: (0.31850356, 0.085, 0.035),
                165: (0.31877288, 0.085, 0.035),
                166: (0.31903726, 0.085, 0.035),
                167: (0.31929678, 0.085, 0.035),
                168: (0.31955153, 0.085, 0.035),
                169: (0.3198016, 0.085, 0.035),
                170: (0.32004708, 0.085, 0.035),
                171: (0.32028806, 0.085, 0.035),
                172: (0.32052463, 0.085, 0.035),
                173: (0.32075685, 0.085, 0.035),
                174: (0.32098484, 0.085, 0.035),
                175: (0.32120866, 0.085, 0.035),
                176: (0.3214284, 0.085, 0.035),
                177: (0.3216441, 0.085, 0.035),
                178: (0.32185587, 0.085, 0.035),
                179: (0.32206377, 0.085, 0.035),
                180: (0.32226786, 0.085, 0.035),
                181: (0.32246825, 0.085, 0.035),
                182: (0.32266498, 0.085, 0.035),
                183: (0.32285812, 0.085, 0.035),
                184: (0.32304773, 0.085, 0.035),
                185: (0.3232339, 0.085, 0.035),
                186: (0.32341668, 0.085, 0.035),
                187: (0.32359612, 0.085, 0.035),
                188: (0.3237723, 0.085, 0.035),
                189: (0.32394528, 0.085, 0.035),
                190: (0.32411513, 0.085, 0.035),
                191: (0.32428187, 0.085, 0.035),
                192: (0.32444558, 0.085, 0.035),
                193: (0.32460633, 0.085, 0.035),
                194: (0.32476413, 0.085, 0.035),
                195: (0.32491907, 0.085, 0.035),
                196: (0.32507125, 0.085, 0.035),
                197: (0.3252206, 0.085, 0.035),
                198: (0.32536727, 0.085, 0.035),
                199: (0.32551128, 0.085, 0.035),
                200: (0.32565266, 0.085, 0.035),
                201: (0.3257915, 0.085, 0.035),
                202: (0.3259278, 0.085, 0.035),
                203: (0.32606164, 0.085, 0.035),
                204: (0.32619306, 0.085, 0.035),
                205: (0.32632208, 0.085, 0.035),
                206: (0.32644877, 0.085, 0.035),
                207: (0.32657316, 0.085, 0.035),
                208: (0.3266953, 0.085, 0.035),
                209: (0.32681522, 0.085, 0.035),
                210: (0.326933, 0.085, 0.035),
                211: (0.32704863, 0.085, 0.035),
                212: (0.32716215, 0.085, 0.035),
                213: (0.32727364, 0.085, 0.035),
                214: (0.32738307, 0.085, 0.035),
                215: (0.32749054, 0.085, 0.035),
                216: (0.3275961, 0.085, 0.035),
                217: (0.3276997, 0.085, 0.035),
                218: (0.32780144, 0.085, 0.035),
                219: (0.32790136, 0.085, 0.035),
                220: (0.32799944, 0.085, 0.035),
                221: (0.32809576, 0.085, 0.035),
                222: (0.32819036, 0.085, 0.035),
                223: (0.32828322, 0.085, 0.035),
                224: (0.32837442, 0.085, 0.035),
                225: (0.32846394, 0.085, 0.035),
                226: (0.3285519, 0.085, 0.035),
                227: (0.32863823, 0.085, 0.035),
                228: (0.32872298, 0.085, 0.035),
                229: (0.32880622, 0.085, 0.035),
                230: (0.32888797, 0.085, 0.035),
                231: (0.3289682, 0.085, 0.035),
                232: (0.32904702, 0.085, 0.035),
                233: (0.32912442, 0.085, 0.035),
                234: (0.3292004, 0.085, 0.035),
                235: (0.329275, 0.085, 0.035),
                236: (0.32934827, 0.085, 0.035),
                237: (0.3294202, 0.085, 0.035),
                238: (0.32949084, 0.085, 0.035),
                239: (0.3295602, 0.085, 0.035),
                240: (0.32962832, 0.085, 0.035),
                241: (0.3296952, 0.085, 0.035),
                242: (0.32976088, 0.085, 0.035),
                243: (0.32982537, 0.085, 0.035),
                244: (0.32988867, 0.085, 0.035),
                245: (0.32995084, 0.085, 0.035),
                246: (0.3300119, 0.085, 0.035),
                247: (0.33007184, 0.085, 0.035),
                248: (0.33013073, 0.085, 0.035),
                249: (0.33018854, 0.085, 0.035),
                250: (0.3302453, 0.085, 0.035),
                251: (0.33030102, 0.085, 0.035),
                252: (0.33035573, 0.085, 0.035),
                253: (0.3304095, 0.085, 0.035),
                254: (0.33046225, 0.085, 0.035),
                255: (0.33051407, 0.085, 0.035),
                256: (0.33056495, 0.085, 0.035),
                257: (0.33061492, 0.085, 0.035),
                258: (0.33066398, 0.085, 0.035),
                259: (0.33071217, 0.085, 0.035),
                260: (0.33075947, 0.085, 0.035),
                261: (0.33080593, 0.085, 0.035),
                262: (0.33085153, 0.085, 0.035),
                263: (0.33089632, 0.085, 0.035),
                264: (0.3309403, 0.085, 0.035),
                265: (0.3309835, 0.085, 0.035),
                266: (0.3310259, 0.085, 0.035),
                267: (0.33106753, 0.085, 0.035),
                268: (0.33110842, 0.085, 0.035),
                269: (0.3311486, 0.085, 0.035),
                270: (0.331188, 0.085, 0.035),
                271: (0.33122674, 0.085, 0.035),
                272: (0.33126473, 0.085, 0.035),
                273: (0.33130208, 0.085, 0.035),
                274: (0.33133873, 0.085, 0.035),
                275: (0.33137473, 0.085, 0.035),
                276: (0.33141008, 0.085, 0.035),
                277: (0.33144477, 0.085, 0.035),
                278: (0.33147886, 0.085, 0.035),
                279: (0.3315123, 0.085, 0.035),
                280: (0.33154517, 0.085, 0.035),
                281: (0.33157745, 0.085, 0.035),
                282: (0.33160913, 0.085, 0.035),
                283: (0.33164024, 0.085, 0.035),
                284: (0.3316708, 0.085, 0.035),
                285: (0.3317008, 0.085, 0.035),
                286: (0.33173028, 0.085, 0.035),
                287: (0.33175918, 0.085, 0.035),
                288: (0.3317876, 0.085, 0.035),
                289: (0.33181548, 0.085, 0.035),
                290: (0.33184287, 0.085, 0.035),
                291: (0.33186978, 0.085, 0.035),
                292: (0.3318962, 0.085, 0.035),
                293: (0.3319221, 0.085, 0.035),
                294: (0.3319476, 0.085, 0.035),
                295: (0.33197257, 0.085, 0.035),
                296: (0.33199713, 0.085, 0.035),
                297: (0.33202127, 0.085, 0.035),
                298: (0.33204493, 0.085, 0.035),
                299: (0.33206818, 0.085, 0.035),
                300: (0.332091, 0.085, 0.035),
                301: (0.33211342, 0.085, 0.035),
                302: (0.33213544, 0.085, 0.035),
                303: (0.33215705, 0.085, 0.035),
                304: (0.33217826, 0.085, 0.035),
                305: (0.33219913, 0.085, 0.035),
                306: (0.3322196, 0.085, 0.035),
                307: (0.3322397, 0.085, 0.035),
                308: (0.33225942, 0.085, 0.035),
                309: (0.33227882, 0.085, 0.035),
                310: (0.33229783, 0.085, 0.035),
                311: (0.33231652, 0.085, 0.035),
                312: (0.33233485, 0.085, 0.035),
                313: (0.33235288, 0.085, 0.035),
                314: (0.33237058, 0.085, 0.035),
                315: (0.33238795, 0.085, 0.035),
                316: (0.332405, 0.085, 0.035),
                317: (0.33242175, 0.085, 0.035),
                318: (0.3324382, 0.085, 0.035),
                319: (0.33245435, 0.085, 0.035),
                320: (0.3324702, 0.085, 0.035),
                321: (0.3324858, 0.085, 0.035),
                322: (0.32204494, 0.085, 0.035),
                323: (0.3117001, 0.085, 0.035),
                324: (0.30177554, 0.085, 0.035),
                325: (0.29226157, 0.085, 0.035),
                326: (0.2831386, 0.085, 0.035),
                327: (0.27438784, 0.085, 0.035),
                328: (0.2659913, 0.085, 0.035),
                329: (0.2579321, 0.085, 0.035),
                330: (0.25019404, 0.085, 0.035),
                331: (0.2427619, 0.085, 0.035),
                332: (0.23562115, 0.085, 0.035),
                333: (0.22875811, 0.085, 0.035),
                334: (0.22215973, 0.085, 0.035),
                335: (0.21581359, 0.085, 0.035),
                336: (0.20970802, 0.085, 0.035),
                337: (0.20383185, 0.085, 0.035),
                338: (0.19817452, 0.085, 0.035),
                339: (0.192726, 0.085, 0.035),
                340: (0.18747675, 0.085, 0.035),
                341: (0.18241775, 0.085, 0.035),
                342: (0.17754042, 0.085, 0.035),
                343: (0.17283659, 0.085, 0.035),
                344: (0.16829854, 0.085, 0.035),
                345: (0.1639189, 0.085, 0.035),
                346: (0.1596907, 0.085, 0.035),
                347: (0.15560727, 0.085, 0.035),
                348: (0.15166235, 0.085, 0.035),
                349: (0.14784992, 0.085, 0.035),
                350: (0.1441643, 0.085, 0.035),
                351: (0.14060004, 0.085, 0.035),
                352: (0.13715203, 0.085, 0.035),
                353: (0.13381536, 0.085, 0.035),
                354: (0.13058536, 0.085, 0.035),
                355: (0.12745762, 0.085, 0.035),
                356: (0.12442791, 0.085, 0.035),
                357: (0.12149221, 0.085, 0.035),
                358: (0.11864672, 0.085, 0.035),
                359: (0.1158878, 0.085, 0.035),
                360: (0.11321198, 0.085, 0.035),
                361: (0.110615976, 0.085, 0.035),
                362: (0.10809665, 0.085, 0.035),
                363: (0.10565099, 0.085, 0.035),
                364: (0.10327616, 0.085, 0.035),
                365: (0.10096944, 0.085, 0.035),
                366: (0.09872825, 0.085, 0.035),
                367: (0.0965501, 0.085, 0.035),
                368: (0.094432645, 0.085, 0.035),
                369: (0.09237362, 0.085, 0.035),
                370: (0.0903709, 0.085, 0.035),
                371: (0.08842244, 0.085, 0.035),
                372: (0.08652627, 0.085, 0.035),
                373: (0.08468052, 0.085, 0.035),
                374: (0.08288341, 0.085, 0.035),
                375: (0.08113325, 0.085, 0.035),
                376: (0.07942839, 0.085, 0.035),
                377: (0.07776728, 0.085, 0.035),
                378: (0.076148435, 0.085, 0.035),
                379: (0.074570425, 0.085, 0.035),
                380: (0.07303189, 0.085, 0.035),
                381: (0.07153152, 0.085, 0.035),
                382: (0.07006806, 0.085, 0.035),
                383: (0.06864033, 0.085, 0.035),
                384: (0.06724717, 0.085, 0.035),
                385: (0.06588748, 0.085, 0.035),
                386: (0.06456022, 0.085, 0.035),
                387: (0.06326436, 0.085, 0.035),
                388: (0.061998952, 0.085, 0.035),
                389: (0.06076305, 0.085, 0.035),
                390: (0.059555773, 0.085, 0.035),
                391: (0.058376253, 0.085, 0.035),
                392: (0.057223674, 0.085, 0.035),
                393: (0.05609724, 0.085, 0.035),
                394: (0.054996196, 0.085, 0.035),
                395: (0.053919807, 0.085, 0.035),
                396: (0.05286737, 0.085, 0.035),
                397: (0.051838215, 0.085, 0.035),
                398: (0.05083168, 0.085, 0.035),
                399: (0.049847152, 0.085, 0.035),
                400: (0.048884008, 0.085, 0.035),
                401: (0.047941685, 0.085, 0.035),
                402: (0.047019612, 0.085, 0.035),
                403: (0.04611725, 0.085, 0.035),
                404: (0.04523408, 0.085, 0.035),
                405: (0.044369597, 0.085, 0.035),
                406: (0.043523315, 0.085, 0.035),
                407: (0.042694766, 0.085, 0.035),
                408: (0.0418835, 0.085, 0.035),
                409: (0.04108907, 0.085, 0.035),
                410: (0.040311065, 0.085, 0.035),
                411: (0.03954907, 0.085, 0.035),
                412: (0.038802695, 0.085, 0.035),
                413: (0.038071547, 0.085, 0.035),
                414: (0.037355267, 0.085, 0.035),
                415: (0.036653493, 0.085, 0.035),
                416: (0.035965875, 0.085, 0.035),
                417: (0.035292078, 0.085, 0.035),
                418: (0.034631778, 0.085, 0.035),
                419: (0.03398466, 0.085, 0.035),
                420: (0.03335042, 0.085, 0.035),
                421: (0.03272875, 0.085, 0.035),
                422: (0.024277264, 0.085, 0.035),
                423: (0.015910016, 0.085, 0.035),
                424: (0.0078699, 0.085, 0.035),
                425: (0.004, 0.085, 0.035),
                426: (0.0072664055, 0.085, 0.035),
                427: (0.014391922, 0.085, 0.035),
                428: (0.021240825, 0.085, 0.035),
                429: (0.027826086, 0.085, 0.035),
                430: (0.034160018, 0.085, 0.035),
                431: (0.040254295, 0.085, 0.035),
                432: (0.046120007, 0.085, 0.035),
                433: (0.051767666, 0.085, 0.035),
                434: (0.057207268, 0.085, 0.035),
                435: (0.062448278, 0.085, 0.035),
                436: (0.067499705, 0.085, 0.035),
                437: (0.07237008, 0.085, 0.035),
                438: (0.07706753, 0.085, 0.035),
                439: (0.081599765, 0.085, 0.035),
                440: (0.08597409, 0.085, 0.035),
                441: (0.09019745, 0.085, 0.035),
                442: (0.09427649, 0.085, 0.035),
                443: (0.09821746, 0.085, 0.035),
                444: (0.10202632, 0.085, 0.035),
                445: (0.10570877, 0.085, 0.035),
                446: (0.10927018, 0.085, 0.035),
                447: (0.112715684, 0.085, 0.035),
                448: (0.116050154, 0.085, 0.035),
                449: (0.11927823, 0.085, 0.035),
                450: (0.12240434, 0.085, 0.035),
                451: (0.12543266, 0.085, 0.035),
                452: (0.12836719, 0.085, 0.035),
                453: (0.13121173, 0.085, 0.035),
                454: (0.13396992, 0.085, 0.035),
                455: (0.13664518, 0.085, 0.035),
                456: (0.13924082, 0.085, 0.035),
                457: (0.14175995, 0.085, 0.035),
                458: (0.14420556, 0.085, 0.035),
                459: (0.14658047, 0.085, 0.035),
                460: (0.14888743, 0.085, 0.035),
                461: (0.15112896, 0.085, 0.035),
                462: (0.15330759, 0.085, 0.035),
                463: (0.15542561, 0.085, 0.035),
                464: (0.15748529, 0.085, 0.035),
                465: (0.15948877, 0.085, 0.035),
                466: (0.16143808, 0.085, 0.035),
                467: (0.16333516, 0.085, 0.035),
                468: (0.16518189, 0.085, 0.035),
                469: (0.16698004, 0.085, 0.035),
                470: (0.16873133, 0.085, 0.035),
                471: (0.17043734, 0.085, 0.035),
                472: (0.17209966, 0.085, 0.035),
                473: (0.17371976, 0.085, 0.035),
                474: (0.17529906, 0.085, 0.035),
                475: (0.17683893, 0.085, 0.035),
                476: (0.17834066, 0.085, 0.035),
                477: (0.1798055, 0.085, 0.035),
                478: (0.18123464, 0.085, 0.035),
                479: (0.18262923, 0.085, 0.035),
                480: (0.18399037, 0.085, 0.035),
                481: (0.18531911, 0.085, 0.035),
                482: (0.18661644, 0.085, 0.035),
                483: (0.18788333, 0.085, 0.035),
                484: (0.18912075, 0.085, 0.035),
                485: (0.19032954, 0.085, 0.035),
                486: (0.19151056, 0.085, 0.035),
                487: (0.19266467, 0.085, 0.035),
                488: (0.1937926, 0.085, 0.035),
                489: (0.19489516, 0.085, 0.035),
                490: (0.19597305, 0.085, 0.035),
                491: (0.19702701, 0.085, 0.035),
                492: (0.19805767, 0.085, 0.035),
                493: (0.1990657, 0.085, 0.035),
                494: (0.20005172, 0.085, 0.035),
                495: (0.20101635, 0.085, 0.035),
                496: (0.20196015, 0.085, 0.035),
                497: (0.2028837, 0.085, 0.035),
                498: (0.2037875, 0.085, 0.035),
                499: (0.20467214, 0.085, 0.035),
                500: (0.20553805, 0.085, 0.035),
                501: (0.20638575, 0.085, 0.035),
                502: (0.20721571, 0.085, 0.035),
                503: (0.20802838, 0.085, 0.035),
                504: (0.2088242, 0.085, 0.035),
                505: (0.20960356, 0.085, 0.035),
                506: (0.21036692, 0.085, 0.035),
                507: (0.21111465, 0.085, 0.035),
                508: (0.21184711, 0.085, 0.035),
                509: (0.2125647, 0.085, 0.035),
                510: (0.21326779, 0.085, 0.035),
                511: (0.21395667, 0.085, 0.035),
                512: (0.21463174, 0.085, 0.035),
                513: (0.21529329, 0.085, 0.035),
                514: (0.21594162, 0.085, 0.035),
                515: (0.2165771, 0.085, 0.035),
                516: (0.21719997, 0.085, 0.035),
                517: (0.21781053, 0.085, 0.035),
                518: (0.21840906, 0.085, 0.035),
                519: (0.21899585, 0.085, 0.035),
                520: (0.21957113, 0.085, 0.035),
                521: (0.2201352, 0.085, 0.035),
                522: (0.22068827, 0.085, 0.035),
                523: (0.22123058, 0.085, 0.035),
                524: (0.2217624, 0.085, 0.035),
                525: (0.22228391, 0.085, 0.035),
                526: (0.22279541, 0.085, 0.035),
                527: (0.22329704, 0.085, 0.035),
                528: (0.22378904, 0.085, 0.035),
                529: (0.22427161, 0.085, 0.035),
                530: (0.22474498, 0.085, 0.035),
                531: (0.22520928, 0.085, 0.035),
                532: (0.22566475, 0.085, 0.035),
                533: (0.22611158, 0.085, 0.035),
                534: (0.22654992, 0.085, 0.035),
                535: (0.22697996, 0.085, 0.035),
                536: (0.22740185, 0.085, 0.035),
                537: (0.22781579, 0.085, 0.035),
                538: (0.22822194, 0.085, 0.035),
                539: (0.22862042, 0.085, 0.035),
                540: (0.22901143, 0.085, 0.035),
                541: (0.2293951, 0.085, 0.035),
                542: (0.22977157, 0.085, 0.035),
                543: (0.230141, 0.085, 0.035),
                544: (0.23050354, 0.085, 0.035),
                545: (0.2308593, 0.085, 0.035),
                546: (0.23120843, 0.085, 0.035),
                547: (0.23155105, 0.085, 0.035),
                548: (0.2318873, 0.085, 0.035),
                549: (0.23221731, 0.085, 0.035),
                550: (0.23254119, 0.085, 0.035),
                551: (0.23285906, 0.085, 0.035),
                552: (0.23317105, 0.085, 0.035),
                553: (0.23347725, 0.085, 0.035),
                554: (0.2337778, 0.085, 0.035),
                555: (0.23407279, 0.085, 0.035),
                556: (0.23436232, 0.085, 0.035),
                557: (0.23464654, 0.085, 0.035),
                558: (0.23492551, 0.085, 0.035),
                559: (0.23519933, 0.085, 0.035),
                560: (0.23546813, 0.085, 0.035),
                561: (0.23573197, 0.085, 0.035),
                562: (0.23599099, 0.085, 0.035),
                563: (0.23624521, 0.085, 0.035),
                564: (0.2364948, 0.085, 0.035),
                565: (0.2367398, 0.085, 0.035),
                566: (0.2369803, 0.085, 0.035),
                567: (0.2372164, 0.085, 0.035),
                568: (0.23744817, 0.085, 0.035),
                569: (0.23767571, 0.085, 0.035),
                570: (0.23789908, 0.085, 0.035),
                571: (0.23811837, 0.085, 0.035),
                572: (0.23833364, 0.085, 0.035),
                573: (0.238545, 0.085, 0.035),
                574: (0.23875248, 0.085, 0.035),
                575: (0.2389562, 0.085, 0.035),
                576: (0.23915619, 0.085, 0.035),
                577: (0.23935252, 0.085, 0.035),
                578: (0.23954529, 0.085, 0.035),
                579: (0.23973453, 0.085, 0.035),
                580: (0.23992032, 0.085, 0.035),
                581: (0.24010275, 0.085, 0.035),
                582: (0.24028184, 0.085, 0.035),
                583: (0.24045767, 0.085, 0.035),
                584: (0.24063031, 0.085, 0.035),
                585: (0.24079983, 0.085, 0.035),
                586: (0.24096625, 0.085, 0.035),
                587: (0.24112964, 0.085, 0.035),
                588: (0.24129005, 0.085, 0.035),
                589: (0.24144757, 0.085, 0.035),
                590: (0.2416022, 0.085, 0.035),
                591: (0.24175406, 0.085, 0.035),
                592: (0.24190313, 0.085, 0.035),
                593: (0.24204952, 0.085, 0.035),
                594: (0.24219322, 0.085, 0.035),
                595: (0.24233435, 0.085, 0.035),
                596: (0.2424729, 0.085, 0.035),
                597: (0.24260895, 0.085, 0.035),
                598: (0.24274252, 0.085, 0.035),
                599: (0.24287367, 0.085, 0.035),
                600: (0.24300246, 0.085, 0.035),
                601: (0.2431289, 0.085, 0.035),
                602: (0.24325304, 0.085, 0.035),
                603: (0.24337494, 0.085, 0.035),
                604: (0.24349463, 0.085, 0.035),
                605: (0.24361217, 0.085, 0.035),
                606: (0.24372756, 0.085, 0.035),
                607: (0.24384087, 0.085, 0.035),
                608: (0.24395211, 0.085, 0.035),
                609: (0.24406137, 0.085, 0.035),
                610: (0.24416864, 0.085, 0.035),
                611: (0.24427396, 0.085, 0.035),
                612: (0.24437737, 0.085, 0.035),
                613: (0.24447893, 0.085, 0.035),
                614: (0.24457861, 0.085, 0.035),
                615: (0.24467653, 0.085, 0.035),
                616: (0.24477267, 0.085, 0.035),
                617: (0.24486707, 0.085, 0.035),
                618: (0.24495976, 0.085, 0.035),
                619: (0.24505077, 0.085, 0.035),
                620: (0.24514014, 0.085, 0.035),
                621: (0.24522789, 0.085, 0.035),
                622: (0.19826138, 0.085, 0.035),
                623: (0.1517267, 0.085, 0.035),
                624: (0.10708284, 0.085, 0.035),
                625: (0.064286314, 0.085, 0.035),
                626: (0.023249181, 0.085, 0.035),
                627: (0.016113492, 0.085, 0.035),
                628: (0.05388227, 0.085, 0.035),
                629: (0.09013357, 0.085, 0.035),
                630: (0.12493983, 0.085, 0.035),
                631: (0.1583698, 0.085, 0.035),
                632: (0.19048862, 0.085, 0.035),
                633: (0.22135814, 0.085, 0.035),
                634: (0.25103703, 0.085, 0.035),
                635: (0.2795809, 0.085, 0.035),
                636: (0.30704257, 0.085, 0.035),
                637: (0.33347216, 0.085, 0.035),
                638: (0.35891724, 0.085, 0.035),
                639: (0.38342294, 0.085, 0.035),
                640: (0.40703204, 0.085, 0.035),
                641: (0.42978528, 0.085, 0.035),
                642: (0.45172128, 0.085, 0.035),
                643: (0.47287667, 0.085, 0.035),
                644: (0.49328634, 0.085, 0.035),
                645: (0.5129833, 0.085, 0.035),
                646: (0.5319991, 0.085, 0.035),
                647: (0.55034965, 0.085, 0.035),
                648: (0.5679807, 0.085, 0.035),
                649: (0.58492047, 0.085, 0.035),
                650: (0.60119593, 0.085, 0.035),
                651: (0.61683327, 0.085, 0.035),
                652: (0.63185745, 0.085, 0.035),
                653: (0.6462925, 0.085, 0.035),
                654: (0.6601616, 0.085, 0.035),
                655: (0.6734869, 0.085, 0.035),
                656: (0.6862896, 0.085, 0.035),
                657: (0.69859034, 0.085, 0.035),
                658: (0.71040887, 0.085, 0.035),
                659: (0.72176385, 0.085, 0.035),
                660: (0.73267365, 0.085, 0.035),
                661: (0.74315566, 0.085, 0.035),
                662: (0.7532267, 0.085, 0.035),
                663: (0.7629028, 0.085, 0.035),
                664: (0.77219945, 0.085, 0.035),
                665: (0.7811317, 0.085, 0.035),
                666: (0.7897136, 0.085, 0.035),
                667: (0.7979591, 0.085, 0.035),
                668: (0.80588126, 0.085, 0.035),
                669: (0.8134927, 0.085, 0.035),
                670: (0.8208058, 0.085, 0.035),
                671: (0.82783204, 0.085, 0.035),
                672: (0.83458287, 0.085, 0.035),
                673: (0.841069, 0.085, 0.035),
                674: (0.84730077, 0.085, 0.035),
                675: (0.8532882, 0.085, 0.035),
                676: (0.8590408, 0.085, 0.035),
                677: (0.86456794, 0.085, 0.035),
                678: (0.8698783, 0.085, 0.035),
                679: (0.87498045, 0.085, 0.035),
                680: (0.8798825, 0.085, 0.035),
                681: (0.88459235, 0.085, 0.035),
                682: (0.88911754, 0.085, 0.035),
                683: (0.89346534, 0.085, 0.035),
                684: (0.8976426, 0.085, 0.035),
                685: (0.90165615, 0.085, 0.035),
                686: (0.9055123, 0.085, 0.035),
                687: (0.9092172, 0.085, 0.035),
                688: (0.91277677, 0.085, 0.035),
                689: (0.9161969, 0.085, 0.035),
                690: (0.9194829, 0.085, 0.035),
                691: (0.92264, 0.085, 0.035),
                692: (0.9256733, 0.085, 0.035),
                693: (0.9285877, 0.085, 0.035),
                694: (0.93138784, 0.085, 0.035),
                695: (0.93407816, 0.085, 0.035),
                696: (0.936663, 0.085, 0.035),
                697: (0.93914646, 0.085, 0.035),
                698: (0.94153255, 0.085, 0.035),
                699: (0.94382507, 0.085, 0.035),
                700: (0.94602776, 0.085, 0.035),
                701: (0.948144, 0.085, 0.035),
                702: (0.9501774, 0.085, 0.035),
                703: (0.95213085, 0.085, 0.035),
                704: (0.95400786, 0.085, 0.035),
                705: (0.95581126, 0.085, 0.035),
                706: (0.9575439, 0.085, 0.035),
                707: (0.95920867, 0.085, 0.035),
                708: (0.9608081, 0.085, 0.035),
                709: (0.9623448, 0.085, 0.035),
                710: (0.96382135, 0.085, 0.035),
                711: (0.96523994, 0.085, 0.035),
                712: (0.96660286, 0.085, 0.035),
                713: (0.9679124, 0.085, 0.035),
                714: (0.9691706, 0.085, 0.035),
                715: (0.9703794, 0.085, 0.035),
                716: (0.97154087, 0.085, 0.035),
                717: (0.9726567, 0.085, 0.035),
                718: (0.9737289, 0.085, 0.035),
                719: (0.97475904, 0.085, 0.035),
                720: (0.9757487, 0.085, 0.035),
                721: (0.9766996, 0.085, 0.035),
                722: (0.94347906, 0.085, 0.035),
                723: (0.91061306, 0.085, 0.035),
                724: (0.8791587, 0.085, 0.035),
                725: (0.84908074, 0.085, 0.035),
                726: (0.82031196, 0.085, 0.035),
                727: (0.7927873, 0.085, 0.035),
                728: (0.76644534, 0.085, 0.035),
                729: (0.7412277, 0.085, 0.035),
                730: (0.7170791, 0.085, 0.035),
                731: (0.69394714, 0.085, 0.035),
                732: (0.67178226, 0.085, 0.035),
                733: (0.6505372, 0.085, 0.035),
                734: (0.6301674, 0.085, 0.035),
                735: (0.6106306, 0.085, 0.035),
                736: (0.5918866, 0.085, 0.035),
                737: (0.5738974, 0.085, 0.035),
                738: (0.55662686, 0.085, 0.035),
                739: (0.54004085, 0.085, 0.035),
                740: (0.52410686, 0.085, 0.035),
                741: (0.5087941, 0.085, 0.035),
                742: (0.4940734, 0.085, 0.035),
                743: (0.47991696, 0.085, 0.035),
                744: (0.46629867, 0.085, 0.035),
                745: (0.4531934, 0.085, 0.035),
                746: (0.4405776, 0.085, 0.035),
                747: (0.42842868, 0.085, 0.035),
                748: (0.4167255, 0.085, 0.035),
                749: (0.4054476, 0.085, 0.035),
                750: (0.39457586, 0.085, 0.035),
                751: (0.38409206, 0.085, 0.035),
                752: (0.37397876, 0.085, 0.035),
                753: (0.36421958, 0.085, 0.035),
                754: (0.35479888, 0.085, 0.035),
                755: (0.34570172, 0.085, 0.035),
                756: (0.33691406, 0.085, 0.035),
                757: (0.32842243, 0.085, 0.035),
                758: (0.32021412, 0.085, 0.035),
                759: (0.31227693, 0.085, 0.035),
                760: (0.30459943, 0.085, 0.035),
                761: (0.29717058, 0.085, 0.035),
                762: (0.28997996, 0.085, 0.035),
                763: (0.28301772, 0.085, 0.035),
                764: (0.27627435, 0.085, 0.035),
                765: (0.2697409, 0.085, 0.035),
                766: (0.26340887, 0.085, 0.035),
                767: (0.25727, 0.085, 0.035),
                768: (0.2513167, 0.085, 0.035),
                769: (0.24554147, 0.085, 0.035),
                770: (0.23993735, 0.085, 0.035),
                771: (0.23449762, 0.085, 0.035),
                772: (0.22921592, 0.085, 0.035),
                773: (0.22408615, 0.085, 0.035),
                774: (0.21910252, 0.085, 0.035),
                775: (0.21425952, 0.085, 0.035),
                776: (0.20955187, 0.085, 0.035),
                777: (0.20497453, 0.085, 0.035),
                778: (0.20052272, 0.085, 0.035),
                779: (0.19619185, 0.085, 0.035),
                780: (0.19197755, 0.085, 0.035),
                781: (0.18787564, 0.085, 0.035),
                782: (0.18388213, 0.085, 0.035),
                783: (0.17999326, 0.085, 0.035),
                784: (0.17620529, 0.085, 0.035),
                785: (0.17251481, 0.085, 0.035),
                786: (0.16891849, 0.085, 0.035),
                787: (0.16541313, 0.085, 0.035),
                788: (0.16199566, 0.085, 0.035),
                789: (0.15866321, 0.085, 0.035),
                790: (0.15541296, 0.085, 0.035),
                791: (0.15224224, 0.085, 0.035),
                792: (0.14914848, 0.085, 0.035),
                793: (0.14612925, 0.085, 0.035),
                794: (0.14318217, 0.085, 0.035),
                795: (0.14030503, 0.085, 0.035),
                796: (0.13749559, 0.085, 0.035),
                797: (0.13475186, 0.085, 0.035),
                798: (0.13207178, 0.085, 0.035),
                799: (0.12945347, 0.085, 0.035),
                800: (0.12689508, 0.085, 0.035),
                801: (0.124394864, 0.085, 0.035),
                802: (0.12195111, 0.085, 0.035),
                803: (0.11956219, 0.085, 0.035),
                804: (0.11722653, 0.085, 0.035),
                805: (0.11494263, 0.085, 0.035),
                806: (0.11270904, 0.085, 0.035),
                807: (0.11052435, 0.085, 0.035),
                808: (0.108387224, 0.085, 0.035),
                809: (0.10629636, 0.085, 0.035),
                810: (0.1042505, 0.085, 0.035),
                811: (0.10224846, 0.085, 0.035),
                812: (0.100289054, 0.085, 0.035),
                813: (0.098371185, 0.085, 0.035),
                814: (0.09649375, 0.085, 0.035),
                815: (0.09465572, 0.085, 0.035),
                816: (0.09285608, 0.085, 0.035),
                817: (0.09109386, 0.085, 0.035),
                818: (0.089368105, 0.085, 0.035),
                819: (0.0876779, 0.085, 0.035),
                820: (0.08602241, 0.085, 0.035),
                821: (0.084400736, 0.085, 0.035),
                822: (0.08281206, 0.085, 0.035),
                823: (0.08125561, 0.085, 0.035),
                824: (0.079730585, 0.085, 0.035),
                825: (0.07823626, 0.085, 0.035),
                826: (0.07677189, 0.085, 0.035),
                827: (0.07533679, 0.085, 0.035),
                828: (0.07393027, 0.085, 0.035),
                829: (0.072551675, 0.085, 0.035),
                830: (0.071200356, 0.085, 0.035),
                831: (0.069875695, 0.085, 0.035),
                832: (0.06857709, 0.085, 0.035),
                833: (0.06730395, 0.085, 0.035),
                834: (0.066055715, 0.085, 0.035),
                835: (0.064831816, 0.085, 0.035),
                836: (0.063631736, 0.085, 0.035),
                837: (0.06245494, 0.085, 0.035),
                838: (0.061300915, 0.085, 0.035),
                839: (0.060169175, 0.085, 0.035),
                840: (0.059059244, 0.085, 0.035),
                841: (0.05797064, 0.085, 0.035),
                842: (0.056902915, 0.085, 0.035),
                843: (0.05585563, 0.085, 0.035),
                844: (0.05482835, 0.085, 0.035),
                845: (0.05382065, 0.085, 0.035),
                846: (0.052832127, 0.085, 0.035),
                847: (0.051862374, 0.085, 0.035),
                848: (0.05091101, 0.085, 0.035),
                849: (0.049977645, 0.085, 0.035),
                850: (0.04906192, 0.085, 0.035),
                851: (0.04816347, 0.085, 0.035),
                852: (0.04728194, 0.085, 0.035),
                853: (0.046416987, 0.085, 0.035),
                854: (0.045568284, 0.085, 0.035),
                855: (0.04473549, 0.085, 0.035),
                856: (0.043918293, 0.085, 0.035),
                857: (0.04311638, 0.085, 0.035),
                858: (0.042329445, 0.085, 0.035),
                859: (0.041557197, 0.085, 0.035),
                860: (0.040799335, 0.085, 0.035),
                861: (0.04005558, 0.085, 0.035),
                862: (0.03932565, 0.085, 0.035),
                863: (0.038609285, 0.085, 0.035),
                864: (0.037906203, 0.085, 0.035),
                865: (0.03721616, 0.085, 0.035),
                866: (0.036538888, 0.085, 0.035),
                867: (0.035874154, 0.085, 0.035),
                868: (0.0352217, 0.085, 0.035),
                869: (0.0345813, 0.085, 0.035),
                870: (0.033952717, 0.085, 0.035),
                871: (0.033335723, 0.085, 0.035),
                872: (0.032730095, 0.085, 0.035),
                873: (0.032135617, 0.085, 0.035),
                874: (0.03155208, 0.085, 0.035),
                875: (0.030979268, 0.085, 0.035),
                876: (0.03041698, 0.085, 0.035),
                877: (0.029865013, 0.085, 0.035),
                878: (0.029323177, 0.085, 0.035),
                879: (0.028791277, 0.085, 0.035),
                880: (0.028269125, 0.085, 0.035),
                881: (0.027756535, 0.085, 0.035),
                882: (0.027253332, 0.085, 0.035),
                883: (0.026759334, 0.085, 0.035),
                884: (0.02627437, 0.085, 0.035),
                885: (0.02579827, 0.085, 0.035),
                886: (0.025330871, 0.085, 0.035),
                887: (0.024872007, 0.085, 0.035),
                888: (0.02442152, 0.085, 0.035),
                889: (0.023979254, 0.085, 0.035),
                890: (0.023545055, 0.085, 0.035),
                891: (0.02311877, 0.085, 0.035),
                892: (0.022700256, 0.085, 0.035),
                893: (0.022289364, 0.085, 0.035),
                894: (0.02188596, 0.085, 0.035),
                895: (0.021489896, 0.085, 0.035),
                896: (0.021101043, 0.085, 0.035),
                897: (0.020719264, 0.085, 0.035),
                898: (0.02034443, 0.085, 0.035),
                899: (0.019976413, 0.085, 0.035),
                900: (0.019615086, 0.085, 0.035),
                901: (0.019260325, 0.085, 0.035),
                902: (0.018912008, 0.085, 0.035),
                903: (0.01857002, 0.085, 0.035),
                904: (0.018234244, 0.085, 0.035),
                905: (0.017904563, 0.085, 0.035),
                906: (0.017580867, 0.085, 0.035),
                907: (0.017263044, 0.085, 0.035),
                908: (0.01695099, 0.085, 0.035),
                909: (0.016644595, 0.085, 0.035),
                910: (0.016343758, 0.085, 0.035),
                911: (0.016048376, 0.085, 0.035),
                912: (0.015758349, 0.085, 0.035),
                913: (0.015473579, 0.085, 0.035),
                914: (0.015193972, 0.085, 0.035),
                915: (0.014919431, 0.085, 0.035),
                916: (0.014649864, 0.085, 0.035),
                917: (0.0143851815, 0.085, 0.035),
                918: (0.014125292, 0.085, 0.035),
                919: (0.01387011, 0.085, 0.035),
                920: (0.01361955, 0.085, 0.035),
                921: (0.013373525, 0.085, 0.035),
                922: (0.013131954, 0.085, 0.035),
                923: (0.012894756, 0.085, 0.035),
                924: (0.012661852, 0.085, 0.035),
                925: (0.012433163, 0.085, 0.035),
                926: (0.012208611, 0.085, 0.035),
                927: (0.011988122, 0.085, 0.035),
                928: (0.011771623, 0.085, 0.035),
                929: (0.011559039, 0.085, 0.035),
                930: (0.011350303, 0.085, 0.035),
                931: (0.011145339, 0.085, 0.035),
                932: (0.010944084, 0.085, 0.035),
                933: (0.010746469, 0.085, 0.035),
                934: (0.010552426, 0.085, 0.035),
                935: (0.010361892, 0.085, 0.035),
                936: (0.0101748025, 0.085, 0.035),
                937: (0.009991095, 0.085, 0.035),
                938: (0.009810708, 0.085, 0.035),
                939: (0.009633583, 0.085, 0.035),
                940: (0.0094596585, 0.085, 0.035),
                941: (0.009288878, 0.085, 0.035),
                942: (0.009121184, 0.085, 0.035),
                943: (0.00895652, 0.085, 0.035),
                944: (0.008794831, 0.085, 0.035),
                945: (0.008636065, 0.085, 0.035),
                946: (0.008480166, 0.085, 0.035),
                947: (0.0083270855, 0.085, 0.035),
                948: (0.008176769, 0.085, 0.035),
                949: (0.008029169, 0.085, 0.035),
                950: (0.007884236, 0.085, 0.035),
                951: (0.0077419207, 0.085, 0.035),
                952: (0.0076021757, 0.085, 0.035),
                953: (0.007464955, 0.085, 0.035),
                954: (0.007330213, 0.085, 0.035),
                955: (0.007197905, 0.085, 0.035),
                956: (0.007067986, 0.085, 0.035),
                957: (0.0069404133, 0.085, 0.035),
                958: (0.006815145, 0.085, 0.035),
                959: (0.006692139, 0.085, 0.035),
                960: (0.006571354, 0.085, 0.035),
                961: (0.00645275, 0.085, 0.035),
                962: (0.006336288, 0.085, 0.035),
                963: (0.006221929, 0.085, 0.035),
                964: (0.0061096344, 0.085, 0.035),
                965: (0.005999368, 0.085, 0.035),
                966: (0.0058910926, 0.085, 0.035),
                967: (0.005784772, 0.085, 0.035),
                968: (0.0056803706, 0.085, 0.035),
                969: (0.005577855, 0.085, 0.035),
                970: (0.0054771896, 0.085, 0.035),
                971: (0.0053783413, 0.085, 0.035),
                972: (0.0052812775, 0.085, 0.035),
                973: (0.005185967, 0.085, 0.035),
                974: (0.0050923764, 0.085, 0.035),
                975: (0.0050004753, 0.085, 0.035),
                976: (0.004910233, 0.085, 0.035),
                977: (0.0048216204, 0.085, 0.035),
                978: (0.004734607, 0.085, 0.035),
                979: (0.0046491646, 0.085, 0.035),
                980: (0.004565264, 0.085, 0.035),
                981: (0.004482878, 0.085, 0.035),
                982: (0.0044019795, 0.085, 0.035),
                983: (0.004322541, 0.085, 0.035),
                984: (0.0042445366, 0.085, 0.035),
                985: (0.00416794, 0.085, 0.035),
                986: (0.0040927255, 0.085, 0.035),
                987: (0.004018869, 0.085, 0.035),
                988: (0.004, 0.085, 0.035),
                989: (0.004, 0.085, 0.035),
                990: (0.004, 0.085, 0.035),
                991: (0.004, 0.085, 0.035),
                992: (0.004, 0.085, 0.035),
                993: (0.004, 0.085, 0.035),
                994: (0.004, 0.085, 0.035),
                995: (0.004, 0.085, 0.035),
                996: (0.004, 0.085, 0.035),
                997: (0.004, 0.085, 0.035),
                998: (0.004, 0.085, 0.035),
                999: (0.004, 0.085, 0.035),
                1000: (0.004, 0.085, 0.035),
            }
            double3 xformOp:translate = (0, 0, 0)
            double3 xformOp:translate.timeSamples = {
                0: (0.66, -0.44, 0.075),
                1: (0.66, -0.44, 0.075),
                2: (0.66, -0.44, 0.075),
                3: (0.66, -0.44, 0.075),
                4: (0.66, -0.44, 0.075),
                5: (0.66, -0.44, 0.075),
                6: (0.66, -0.44, 0.075),
                7: (0.66, -0.44, 0.075),
                8: (0.66, -0.44, 0.075),
                9: (0.66, -0.44, 0.075),
                10: (0.66, -0.44, 0.075),
                11: (0.66, -0.44, 0.075),
                12: (0.66, -0.44, 0.075),
                13: (0.66, -0.44, 0.075),
                14: (0.66, -0.44, 0.075),
                15: (0.66, -0.44, 0.075),
                16: (0.66, -0.44, 0.075),
                17: (0.66, -0.44, 0.075),
                18: (0.66, -0.44, 0.075),
                19: (0.66, -0.44, 0.075),
                20: (0.66, -0.44, 0.075),
                21: (0.66, -0.44, 0.075),
                22: (0.6652280748883883, -0.44, 0.075),
                23: (0.670407996053497, -0.44, 0.075),
                24: (0.6753776556253434, -0.44, 0.075),
                25: (0.680141888409853, -0.44, 0.075),
                26: (0.6847104689478875, -0.44, 0.075),
                27: (0.6890928383668264, -0.44, 0.075),
                28: (0.6932979510227839, -0.44, 0.075),
                29: (0.6973342980941137, -0.44, 0.075),
                30: (0.7012099361419678, -0.44, 0.075),
                31: (0.7049324995279312, -0.44, 0.075),
                32: (0.7085092351833979, -0.44, 0.075),
                33: (0.7119470175107321, -0.44, 0.075),
                34: (0.715252363284429, -0.44, 0.075),
                35: (0.7184314564863841, -0.44, 0.075),
                36: (0.7214901731411616, -0.44, 0.075),
                37: (0.7244340763489405, -0.44, 0.075),
                38: (0.7272684560219447, -0.44, 0.075),
                39: (0.7299983338514964, -0.44, 0.075),
                40: (0.7326284633080165, -0.44, 0.075),
                41: (0.7351633693774542, -0.44, 0.075),
                42: (0.737607348561287, -0.44, 0.075),
                43: (0.7399644788106283, -0.44, 0.075),
                44: (0.7422386294603348, -0.44, 0.075),
                45: (0.7444334761301676, -0.44, 0.075),
                46: (0.7465525205930075, -0.44, 0.075),
                47: (0.7485990758736929, -0.44, 0.075),
                48: (0.750576301018397, -0.44, 0.075),
                49: (0.7524871961275736, -0.44, 0.075),
                50: (0.7543346023559571, -0.44, 0.075),
                51: (0.7561212317148844, -0.44, 0.075),
                52: (0.7578496670722962, -0.44, 0.075),
                53: (0.759522352218628, -0.44, 0.075),
                54: (0.7611416216691336, -0.44, 0.075),
                55: (0.762709690729777, -0.44, 0.075),
                56: (0.7642286654313406, -0.44, 0.075),
                57: (0.7657005524635315, -0.44, 0.075),
                58: (0.7671272691090902, -0.44, 0.075),
                59: (0.7685106233755747, -0.44, 0.075),
                60: (0.7698523636658987, -0.44, 0.075),
                61: (0.7711541191736857, -0.44, 0.075),
                62: (0.77241747935613, -0.44, 0.075),
                63: (0.7736439343293509, -0.44, 0.075),
                64: (0.7748349046707154, -0.44, 0.075),
                65: (0.7759917612870535, -0.44, 0.075),
                66: (0.7771157856782278, -0.44, 0.075),
                67: (0.778208239475886, -0.44, 0.075),
                68: (0.7792702750364939, -0.44, 0.075),
                69: (0.7803030347824097, -0.44, 0.075),
                70: (0.7813075816631317, -0.44, 0.075),
                71: (0.7822849488258362, -0.44, 0.075),
                72: (0.7832361098130545, -0.44, 0.075),
                73: (0.7841620083649954, -0.44, 0.075),
                74: (0.7850635186831156, -0.44, 0.075),
                75: (0.7859415149688721, -0.44, 0.075),
                76: (0.7867968118190766, -0.44, 0.075),
                77: (0.7876301741600037, -0.44, 0.075),
                78: (0.7884423470497132, -0.44, 0.075),
                79: (0.7892340656121573, -0.44, 0.075),
                80: (0.7900059954325358, -0.44, 0.075),
                81: (0.7907587921619416, -0.44, 0.075),
                82: (0.7914930816491446, -0.44, 0.075),
                83: (0.7922094698747, -0.44, 0.075),
                84: (0.7929085230827332, -0.44, 0.075),
                85: (0.7935907876491547, -0.44, 0.075),
                86: (0.7942568099498749, -0.44, 0.075),
                87: (0.7949070767561595, -0.44, 0.075),
                88: (0.7955420847733816, -0.44, 0.075),
                89: (0.7961622909704844, -0.44, 0.075),
                90: (0.7967681423823039, -0.44, 0.075),
                91: (0.7973600860436758, -0.44, 0.075),
                92: (0.797938509384791, -0.44, 0.075),
                93: (0.7985038197040558, -0.44, 0.075),
                94: (0.799056404431661, -0.44, 0.075),
                95: (0.7995966211954753, -0.44, 0.075),
                96: (0.8001248276233673, -0.44, 0.075),
                97: (0.8006413614749909, -0.44, 0.075),
                98: (0.8011465406417847, -0.44, 0.075),
                99: (0.8016406929492951, -0.44, 0.075),
                100: (0.8021241064866385, -0.44, 0.075),
                101: (0.802597089211146, -0.44, 0.075),
                102: (0.8030599093437195, -0.44, 0.075),
                103: (0.8035128351052603, -0.44, 0.075),
                104: (0.8039561347166697, -0.44, 0.075),
                105: (0.8043900664647421, -0.44, 0.075),
                106: (0.8048148687680563, -0.44, 0.075),
                107: (0.8052307601769766, -0.44, 0.075),
                108: (0.8056379989782969, -0.44, 0.075),
                109: (0.8060367739200592, -0.44, 0.075),
                110: (0.8064273234208426, -0.44, 0.075),
                111: (0.8068098262945811, -0.44, 0.075),
                112: (0.8071845010916392, -0.44, 0.075),
                113: (0.8075515365600586, -0.44, 0.075),
                114: (0.8079111115137736, -0.44, 0.075),
                115: (0.8082634047667185, -0.44, 0.075),
                116: (0.8086085951328278, -0.44, 0.075),
                117: (0.8089468415578207, -0.44, 0.075),
                118: (0.8092783228556315, -0.44, 0.075),
                119: (0.8096031880378723, -0.44, 0.075),
                120: (0.8099215960502625, -0.44, 0.075),
                121: (0.8102336859703064, -0.44, 0.075),
                122: (0.8105396167437235, -0.44, 0.075),
                123: (0.8108395175139109, -0.44, 0.075),
                124: (0.8111335174242655, -0.44, 0.075),
                125: (0.8114217654863993, -0.44, 0.075),
                126: (0.8117043908437094, -0.44, 0.075),
                127: (0.8119815027713776, -0.44, 0.075),
                128: (0.8122532204786936, -0.44, 0.075),
                129: (0.812519683043162, -0.44, 0.075),
                130: (0.8127809898058573, -0.44, 0.075),
                131: (0.8130372599760691, -0.44, 0.075),
                132: (0.8132885928948721, -0.44, 0.075),
                133: (0.8135350978374482, -0.44, 0.075),
                134: (0.8137768840789795, -0.44, 0.075),
                135: (0.8140140509605408, -0.44, 0.075),
                136: (0.8142466878890992, -0.44, 0.075),
                137: (0.8144748842716217, -0.44, 0.075),
                138: (0.8146987493832907, -0.44, 0.075),
                139: (0.814918372631073, -0.44, 0.075),
                140: (0.8151338235537211, -0.44, 0.075),
                141: (0.815345211426417, -0.44, 0.075),
                142: (0.8155525958538056, -0.44, 0.075),
                143: (0.8157560761769613, -0.44, 0.075),
                144: (0.8159557318687439, -0.44, 0.075),
                145: (0.8161516324679057, -0.44, 0.075),
                146: (0.8163438475131989, -0.44, 0.075),
                147: (0.8165324664115906, -0.44, 0.075),
                148: (0.8167175587018332, -0.44, 0.075),
                149: (0.8168991839885712, -0.44, 0.075),
                150: (0.8170774217446646, -0.44, 0.075),
                151: (0.8172523415088654, -0.44, 0.075),
                152: (0.8174239929517111, -0.44, 0.075),
                153: (0.8175924555460612, -0.44, 0.075),
                154: (0.8177577888965607, -0.44, 0.075),
                155: (0.8179200526078543, -0.44, 0.075),
                156: (0.8180793062845866, -0.44, 0.075),
                157: (0.8182356095314026, -0.44, 0.075),
                158: (0.818389021952947, -0.44, 0.075),
                159: (0.8185395932197571, -0.44, 0.075),
                160: (0.8186873829364777, -0.44, 0.075),
                161: (0.8188324507077536, -0.44, 0.075),
                162: (0.8189748362700144, -0.44, 0.075),
                163: (0.8191145992279053, -0.44, 0.075),
                164: (0.8192517793178559, -0.44, 0.075),
                165: (0.8193864460786184, -0.44, 0.075),
                166: (0.8195186293125153, -0.44, 0.075),
                167: (0.8196483886241913, -0.44, 0.075),
                168: (0.8197757637500763, -0.44, 0.075),
                169: (0.8199007944266001, -0.44, 0.075),
                170: (0.8200235402584076, -0.44, 0.075),
                171: (0.8201440310478211, -0.44, 0.075),
                172: (0.8202623164653778, -0.44, 0.075),
                173: (0.8203784263134003, -0.44, 0.075),
                174: (0.8204924201965332, -0.44, 0.075),
                175: (0.820604327917099, -0.44, 0.075),
                176: (0.8207141892115275, -0.44, 0.075),
                177: (0.8208220438162486, -0.44, 0.075),
                178: (0.820927931467692, -0.44, 0.075),
                179: (0.8210318819681803, -0.44, 0.075),
                180: (0.8211339350541433, -0.44, 0.075),
                181: (0.8212341205279032, -0.44, 0.075),
                182: (0.8213324880599976, -0.44, 0.075),
                183: (0.8214290575186411, -0.44, 0.075),
                184: (0.8215238686402639, -0.44, 0.075),
                185: (0.8216169512271881, -0.44, 0.075),
                186: (0.8217083350817362, -0.44, 0.075),
                187: (0.8217980599403382, -0.44, 0.075),
                188: (0.8218861556053162, -0.44, 0.075),
                189: (0.8219726419448853, -0.44, 0.075),
                190: (0.8220575586954753, -0.44, 0.075),
                191: (0.8221409356594086, -0.44, 0.075),
                192: (0.8222227927049002, -0.44, 0.075),
                193: (0.8223031596342723, -0.44, 0.075),
                194: (0.8223820662498474, -0.44, 0.075),
                195: (0.822459542353948, -0.44, 0.075),
                196: (0.8225356177488963, -0.44, 0.075),
                197: (0.8226103023687998, -0.44, 0.075),
                198: (0.8226836359500885, -0.44, 0.075),
                199: (0.8227556383609772, -0.44, 0.075),
                200: (0.8228263294696808, -0.44, 0.075),
                201: (0.8228957490126292, -0.44, 0.075),
                202: (0.8229638969898224, -0.44, 0.075),
                203: (0.8230308230717978, -0.44, 0.075),
                204: (0.8230965272585551, -0.44, 0.075),
                205: (0.823161039352417, -0.44, 0.075),
                206: (0.8232243891557058, -0.44, 0.075),
                207: (0.823286586602529, -0.44, 0.075),
                208: (0.8233476515611013, -0.44, 0.075),
                209: (0.8234076138337454, -0.44, 0.075),
                210: (0.8234664932886759, -0.44, 0.075),
                211: (0.8235243097941081, -0.44, 0.075),
                212: (0.8235810732841492, -0.44, 0.075),
                213: (0.8236368135611216, -0.44, 0.075),
                214: (0.823691540559133, -0.44, 0.075),
                215: (0.823745274146398, -0.44, 0.075),
                216: (0.823798044125239, -0.44, 0.075),
                217: (0.8238498504956564, -0.44, 0.075),
                218: (0.8239007230599722, -0.44, 0.075),
                219: (0.8239506816864014, -0.44, 0.075),
                220: (0.8239997263749441, -0.44, 0.075),
                221: (0.8240478869279226, -0.44, 0.075),
                222: (0.8240951732794444, -0.44, 0.075),
                223: (0.8241416152318319, -0.44, 0.075),
                224: (0.8241872127850851, -0.44, 0.075),
                225: (0.8242319758733114, -0.44, 0.075),
                226: (0.8242759442329407, -0.44, 0.075),
                227: (0.8243191079298655, -0.44, 0.075),
                228: (0.8243614967664084, -0.44, 0.075),
                229: (0.824403110742569, -0.44, 0.075),
                230: (0.82444397966067, -0.44, 0.075),
                231: (0.8244841035207113, -0.44, 0.075),
                232: (0.8245235121250153, -0.44, 0.075),
                233: (0.8245622054735819, -0.44, 0.075),
                234: (0.8246001935005188, -0.44, 0.075),
                235: (0.8246375060081482, -0.44, 0.075),
                236: (0.8246741330623627, -0.44, 0.075),
                237: (0.8247101044654847, -0.44, 0.075),
                238: (0.8247454202175141, -0.44, 0.075),
                239: (0.8247801001866659, -0.44, 0.075),
                240: (0.8248141543070475, -0.44, 0.075),
                241: (0.824847602446874, -0.44, 0.075),
                242: (0.8248804346720378, -0.44, 0.075),
                243: (0.8249126807848612, -0.44, 0.075),
                244: (0.8249443407853445, -0.44, 0.075),
                245: (0.8249754246075949, -0.44, 0.075),
                246: (0.8250059521198273, -0.44, 0.075),
                247: (0.8250359233220419, -0.44, 0.075),
                248: (0.8250653580824534, -0.44, 0.075),
                249: (0.8250942663351695, -0.44, 0.075),
                250: (0.8251226381460826, -0.44, 0.075),
                251: (0.8251505132516226, -0.44, 0.075),
                252: (0.8251778717835745, -0.44, 0.075),
                253: (0.8252047435442607, -0.44, 0.075),
                254: (0.8252311285336813, -0.44, 0.075),
                255: (0.8252570366859436, -0.44, 0.075),
                256: (0.8252824779351553, -0.44, 0.075),
                257: (0.8253074622154236, -0.44, 0.075),
                258: (0.8253319895267487, -0.44, 0.075),
                259: (0.8253560797373454, -0.44, 0.075),
                260: (0.8253797328472138, -0.44, 0.075),
                261: (0.8254029587904612, -0.44, 0.075),
                262: (0.8254257675011953, -0.44, 0.075),
                263: (0.8254481589794159, -0.44, 0.075),
                264: (0.825470153093338, -0.44, 0.075),
                265: (0.8254917498429617, -0.44, 0.075),
                266: (0.8255129492282868, -0.44, 0.075),
                267: (0.8255337711175283, -0.44, 0.075),
                268: (0.8255542155106863, -0.44, 0.075),
                269: (0.8255742923418681, -0.44, 0.075),
                270: (0.8255940016110739, -0.44, 0.075),
                271: (0.8256133631865183, -0.44, 0.075),
                272: (0.8256323671340943, -0.44, 0.075),
                273: (0.8256510333220164, -0.44, 0.075),
                274: (0.8256693617502848, -0.44, 0.075),
                275: (0.825687362353007, -0.44, 0.075),
                276: (0.8257050351301829, -0.44, 0.075),
                277: (0.8257223900159201, -0.44, 0.075),
                278: (0.8257394270102183, -0.44, 0.075),
                279: (0.8257561560471853, -0.44, 0.075),
                280: (0.8257725870609284, -0.44, 0.075),
                281: (0.8257887200514475, -0.44, 0.075),
                282: (0.8258045649528504, -0.44, 0.075),
                283: (0.8258201217651367, -0.44, 0.075),
                284: (0.8258354004224142, -0.44, 0.075),
                285: (0.8258504009246826, -0.44, 0.075),
                286: (0.8258651332060496, -0.44, 0.075),
                287: (0.8258795972665152, -0.44, 0.075),
                288: (0.8258937931060791, -0.44, 0.075),
                289: (0.8259077405929566, -0.44, 0.075),
                290: (0.8259214397271475, -0.44, 0.075),
                291: (0.8259348905086518, -0.44, 0.075),
                292: (0.8259480929374695, -0.44, 0.075),
                293: (0.8259610569477082, -0.44, 0.075),
                294: (0.8259737924734751, -0.44, 0.075),
                295: (0.8259862895806631, -0.44, 0.075),
                296: (0.8259985681374868, -0.44, 0.075),
                297: (0.8260106281439463, -0.44, 0.075),
                298: (0.8260224696000418, -0.44, 0.075),
                299: (0.826034092505773, -0.44, 0.075),
                300: (0.8260455067952475, -0.44, 0.075),
                301: (0.8260567124684652, -0.44, 0.075),
                302: (0.8260677194595337, -0.44, 0.075),
                303: (0.826078527768453, -0.44, 0.075),
                304: (0.826089137395223, -0.44, 0.075),
                305: (0.8260995582739512, -0.44, 0.075),
                306: (0.8261098003387451, -0.44, 0.075),
                307: (0.8261198437213898, -0.44, 0.075),
                308: (0.8261297082901001, -0.44, 0.075),
                309: (0.8261394039789836, -0.44, 0.075),
                310: (0.8261489109198252, -0.44, 0.075),
                311: (0.8261582589149475, -0.44, 0.075),
                312: (0.8261674280961355, -0.44, 0.075),
                313: (0.826176438331604, -0.44, 0.075),
                314: (0.8261852896213532, -0.44, 0.075),
                315: (0.8261939720312754, -0.44, 0.075),
                316: (0.8262025054295858, -0.44, 0.075),
                317: (0.8262108798821768, -0.44, 0.075),
                318: (0.8262191053231558, -0.44, 0.075),
                319: (0.8262271817525229, -0.44, 0.075),
                320: (0.826235109170278, -0.44, 0.075),
                321: (0.8262428975105286, -0.44, 0.075),
                322: (0.8210224644343058, -0.44, 0.075),
                323: (0.8158500528335572, -0.44, 0.075),
                324: (0.8108877674738566, -0.44, 0.075),
                325: (0.8061307803789775, -0.44, 0.075),
                326: (0.8015693064530691, -0.44, 0.075),
                327: (0.7971939182281494, -0.44, 0.075),
                328: (0.7929956551392874, -0.44, 0.075),
                329: (0.7889660433928172, -0.44, 0.075),
                330: (0.7850970164934794, -0.44, 0.075),
                331: (0.7813809450467428, -0.44, 0.075),
                332: (0.7778105771541596, -0.44, 0.075),
                333: (0.7743790582815806, -0.44, 0.075),
                334: (0.7710798617204031, -0.44, 0.075),
                335: (0.7679067985216776, -0.44, 0.075),
                336: (0.7648540075620016, -0.44, 0.075),
                337: (0.7619159257411957, -0.44, 0.075),
                338: (0.7590872581799826, -0.44, 0.075),
                339: (0.756362998088201, -0.44, 0.075),
                340: (0.7537383770942688, -0.44, 0.075),
                341: (0.7512088751792908, -0.44, 0.075),
                342: (0.7487702107429505, -0.44, 0.075),
                343: (0.7464182909329733, -0.44, 0.075),
                344: (0.7441492712497711, -0.44, 0.075),
                345: (0.7419594462712606, -0.44, 0.075),
                346: (0.7398453440268835, -0.44, 0.075),
                347: (0.7378036365906397, -0.44, 0.075),
                348: (0.7358311748504639, -0.44, 0.075),
                349: (0.7339249587059021, -0.44, 0.075),
                350: (0.7320821470022202, -0.44, 0.075),
                351: (0.730300022761027, -0.44, 0.075),
                352: (0.7285760180155436, -0.44, 0.075),
                353: (0.7269076790412268, -0.44, 0.075),
                354: (0.72529268125693, -0.44, 0.075),
                355: (0.7237288093566895, -0.44, 0.075),
                356: (0.7222139523426692, -0.44, 0.075),
                357: (0.7207461035251618, -0.44, 0.075),
                358: (0.7193233605225882, -0.44, 0.075),
                359: (0.7179439004262289, -0.44, 0.075),
                360: (0.7166059897343318, -0.44, 0.075),
                361: (0.7153079893191656, -0.44, 0.075),
                362: (0.7140483246246974, -0.44, 0.075),
                363: (0.7128254956007004, -0.44, 0.075),
                364: (0.7116380816698075, -0.44, 0.075),
                365: (0.7104847218592962, -0.44, 0.075),
                366: (0.7093641247351965, -0.44, 0.075),
                367: (0.7082750485340754, -0.44, 0.075),
                368: (0.7072163210312525, -0.44, 0.075),
                369: (0.7061868097384771, -0.44, 0.075),
                370: (0.7051854517062506, -0.44, 0.075),
                371: (0.7042112187544505, -0.44, 0.075),
                372: (0.7032631323734919, -0.44, 0.075),
                373: (0.7023402587572734, -0.44, 0.075),
                374: (0.7014417063196501, -0.44, 0.075),
                375: (0.700566623210907, -0.44, 0.075),
                376: (0.6997141948342324, -0.44, 0.075),
                377: (0.6988836413621903, -0.44, 0.075),
                378: (0.6980742177367211, -0.44, 0.075),
                379: (0.6972852136691412, -0.44, 0.075),
                380: (0.6965159437060356, -0.44, 0.075),
                381: (0.6957657596468926, -0.44, 0.075),
                382: (0.6950340306758881, -0.44, 0.075),
                383: (0.6943201657136282, -0.44, 0.075),
                384: (0.6936235836148262, -0.44, 0.075),
                385: (0.6929437404870987, -0.44, 0.075),
                386: (0.6922801098227501, -0.44, 0.075),
                387: (0.691632182498773, -0.44, 0.075),
                388: (0.6909994767109553, -0.44, 0.075),
                389: (0.6903815255562464, -0.44, 0.075),
                390: (0.6897778869668643, -0.44, 0.075),
                391: (0.6891881263256073, -0.44, 0.075),
                392: (0.6886118363340696, -0.44, 0.075),
                393: (0.6880486196279526, -0.44, 0.075),
                394: (0.6874980987111727, -0.44, 0.075),
                395: (0.6869599035382271, -0.44, 0.075),
                396: (0.6864336864153544, -0.44, 0.075),
                397: (0.6859191070993742, -0.44, 0.075),
                398: (0.6854158402482668, -0.44, 0.075),
                399: (0.6849235754211744, -0.44, 0.075),
                400: (0.6844420046607653, -0.44, 0.075),
                401: (0.6839708423614502, -0.44, 0.075),
                402: (0.6835098054011663, -0.44, 0.075),
                403: (0.6830586255590121, -0.44, 0.075),
                404: (0.68261703958114, -0.44, 0.075),
                405: (0.6821847991148631, -0.44, 0.075),
                406: (0.681761658291022, -0.44, 0.075),
                407: (0.6813473836580912, -0.44, 0.075),
                408: (0.6809417492151261, -0.44, 0.075),
                409: (0.6805445351699988, -0.44, 0.075),
                410: (0.6801555329064528, -0.44, 0.075),
                411: (0.6797745350499949, -0.44, 0.075),
                412: (0.6794013466437658, -0.44, 0.075),
                413: (0.6790357739726702, -0.44, 0.075),
                414: (0.6786776332557202, -0.44, 0.075),
                415: (0.6783267456789812, -0.44, 0.075),
                416: (0.6779829373955727, -0.44, 0.075),
                417: (0.6776460395256678, -0.44, 0.075),
                418: (0.6773158893982569, -0.44, 0.075),
                419: (0.6769923305511475, -0.44, 0.075),
                420: (0.6766752090056738, -0.44, 0.075),
                421: (0.6763643757502238, -0.44, 0.075),
                422: (0.6721386324365934, -0.44, 0.075),
                423: (0.6679550084968409, -0.44, 0.075),
                424: (0.6639349502573411, -0.44, 0.075),
                425: (0.662, -0.44, 0.075),
                426: (0.6563667973255118, -0.44, 0.075),
                427: (0.6528040386488041, -0.44, 0.075),
                428: (0.649379587272803, -0.44, 0.075),
                429: (0.6460869571566582, -0.44, 0.075),
                430: (0.642919991016388, -0.44, 0.075),
                431: (0.6398728525638581, -0.44, 0.075),
                432: (0.6369399960835775, -0.44, 0.075),
                433: (0.6341161664326986, -0.44, 0.075),
                434: (0.6313963667551676, -0.44, 0.075),
                435: (0.628775860965252, -0.44, 0.075),
                436: (0.6262501489122709, -0.44, 0.075),
                437: (0.6238149589300156, -0.44, 0.075),
                438: (0.6214662329355876, -0.44, 0.075),
                439: (0.6192001189788183, -0.44, 0.075),
                440: (0.6170129563411078, -0.44, 0.075),
                441: (0.6149012730518977, -0.44, 0.075),
                442: (0.6128617560863495, -0.44, 0.075),
                443: (0.6108912712335587, -0.44, 0.075),
                444: (0.6089868382612864, -0.44, 0.075),
                445: (0.6071456160147986, -0.44, 0.075),
                446: (0.6053649123509726, -0.44, 0.075),
                447: (0.6036421593030294, -0.44, 0.075),
                448: (0.6019749230146408, -0.44, 0.075),
                449: (0.6003608838717143, -0.44, 0.075),
                450: (0.5987978315353394, -0.44, 0.075),
                451: (0.5972836748758952, -0.44, 0.075),
                452: (0.5958164072036743, -0.44, 0.075),
                453: (0.5943941360712052, -0.44, 0.075),
                454: (0.593015043536822, -0.44, 0.075),
                455: (0.5916774109999339, -0.44, 0.075),
                456: (0.590379589398702, -0.44, 0.075),
                457: (0.5891200240453085, -0.44, 0.075),
                458: (0.5878972198565802, -0.44, 0.075),
                459: (0.5867097612222036, -0.44, 0.075),
                460: (0.5855562871694565, -0.44, 0.075),
                461: (0.5844355161984762, -0.44, 0.075),
                462: (0.5833462065458298, -0.44, 0.075),
                463: (0.5822871959209442, -0.44, 0.075),
                464: (0.5812573518355688, -0.44, 0.075),
                465: (0.5802556163072586, -0.44, 0.075),
                466: (0.5792809611558914, -0.44, 0.075),
                467: (0.5783324178059897, -0.44, 0.075),
                468: (0.5774090524514517, -0.44, 0.075),
                469: (0.5765099759896597, -0.44, 0.075),
                470: (0.5756343340873719, -0.44, 0.075),
                471: (0.5747813320159912, -0.44, 0.075),
                472: (0.5739501651128134, -0.44, 0.075),
                473: (0.5731401181221009, -0.44, 0.075),
                474: (0.5723504658540091, -0.44, 0.075),
                475: (0.5715805327892304, -0.44, 0.075),
                476: (0.5708296732107798, -0.44, 0.075),
                477: (0.5700972513357798, -0.44, 0.075),
                478: (0.56938268105189, -0.44, 0.075),
                479: (0.5686853861808777, -0.44, 0.075),
                480: (0.5680048104127249, -0.44, 0.075),
                481: (0.5673404471079508, -0.44, 0.075),
                482: (0.5666917796929678, -0.44, 0.075),
                483: (0.5660583313306173, -0.44, 0.075),
                484: (0.5654396251837412, -0.44, 0.075),
                485: (0.5648352340857188, -0.44, 0.075),
                486: (0.5642447209358216, -0.44, 0.075),
                487: (0.563667668501536, -0.44, 0.075),
                488: (0.5631036992867788, -0.44, 0.075),
                489: (0.5625524159272512, -0.44, 0.075),
                490: (0.5620134707291922, -0.44, 0.075),
                491: (0.5614864961306254, -0.44, 0.075),
                492: (0.5609711643060049, -0.44, 0.075),
                493: (0.5604671474297842, -0.44, 0.075),
                494: (0.559974137544632, -0.44, 0.075),
                495: (0.559491826693217, -0.44, 0.075),
                496: (0.5590199267864228, -0.44, 0.075),
                497: (0.5585581497351328, -0.44, 0.075),
                498: (0.5581062471866608, -0.44, 0.075),
                499: (0.55766393105189, -0.44, 0.075),
                500: (0.5572309728463491, -0.44, 0.075),
                501: (0.5568071242173513, -0.44, 0.075),
                502: (0.5563921467463175, -0.44, 0.075),
                503: (0.5559858119487763, -0.44, 0.075),
                504: (0.5555879012743632, -0.44, 0.075),
                505: (0.5551982160409292, -0.44, 0.075),
                506: (0.55481653769811, -0.44, 0.075),
                507: (0.5544426774978638, -0.44, 0.075),
                508: (0.5540764466921488, -0.44, 0.075),
                509: (0.553717646598816, -0.44, 0.075),
                510: (0.5533661083380381, -0.44, 0.075),
                511: (0.5530216630299887, -0.44, 0.075),
                512: (0.5526841318607331, -0.44, 0.075),
                513: (0.552353355884552, -0.44, 0.075),
                514: (0.5520291860898336, -0.44, 0.075),
                515: (0.5517114535967509, -0.44, 0.075),
                516: (0.5514000193277995, -0.44, 0.075),
                517: (0.5510947342713675, -0.44, 0.075),
                518: (0.5507954692840576, -0.44, 0.075),
                519: (0.5505020753542582, -0.44, 0.075),
                520: (0.5502144332726797, -0.44, 0.075),
                521: (0.5499324039618174, -0.44, 0.075),
                522: (0.549655868212382, -0.44, 0.075),
                523: (0.5493847068150839, -0.44, 0.075),
                524: (0.5491188005606333, -0.44, 0.075),
                525: (0.5488580401738485, -0.44, 0.075),
                526: (0.5486022965113322, -0.44, 0.075),
                527: (0.5483514801661173, -0.44, 0.075),
                528: (0.5481054818630219, -0.44, 0.075),
                529: (0.5478641923268637, -0.44, 0.075),
                530: (0.547627512216568, -0.44, 0.075),
                531: (0.5473953620592753, -0.44, 0.075),
                532: (0.5471676226456961, -0.44, 0.075),
                533: (0.5469442145029704, -0.44, 0.075),
                534: (0.5467250382900238, -0.44, 0.075),
                535: (0.546510024468104, -0.44, 0.075),
                536: (0.5462990736961365, -0.44, 0.075),
                537: (0.5460921065012614, -0.44, 0.075),
                538: (0.5458890334765116, -0.44, 0.075),
                539: (0.545689785083135, -0.44, 0.075),
                540: (0.5454942818482718, -0.44, 0.075),
                541: (0.5453024442990622, -0.44, 0.075),
                542: (0.5451142128308615, -0.44, 0.075),
                543: (0.5449294980367025, -0.44, 0.075),
                544: (0.544748230377833, -0.44, 0.075),
                545: (0.5445703502496084, -0.44, 0.075),
                546: (0.5443957881132762, -0.44, 0.075),
                547: (0.5442244744300843, -0.44, 0.075),
                548: (0.5440563495953878, -0.44, 0.075),
                549: (0.5438913440704346, -0.44, 0.075),
                550: (0.5437294081846873, -0.44, 0.075),
                551: (0.5435704723993937, -0.44, 0.075),
                552: (0.5434144771099091, -0.44, 0.075),
                553: (0.5432613726456961, -0.44, 0.075),
                554: (0.5431110994021098, -0.44, 0.075),
                555: (0.5429636077086131, -0.44, 0.075),
                556: (0.5428188379605612, -0.44, 0.075),
                557: (0.5426767305533091, -0.44, 0.075),
                558: (0.5425372457504273, -0.44, 0.075),
                559: (0.5424003338813782, -0.44, 0.075),
                560: (0.5422659353415171, -0.44, 0.075),
                561: (0.5421340103944143, -0.44, 0.075),
                562: (0.5420045093695323, -0.44, 0.075),
                563: (0.5418773925304413, -0.44, 0.075),
                564: (0.5417526002724966, -0.44, 0.075),
                565: (0.5416301027933756, -0.44, 0.075),
                566: (0.5415098504225413, -0.44, 0.075),
                567: (0.5413918034235636, -0.44, 0.075),
                568: (0.5412759121259054, -0.44, 0.075),
                569: (0.541162146727244, -0.44, 0.075),
                570: (0.5410504575570425, -0.44, 0.075),
                571: (0.5409408148129782, -0.44, 0.075),
                572: (0.5408331787586212, -0.44, 0.075),
                573: (0.5407274997234345, -0.44, 0.075),
                574: (0.5406237578392029, -0.44, 0.075),
                575: (0.5405219034353892, -0.44, 0.075),
                576: (0.540421906709671, -0.44, 0.075),
                577: (0.540323737859726, -0.44, 0.075),
                578: (0.5402273571491242, -0.44, 0.075),
                579: (0.5401327347755432, -0.44, 0.075),
                580: (0.5400398409366608, -0.44, 0.075),
                581: (0.5399486259619395, -0.44, 0.075),
                582: (0.539859079917272, -0.44, 0.075),
                583: (0.5397711630662283, -0.44, 0.075),
                584: (0.539684845606486, -0.44, 0.075),
                585: (0.5396000878016154, -0.44, 0.075),
                586: (0.539516879717509, -0.44, 0.075),
                587: (0.5394351816177368, -0.44, 0.075),
                588: (0.5393549736340841, -0.44, 0.075),
                589: (0.5392762160301209, -0.44, 0.075),
                590: (0.5391988988717398, -0.44, 0.075),
                591: (0.5391229724884034, -0.44, 0.075),
                592: (0.5390484368801117, -0.44, 0.075),
                593: (0.5389752423763275, -0.44, 0.075),
                594: (0.5389033889770508, -0.44, 0.075),
                595: (0.5388328270117442, -0.44, 0.075),
                596: (0.5387635465463003, -0.44, 0.075),
                597: (0.5386955277125041, -0.44, 0.075),
                598: (0.5386287407080332, -0.44, 0.075),
                599: (0.5385631656646729, -0.44, 0.075),
                600: (0.5384987727801005, -0.44, 0.075),
                601: (0.5384355521202088, -0.44, 0.075),
                602: (0.5383734838167826, -0.44, 0.075),
                603: (0.5383125281333924, -0.44, 0.075),
                604: (0.5382526850700379, -0.44, 0.075),
                605: (0.5381939148902893, -0.44, 0.075),
                606: (0.5381362175941468, -0.44, 0.075),
                607: (0.5380795633792878, -0.44, 0.075),
                608: (0.5380239423116049, -0.44, 0.075),
                609: (0.5379693146546682, -0.44, 0.075),
                610: (0.5379156804084778, -0.44, 0.075),
                611: (0.5378630197048188, -0.44, 0.075),
                612: (0.5378113126754761, -0.44, 0.075),
                613: (0.5377605394522349, -0.44, 0.075),
                614: (0.5377106901009878, -0.44, 0.075),
                615: (0.5376617348194123, -0.44, 0.075),
                616: (0.5376136636734009, -0.44, 0.075),
                617: (0.5375664667288462, -0.44, 0.075),
                618: (0.5375201241175334, -0.44, 0.075),
                619: (0.5374746159712473, -0.44, 0.075),
                620: (0.5374299323558808, -0.44, 0.075),
                621: (0.5373860534032187, -0.44, 0.075),
                622: (0.5608693099021912, -0.44, 0.075),
                623: (0.5841366535425186, -0.44, 0.075),
                624: (0.606458583076795, -0.44, 0.075),
                625: (0.6278568442662558, -0.44, 0.075),
                626: (0.6483754091958205, -0.44, 0.075),
                627: (0.6680567455540101, -0.44, 0.075),
                628: (0.6869411355257035, -0.44, 0.075),
                629: (0.7050667838255564, -0.44, 0.075),
                630: (0.7224699145555497, -0.44, 0.075),
                631: (0.7391848947604498, -0.44, 0.075),
                632: (0.755244308312734, -0.44, 0.075),
                633: (0.7706790701548258, -0.44, 0.075),
                634: (0.7855185107390086, -0.44, 0.075),
                635: (0.7997904455661774, -0.44, 0.075),
                636: (0.8135212894280752, -0.44, 0.075),
                637: (0.8267360862096151, -0.44, 0.075),
                638: (0.8394586181640625, -0.44, 0.075),
                639: (0.8517114655176798, -0.44, 0.075),
                640: (0.8635160263379416, -0.44, 0.075),
                641: (0.8748926456769308, -0.44, 0.075),
                642: (0.8858606354395548, -0.44, 0.075),
                643: (0.8964383339881897, -0.44, 0.075),
                644: (0.9066431657473246, -0.44, 0.075),
                645: (0.9164916610717774, -0.44, 0.075),
                646: (0.9259995555877686, -0.44, 0.075),
                647: (0.9351748363176982, -0.44, 0.075),
                648: (0.9439903632799784, -0.44, 0.075),
                649: (0.9524602230389914, -0.44, 0.075),
                650: (0.9605979657173157, -0.44, 0.075),
                651: (0.9684166447321574, -0.44, 0.075),
                652: (0.9759287174542746, -0.44, 0.075),
                653: (0.9831462637583415, -0.44, 0.075),
                654: (0.9900808072090149, -0.44, 0.075),
                655: (0.996743434270223, -0.44, 0.075),
                656: (1.0031448141733805, -0.44, 0.075),
                657: (1.009295179049174, -0.44, 0.075),
                658: (1.0152044232686361, -0.44, 0.075),
                659: (1.0208819246292116, -0.44, 0.075),
                660: (1.0263368225097658, -0.44, 0.075),
                661: (1.031577819188436, -0.44, 0.075),
                662: (1.0366133387883505, -0.44, 0.075),
                663: (1.041451408068339, -0.44, 0.075),
                664: (1.0460997358957926, -0.44, 0.075),
                665: (1.050565832455953, -0.44, 0.075),
                666: (1.0548568105697633, -0.44, 0.075),
                667: (1.0589795446395875, -0.44, 0.075),
                668: (1.062940630912781, -0.44, 0.075),
                669: (1.0667463477452597, -0.44, 0.075),
                670: (1.0704028940200807, -0.44, 0.075),
                671: (1.073916031519572, -0.44, 0.075),
                672: (1.0772914425532023, -0.44, 0.075),
                673: (1.0805344915390016, -0.44, 0.075),
                674: (1.08365038394928, -0.44, 0.075),
                675: (1.0866440868377687, -0.44, 0.075),
                676: (1.0895204083124796, -0.44, 0.075),
                677: (1.0922839577992758, -0.44, 0.075),
                678: (1.0949391460418703, -0.44, 0.075),
                679: (1.097490224838257, -0.44, 0.075),
                680: (1.0999412473042807, -0.44, 0.075),
                681: (1.1022961870829264, -0.44, 0.075),
                682: (1.1045587793986003, -0.44, 0.075),
                683: (1.1067326800028483, -0.44, 0.075),
                684: (1.1088213062286378, -0.44, 0.075),
                685: (1.1108280754089357, -0.44, 0.075),
                686: (1.1127561267217, -0.44, 0.075),
                687: (1.1146085993448893, -0.44, 0.075),
                688: (1.1163883940378825, -0.44, 0.075),
                689: (1.1180984512964884, -0.44, 0.075),
                690: (1.1197414334615072, -0.44, 0.075),
                691: (1.1213200028737387, -0.44, 0.075),
                692: (1.1228366629282633, -0.44, 0.075),
                693: (1.1242938375473024, -0.44, 0.075),
                694: (1.1256939109166464, -0.44, 0.075),
                695: (1.1270390685399374, -0.44, 0.075),
                696: (1.128331495920817, -0.44, 0.075),
                697: (1.129573219617208, -0.44, 0.075),
                698: (1.1307662661870321, -0.44, 0.075),
                699: (1.1319125429789225, -0.44, 0.075),
                700: (1.1330138778686525, -0.44, 0.075),
                701: (1.134072019259135, -0.44, 0.075),
                702: (1.135088675816854, -0.44, 0.075),
                703: (1.136065436999003, -0.44, 0.075),
                704: (1.1370039319992067, -0.44, 0.075),
                705: (1.1379056310653688, -0.44, 0.075),
                706: (1.138771964708964, -0.44, 0.075),
                707: (1.1396043237050375, -0.44, 0.075),
                708: (1.1404040590922038, -0.44, 0.075),
                709: (1.1411724026997885, -0.44, 0.075),
                710: (1.1419106658299765, -0.44, 0.075),
                711: (1.1426199611028036, -0.44, 0.075),
                712: (1.1433014408747355, -0.44, 0.075),
                713: (1.1439561780293783, -0.44, 0.075),
                714: (1.1445852851867677, -0.44, 0.075),
                715: (1.1451897160212199, -0.44, 0.075),
                716: (1.1457704242070517, -0.44, 0.075),
                717: (1.1463283634185792, -0.44, 0.075),
                718: (1.146864447593689, -0.44, 0.075),
                719: (1.147379511197408, -0.44, 0.075),
                720: (1.1478743489583334, -0.44, 0.075),
                721: (1.1483497953414918, -0.44, 0.075),
                722: (1.1317395305633546, -0.44, 0.075),
                723: (1.1153065299987794, -0.44, 0.075),
                724: (1.0995793279012045, -0.44, 0.075),
                725: (1.0845403607686361, -0.44, 0.075),
                726: (1.0701559718449911, -0.44, 0.075),
                727: (1.056393656730652, -0.44, 0.075),
                728: (1.0432226594289145, -0.44, 0.075),
                729: (1.0306138531366984, -0.44, 0.075),
                730: (1.0185395415623983, -0.44, 0.075),
                731: (1.0069735781351725, -0.44, 0.075),
                732: (0.9958911275863648, -0.44, 0.075),
                733: (0.9852686063448588, -0.44, 0.075),
                734: (0.9750837024052939, -0.44, 0.075),
                735: (0.9653152958552043, -0.44, 0.075),
                736: (0.9559432999293009, -0.44, 0.075),
                737: (0.9469487007459005, -0.44, 0.075),
                738: (0.9383134380976359, -0.44, 0.075),
                739: (0.9300204253196717, -0.44, 0.075),
                740: (0.9220534300804138, -0.44, 0.075),
                741: (0.9143970545132956, -0.44, 0.075),
                742: (0.9070366954803467, -0.44, 0.075),
                743: (0.8999584849675497, -0.44, 0.075),
                744: (0.8931493298212687, -0.44, 0.075),
                745: (0.8865966931978861, -0.44, 0.075),
                746: (0.8802887932459513, -0.44, 0.075),
                747: (0.8742143448193869, -0.44, 0.075),
                748: (0.8683627382914225, -0.44, 0.075),
                749: (0.8627238011360169, -0.44, 0.075),
                750: (0.857287937005361, -0.44, 0.075),
                751: (0.8520460263888041, -0.44, 0.075),
                752: (0.8469893868764242, -0.44, 0.075),
                753: (0.8421097930272421, -0.44, 0.075),
                754: (0.8373994366327921, -0.44, 0.075),
                755: (0.8328508671124777, -0.44, 0.075),
                756: (0.82845703125, -0.44, 0.075),
                757: (0.8242112135887146, -0.44, 0.075),
                758: (0.8201070562998454, -0.44, 0.075),
                759: (0.8161384697755178, -0.44, 0.075),
                760: (0.8122997121016184, -0.44, 0.075),
                761: (0.8085852897167206, -0.44, 0.075),
                762: (0.8049899872144064, -0.44, 0.075),
                763: (0.8015088574091593, -0.44, 0.075),
                764: (0.798137181599935, -0.44, 0.075),
                765: (0.7948704596360525, -0.44, 0.075),
                766: (0.7917044297854106, -0.44, 0.075),
                767: (0.7886350091298422, -0.44, 0.075),
                768: (0.7856583432356516, -0.44, 0.075),
                769: (0.7827707366148631, -0.44, 0.075),
                770: (0.7799686725934347, -0.44, 0.075),
                771: (0.777248813311259, -0.44, 0.075),
                772: (0.7746079599857331, -0.44, 0.075),
                773: (0.7720430727799734, -0.44, 0.075),
                774: (0.7695512608687083, -0.44, 0.075),
                775: (0.7671297625700633, -0.44, 0.075),
                776: (0.7647759354114533, -0.44, 0.075),
                777: (0.7624872660636902, -0.44, 0.075),
                778: (0.7602613604068756, -0.44, 0.075),
                779: (0.7580959236621857, -0.44, 0.075),
                780: (0.7559887703259787, -0.44, 0.075),
                781: (0.7539378241697947, -0.44, 0.075),
                782: (0.7519410685698191, -0.44, 0.075),
                783: (0.7499966259797415, -0.44, 0.075),
                784: (0.7481026486555735, -0.44, 0.075),
                785: (0.746257408062617, -0.44, 0.075),
                786: (0.7444592452049256, -0.44, 0.075),
                787: (0.7427065656582514, -0.44, 0.075),
                788: (0.7409978346029917, -0.44, 0.075),
                789: (0.7393316066265107, -0.44, 0.075),
                790: (0.7377064810196559, -0.44, 0.075),
                791: (0.7361211216449738, -0.44, 0.075),
                792: (0.7345742420355479, -0.44, 0.075),
                793: (0.7330646252632141, -0.44, 0.075),
                794: (0.7315910891691844, -0.44, 0.075),
                795: (0.7301525111993155, -0.44, 0.075),
                796: (0.7287477986017863, -0.44, 0.075),
                797: (0.7273759281635285, -0.44, 0.075),
                798: (0.7260358915726344, -0.44, 0.075),
                799: (0.7247267351547877, -0.44, 0.075),
                800: (0.7234475449721018, -0.44, 0.075),
                801: (0.722197431921959, -0.44, 0.075),
                802: (0.7209755565722784, -0.44, 0.075),
                803: (0.7197810943921408, -0.44, 0.075),
                804: (0.7186132655541102, -0.44, 0.075),
                805: (0.7174713150660197, -0.44, 0.075),
                806: (0.7163545177380244, -0.44, 0.075),
                807: (0.7152621732155482, -0.44, 0.075),
                808: (0.7141936109463374, -0.44, 0.075),
                809: (0.7131481802463532, -0.44, 0.075),
                810: (0.7121252502997717, -0.44, 0.075),
                811: (0.7111242300271988, -0.44, 0.075),
                812: (0.7101445283492407, -0.44, 0.075),
                813: (0.709185593922933, -0.44, 0.075),
                814: (0.7082468754053116, -0.44, 0.075),
                815: (0.7073278611898423, -0.44, 0.075),
                816: (0.7064280396699906, -0.44, 0.075),
                817: (0.7055469290415446, -0.44, 0.075),
                818: (0.7046840524673462, -0.44, 0.075),
                819: (0.7038389529784521, -0.44, 0.075),
                820: (0.7030112034082413, -0.44, 0.075),
                821: (0.7022003666559855, -0.44, 0.075),
                822: (0.7014060304562251, -0.44, 0.075),
                823: (0.7006278024117152, -0.44, 0.075),
                824: (0.699865292608738, -0.44, 0.075),
                825: (0.6991181285182635, -0.44, 0.075),
                826: (0.6983859475453695, -0.44, 0.075),
                827: (0.697668397029241, -0.44, 0.075),
                828: (0.6969651367266974, -0.44, 0.075),
                829: (0.6962758388121923, -0.44, 0.075),
                830: (0.6956001779437065, -0.44, 0.075),
                831: (0.6949378486474356, -0.44, 0.075),
                832: (0.6942885454495749, -0.44, 0.075),
                833: (0.6936519752939543, -0.44, 0.075),
                834: (0.693027857542038, -0.44, 0.075),
                835: (0.6924159090717634, -0.44, 0.075),
                836: (0.6918158666292826, -0.44, 0.075),
                837: (0.6912274694442749, -0.44, 0.075),
                838: (0.6906504567464193, -0.44, 0.075),
                839: (0.6900845876336098, -0.44, 0.075),
                840: (0.6895296212037405, -0.44, 0.075),
                841: (0.6889853190382322, -0.44, 0.075),
                842: (0.6884514576196671, -0.44, 0.075),
                843: (0.6879278159141541, -0.44, 0.075),
                844: (0.687414175371329, -0.44, 0.075),
                845: (0.6869103248914084, -0.44, 0.075),
                846: (0.6864160633087159, -0.44, 0.075),
                847: (0.6859311869740486, -0.44, 0.075),
                848: (0.685455504655838, -0.44, 0.075),
                849: (0.6849888226389885, -0.44, 0.075),
                850: (0.6845309596260389, -0.44, 0.075),
                851: (0.684081734319528, -0.44, 0.075),
                852: (0.6836409703890483, -0.44, 0.075),
                853: (0.6832084939877192, -0.44, 0.075),
                854: (0.6827841412027678, -0.44, 0.075),
                855: (0.6823677456378937, -0.44, 0.075),
                856: (0.681959145863851, -0.44, 0.075),
                857: (0.6815581903855006, -0.44, 0.075),
                858: (0.6811647227406502, -0.44, 0.075),
                859: (0.6807785976429781, -0.44, 0.075),
                860: (0.6803996673226357, -0.44, 0.075),
                861: (0.6800277902185917, -0.44, 0.075),
                862: (0.6796628260115782, -0.44, 0.075),
                863: (0.6793046418329081, -0.44, 0.075),
                864: (0.6789531023303668, -0.44, 0.075),
                865: (0.6786080796023211, -0.44, 0.075),
                866: (0.6782694445053736, -0.44, 0.075),
                867: (0.6779370765884718, -0.44, 0.075),
                868: (0.6776108504335085, -0.44, 0.075),
                869: (0.6772906493147215, -0.44, 0.075),
                870: (0.6769763577481112, -0.44, 0.075),
                871: (0.6766678614914418, -0.44, 0.075),
                872: (0.676365047544241, -0.44, 0.075),
                873: (0.6760678091148535, -0.44, 0.075),
                874: (0.6757760394116243, -0.44, 0.075),
                875: (0.6754896341264248, -0.44, 0.075),
                876: (0.6752084901928902, -0.44, 0.075),
                877: (0.6749325070281824, -0.44, 0.075),
                878: (0.6746615890165171, -0.44, 0.075),
                879: (0.6743956380585829, -0.44, 0.075),
                880: (0.6741345622638861, -0.44, 0.075),
                881: (0.6738782672584057, -0.44, 0.075),
                882: (0.6736266661187014, -0.44, 0.075),
                883: (0.673379666954279, -0.44, 0.075),
                884: (0.6731371853252253, -0.44, 0.075),
                885: (0.6728991355498632, -0.44, 0.075),
                886: (0.6726654356718064, -0.44, 0.075),
                887: (0.6724360037346682, -0.44, 0.075),
                888: (0.6722107602655888, -0.44, 0.075),
                889: (0.6719896270334721, -0.44, 0.075),
                890: (0.6717725270489852, -0.44, 0.075),
                891: (0.6715593845645587, -0.44, 0.075),
                892: (0.6713501275579135, -0.44, 0.075),
                893: (0.6711446815232436, -0.44, 0.075),
                894: (0.6709429794053237, -0.44, 0.075),
                895: (0.6707449479401112, -0.44, 0.075),
                896: (0.6705505213141442, -0.44, 0.075),
                897: (0.6703596318513155, -0.44, 0.075),
                898: (0.6701722149799267, -0.44, 0.075),
                899: (0.6699882061282794, -0.44, 0.075),
                900: (0.66980754258732, -0.44, 0.075),
                901: (0.6696301622688771, -0.44, 0.075),
                902: (0.6694560043265423, -0.44, 0.075),
                903: (0.6692850103974343, -0.44, 0.075),
                904: (0.66911712149779, -0.44, 0.075),
                905: (0.6689522811273734, -0.44, 0.075),
                906: (0.6687904334068299, -0.44, 0.075),
                907: (0.6686315218359232, -0.44, 0.075),
                908: (0.6684754942605893, -0.44, 0.075),
                909: (0.6683222972850005, -0.44, 0.075),
                910: (0.6681718787550927, -0.44, 0.075),
                911: (0.668024187758565, -0.44, 0.075),
                912: (0.6678791746248802, -0.44, 0.075),
                913: (0.6677367896835009, -0.44, 0.075),
                914: (0.6675969857474169, -0.44, 0.075),
                915: (0.6674597156296174, -0.44, 0.075),
                916: (0.6673249321430922, -0.44, 0.075),
                917: (0.6671925905843576, -0.44, 0.075),
                918: (0.6670626462499301, -0.44, 0.075),
                919: (0.6669350550572077, -0.44, 0.075),
                920: (0.6668097747862339, -0.44, 0.075),
                921: (0.6666867625961701, -0.44, 0.075),
                922: (0.6665659768879414, -0.44, 0.075),
                923: (0.6664473779251179, -0.44, 0.075),
                924: (0.6663309259712696, -0.44, 0.075),
                925: (0.666216581289967, -0.44, 0.075),
                926: (0.6661043053865433, -0.44, 0.075),
                927: (0.6659940610080958, -0.44, 0.075),
                928: (0.6658858115226031, -0.44, 0.075),
                929: (0.6657795196771622, -0.44, 0.075),
                930: (0.6656751513232788, -0.44, 0.075),
                931: (0.6655726698289315, -0.44, 0.075),
                932: (0.6654720422873894, -0.44, 0.075),
                933: (0.6653732345501582, -0.44, 0.075),
                934: (0.665276213089625, -0.44, 0.075),
                935: (0.6651809459303817, -0.44, 0.075),
                936: (0.6650874010970196, -0.44, 0.075),
                937: (0.664995547545453, -0.44, 0.075),
                938: (0.664905354231596, -0.44, 0.075),
                939: (0.6648167913531264, -0.44, 0.075),
                940: (0.6647298294181625, -0.44, 0.075),
                941: (0.664644438934823, -0.44, 0.075),
                942: (0.6645605919634303, -0.44, 0.075),
                943: (0.6644782599434257, -0.44, 0.075),
                944: (0.6643974155560136, -0.44, 0.075),
                945: (0.6643180324137211, -0.44, 0.075),
                946: (0.6642400831977526, -0.44, 0.075),
                947: (0.6641635427623988, -0.44, 0.075),
                948: (0.6640883847201864, -0.44, 0.075),
                949: (0.6640145848567287, -0.44, 0.075),
                950: (0.6639421180263162, -0.44, 0.075),
                951: (0.6638709603250027, -0.44, 0.075),
                952: (0.6638010878488422, -0.44, 0.075),
                953: (0.6637324776252111, -0.44, 0.075),
                954: (0.663665106681486, -0.44, 0.075),
                955: (0.6635989523554842, -0.44, 0.075),
                956: (0.6635339929163456, -0.44, 0.075),
                957: (0.6634702066332102, -0.44, 0.075),
                958: (0.6634075723960996, -0.44, 0.075),
                959: (0.6633460694054762, -0.44, 0.075),
                960: (0.6632856768618027, -0.44, 0.075),
                961: (0.6632263748968641, -0.44, 0.075),
                962: (0.6631681439528863, -0.44, 0.075),
                963: (0.6631109644720952, -0.44, 0.075),
                964: (0.6630548172071576, -0.44, 0.075),
                965: (0.6629996841525039, -0.44, 0.075),
                966: (0.6629455463712415, -0.44, 0.075),
                967: (0.6628923858578006, -0.44, 0.075),
                968: (0.6628401852274934, -0.44, 0.075),
                969: (0.6627889274060726, -0.44, 0.075),
                970: (0.6627385946984092, -0.44, 0.075),
                971: (0.6626891706511379, -0.44, 0.075),
                972: (0.662640638810893, -0.44, 0.075),
                973: (0.6625929833451907, -0.44, 0.075),
                974: (0.6625461881111065, -0.44, 0.075),
                975: (0.6625002375865976, -0.44, 0.075),
                976: (0.6624551165600618, -0.44, 0.075),
                977: (0.6624108101303379, -0.44, 0.075),
                978: (0.6623673035514852, -0.44, 0.075),
                979: (0.6623245822327832, -0.44, 0.075),
                980: (0.6622826320491731, -0.44, 0.075),
                981: (0.6622414390308162, -0.44, 0.075),
                982: (0.662200989673535, -0.44, 0.075),
                983: (0.6621612704731524, -0.44, 0.075),
                984: (0.6621222682359318, -0.44, 0.075),
                985: (0.6620839699233572, -0.44, 0.075),
                986: (0.6620463628073534, -0.44, 0.075),
                987: (0.662009434470286, -0.44, 0.075),
                988: (0.662, -0.44, 0.075),
                989: (0.662, -0.44, 0.075),
                990: (0.662, -0.44, 0.075),
                991: (0.662, -0.44, 0.075),
                992: (0.662, -0.44, 0.075),
                993: (0.662, -0.44, 0.075),
                994: (0.662, -0.44, 0.075),
                995: (0.662, -0.44, 0.075),
                996: (0.662, -0.44, 0.075),
                997: (0.662, -0.44, 0.075),
                998: (0.662, -0.44, 0.075),
                999: (0.662, -0.44, 0.075),
                1000: (0.662, -0.44, 0.075),
            }
            uniform token[] xformOpOrder = ["xformOp:translate", "xformOp:scale"]
        }
    }
}
