step,t_s,wheel,reference_rad_s,measured_before_rad_s,measured_after_rad_s,voltage_applied_to_physx_V,voltage_cmd_V,error_rad_s,integral_V,shadow_voltage_applied_V,shadow_omega_rad_s,shadow_theta_rad,torque_Nm,base_x_m,base_y_m,base_z_m,base_yaw_rad
1,0.01,FL,0.0,0.0,3.143903271052295e-08,0.0,0.0,0.0,0.0,0.0,0.0,0.0,0.0,0.935,0.034,-0.0058860322,0.8206499852550575
1,0.01,FR,0.0,0.0,3.1439022052381915e-08,0.0,0.0,0.0,0.0,0.0,0.0,0.0,0.0,0.935,0.034,-0.0058860322,0.8206499852550575
1,0.01,BL,0.0,0.0,3.143903271052295e-08,0.0,0.0,0.0,0.0,0.0,0.0,0.0,0.0,0.935,0.034,-0.0058860322,0.8206499852550575
1,0.01,BR,0.0,0.0,3.1439022052381915e-08,0.0,0.0,0.0,0.0,0.0,0.0,0.0,0.0,0.935,0.034,-0.0058860322,0.8206499852550575
2,0.02,FL,0.0,3.143903271052295e-08,5.976543349106578e-08,0.0,-1.2575613439480549e-08,-3.143903271052295e-08,-3.77268383200402e-10,0.0,0.0,0.0,-2.5151226168418366e-11,0.935,0.034,-0.009810022,0.8206499852550575
2,0.02,FR,0.0,3.1439022052381915e-08,5.976541928021106e-08,0.0,-1.257560899858845e-08,-3.1439022052381915e-08,-3.7726827217809955e-10,0.0,0.0,0.0,-2.5151217641905535e-11,0.935,0.034,-0.009810022,0.8206499852550575
2,0.02,BL,0.0,3.143903271052295e-08,5.976543349106578e-08,0.0,-1.2575613439480549e-08,-3.143903271052295e-08,-3.77268383200402e-10,0.0,0.0,0.0,-2.5151226168418366e-11,0.935,0.034,-0.009810022,0.8206499852550575
2,0.02,BR,0.0,3.1439022052381915e-08,5.976541928021106e-08,0.0,-1.257560899858845e-08,-3.1439022052381915e-08,-3.7726827217809955e-10,0.0,0.0,0.0,-2.5151217641905535e-11,0.935,0.034,-0.009810022,0.8206499852550575
3,0.03,FL,0.0,5.976543349106578e-08,8.146894714400332e-08,-1.2575613439480549e-08,-2.4283441035777287e-08,-5.976543349106578e-08,-1.0944536388279857e-09,-1.2575613439480549e-08,-9.8619368227304e-10,-4.9638409702068564e-12,-9.811480055077483e-11,0.935,0.034,-0.014715037,0.8206499852550575
3,0.03,FR,0.0,5.976541928021106e-08,8.146893293314861e-08,-1.257560899858845e-08,-2.428343570670677e-08,-5.976541928021106e-08,-1.0944533057610784e-09,-1.257560899858845e-08,-9.861933492061326e-10,-4.9638392354833805e-12,-9.811477141852265e-11,0.935,0.034,-0.014715037,0.8206499852550575
3,0.03,BL,0.0,5.976543349106578e-08,8.146894714400332e-08,-1.2575613439480549e-08,-2.4283441035777287e-08,-5.976543349106578e-08,-1.0944536388279857e-09,-1.2575613439480549e-08,-9.8619368227304e-10,-4.9638409702068564e-12,-9.811480055077483e-11,0.935,0.034,-0.014715037,0.8206499852550575
3,0.03,BR,0.0,5.976541928021106e-08,8.146893293314861e-08,-1.257560899858845e-08,-2.428343570670677e-08,-5.976541928021106e-08,-1.0944533057610784e-09,-1.257560899858845e-08,-9.861933492061326e-10,-4.9638392354833805e-12,-9.811477141852265e-11,0.935,0.034,-0.014715037,0.8206499852550575
4,0.04,FL,0.0,8.146894714400332e-08,9.781176402157143e-08,-2.4283441035777287e-08,-3.368203138620629e-08,-8.146894714400332e-08,-2.0720809512653204e-09,-2.4283441035777287e-08,-2.8518591932424897e-09,-2.4216292165979425e-11,-1.623089218583118e-10,0.935,0.034,-0.020601029,0.8206499852550575
4,0.04,FR,0.0,8.146893293314861e-08,9.7811735599862e-08,-2.428343570670677e-08,-3.368202783349261e-08,-8.146893293314861e-08,-2.0720805071761106e-09,-2.428343570670677e-08,-2.851858527108675e-09,-2.421628522708552e-11,-1.6230888917334596e-10,0.935,0.034,-0.020601029,0.8206499852550575
4,0.04,BL,0.0,8.146894714400332e-08,9.781176402157143e-08,-2.4283441035777287e-08,-3.368203138620629e-08,-8.146894714400332e-08,-2.0720809512653204e-09,-2.4283441035777287e-08,-2.8518591932424897e-09,-2.4216292165979425e-11,-1.623089218583118e-10,0.935,0.034,-0.020601029,0.8206499852550575
4,0.04,BR,0.0,8.146893293314861e-08,9.7811735599862e-08,-2.428343570670677e-08,-3.368202783349261e-08,-8.146893293314861e-08,-2.0720805071761106e-09,-2.428343570670677e-08,-2.851858527108675e-09,-2.421628522708552e-11,-1.6230888917334596e-10,0.935,0.034,-0.020601029,0.8206499852550575
5,0.05,FL,0.0,9.781176402157143e-08,0.05727752298116684,-3.368203138620629e-08,-4.119678820302397e-08,-9.781176402157143e-08,-3.2458220555753314e-09,-3.368203138620629e-08,-5.381418866079457e-09,-6.546699987675098e-11,-2.1297753676208232e-10,0.9349972,0.034000434,-0.021741217,0.8206094018894192
5,0.05,FR,0.0,9.7811735599862e-08,-0.03546781837940216,-3.368202783349261e-08,-4.1196773992169256e-08,-9.7811735599862e-08,-3.2458213894415167e-09,-3.368202783349261e-08,-5.381417977901037e-09,-6.546698599896317e-11,-2.1297749981386004e-10,0.9349972,0.034000434,-0.021741217,0.8206094018894192
5,0.05,BL,0.0,9.781176402157143e-08,0.04293849319219589,-3.368203138620629e-08,-4.119678820302397e-08,-9.781176402157143e-08,-3.2458220555753314e-09,-3.368203138620629e-08,-5.381418866079457e-09,-6.546699987675098e-11,-2.1297753676208232e-10,0.9349972,0.034000434,-0.021741217,0.8206094018894192
5,0.05,BR,0.0,9.7811735599862e-08,-0.04000400751829147,-3.368202783349261e-08,-4.1196773992169256e-08,-9.7811735599862e-08,-3.2458213894415167e-09,-3.368202783349261e-08,-5.381417977901037e-09,-6.546698599896317e-11,-2.1297749981386004e-10,0.9349972,0.034000434,-0.021741217,0.8206094018894192
6,0.06,FL,0.0,0.05727752298116684,0.03849390149116516,-4.119678820302397e-08,-0.022911012172698975,-0.05727752298116684,-0.0006873335223644972,-4.119678820302397e-08,-8.401109141686902e-09,-1.3448028801654743e-10,-4.5822183172086287e-05,0.9349972,0.033999436,-0.021741223,0.8206305491151191
6,0.06,FR,0.0,-0.03546781837940216,-0.03398989886045456,-4.1196773992169256e-08,0.01418712455779314,0.03546781837940216,0.0004256105748936534,-4.1196773992169256e-08,-8.401106477151643e-09,-1.3448026026097182e-10,2.837408991642576e-05,0.9349972,0.033999436,-0.021741223,0.8206305491151191
6,0.06,BL,0.0,0.04293849319219589,0.0351417250931263,-4.119678820302397e-08,-0.017175400629639626,-0.04293849319219589,-0.0005152651574462652,-4.119678820302397e-08,-8.401109141686902e-09,-1.3448028801654743e-10,-3.435095934090953e-05,0.9349972,0.033999436,-0.021741223,0.8206305491151191
6,0.06,BR,0.0,-0.04000400751829147,-0.037945523858070374,-4.1196773992169256e-08,0.01600159890949726,0.04000400751829147,0.0004800448368769139,-4.1196773992169256e-08,-8.401106477151643e-09,-1.3448026026097182e-10,3.200304122753722e-05,0.9349972,0.033999436,-0.021741223,0.8206305491151191
7,0.07,FL,0.0,0.03849390149116516,0.0397624634206295,-0.022911012172698975,-0.01608489453792572,-0.03849390149116516,-0.0011492603225633502,-0.022911012172698975,-0.0017967153107747436,-9.04364151210757e-06,-0.00012243916988372803,0.93499786,0.03399955,-0.021741224,0.8206367131860052
7,0.07,FR,0.0,-0.03398989886045456,-0.03816290944814682,0.01418712455779314,0.014021569862961769,0.03398989886045456,0.0008334893500432372,0.01418712455779314,0.0011125621385872364,5.599718861049041e-06,8.394041731953621e-05,0.93499786,0.03399955,-0.021741224,0.8206367131860052
7,0.07,BL,0.0,0.0351417250931263,0.03605428338050842,-0.017175400629639626,-0.014571955427527428,-0.0351417250931263,-0.0009369658655487001,-0.017175400629639626,-0.0013469222467392683,-6.779683644708712e-06,-9.681498259305954e-05,0.93499786,0.03399955,-0.021741224,0.8206367131860052
7,0.07,BR,0.0,-0.037945523858070374,-0.04030571132898331,0.01600159890949726,0.01565825380384922,0.037945523858070374,0.0009353911154903471,0.01600159890949726,0.0012548553058877587,6.315927294053836e-06,9.436281472444534e-05,0.93499786,0.03399955,-0.021741224,0.8206367131860052
8,0.08,FL,0.0,0.0397624634206295,0.031792160123586655,-0.01608489453792572,-0.017054244875907898,-0.0397624634206295,-0.0016264099394902587,-0.01608489453792572,-0.002987660700455308,-3.300521711935289e-05,-9.614954888820648e-05,0.93499875,0.034000188,-0.021741178,0.8206392242053725
8,0.08,FR,0.0,-0.03816290944814682,-0.030709894374012947,0.014021569862961769,0.01609865389764309,0.03816290944814682,0.0012914442922919989,0.014021569862961769,0.00216852524317801,2.2040352632757276e-05,8.661660701036452e-05,0.93499875,0.034000188,-0.021741178,0.8206392242053725
8,0.08,BL,0.0,0.03605428338050842,0.031564876437187195,-0.014571955427527428,-0.015358678996562958,-0.03605428338050842,-0.0013696172973141074,-0.014571955427527428,-0.002436857670545578,-2.573491474322509e-05,-8.713124841451645e-05,0.93499875,0.034000188,-0.021741178,0.8206392242053725
8,0.08,BR,0.0,-0.04030571132898331,-0.04183674603700638,0.01565825380384922,0.01705767586827278,0.04030571132898331,0.0014190596994012594,0.01565825380384922,0.0024335894268006086,2.4797442165436223e-05,9.487758427858353e-05,0.93499875,0.034000188,-0.021741178,0.8206392242053725
9,0.09,FL,0.0,0.031792160123586655,0.03747677803039551,-0.017054244875907898,-0.01434327382594347,-0.031792160123586655,-0.002007915871217847,-0.017054244875907898,-0.004207925871014595,-6.902382301632315e-05,-9.365070760250091e-05,0.9349995,0.034000546,-0.02174118,0.8206410074988794
9,0.09,FR,0.0,-0.030709894374012947,-0.02984078973531723,0.01609865389764309,0.013575402088463306,0.030709894374012947,0.001659963047131896,0.01609865389764309,0.003345970530062914,4.965208063367754e-05,8.896253108978273e-05,0.9349995,0.034000546,-0.02174118,0.8206410074988794
9,0.09,BL,0.0,0.031564876437187195,0.027848578989505768,-0.015358678996562958,-0.01399556826800108,-0.031564876437187195,-0.0017483957344666123,-0.015358678996562958,-0.003545752028003335,-5.56849263375625e-05,-8.668661713600159e-05,0.9349995,0.034000546,-0.02174118,0.8206410074988794
9,0.09,BR,0.0,-0.04183674603700638,-0.030236076563596725,0.01705767586827278,0.018153758719563484,0.04183674603700638,0.001921100658364594,0.01705767586827278,0.003675849176943302,5.538604091270827e-05,0.00010170010030269624,0.9349995,0.034000546,-0.02174118,0.8206410074988794
10,0.1,FL,0.0,0.03747677803039551,0.03413400426506996,-0.01434327382594347,-0.01699862629175186,-0.03747677803039551,-0.002457637106999755,-0.01434327382594347,-0.00516774645075202,-0.00011593417730182409,-8.735451772809029e-05,0.93499976,0.034000546,-0.021741249,0.8206419658071965
10,0.1,FR,0.0,-0.02984078973531723,-0.024942923337221146,0.013575402088463306,0.013596278615295887,0.02984078973531723,0.0020180523861199617,0.013575402088463306,0.004279371351003647,8.780990174273029e-05,7.817424014210702e-05,0.93499976,0.034000546,-0.021741249,0.8206419658071965
10,0.1,BL,0.0,0.027848578989505768,0.027236945927143097,-0.01399556826800108,-0.01288782712072134,-0.027848578989505768,-0.0020825788378715515,-0.01399556826800108,-0.004504269454628229,-9.596698509994894e-05,-7.826113626360893e-05,0.93499976,0.034000546,-0.021741249,0.8206419658071965
10,0.1,BR,0.0,-0.030236076563596725,-0.032041773200035095,0.018153758719563484,0.014015531167387962,0.030236076563596725,0.002283933572471142,0.018153758719563484,0.004955355077981949,9.858471457846463e-05,9.680389612913132e-05,0.93499976,0.034000546,-0.021741249,0.8206419658071965
11,0.11,FL,0.0,0.03413400426506996,0.031579744070768356,-0.01699862629175186,-0.016111239790916443,-0.03413400426506996,-0.002867245115339756,-0.01699862629175186,-0.006298167165368795,-0.00017330142145510763,-9.530170857906343e-05,0.93499964,0.03400022,-0.021741167,0.8206437491025717
11,0.11,FR,0.0,-0.024942923337221146,-0.025345338508486748,0.013596278615295887,0.011995221488177776,0.024942923337221146,0.00231736758723855,0.013596278615295887,0.005177810322493315,0.0001351257524220273,7.433945313096047e-05,0.93499964,0.03400022,-0.021741167,0.8206437491025717
11,0.11,BL,0.0,0.027236945927143097,0.028898635879158974,-0.01288782712072134,-0.012977357022464275,-0.027236945927143097,-0.0024094220716506243,-0.01288782712072134,-0.005338332150131464,-0.00014520778495352715,-7.334086522459985e-05,0.93499964,0.03400022,-0.021741167,0.8206437491025717
11,0.11,BR,0.0,-0.032041773200035095,-0.03040943667292595,0.014015531167387962,0.015100643038749695,0.032041773200035095,0.002668434754014015,0.014015531167387962,0.005860166624188423,0.00015269247523974627,8.169554322957993e-05,0.93499964,0.03400022,-0.021741167,0.8206437491025717
12,0.12,FL,0.0,0.031579744070768356,0.03521161526441574,-0.016111239790916443,-0.015499142929911613,-0.031579744070768356,-0.0032462021335959435,-0.016111239790916443,-0.007314674090594053,-0.000241399509832263,-8.970875442028045e-05,0.93499947,0.03399995,-0.021741185,0.820644188624949
12,0.12,FR,0.0,-0.025345338508486748,-0.03137709200382233,0.011995221488177776,0.012455502524971962,0.025345338508486748,0.00262151169590652,0.011995221488177776,0.0059154643677175045,0.0001906167162815109,6.82571567595005e-05,0.93499947,0.03399995,-0.021741185,0.820644188624949
12,0.12,BL,0.0,0.028898635879158974,0.03153885900974274,-0.012977357022464275,-0.0139688765630126,-0.028898635879158974,-0.0027562056202441454,-0.012977357022464275,-0.006146712228655815,-0.00020265995408408344,-7.502833679318428e-05,0.93499947,0.03399995,-0.021741185,0.820644188624949
12,0.12,BR,0.0,-0.03040943667292595,-0.027213849127292633,0.015100643038749695,0.014832209795713425,0.03040943667292595,0.003033348126336932,0.015100643038749695,0.006814595777541399,0.00021609810937661678,8.473012149333954e-05,0.93499947,0.03399995,-0.021741185,0.820644188624949
13,0.13,FL,0.0,0.03521161526441574,0.03429023176431656,-0.015499142929911613,-0.017330847680568695,-0.03521161526441574,-0.0036687415558844805,-0.015499142929911613,-0.008243321441113949,-0.00031922044581733644,-9.016586393117905e-05,0.93499935,0.033999883,-0.021741185,0.8206444768313453
13,0.13,FR,0.0,-0.03137709200382233,-0.026362953707575798,0.012455502524971962,0.015172348357737064,0.03137709200382233,0.0029980367980897427,0.012455502524971962,0.006660290062427521,0.00025352032389491796,7.492368370294571e-05,0.93499935,0.033999883,-0.021741185,0.8206444768313453
13,0.13,BL,0.0,0.03153885900974274,0.027390597388148308,-0.0139688765630126,-0.015371749177575111,-0.03153885900974274,-0.003134672064334154,-0.0139688765630126,-0.007001150865107775,-0.0002684277424123138,-8.110659345984459e-05,0.93499935,0.033999883,-0.021741185,0.8206444768313453
13,0.13,BR,0.0,-0.027213849127292633,-0.03232321888208389,0.014832209795713425,0.013918887823820114,0.027213849127292633,0.003359914291650057,0.014832209795713425,0.007710549980401993,0.00028875371208414435,8.10999184846878e-05,0.93499935,0.033999883,-0.021741185,0.8206444768313453
14,0.14,FL,0.0,0.03429023176431656,0.0323658287525177,-0.017330847680568695,-0.017384834587574005,-0.03429023176431656,-0.0040802243165671825,-0.017330847680568695,-0.009279200807213783,-0.00040686759166419506,-9.675557613372802e-05,0.93499947,0.033999905,-0.021741193,0.8206442930959226
14,0.14,FR,0.0,-0.026362953707575798,-0.028587842360138893,0.015172348357737064,0.01354321837425232,0.026362953707575798,0.003314392175525427,0.015172348357737064,0.007588969077914953,0.0003247975546400994,8.177975639700889e-05,0.93499947,0.033999905,-0.021741193,0.8206442930959226
14,0.14,BL,0.0,0.027390597388148308,0.02631053328514099,-0.015371749177575111,-0.01409091055393219,-0.027390597388148308,-0.003463359083980322,-0.015371749177575111,-0.007932101376354694,-0.0003431250515859574,-8.339947462081909e-05,0.93499947,0.033999905,-0.021741193,0.8206442930959226
14,0.14,BR,0.0,-0.03232321888208389,-0.0345001220703125,0.013918887823820114,0.016289202496409416,0.03232321888208389,0.0037477929145097733,0.013918887823820114,0.008499749936163425,0.0003698315122164786,8.153412640094757e-05,0.93499947,0.033999905,-0.021741193,0.8206442930959226
15,0.15,FL,0.0,0.0323658287525177,0.03022007644176483,-0.017384834587574005,-0.01702655665576458,-0.0323658287525177,-0.004468614235520363,-0.017384834587574005,-0.01027869712561369,-0.0005046903970651329,-9.543200135231018e-05,0.93499964,0.034000035,-0.021741167,0.8206452441925973
15,0.15,FR,0.0,-0.028587842360138893,-0.02667396329343319,0.01354321837425232,0.014749528840184212,0.028587842360138893,0.0036574462428689003,0.01354321837425232,0.008353475481271744,0.00040453526889905334,7.704314738512038e-05,0.93499964,0.034000035,-0.021741167,0.8206452441925973
15,0.15,BL,0.0,0.02631053328514099,0.025477157905697823,-0.01409091055393219,-0.013987572863698006,-0.02631053328514099,-0.003779085585847497,-0.01409091055393219,-0.008726105093955994,-0.0004264425369910896,-7.741206884384155e-05,0.93499964,0.034000035,-0.021741167,0.8206452441925973
15,0.15,BR,0.0,-0.0345001220703125,-0.02897309884428978,0.016289202496409416,0.017547842115163803,0.0345001220703125,0.004161794204264879,0.016289202496409416,0.009443887509405613,0.0004595811478793621,9.275690764188766e-05,0.93499964,0.034000035,-0.021741167,0.8206452441925973
16,0.16,FL,0.0,0.03022007644176483,0.030146364122629166,-0.01702655665576458,-0.016556644812226295,-0.03022007644176483,-0.004831254947930574,-0.01702655665576458,-0.011210904456675053,-0.0006121695041656494,-9.228228777647018e-05,0.9349996,0.03400017,-0.021741189,0.8206448443022579
16,0.16,FR,0.0,-0.02667396329343319,-0.026266030967235565,0.014749528840184212,0.014327031560242176,0.02667396329343319,0.003977533895522356,0.014749528840184212,0.009182605892419815,0.0004922433290630579,8.03372859954834e-05,0.9349996,0.03400017,-0.021741189,0.8206448443022579
16,0.16,BL,0.0,0.025477157905697823,0.02330121025443077,-0.013987572863698006,-0.013969948515295982,-0.025477157905697823,-0.004084811545908451,-0.013987572863698006,-0.009480870328843594,-0.000517502601724118,-7.633201777935029e-05,0.9349996,0.03400017,-0.021741189,0.8206448443022579
16,0.16,BR,0.0,-0.02897309884428978,-0.032704539597034454,0.017547842115163803,0.015751034021377563,0.02897309884428978,0.004509471356868744,0.017547842115163803,0.010449708439409733,0.0005590826622210443,9.336984753608704e-05,0.9349996,0.03400017,-0.021741189,0.8206448443022579
17,0.17,FL,0.0,0.030146364122629166,0.02849809266626835,-0.016556644812226295,-0.016889801248908043,-0.030146364122629166,-0.005193011369556189,-0.016556644812226295,-0.012069709599018097,-0.0007286011823453009,-9.034367054700852e-05,0.9349996,0.034000155,-0.021741204,0.8206448046700155
17,0.17,FR,0.0,-0.026266030967235565,-0.02497319132089615,0.014327031560242176,0.01448394637554884,0.026266030967235565,0.0042927260510623455,0.014327031560242176,0.009946092031896114,0.0005879122763872147,7.832095101475716e-05,0.9349996,0.034000155,-0.021741204,0.8206448046700155
17,0.17,BL,0.0,0.02330121025443077,0.02565072663128376,-0.013969948515295982,-0.01340529602020979,-0.02330121025443077,-0.004364425782114267,-0.013969948515295982,-0.010204658843576908,-0.0006159543409012258,-7.452076226472855e-05,0.9349996,0.034000155,-0.021741204,0.8206448046700155
17,0.17,BR,0.0,-0.032704539597034454,-0.029872456565499306,0.015751034021377563,0.017591286450624466,0.032704539597034454,0.0049019260331988335,0.015751034021377563,0.011275183409452438,0.0006677346536889672,8.916776776313781e-05,0.9349996,0.034000155,-0.021741204,0.8206448046700155
18,0.18,FL,0.0,0.02849809266626835,0.028824957087635994,-0.016889801248908043,-0.016592249274253845,-0.02849809266626835,-0.0055349888280034065,-0.016889801248908043,-0.012920966371893883,-0.0008535829256288707,-9.035767912864685e-05,0.9349996,0.034000117,-0.02174117,0.8206446605667977
18,0.18,FR,0.0,-0.02497319132089615,-0.026166949421167374,0.01448394637554884,0.014282003045082092,0.02497319132089615,0.004592404700815678,0.01448394637554884,0.010691948235034943,0.0006911273230798542,7.791433855891228e-05,0.9349996,0.034000117,-0.02174117,0.8206446605667977
18,0.18,BL,0.0,0.02565072663128376,0.02956448867917061,-0.01340529602020979,-0.014624716714024544,-0.02565072663128376,-0.004672234877943993,-0.01340529602020979,-0.010855787433683872,-0.0007212783093564212,-7.414176538586617e-05,0.9349996,0.034000117,-0.02174117,0.8206446605667977
18,0.18,BR,0.0,-0.029872456565499306,-0.026690775528550148,0.017591286450624466,0.0168509092181921,0.029872456565499306,0.005260395351797342,0.017591286450624466,0.012212605215609074,0.0007852048147469759,9.426311105489731e-05,0.9349996,0.034000117,-0.02174117,0.8206446605667977
19,0.19,FL,0.0,0.028824957087635994,0.033523451536893845,-0.016592249274253845,-0.01706497184932232,-0.028824957087635994,-0.00588088808581233,-0.016592249274253845,-0.013715511187911034,-0.000986791797913611,-8.942896276712417e-05,0.9349996,0.03400014,-0.021741174,0.8206444371991066
19,0.19,FR,0.0,-0.026166949421167374,-0.024304339662194252,0.014282003045082092,0.015059184283018112,0.026166949421167374,0.0049064080230891705,0.014282003045082092,0.011392720974981785,0.0008015740313567221,7.806157171726227e-05,0.9349996,0.03400014,-0.021741174,0.8206444371991066
19,0.19,BL,0.0,0.02956448867917061,0.02560480311512947,-0.014624716714024544,-0.016498031094670296,-0.02956448867917061,-0.005027008708566427,-0.014624716714024544,-0.01157701201736927,-0.0008334662998095155,-8.215045779943466e-05,0.9349996,0.03400014,-0.021741174,0.8206444371991066
19,0.19,BR,0.0,-0.026690775528550148,-0.030684607103466988,0.0168509092181921,0.015936706215143204,0.026690775528550148,0.005580684635788202,0.0168509092181921,0.013055210001766682,0.0009115720167756081,8.875625729560851e-05,0.9349996,0.03400014,-0.021741174,0.8206444371991066
20,0.2,FL,0.0,0.033523451536893845,0.03307516500353813,-0.01706497184932232,-0.019290268421173096,-0.033523451536893845,-0.006283169612288475,-0.01706497184932232,-0.014515972696244717,-0.001127975876443088,-9.507864862680435e-05,0.9349998,0.03400004,-0.021741206,0.8206443723604006
20,0.2,FR,0.0,-0.024304339662194252,-0.026480762287974358,0.015059184283018112,0.014628143981099129,0.024304339662194252,0.005198060069233179,0.015059184283018112,0.012126964516937733,0.0009191969293169677,7.968020886182785e-05,0.9349998,0.03400004,-0.021741206,0.8206443723604006
20,0.2,BL,0.0,0.02560480311512947,0.027912065386772156,-0.016498031094670296,-0.015268930234014988,-0.02560480311512947,-0.005334265995770693,-0.016498031094670296,-0.012416865676641464,-0.0009534637210890651,-8.647596687078477e-05,0.9349998,0.03400004,-0.021741206,0.8206443723604006
20,0.2,BR,0.0,-0.030684607103466988,-0.0304098017513752,0.015936706215143204,0.01785452850162983,0.030684607103466988,0.005948900245130062,0.015936706215143204,0.013793081976473331,0.0010458379983901978,8.82945105433464e-05,0.9349998,0.03400004,-0.021741206,0.8206443723604006
21,0.21,FL,4.0,0.03307516500353813,0.029910963028669357,-0.019290268421173096,1.58048677444458,3.9669249057769775,0.04131992906332016,-0.019290268421173096,-0.015459557995200157,-0.0012778850505128503,-0.0001036212056875229,0.93499976,0.03400013,-0.021741154,0.8206461484443875
21,0.21,FR,4.0,-0.026480762287974358,-0.026965681463479996,0.014628143981099129,1.6157903671264648,4.026480674743652,0.053515829145908356,0.014628143981099129,0.012798614799976349,0.0010438471799716353,7.9697185754776e-05,0.93499976,0.03400013,-0.021741154,0.8206461484443875
21,0.21,BL,4.0,0.027912065386772156,0.028688611462712288,-0.015268930234014988,1.583500862121582,3.972087860107422,0.0423307903110981,-0.015268930234014988,-0.013127399608492851,-0.001081208698451519,-8.340537324547768e-05,0.93499976,0.03400013,-0.021741154,0.8206461484443875
21,0.21,BR,4.0,-0.0304098017513752,-0.030946223065257072,0.01785452850162983,1.6181128025054932,4.030409812927246,0.054313816130161285,0.01785452850162983,0.014652419835329056,0.001188094262033701,9.574595540761947e-05,0.93499976,0.03400013,-0.021741154,0.8206461484443875
22,0.22,FL,4.0,0.029910963028669357,0.05174744874238968,1.58048677444458,1.629355549812317,3.9700889587402344,0.08896099776029587,1.58048677444458,0.1090901643037796,-0.0008055804064497352,0.006298018327355385,0.93499225,0.033992127,-0.021741174,0.8206447722506516
22,0.22,FR,4.0,-0.026965681463479996,-0.002321600914001465,1.6157903671264648,1.664302110671997,4.026965618133545,0.10183941572904587,1.6157903671264648,0.13900886476039886,0.0018070915248245,0.006484734013676644,0.93499225,0.033992127,-0.021741174,0.8206447722506516
22,0.22,BL,4.0,0.028688611462712288,0.045415423810482025,1.583500862121582,1.6308553218841553,3.971311330795288,0.08998652547597885,1.583500862121582,0.11156724393367767,-0.0005848531145602465,0.006311052559316158,0.93499225,0.033992127,-0.021741174,0.8206447722506516
22,0.22,BR,4.0,-0.030946223065257072,-0.006522907875478268,1.6181128025054932,1.6666922569274902,4.030946254730225,0.10268517583608627,1.6181128025054932,0.1409721076488495,0.00197042734362185,0.006497208188474178,0.93499225,0.033992127,-0.021741174,0.8206447722506516
23,0.23,FL,4.0,0.05174744874238968,0.07527991384267807,1.629355549812317,1.668262004852295,3.9482524394989014,0.13634002208709717,1.629355549812317,0.23258857429027557,0.0009069297811947763,0.006476024240255356,0.9349769,0.03397574,-0.0217412,0.8206441165733799
23,0.23,FR,4.0,-0.002321600914001465,0.0193838682025671,1.664302110671997,1.702768087387085,4.002321720123291,0.14986728131771088,1.664302110671997,0.2640746831893921,0.003826678032055497,0.00665906572341919,0.9349769,0.03397574,-0.0217412,0.8206441165733799
23,0.23,BL,4.0,0.045415423810482025,0.0703587681055069,1.6308553218841553,1.6718204021453857,3.9545845985412598,0.13744154572486877,1.6308553218841553,0.23508614301681519,0.001152531011030078,0.006487088948488235,0.9349769,0.03397574,-0.0217412,0.8206441165733799
23,0.23,BR,4.0,-0.006522907875478268,0.01415180042386055,1.6666922569274902,1.7052943706512451,4.006523132324219,0.15076345205307007,1.6666922569274902,0.2661483883857727,0.0040102023631334305,0.0066719873540103435,0.9349769,0.03397574,-0.0217412,0.8206441165733799
24,0.24,FL,4.0,0.07527991384267807,0.09886699914932251,1.668262004852295,1.7062280178070068,3.924720048904419,0.18343666195869446,1.668262004852295,0.35429561138153076,0.0038454073946923018,0.006612824088335037,0.9349538,0.033950947,-0.021741169,0.8206450928764398
24,0.24,FR,4.0,0.0193838682025671,0.04265282303094864,1.702768087387085,1.742113709449768,3.9806160926818848,0.19763466715812683,1.702768087387085,0.38725316524505615,0.007087423000484705,0.006795565254986286,0.9349538,0.033950947,-0.021741169,0.8206450928764398
24,0.24,BL,4.0,0.0703587681055069,0.09670020639896393,1.6718204021453857,1.709298014640808,3.9296412467956543,0.18459723889827728,1.6718204021453857,0.3569743037223816,0.004116896074265242,0.006630994594097137,0.9349538,0.033950947,-0.021741169,0.8206450928764398
24,0.24,BR,4.0,0.01415180042386055,0.04181857407093048,1.7052943706512451,1.7451027631759644,3.9858481884002686,0.1985936313867569,1.7052943706512451,0.38944366574287415,0.00729227252304554,0.006809856042265893,0.9349538,0.033950947,-0.021741169,0.8206450928764398
25,0.25,FL,4.0,0.09886699914932251,0.1208486407995224,1.7062280178070068,1.7438899278640747,3.9011330604553223,0.2302502691745758,1.7062280178070068,0.4742078185081482,0.007991921156644821,0.006745818471908569,0.93492264,0.033917584,-0.0217412,0.8206444371991136
25,0.25,FR,4.0,0.04265282303094864,0.06547819077968597,1.742113709449768,1.7805734872817993,3.9573471546173096,0.24512283504009247,1.742113709449768,0.5086872577667236,0.011571172624826431,0.006934332579374314,0.93492264,0.033917584,-0.0217412,0.8206444371991136
25,0.25,BL,4.0,0.09670020639896393,0.11788038164377213,1.709298014640808,1.7459172010421753,3.9032998085021973,0.2314368337392807,1.709298014640808,0.4770222008228302,0.008290880359709263,0.006759831893444061,0.93492264,0.033917584,-0.0217412,0.8206444371991136
25,0.25,BR,4.0,0.04181857407093048,0.06461142003536224,1.7451027631759644,1.781866192817688,3.958181381225586,0.2460917979478836,1.7451027631759644,0.5110262632369995,0.011798674240708351,0.006946956193447113,0.93492264,0.033917584,-0.0217412,0.8206444371991136
26,0.26,FL,4.0,0.1208486407995224,0.14609546959400177,1.7438899278640747,1.78191077709198,3.8791513442993164,0.2768000662326813,1.7438899278640747,0.5923716425895691,0.013328757137060165,0.006878880798816681,0.9348833,0.033875372,-0.021741176,0.8206438932057497
26,0.26,FR,4.0,0.06547819077968597,0.08774998039007187,1.7805734872817993,1.8189315795898438,3.9345219135284424,0.2923370897769928,1.7805734872817993,0.6283758878707886,0.0172604788094759,0.007069911396503448,0.9348833,0.033875372,-0.021741176,0.8206438932057497
26,0.26,BL,4.0,0.11788038164377213,0.13977017998695374,1.7459172010421753,1.7842847108840942,3.882119655609131,0.27802225947380066,1.7459172010421753,0.5952346920967102,0.013656104914844036,0.0068893644988536834,0.9348833,0.033875372,-0.021741176,0.8206438932057497
26,0.26,BR,4.0,0.06461142003536224,0.08927911520004272,1.781866192817688,1.8202472925186157,3.9353885650634766,0.29331645369529724,1.781866192817688,0.6307246088981628,0.017511418089270592,0.007075775635242462,0.9348833,0.033875372,-0.021741176,0.8206438932057497
27,0.27,FL,4.0,0.14609546959400177,0.1699468195438385,1.78191077709198,1.8183618783950806,3.8539044857025146,0.3230469226837158,1.78191077709198,0.7088838815689087,0.01983891800045967,0.007010766732692719,0.9348355,0.033824224,-0.021741182,0.8206438932057311
27,0.27,FR,4.0,0.08774998039007187,0.11829719692468643,1.8189315795898438,1.8572371006011963,3.91225004196167,0.33928409218788147,1.8189315795898438,0.7463796138763428,0.0241381898522377,0.007205526334047318,0.9348355,0.033824224,-0.021741182,0.8206438932057311
27,0.27,BL,4.0,0.13977017998695374,0.16512513160705566,1.7842847108840942,1.8221142292022705,3.860229730606079,0.32434502243995667,1.7842847108840942,0.7118208408355713,0.020195268094539642,0.007025322699546814,0.9348355,0.033824224,-0.021741182,0.8206438932057311
27,0.27,BR,4.0,0.08927911520004272,0.11151668429374695,1.8202472925186157,1.8576048612594604,3.9107208251953125,0.3402451276779175,1.8202472925186157,0.7487393617630005,0.024412672966718674,0.007209565877914429,0.9348355,0.033824224,-0.021741182,0.8206438932057311
28,0.28,FL,4.0,0.1699468195438385,0.19693131744861603,1.8183618783950806,1.8550682067871094,3.8300530910491943,0.36900758743286133,1.8183618783950806,0.8236861228942871,0.027505595237016678,0.007137490057945252,0.9347794,0.0337638,-0.021741204,0.8206433816318026
28,0.28,FR,4.0,0.11829719692468643,0.1357460469007492,1.8572371006011963,1.8919652700424194,3.8817028999328613,0.3858645260334015,1.8572371006011963,0.8627602458000183,0.03218776732683182,0.0073343106448650365,0.9347794,0.0337638,-0.021741204,0.8206433816318026
28,0.28,BL,4.0,0.16512513160705566,0.19611693918704987,1.8221142292022705,1.85829496383667,3.8348748683929443,0.3703635334968567,1.8221142292022705,0.826802134513855,0.0278922151774168,0.007156356811523438,0.9347794,0.0337638,-0.021741204,0.8206433816318026
28,0.28,BR,4.0,0.11151668429374695,0.13899151980876923,1.8576048612594604,1.8956384658813477,3.8884832859039307,0.3869069218635559,1.8576048612594604,0.8650563359260559,0.03248552605509758,0.0073412060976028445,0.9347794,0.0337638,-0.021741204,0.8206433816318026
29,0.29,FL,4.0,0.19693131744861603,0.17576317489147186,1.8550682067871094,1.8902350664138794,3.8030686378479004,0.41464439034461975,1.8550682067871094,0.9368654489517212,0.036312125623226166,0.007262727773189545,0.9347145,0.033694293,-0.02174111,0.8206544309054098
29,0.29,FR,4.0,0.1357460469007492,0.20226511359214783,1.8919652700424194,1.9315661191940308,3.8642539978027344,0.43223556876182556,1.8919652700424194,0.9773010015487671,0.04139189049601555,0.007459264242649079,0.9347145,0.033694293,-0.02174111,0.8206544309054098
29,0.29,BL,4.0,0.19611693918704987,0.21562181413173676,1.85829496383667,1.8919167518615723,3.8038830757141113,0.4160101115703583,1.85829496383667,0.9401123523712158,0.0367305651307106,0.00727628630399704,0.9347145,0.033694293,-0.02174111,0.8206544309054098
29,0.29,BR,4.0,0.13899151980876923,0.20373612642288208,1.8956384658813477,1.9313102960586548,3.861008405685425,0.43323901295661926,1.8956384658813477,0.9797950983047485,0.04171361029148102,0.007471360647678376,0.9347145,0.033694293,-0.02174111,0.8206544309054098
30,0.3,FL,4.0,0.17576317489147186,0.2183087021112442,1.8902350664138794,1.9443391561508179,3.8242368698120117,0.4605352282524109,1.8902350664138794,1.0483647584915161,0.04624199494719505,0.00742032972574234,0.9346416,0.033614933,-0.021741102,0.8206496574158054
30,0.3,FR,4.0,0.20226511359214783,0.21994248032569885,1.9315661191940308,1.9513295888900757,3.7977349758148193,0.4778083860874176,1.9315661191940308,1.0904560089111328,0.05173444747924805,0.007564452385902405,0.9346416,0.033614933,-0.021741102,0.8206496574158054
30,0.3,BL,4.0,0.21562181413173676,0.22008046507835388,1.8919167518615723,1.9297614097595215,3.7843782901763916,0.4614226520061493,1.8919167518615723,1.0516163110733032,0.046692926436662674,0.0073951695561409,0.9346416,0.033614933,-0.021741102,0.8206496574158054
30,0.3,BR,4.0,0.20373612642288208,0.2220626026391983,1.9313102960586548,1.951744556427002,3.7962639331817627,0.4787941873073578,1.9313102960586548,1.092832326889038,0.05208051577210426,0.007562252283096314,0.9346416,0.033614933,-0.021741102,0.8206496574158054
31,0.31,FL,4.0,0.2183087021112442,0.24538999795913696,1.9443391561508179,1.9732117652893066,3.781691312789917,0.5059155225753784,1.9443391561508179,1.159735083580017,0.057286206632852554,0.0076027096629142765,0.9345589,0.033526562,-0.021741156,0.8206499132033561
31,0.31,FR,4.0,0.21994248032569885,0.24504224956035614,1.9513295888900757,1.9898314476013184,3.780057430267334,0.5231691002845764,1.9513295888900757,1.2007241249084473,0.06319402158260345,0.007629364371299744,0.9345589,0.033526562,-0.021741156,0.8206499132033561
31,0.31,BL,4.0,0.22008046507835388,0.24316686391830444,1.9297614097595215,1.9733904600143433,3.7799196243286133,0.5067816972732544,1.9297614097595215,1.1617158651351929,0.05776325613260269,0.007542981266975403,0.9345589,0.033526562,-0.021741156,0.8206499132033561
31,0.31,BR,4.0,0.2220626026391983,0.24361561238765717,1.951744556427002,1.9899691343307495,3.777937412261963,0.5241294503211975,1.951744556427002,1.2030397653579712,0.06356354802846909,0.00762932814359665,0.9345589,0.033526562,-0.021741156,0.8206499132033561
32,0.32,FL,4.0,0.24538999795913696,0.2712017893791199,1.9732117652893066,2.0077595710754395,3.754610061645508,0.5509708523750305,1.9732117652893066,1.2690026760101318,0.0694335326552391,0.007696535062789917,0.9344671,0.033428323,-0.021741167,0.8206500897261715
32,0.32,FR,4.0,0.24504224956035614,0.27080267667770386,1.9898314476013184,2.0251522064208984,3.754957675933838,0.5682286024093628,1.9898314476013184,1.309687852859497,0.0757497176527977,0.007763291990756988,0.9344671,0.033428323,-0.021741167,0.8206500897261715
32,0.32,BL,4.0,0.24316686391830444,0.271881639957428,1.9733904600143433,2.0095150470733643,3.756833076477051,0.5518636703491211,1.9733904600143433,1.2709197998046875,0.0699300765991211,0.007699028348922729,0.9344671,0.033428323,-0.021741167,0.8206500897261715
32,0.32,BR,4.0,0.24361561238765717,0.270483136177063,1.9899691343307495,2.0266830921173096,3.7563843727111816,0.5692060589790344,1.9899691343307495,1.3119235038757324,0.07614199072122574,0.007764984047412872,0.9344671,0.033428323,-0.021741167,0.8206500897261715
33,0.33,FL,4.0,0.2712017893791199,0.3002900779247284,2.0077595710754395,2.042490243911743,3.7287981510162354,0.5957164168357849,2.0077595710754395,1.376695156097412,0.08266561478376389,0.007814076852798462,0.9343661,0.033319935,-0.021741135,0.8206502338296385
33,0.33,FR,4.0,0.27080267667770386,0.29610610008239746,2.0251522064208984,2.0599074363708496,3.7291972637176514,0.6129789352416992,2.0251522064208984,1.4171489477157593,0.08938748389482498,0.007883966684341432,0.9343661,0.033319935,-0.021741135,0.8206502338296385
33,0.33,BL,4.0,0.271881639957428,0.3009421229362488,2.0095150470733643,2.0431110858917236,3.728118419647217,0.596601128578186,2.0095150470733643,1.3786747455596924,0.08318164199590683,0.007820554876327514,0.9343661,0.033319935,-0.021741135,0.8206502338296385
33,0.33,BR,4.0,0.270483136177063,0.2965324819087982,2.0266830921173096,2.0610127449035645,3.7295169830322266,0.6139602661132812,2.0266830921173096,1.4194170236587524,0.08980228006839752,0.007890345859527588,0.9343661,0.033319935,-0.021741135,0.8206502338296385
34,0.34,FL,4.0,0.3002900779247284,0.32669776678085327,2.042490243911743,2.0756003856658936,3.699709892272949,0.6401129364967346,2.042490243911743,1.4828885793685913,0.09696707129478455,0.00792972891330719,0.9342562,0.033201415,-0.021741103,0.8206499780420892
34,0.34,FR,4.0,0.29610610008239746,0.3280017077922821,2.0599074363708496,2.094536542892456,3.7038938999176025,0.6574257016181946,2.0599074363708496,1.523121953010559,0.10409236699342728,0.00800274486541748,0.9342562,0.033201415,-0.021741103,0.8206499780420892
34,0.34,BL,4.0,0.3009421229362488,0.32558169960975647,2.0431110858917236,2.0762243270874023,3.6990578174591064,0.6409897804260254,2.0431110858917236,1.4848392009735107,0.09750274568796158,0.007931690645217896,0.9342562,0.033201415,-0.021741103,0.8206499780420892
34,0.34,BR,4.0,0.2965324819087982,0.33032792806625366,2.0610127449035645,2.0953471660614014,3.703467607498169,0.6584018468856812,2.0610127449035645,1.5253877639770508,0.10452983528375626,0.00800682499408722,0.9342562,0.033201415,-0.021741103,0.8206499780420892
35,0.35000000000000003,FL,4.0,0.32669776678085327,0.3533560633659363,2.0756003856658936,2.109433889389038,3.673302173614502,0.6841925978660583,2.0756003856658936,1.5875145196914673,0.11232257634401321,0.008041043329238893,0.93413585,0.033073112,-0.021741148,0.820650161777918
35,0.35000000000000003,FR,4.0,0.3280017077922821,0.3557645380496979,2.094536542892456,2.126224994659424,3.6719982624053955,0.7014896273612976,2.094536542892456,1.6276553869247437,0.11984974145889282,0.008115744805335999,0.93413585,0.033073112,-0.021741148,0.820650161777918
35,0.35000000000000003,BL,4.0,0.32558169960975647,0.352143257856369,2.0762243270874023,2.1107571125030518,3.6744182109832764,0.6850828528404236,2.0762243270874023,1.58943772315979,0.11287761479616165,0.008044431948661805,0.93413585,0.033073112,-0.021741148,0.820650161777918
35,0.35000000000000003,BR,4.0,0.33032792806625366,0.3503795564174652,2.0953471660614014,2.1262707710266113,3.6696720123291016,0.7024379372596741,2.0953471660614014,1.6298959255218506,0.1203097328543663,0.008117126321792602,0.93413585,0.033073112,-0.021741148,0.820650161777918
36,0.36,FL,4.0,0.3533560633659363,0.3812243342399597,2.109433889389038,2.142850160598755,3.646643877029419,0.7279523015022278,2.109433889389038,1.690691351890564,0.12871704995632172,0.008155050706863403,0.9340069,0.03293403,-0.02174113,0.8206500573067992
36,0.36,FR,4.0,0.3557645380496979,0.3841964602470398,2.126224994659424,2.1591837406158447,3.644235372543335,0.7452204823493958,2.126224994659424,1.7305750846862793,0.13664431869983673,0.008220288348197937,0.9340069,0.03293403,-0.02174113,0.8206500573067992
36,0.36,BL,4.0,0.352143257856369,0.38300466537475586,2.1107571125030518,2.144225597381592,3.6478567123413086,0.7288571000099182,2.1107571125030518,1.6926429271697998,0.12929145991802216,0.00816131384372711,0.9340069,0.03293403,-0.02174113,0.8206500573067992
36,0.36,BR,4.0,0.3503795564174652,0.38783466815948486,2.1262707710266113,2.1622860431671143,3.649620532989502,0.746233344078064,2.1262707710266113,1.7327313423156738,0.13712629675865173,0.008224779438972473,0.9340069,0.03293403,-0.02174113,0.8206500573067992
37,0.37,FL,4.0,0.3812243342399597,0.41228875517845154,2.142850160598755,2.175462484359741,3.6187756061553955,0.7713776230812073,2.142850160598755,1.7924431562423706,0.1461361050605774,0.008266421175003051,0.93386763,0.03278481,-0.02174111,0.820649913203326
37,0.37,FR,4.0,0.3841964602470398,0.4129345715045929,2.1591837406158447,2.191541910171509,3.6158034801483154,0.7886101007461548,2.1591837406158447,1.8320438861846924,0.15446080267429352,0.008329377794265748,0.93386763,0.03278481,-0.02174111,0.820649913203326
37,0.37,BL,4.0,0.38300466537475586,0.4129478335380554,2.144225597381592,2.1756551265716553,3.616995334625244,0.7722610235214233,2.144225597381592,1.7944259643554688,0.1467301994562149,0.008270498657226562,0.93386763,0.03278481,-0.02174111,0.820649913203326
37,0.37,BR,4.0,0.38783466815948486,0.4130275547504425,2.1622860431671143,2.1910994052886963,3.6121654510498047,0.7895793318748474,2.1622860431671143,1.834358811378479,0.1549651324748993,0.00833887643814087,0.93386763,0.03278481,-0.02174111,0.820649913203326
38,0.38,FL,4.0,0.41228875517845154,0.4412226974964142,2.175462484359741,2.2064621448516846,3.5877113342285156,0.8144301772117615,2.175462484359741,1.8927626609802246,0.16456548869609833,0.008372018933296204,0.93371844,0.03262505,-0.021741169,0.820649689835195
38,0.38,FR,4.0,0.4129345715045929,0.43986016511917114,2.191541910171509,2.2234363555908203,3.5870654582977295,0.8316549062728882,2.191541910171509,1.932071566581726,0.17328470945358276,0.00843581998348236,0.93371844,0.03262505,-0.021741169,0.820649689835195
38,0.38,BL,4.0,0.4129478335380554,0.43840402364730835,2.1756551265716553,2.2070820331573486,3.5870521068573,0.8153056502342224,2.1756551265716553,1.8946828842163086,0.1651790887117386,0.008372262239456177,0.93371844,0.03262505,-0.021741169,0.820649689835195
38,0.38,BR,4.0,0.4130275547504425,0.4389056861400604,2.1910994052886963,2.2243683338165283,3.58697247505188,0.8326230049133301,2.1910994052886963,1.9342610836029053,0.17381156980991364,0.008433975577354431,0.93371844,0.03262505,-0.021741169,0.820649689835195
39,0.39,FL,4.0,0.4412226974964142,0.47188496589660645,2.2064621448516846,2.237941026687622,3.558777332305908,0.8571354746818542,2.2064621448516846,1.9915796518325806,0.1839904934167862,0.008472870421409607,0.93355966,0.03245432,-0.021741131,0.8206498411515909
39,0.39,FR,4.0,0.43986016511917114,0.47270339727401733,2.2234363555908203,2.2557108402252197,3.5601398944854736,0.8743765950202942,2.2234363555908203,2.0306782722473145,0.19310174882411957,0.008541857290267945,0.93355966,0.03245432,-0.021741131,0.8206498411515909
39,0.39,BL,4.0,0.43840402364730835,0.47228556871414185,2.2070820331573486,2.2399439811706543,3.561595916748047,0.8580448031425476,2.2070820331573486,1.9934730529785156,0.18462315201759338,0.008477604913711549,0.93355966,0.03245432,-0.021741131,0.8206498411515909
39,0.39,BR,4.0,0.4389056861400604,0.4704125225543976,2.2243683338165283,2.2570607662200928,3.561094284057617,0.875356137752533,2.2243683338165283,2.0328550338745117,0.19365043938159943,0.008546348786354064,0.93355966,0.03245432,-0.021741131,0.8206498411515909
40,0.4,FL,4.0,0.47188496589660645,0.49840840697288513,2.237941026687622,2.2683815956115723,3.5281150341033936,0.8994728326797485,2.237941026687622,2.0889904499053955,0.204396590590477,0.008574256134033202,0.9333905,0.032272812,-0.021741163,0.8206500573067927
40,0.4,FR,4.0,0.47270339727401733,0.5014864802360535,2.2557108402252197,2.285295248031616,3.527296543121338,0.9167041182518005,2.2557108402252197,2.1279497146606445,0.21389813721179962,0.008644680643081666,0.9333905,0.032272812,-0.021741163,0.8206500573067927
40,0.4,BL,4.0,0.47228556871414185,0.5010106563568115,2.2399439811706543,2.2691307067871094,3.527714490890503,0.9003773927688599,2.2399439811706543,2.0909669399261475,0.205048605799675,0.008581947469711304,0.9333905,0.032272812,-0.021741163,0.8206500573067927
40,0.4,BR,4.0,0.4704125225543976,0.500293493270874,2.2570607662200928,2.287191152572632,3.529587507247925,0.9177111983299255,2.2570607662200928,2.1301469802856445,0.21446868777275085,0.008651913046836853,0.9333905,0.032272812,-0.021741163,0.8206500573067927
41,0.41000000000000003,FL,4.0,0.49840840697288513,0.5341778993606567,2.2683815956115723,2.300109386444092,3.501591682434082,0.941491961479187,2.2683815956115723,2.184968948364258,0.22576957941055298,0.00867479965686798,0.93321097,0.032080345,-0.02174115,0.8206501293585491
41,0.41000000000000003,FR,4.0,0.5014864802360535,0.5369095206260681,2.285295248031616,2.3161096572875977,3.4985134601593018,0.9586862921714783,2.285295248031616,2.223726987838745,0.23565970361232758,0.008739991807937622,0.93321097,0.032080345,-0.02174115,0.8206501293585491
41,0.41000000000000003,BL,4.0,0.5010106563568115,0.5357266068458557,2.2691307067871094,2.299973249435425,3.4989893436431885,0.942365288734436,2.2691307067871094,2.1869266033172607,0.22644127905368805,0.008675714302062989,0.93321097,0.032080345,-0.02174115,0.8206501293585491
41,0.41000000000000003,BR,4.0,0.500293493270874,0.5356898307800293,2.287191152572632,2.317593812942505,3.499706506729126,0.9597076773643494,2.287191152572632,2.2259867191314697,0.2362525463104248,0.008748529815673829,0.93321097,0.032080345,-0.02174115,0.8206501293585491
42,0.42,FL,4.0,0.5341778993606567,0.5652725696563721,2.300109386444092,2.3278207778930664,3.465822219848633,0.9830818176269531,2.300109386444092,2.279672384262085,0.24809594452381134,0.008773095226287842,0.9330213,0.031876538,-0.021741144,0.8206502014102782
42,0.42,FR,4.0,0.5369095206260681,0.5700440406799316,2.3161096572875977,2.3439226150512695,3.463090419769287,1.0002434253692627,2.3161096572875977,2.3181653022766113,0.25837230682373047,0.008834911012649537,0.9330213,0.031876538,-0.021741144,0.8206502014102782
42,0.42,BL,4.0,0.5357266068458557,0.5647587776184082,2.299973249435425,2.3280746936798096,3.464273452758789,0.9839365482330322,2.299973249435425,2.2815425395965576,0.2487867772579193,0.008771311712265015,0.9330213,0.031876538,-0.021741144,0.8206502014102782
42,0.42,BR,4.0,0.5356898307800293,0.5678167939186096,2.317593812942505,2.3454318046569824,3.4643101692199707,1.001279354095459,2.317593812942505,2.320452928543091,0.2589879035949707,0.008841823387145996,0.9330213,0.031876538,-0.021741144,0.8206502014102782
43,0.43,FL,4.0,0.5652725696563721,0.6004084348678589,2.3278207778930664,2.3569726943969727,3.434727430343628,1.0242985486984253,2.3278207778930664,2.372835397720337,0.2713615894317627,0.008859065055847168,0.93282115,0.031661473,-0.021741126,0.8206503058813878
43,0.43,FR,4.0,0.5700440406799316,0.5985459089279175,2.3439226150512695,2.372225761413574,3.4299559593200684,1.041402816772461,2.3439226150512695,2.4110817909240723,0.2820216417312622,0.008919655227661133,0.93282115,0.031661473,-0.021741126,0.8206503058813878
43,0.43,BL,4.0,0.5647587776184082,0.6010177731513977,2.3280746936798096,2.3580329418182373,3.435241222381592,1.025159478187561,2.3280746936798096,2.374652147293091,0.27207085490226746,0.008860491752624511,0.93282115,0.031661473,-0.021741126,0.8206503058813878
43,0.43,BR,4.0,0.5678167939186096,0.5979288816452026,2.3454318046569824,2.374152660369873,3.432183265686035,1.0424655675888062,2.3454318046569824,2.413398027420044,0.28266024589538574,0.008927473783493043,0.93282115,0.031661473,-0.021741126,0.8206503058813878
44,0.44,FL,4.0,0.6004084348678589,0.6322140097618103,2.3569726943969727,2.3841352462768555,3.3995914459228516,1.0650936365127563,2.3569726943969727,2.4646315574645996,0.29555198550224304,0.008947564029693603,0.93261003,0.031435113,-0.021741137,0.8206503851461173
44,0.44,FR,4.0,0.5985459089279175,0.632666826248169,2.372225761413574,2.401984453201294,3.401453971862793,1.0822203159332275,2.372225761413574,2.5025746822357178,0.3065929710865021,0.009010066318511964,0.93261003,0.031435113,-0.021741137,0.8206503851461173
44,0.44,BL,4.0,0.6010177731513977,0.6307576894760132,2.3580329418182373,2.3847522735595703,3.398982286453247,1.0659472942352295,2.3580329418182373,2.4664602279663086,0.2962794601917267,0.00895131754875183,0.93261003,0.031435113,-0.021741137,0.8206503851461173
44,0.44,BR,4.0,0.5979288816452026,0.6311512589454651,2.374152660369873,2.403294086456299,3.402070999145508,1.083290457725525,2.374152660369873,2.504951000213623,0.3072550594806671,0.00901826753616333,0.93261003,0.031435113,-0.021741137,0.8206503851461173
45,0.45,FL,4.0,0.6322140097618103,0.6618011593818665,2.3841352462768555,2.412208080291748,3.367785930633545,1.1055071353912354,2.3841352462768555,2.5549585819244385,0.32065293192863464,0.009030769777297974,0.932388,0.031197175,-0.021741169,0.8206502734620148
45,0.45,FR,4.0,0.632666826248169,0.6598054766654968,2.401984453201294,2.4291536808013916,3.367333173751831,1.1226283311843872,2.401984453201294,2.592813491821289,0.3320729434490204,0.009101804351806641,0.932388,0.031197175,-0.021741169,0.8206502734620148
45,0.45,BL,4.0,0.6307576894760132,0.6636598706245422,2.3847522735595703,2.4136440753936768,3.3692421913146973,1.106378197669983,2.3847522735595703,2.5567638874053955,0.32139861583709717,0.00903440294265747,0.932388,0.031197175,-0.021741169,0.8206502734620148
45,0.45,BR,4.0,0.6311512589454651,0.6640191674232483,2.403294086456299,2.4308300018310547,3.3688488006591797,1.1237165927886963,2.403294086456299,2.5951995849609375,0.3327588140964508,0.009108255338668823,0.932388,0.031197175,-0.021741169,0.8206502734620148
46,0.46,FL,4.0,0.6618011593818665,0.6962890625,2.412208080291748,2.440786600112915,3.3381989002227783,1.1455655097961426,2.412208080291748,2.6439452171325684,0.3466504216194153,0.009119391393661498,0.93215567,0.030947365,-0.021741172,0.8206502338296564
46,0.46,FR,4.0,0.6598054766654968,0.6987624168395996,2.4291536808013916,2.4587061405181885,3.3401944637298584,1.1627106666564941,2.4291536808013916,2.681644916534424,0.35844817757606506,0.00918877034187317,0.93215567,0.030947365,-0.021741172,0.8206502338296564
46,0.46,BL,4.0,0.6636598706245422,0.6976094245910645,2.4136440753936768,2.4409141540527344,3.3363401889801025,1.1464142799377441,2.4136440753936768,2.6457924842834473,0.3474143445491791,0.009123648405075074,0.93215567,0.030947365,-0.021741172,0.8206502338296564
46,0.46,BR,4.0,0.6640191674232483,0.6981461048126221,2.4308300018310547,2.458108901977539,3.3359808921813965,1.1637483835220337,2.4308300018310547,2.6840686798095703,0.35915812849998474,0.00919210467338562,0.93215567,0.030947365,-0.021741172,0.8206502338296564
47,0.47000000000000003,FL,4.0,0.6962890625,0.7300018668174744,2.440786600112915,2.4670498371124268,3.3037109375,1.1852099895477295,2.440786600112915,2.7316839694976807,0.3735314905643463,0.00920611515045166,0.93191165,0.030685918,-0.021741109,0.8206503058813999
47,0.47000000000000003,FR,4.0,0.6987624168395996,0.7271705865859985,2.4587061405181885,2.483205795288086,3.3012375831604004,1.202325463294983,2.4587061405181885,2.769310474395752,0.3857058882713318,0.009275814628601074,0.93191165,0.030685918,-0.021741109,0.8206503058813999
47,0.47000000000000003,BL,4.0,0.6976094245910645,0.7260345816612244,2.4409141540527344,2.4673705101013184,3.3023905754089355,1.1860429048538208,2.4409141540527344,2.733468770980835,0.3743135929107666,0.009205569076538087,0.93191165,0.030685918,-0.021741109,0.8206503058813999
47,0.47000000000000003,BR,4.0,0.6981461048126221,0.7290976047515869,2.458108901977539,2.484489917755127,3.301853895187378,1.2033706903457642,2.458108901977539,2.771592617034912,0.38643932342529297,0.00927391872406006,0.93191165,0.030685918,-0.021741109,0.8206503058813999
48,0.48,FL,4.0,0.7300018668174744,0.762054979801178,2.4670498371124268,2.4932093620300293,3.269998073577881,1.2244499921798706,2.4670498371124268,2.818042039871216,0.40128299593925476,0.009284197854995728,0.931657,0.030412612,-0.021741152,0.820650241042635
48,0.48,FR,4.0,0.7271705865859985,0.7630817890167236,2.483205795288086,2.5114572048187256,3.272829532623291,1.241599440574646,2.483205795288086,2.8554601669311523,0.4138326048851013,0.009351086711883545,0.931657,0.030412612,-0.021741152,0.820650241042635
48,0.48,BL,4.0,0.7260345816612244,0.7635909914970398,2.4673705101013184,2.495629072189331,3.273965358734131,1.2253304719924927,2.4673705101013184,2.81978178024292,0.4020827114582062,0.009288654375076295,0.931657,0.030412612,-0.021741152,0.820650241042635
48,0.48,BR,4.0,0.7290976047515869,0.7628988027572632,2.484489917755127,2.5117316246032715,3.270902395248413,1.2426215410232544,2.484489917755127,2.857753276824951,0.41458892822265625,0.009354681587219239,0.931657,0.030412612,-0.021741152,0.820650241042635
49,0.49,FL,4.0,0.762054979801178,0.7975966930389404,2.4932093620300293,2.5196280479431152,3.237945079803467,1.2633053064346313,2.4932093620300293,2.9030652046203613,0.4298913776874542,0.009363193464279175,0.9313914,0.030127311,-0.02174113,0.8206506409337325
49,0.49,FR,4.0,0.7630817890167236,0.7944017052650452,2.5114572048187256,2.5363667011260986,3.2369182109832764,1.280442476272583,2.5114572048187256,2.9404470920562744,0.44281497597694397,0.009435363388061523,0.9313914,0.030127311,-0.02174113,0.8206506409337325
49,0.49,BL,4.0,0.7635909914970398,0.795626163482666,2.495629072189331,2.5198941230773926,3.2364089488983154,1.2641674280166626,2.495629072189331,2.9049265384674072,0.4307090938091278,0.009371643495559691,0.9313914,0.030127311,-0.02174113,0.8206506409337325
49,0.49,BR,4.0,0.7628988027572632,0.7944252490997314,2.5117316246032715,2.537461996078491,3.2371010780334473,1.2814667224884033,2.5117316246032715,2.94267201423645,0.4435938894748688,0.009436607456207275,0.9313914,0.030127311,-0.02174113,0.8206506409337325
50,0.5,FL,4.0,0.7975966930389404,0.8286433219909668,2.5196280479431152,2.544266700744629,3.2024033069610596,1.301734209060669,2.5196280479431152,2.9868264198303223,0.45934364199638367,0.009440434837341308,0.931114,0.029830048,-0.021741187,0.8206503527267666
50,0.5,FR,4.0,0.7944017052650452,0.8301982283592224,2.5363667011260986,2.5626816749572754,3.2055983543395996,1.3189096450805664,2.5363667011260986,3.024055242538452,0.4726402759552002,0.009509945440292359,0.931114,0.029830048,-0.021741187,0.8206503527267666
50,0.5,BL,4.0,0.795626163482666,0.8277769088745117,2.5198941230773926,2.54591703414917,3.204373836517334,1.3026199340820312,2.5198941230773926,2.988635778427124,0.4601796865463257,0.009443075561523438,0.931114,0.029830048,-0.021741187,0.8206503527267666
50,0.5,BR,4.0,0.7944252490997314,0.8298487663269043,2.537461996078491,2.5636966228485107,3.2055747509002686,1.3199336528778076,2.537461996078491,3.0262787342071533,0.4734414517879486,0.009514307785034181,0.931114,0.029830048,-0.021741187,0.8206503527267666
51,0.51,FL,4.0,0.8286433219909668,0.8611525893211365,2.544266700744629,2.5702767372131348,3.171356678009033,1.3397904634475708,2.544266700744629,3.0692355632781982,0.4896266758441925,0.009514152145385741,0.930826,0.029520525,-0.021741096,0.820650568881985
51,0.51,FR,4.0,0.8301982283592224,0.8614885807037354,2.5626816749572754,2.5868303775787354,3.169801712036133,1.3569473028182983,2.5626816749572754,3.1064488887786865,0.5032955408096313,0.009586568117141724,0.930826,0.029520525,-0.021741096,0.820650568881985
51,0.51,BL,4.0,0.8277769088745117,0.8610178232192993,2.54591703414917,2.5715091228485107,3.1722230911254883,1.340686559677124,2.54591703414917,3.07110333442688,0.4904811382293701,0.00952144660949707,0.930826,0.029520525,-0.021741096,0.820650568881985
51,0.51,BR,4.0,0.8298487663269043,0.8624839782714844,2.5636966228485107,2.58799409866333,3.1701512336730957,1.3579753637313843,2.5636966228485107,3.1086647510528564,0.5041189193725586,0.00959090747833252,0.930826,0.029520525,-0.021741096,0.820650568881985
52,0.52,FL,4.0,0.8611525893211365,0.8978063464164734,2.5702767372131348,2.5953292846679688,3.1388473510742188,1.3774566650390625,2.5702767372131348,3.1504530906677246,0.520727813243866,0.00959218487739563,0.9305257,0.029198984,-0.021741183,0.8206502806750171
52,0.52,FR,4.0,0.8614885807037354,0.897241473197937,2.5868303775787354,2.612351894378662,3.1385114192962646,1.3946094512939453,2.5868303775787354,3.1875052452087402,0.5347679853439331,0.009658130645751953,0.9305257,0.029198984,-0.021741183,0.8206502806750171
52,0.52,BL,4.0,0.8610178232192993,0.898483157157898,2.5715091228485107,2.5962793827056885,3.1389822959899902,1.3783543109893799,2.5715091228485107,3.152344226837158,0.5216010808944702,0.009597222232818604,0.9305257,0.029198984,-0.021741183,0.8206502806750171
52,0.52,BR,4.0,0.8624839782714844,0.8992378115653992,2.58799409866333,2.6129817962646484,3.1375160217285156,1.3956255912780762,2.58799409866333,3.189725637435913,0.5356135368347168,0.009661989212036133,0.9305257,0.029198984,-0.021741183,0.8206502806750171
53,0.53,FL,4.0,0.8978063464164734,0.9313821792602539,2.5953292846679688,2.6183340549468994,3.102193593978882,1.4146829843521118,2.5953292846679688,3.2304506301879883,0.5526350140571594,0.009663072061538696,0.9302143,0.028864749,-0.021741102,0.8206503851461356
53,0.53,FR,4.0,0.897241473197937,0.9308922290802002,2.612351894378662,2.6357128620147705,3.1027584075927734,1.431842565536499,2.612351894378662,3.2673850059509277,0.5670451521873474,0.0097316143989563,0.9302143,0.028864749,-0.021741102,0.8206503851461356
53,0.53,BL,4.0,0.898483157157898,0.931669294834137,2.5962793827056885,2.6189610958099365,3.1015167236328125,1.4155725240707397,2.5962793827056885,3.23234224319458,0.5535271763801575,0.009666331005096436,0.9302143,0.028864749,-0.021741102,0.8206503851461356
53,0.53,BR,4.0,0.8992378115653992,0.9317166805267334,2.6129817962646484,2.6359305381774902,3.100762128829956,1.4328347444534302,2.6129817962646484,3.2695677280426025,0.5679126977920532,0.009732536935806274,0.9302143,0.028864749,-0.021741102,0.8206503851461356
54,0.54,FL,4.0,0.9313821792602539,0.9675065279006958,2.6183340549468994,2.642130136489868,3.068617820739746,1.4515063762664795,2.6183340549468994,3.3091156482696533,0.5853354930877686,0.009728230476379395,0.92989165,0.028518034,-0.02174117,0.8206507454048739
54,0.54,FR,4.0,0.9308922290802002,0.9657541513442993,2.6357128620147705,2.6594855785369873,3.0691077709198,1.4686717987060547,2.6357128620147705,3.3459646701812744,0.6001145243644714,0.009798137664794922,0.92989165,0.028518034,-0.02174117,0.8206507454048739
54,0.54,BL,4.0,0.931669294834137,0.9716941118240356,2.6189610958099365,2.642904758453369,3.068330764770508,1.452392578125,2.6189610958099365,3.3109822273254395,0.5862464308738708,0.009730508947372436,0.92989165,0.028518034,-0.02174117,0.8206507454048739
54,0.54,BR,4.0,0.9317166805267334,0.9654904007911682,2.6359305381774902,2.6601481437683105,3.0682833194732666,1.4696542024612427,2.6359305381774902,3.348078727722168,0.6010035276412964,0.009798348808288575,0.92989165,0.028518034,-0.02174117,0.8206507454048739
55,0.55,FL,4.0,0.9675065279006958,1.0024820566177368,2.642130136489868,2.664503812789917,3.0324935913085938,1.4878963232040405,2.642130136489868,3.3865621089935303,0.6188164353370667,0.009794515323638916,0.9295569,0.02815887,-0.021741126,0.8206508246696196
55,0.55,FR,4.0,0.9657541513442993,0.9979627132415771,2.6594855785369873,2.682370185852051,3.0342459678649902,1.5050827264785767,2.6594855785369873,3.4233272075653076,0.6339635252952576,0.00986533899307251,0.9295569,0.02815887,-0.021741126,0.8206508246696196
55,0.55,BL,4.0,0.9716941118240356,1.0033036470413208,2.642904758453369,2.66371488571167,3.028306007385254,1.4887322187423706,2.642904758453369,3.388416290283203,0.6197459697723389,0.00979426374435425,0.9295569,0.02815887,-0.021741126,0.8206508246696196
55,0.55,BR,4.0,0.9654904007911682,1.0018452405929565,2.6601481437683105,2.683458089828491,3.0345096588134766,1.506068229675293,2.6601481437683105,3.425410509109497,0.6348735690116882,0.009868200254440308,0.9295569,0.02815887,-0.021741126,0.8206508246696196
56,0.56,FL,4.0,1.0024820566177368,1.0385798215866089,2.664503812789917,2.686903476715088,2.9975180625915527,1.5238665342330933,2.664503812789917,3.462726593017578,0.6530654430389404,0.009856029605865478,0.9292104,0.027787125,-0.021741156,0.8206509687731276
56,0.56,FR,4.0,0.9979627132415771,1.0362643003463745,2.682370185852051,2.705897569656372,3.002037286758423,1.541107177734375,2.682370185852051,3.499451160430908,0.6685799360275269,0.009931110572814941,0.9292104,0.027787125,-0.021741156,0.8206509687731276
56,0.56,BL,4.0,1.0033036470413208,1.0383867025375366,2.66371488571167,2.687410831451416,2.9966964721679688,1.5246925354003906,2.66371488571167,3.4644460678100586,0.6540128588676453,0.009852216625213624,0.9292104,0.027787125,-0.021741156,0.8206509687731276
56,0.56,BR,4.0,1.0018452405929565,1.036698341369629,2.683458089828491,2.7053301334381104,2.998154640197754,1.542046070098877,2.683458089828491,3.501538038253784,0.6695108413696289,0.009932356166839601,0.9292104,0.027787125,-0.021741156,0.8206509687731276
57,0.5700000000000001,FL,4.0,1.0385798215866089,1.071225881576538,2.686903476715088,2.708434581756592,2.9614200592041016,1.5594035387039185,2.686903476715088,3.537661075592041,0.6880698800086975,0.009916750049591064,0.92885256,0.027402489,-0.021741115,0.8206508895084085
57,0.5700000000000001,FR,4.0,1.0362643003463745,1.0719398260116577,2.705897569656372,2.7266013622283936,2.963735580444336,1.576672077178955,2.705897569656372,3.574435234069824,0.703951895236969,0.00999457883834839,0.92885256,0.027402489,-0.021741115,0.8206508895084085
57,0.5700000000000001,BL,4.0,1.0383867025375366,1.0701210498809814,2.687410831451416,2.7093379497528076,2.961613178253174,1.5602319240570068,2.687410831451416,3.5393528938293457,0.6890343427658081,0.009918933963775635,0.92885256,0.027402489,-0.021741115,0.8206508895084085
57,0.5700000000000001,BR,4.0,1.036698341369629,1.073482632637024,2.7053301334381104,2.7273666858673096,2.963301658630371,1.5776057243347168,2.7053301334381104,3.5763957500457764,0.7049030065536499,0.00999196186065674,0.92885256,0.027402489,-0.021741115,0.8206508895084085
58,0.58,FL,4.0,1.071225881576538,1.1039553880691528,2.708434581756592,2.7309131622314453,2.928774118423462,1.5945488214492798,2.708434581756592,3.6113457679748535,0.7238173484802246,0.009976757621765137,0.92848253,0.027005576,-0.021741185,0.8206507129854949
58,0.58,FR,4.0,1.0719398260116577,1.1089674234390259,2.7266013622283936,2.747896194458008,2.9280600547790527,1.6118087768554688,2.7266013622283936,3.6481027603149414,0.7400670647621155,0.010048853588104248,0.92848253,0.027005576,-0.021741185,0.8206507129854949
58,0.58,BL,4.0,1.0701210498809814,1.1048675775527954,2.7093379497528076,2.7321834564208984,2.9298789501190186,1.5953904390335083,2.7093379497528076,3.6130423545837402,0.7247987389564514,0.009981254959106445,0.92848253,0.027005576,-0.021741185,0.8206507129854949
58,0.58,BR,4.0,1.073482632637024,1.1090257167816162,2.7273666858673096,2.7482125759124756,2.9265174865722656,1.61272394657135,2.7273666858673096,3.6500463485717773,0.7410376667976379,0.01005068063735962,0.92848253,0.027005576,-0.021741185,0.8206507129854949
59,0.59,FL,4.0,1.1039553880691528,1.1458841562271118,2.7309131622314453,2.7529666423797607,2.8960447311401367,1.6293013095855713,2.7309131622314453,3.6839041709899902,0.7602960467338562,0.010040488338470458,0.92809975,0.026595846,-0.0217411,0.8206511525090346
59,0.59,FR,4.0,1.1089674234390259,1.14486825466156,2.747896194458008,2.768221855163574,2.8910326957702637,1.6465011835098267,2.747896194458008,3.7205517292022705,0.7769127488136292,0.01010441083908081,0.92809975,0.026595846,-0.0217411,0.8206511525090346
59,0.59,BL,4.0,1.1048675775527954,1.1416404247283936,2.7321834564208984,2.753443479537964,2.895132541656494,1.6301320791244507,2.7321834564208984,3.685633659362793,0.7612945437431335,0.010044839763641358,0.92809975,0.026595846,-0.0217411,0.8206511525090346
59,0.59,BR,4.0,1.1090257167816162,1.145384669303894,2.7482125759124756,2.769113779067993,2.890974283218384,1.6474156379699707,2.7482125759124756,3.7224440574645996,0.7779025435447693,0.01010562973022461,0.92809975,0.026595846,-0.0217411,0.8206511525090346
60,0.6,FL,4.0,1.1458841562271118,1.177632451057434,2.7529666423797607,2.7709476947784424,2.8541159629821777,1.6635507345199585,2.7529666423797607,3.7553470134735107,0.797494649887085,0.010095159244537353,0.92770565,0.02617294,-0.021741154,0.8206511525090386
60,0.6,FR,4.0,1.14486825466156,1.1777294874191284,2.768221855163574,2.7885539531707764,2.8551316261291504,1.680762767791748,2.768221855163574,3.7917537689208984,0.8144766092300415,0.010156992816925049,0.92770565,0.02617294,-0.021741154,0.8206511525090386
60,0.6,BL,4.0,1.1416404247283936,1.1782935857772827,2.753443479537964,2.7734758853912354,2.8583595752716064,1.664432406425476,2.753443479537964,3.7570459842681885,0.7985103726387024,0.01010046157836914,0.92770565,0.02617294,-0.021741154,0.8206511525090386
60,0.6,BR,4.0,1.145384669303894,1.178025722503662,2.769113779067993,2.789261817932129,2.8546152114868164,1.6816710233688354,2.769113779067993,3.7936418056488037,0.8154853582382202,0.010160147380828858,0.92770565,0.02617294,-0.021741154,0.8206511525090386
61,0.61,FL,4.0,1.177632451057434,1.2146611213684082,2.7709476947784424,2.7924978733062744,2.8223676681518555,1.6974191665649414,2.7709476947784424,3.8253986835479736,0.8354007005691528,0.010141684818267823,0.9272995,0.025737,-0.021741206,0.8206510084055139
61,0.61,FR,4.0,1.1777294874191284,1.2163339853286743,2.7885539531707764,2.809670925140381,2.822270393371582,1.7146300077438354,2.7885539531707764,3.8617587089538574,0.8527465462684631,0.010212032222747804,0.9272995,0.025737,-0.021741206,0.8206510084055139
61,0.61,BL,4.0,1.1782935857772827,1.2153640985488892,2.7734758853912354,2.7931149005889893,2.8217062950134277,1.698292851448059,2.7734758853912354,3.8272292613983154,0.8364340662956238,0.010151268672943114,0.9272995,0.025737,-0.021741206,0.8206510084055139
61,0.61,BR,4.0,1.178025722503662,1.2175672054290771,2.789261817932129,2.8104608058929443,2.821974277496338,1.7155346870422363,2.789261817932129,3.8636281490325928,0.8537740111351013,0.010214626693725587,0.9272995,0.025737,-0.021741206,0.8206510084055139
62,0.62,FL,4.0,1.2146611213684082,1.2514011859893799,2.7924978733062744,2.8115546703338623,2.785338878631592,1.730843186378479,2.7924978733062744,3.8943934440612793,0.8740019798278809,0.010198262596130372,0.9268812,0.025288135,-0.021741081,0.8206509687731444
62,0.62,FR,4.0,1.2163339853286743,1.250077724456787,2.809670925140381,2.828096389770508,2.7836661338806152,1.7480340003967285,2.809670925140381,3.9306743144989014,0.8917109966278076,0.010265616512298584,0.9268812,0.025288135,-0.021741081,0.8206509687731444
62,0.62,BL,4.0,1.2153640985488892,1.247743010520935,2.7931149005889893,2.8121471405029297,2.7846360206604004,1.7317085266113281,2.7931149005889893,3.896200656890869,0.8750535249710083,0.010200168323516846,0.9268812,0.025288135,-0.021741081,0.8206509687731444
62,0.62,BR,4.0,1.2175672054290771,1.251420021057129,2.8104608058929443,2.828507900238037,2.782432794570923,1.748923897743225,2.8104608058929443,3.932532548904419,0.8927571177482605,0.010267789459228516,0.9268812,0.025288135,-0.021741081,0.8206509687731444
63,0.63,FL,4.0,1.2514011859893799,1.2877272367477417,2.8115546703338623,2.830282688140869,2.74859881401062,1.7638263702392578,2.8115546703338623,3.962177276611328,0.9132871031761169,0.010245097732543946,0.9264506,0.024826214,-0.021741126,0.8206508246696081
63,0.63,FR,4.0,1.250077724456787,1.2904467582702637,2.828096389770508,2.8480029106140137,2.749922275543213,1.7810330390930176,2.828096389770508,3.998332977294922,0.931358277797699,0.010312323379516602,0.9264506,0.024826214,-0.021741126,0.8206508246696081
63,0.63,BL,4.0,1.247743010520935,1.2879130840301514,2.8121471405029297,2.832611322402954,2.7522568702697754,1.7647355794906616,2.8121471405029297,3.9639601707458496,0.9143565893173218,0.010250394153594971,0.9264506,0.024826214,-0.021741126,0.8206508246696081
63,0.63,BR,4.0,1.251420021057129,1.2888931035995483,2.828507900238037,2.848356008529663,2.748579978942871,1.7819068431854248,2.828507900238037,4.000150680541992,0.9324227571487427,0.010312895584106446,0.9264506,0.024826214,-0.021741126,0.8206508246696081
64,0.64,FL,4.0,1.2877272367477417,1.324205756187439,2.830282688140869,2.8487355709075928,2.7122726440429688,1.796373724937439,2.830282688140869,4.028771877288818,0.9532440900802612,0.010290948963165283,0.92600787,0.024351098,-0.021741133,0.8206508174566126
64,0.64,FR,4.0,1.2904467582702637,1.3221595287322998,2.8480029106140137,2.864854335784912,2.7095532417297363,1.8135476112365723,2.8480029106140137,4.064899444580078,0.9716766476631165,0.010359654235839845,0.92600787,0.024351098,-0.021741133,0.8206508174566126
64,0.64,BL,4.0,1.2879130840301514,1.325257658958435,2.832611322402954,2.8495702743530273,2.7120869159698486,1.7972805500030518,2.832611322402954,4.030667781829834,0.9543319344520569,0.010300114822387695,0.92600787,0.024351098,-0.021741133,0.8206508174566126
64,0.64,BR,4.0,1.2888931035995483,1.3229063749313354,2.848356008529663,2.866349697113037,2.711106777191162,1.814440131187439,2.848356008529663,4.066673755645752,0.9727591276168823,0.010362309551239013,0.92600787,0.024351098,-0.021741133,0.8206508174566126
65,0.65,FL,4.0,1.324205756187439,1.3601065874099731,2.8487355709075928,2.8666913509368896,2.6757941246032715,1.8284832239151,2.8487355709075928,4.094202518463135,0.9938611388206482,0.01033557767868042,0.92555255,0.02386281,-0.021741206,0.8206506085143663
65,0.65,FR,4.0,1.3221595287322998,1.3636375665664673,2.864854335784912,2.884683847427368,2.6778404712677,1.8456817865371704,2.864854335784912,4.130177974700928,1.012654185295105,0.010401689720153809,0.92555255,0.02386281,-0.021741206,0.8206506085143663
65,0.65,BL,4.0,1.325257658958435,1.3606871366500854,2.8495702743530273,2.8671774864196777,2.6747422218322754,1.82937753200531,2.8495702743530273,4.0960893630981445,0.9949678778648376,0.010338074970245362,0.92555255,0.02386281,-0.021741206,0.8206506085143663
65,0.65,BR,4.0,1.3229063749313354,1.3611916303634644,2.866349697113037,2.885277509689331,2.677093505859375,1.8465652465820312,2.866349697113037,4.131999492645264,1.0137546062469482,0.010407073688507079,0.92555255,0.02386281,-0.021741206,0.8206506085143663
66,0.66,FL,4.0,1.3601065874099731,1.4013065099716187,2.8666913509368896,2.8844406604766846,2.6398935317993164,1.8601619005203247,2.8666913509368896,4.158475875854492,1.0351266860961914,0.01037868013381958,0.92508507,0.02336112,-0.021741113,0.8206509687731363
66,0.66,FR,4.0,1.3636375665664673,1.400607705116272,2.884683847427368,2.9002268314361572,2.6363625526428223,1.8773181438446045,2.884683847427368,4.194451332092285,1.0542795658111572,0.0104478253364563,0.92508507,0.02336112,-0.021741113,0.8206509687731363
66,0.66,BL,4.0,1.3606871366500854,1.4008785486221313,2.8671774864196777,2.8851027488708496,2.639312744140625,1.8610492944717407,2.8671774864196777,4.160326957702637,1.0362521409988403,0.010380160236358644,0.92508507,0.02336112,-0.021741113,0.8206509687731363
66,0.66,BR,4.0,1.3611916303634644,1.4002373218536377,2.885277509689331,2.9020886421203613,2.638808250427246,1.8782309293746948,2.885277509689331,4.1962480545043945,1.0553979873657227,0.010452156734466552,0.92508507,0.02336112,-0.021741113,0.8206509687731363
67,0.67,FL,4.0,1.4013065099716187,1.4365308284759521,2.8844406604766846,2.899639368057251,2.598693370819092,1.8913462162017822,2.8844406604766846,4.221620559692383,1.0770292282104492,0.010416717433929443,0.9246055,0.022846155,-0.021741157,0.8206506085143491
67,0.67,FR,4.0,1.400607705116272,1.4359043836593628,2.9002268314361572,2.9170749187469482,2.5993924140930176,1.9085108041763306,2.9002268314361572,4.257423400878906,1.096540927886963,0.01048042116165161,0.9246055,0.022846155,-0.021741157,0.8206506085143491
67,0.67,BL,4.0,1.4008785486221313,1.4369325637817383,2.8851027488708496,2.900697946548462,2.599121570587158,1.892238736152649,2.8851027488708496,4.223451137542725,1.0781731605529785,0.010419708156585694,0.9246055,0.022846155,-0.021741157,0.8206506085143491
67,0.67,BR,4.0,1.4002373218536377,1.4338761568069458,2.9020886421203613,2.9181361198425293,2.5997626781463623,1.9094281196594238,2.9020886421203613,4.25929594039917,1.0976778268814087,0.010488164710998536,0.9246055,0.022846155,-0.021741157,0.8206506085143491
68,0.68,FL,4.0,1.4365308284759521,1.471824288368225,2.899639368057251,2.916733980178833,2.563469171524048,1.9221079349517822,2.899639368057251,4.283481597900391,1.1195567846298218,0.010449332809448241,0.9241131,0.022317812,-0.021741133,0.8206507454048747
68,0.68,FR,4.0,1.4359043836593628,1.4742679595947266,2.9170749187469482,2.9341490268707275,2.5640954971313477,1.9392799139022827,2.9170749187469482,4.319247722625732,1.139426350593567,0.010519576168060303,0.9241131,0.022317812,-0.021741133,0.8206507454048747
68,0.68,BL,4.0,1.4369325637817383,1.471550703048706,2.900697946548462,2.9174656867980957,2.5630674362182617,1.9229955673217773,2.900697946548462,4.285323143005371,1.120719075202942,0.010453245735168457,0.9241131,0.022317812,-0.021741133,0.8206507454048747
68,0.68,BR,4.0,1.4338761568069458,1.4753516912460327,2.9181361198425293,2.935877561569214,2.5661239624023438,1.9402216672897339,2.9181361198425293,4.32112979888916,1.1405820846557617,0.010525443553924561,0.9241131,0.022317812,-0.021741133,0.8206507454048747
69,0.6900000000000001,FL,4.0,1.471824288368225,1.5118111371994019,2.916733980178833,2.933378219604492,2.5281758308410645,1.9524459838867188,2.916733980178833,4.344257354736328,1.1626975536346436,0.010489476490020752,0.92360836,0.021776032,-0.021741077,0.8206509615601266
69,0.6900000000000001,FR,4.0,1.4742679595947266,1.5075873136520386,2.9341490268707275,2.949572801589966,2.5257320404052734,1.9695887565612793,2.9341490268707275,4.3799872398376465,1.1829246282577515,0.01055718173980713,0.92360836,0.021776032,-0.021741077,0.8206509615601266
69,0.6900000000000001,BL,4.0,1.471550703048706,1.5111340284347534,2.9174656867980957,2.934375286102295,2.528449296951294,1.9533369541168213,2.9174656867980957,4.346084117889404,1.163878083229065,0.01049262218475342,0.92360836,0.021776032,-0.021741077,0.8206509615601266
69,0.6900000000000001,BR,4.0,1.4753516912460327,1.5106515884399414,2.935877561569214,2.9500808715820312,2.5246481895446777,1.9705173969268799,2.935877561569214,4.381930828094482,1.1840994358062744,0.01056322889328003,0.92360836,0.021776032,-0.021741077,0.8206509615601266
70,0.7000000000000001,FL,4.0,1.5118111371994019,1.5506929159164429,2.933378219604492,2.947721481323242,2.4881887435913086,1.9823042154312134,2.933378219604492,4.403955459594727,1.2064405679702759,0.010524063968658447,0.92309093,0.021220967,-0.021741187,0.8206507526178619
70,0.7000000000000001,FR,4.0,1.5075873136520386,1.549027442932129,2.949572801589966,2.9665539264678955,2.492412567138672,1.999497652053833,2.949572801589966,4.439554214477539,1.2270243167877197,0.010592221355438232,0.92309093,0.021220967,-0.021741187,0.8206507526178619
70,0.7000000000000001,BL,4.0,1.5111340284347534,1.5503463745117188,2.934375286102295,2.948883295059204,2.488865852355957,1.9832032918930054,2.934375286102295,4.405788898468018,1.207639455795288,0.010528593921661377,0.92309093,0.021220967,-0.021741187,0.8206507526178619
70,0.7000000000000001,BR,4.0,1.5106515884399414,1.546538233757019,2.9500808715820312,2.966256856918335,2.4893484115600586,2.000389575958252,2.9500808715820312,4.441461563110352,1.2282183170318604,0.010591802215576172,0.92309093,0.021220967,-0.021741187,0.8206507526178619
71,0.71,FL,4.0,1.5506929159164429,1.5850965976715088,2.947721481323242,2.962027072906494,2.4493069648742676,2.0116958618164062,2.947721481323242,4.462437629699707,1.2507745027542114,0.010550331592559815,0.9225611,0.020652276,-0.02174112,0.8206510732442716
71,0.71,FR,4.0,1.549027442932129,1.5843474864959717,2.9665539264678955,2.979886770248413,2.450972557067871,2.02890944480896,2.9665539264678955,4.498116970062256,1.2717145681381226,0.01062699375152588,0.9225611,0.020652276,-0.02174112,0.8206510732442716
71,0.71,BL,4.0,1.5503463745117188,1.5858094692230225,2.948883295059204,2.963064670562744,2.4496536254882812,2.012599229812622,2.948883295059204,4.464290142059326,1.251991868019104,0.010555256080627441,0.9225611,0.020652276,-0.02174112,0.8206510732442716
71,0.71,BR,4.0,1.546538233757019,1.5853312015533447,2.966256856918335,2.98177433013916,2.4534616470336914,2.0298311710357666,2.966256856918335,4.499926567077637,1.272927165031433,0.010627796840667725,0.9225611,0.020652276,-0.02174112,0.8206510732442716
72,0.72,FL,4.0,1.5850965976715088,1.6228653192520142,2.962027072906494,2.9776573181152344,2.414903402328491,2.0406746864318848,2.962027072906494,4.519748210906982,1.2956873178482056,0.01058003101348877,0.92201877,0.020070236,-0.021741126,0.8206506013013696
72,0.72,FR,4.0,1.5843474864959717,1.6218745708465576,2.979886770248413,2.9951703548431396,2.4156525135040283,2.0578970909118652,2.979886770248413,4.555429458618164,1.3169842958450317,0.010652069091796876,0.92201877,0.020070236,-0.021741126,0.8206506013013696
72,0.72,BL,4.0,1.5858094692230225,1.6211339235305786,2.963064670562744,2.9782752990722656,2.4141905307769775,2.041569471359253,2.963064670562744,4.521609306335449,1.2969231605529785,0.010583611106872559,0.92201877,0.020070236,-0.021741126,0.8206506013013696
72,0.72,BR,4.0,1.5853312015533447,1.6250008344650269,2.98177433013916,2.9956986904144287,2.4146687984466553,2.058807134628296,2.98177433013916,4.557315826416016,1.3182153701782227,0.010658832359313966,0.92201877,0.020070236,-0.021741126,0.8206506013013696
73,0.73,FL,4.0,1.6228653192520142,1.6624056100845337,2.9776573181152344,2.9915287494659424,2.3771347999572754,2.069200277328491,2.9776573181152344,4.576037883758545,1.3411681652069092,0.010612337017059327,0.92146355,0.019474652,-0.021741142,0.8206506409337416
73,0.73,FR,4.0,1.6218745708465576,1.6596909761428833,2.9951703548431396,3.0091474056243896,2.3781254291534424,2.0864346027374268,2.9951703548431396,4.611693382263184,1.3628216981887817,0.010683181762695313,0.92146355,0.019474652,-0.021741142,0.8206506409337416
73,0.73,BL,4.0,1.6211339235305786,1.661635398864746,2.9782752990722656,2.9931159019470215,2.378866195678711,2.070115804672241,2.9782752990722656,4.577874183654785,1.3424224853515625,0.0106161940574646,0.92146355,0.019474652,-0.021741142,0.8206506409337416
73,0.73,BR,4.0,1.6250008344650269,1.6602736711502075,2.9956986904144287,3.0088067054748535,2.3749990463256836,2.0873072147369385,2.9956986904144287,4.613547325134277,1.3640714883804321,0.010682794094085693,0.92146355,0.019474652,-0.021741142,0.8206506409337416
74,0.74,FL,4.0,1.6624056100845337,1.702422857284546,2.9915287494659424,3.0042381286621094,2.337594509124756,2.0972514152526855,2.9915287494659424,4.6312079429626465,1.3872061967849731,0.010636190509796143,0.92089593,0.018865325,-0.021741157,0.8206503130943739
74,0.74,FR,4.0,1.6596909761428833,1.6987608671188354,3.0091474056243896,3.0225582122802734,2.3403091430664062,2.114518404006958,3.0091474056243896,4.666846752166748,1.409216284751892,0.010708836841583252,0.92089593,0.018865325,-0.021741157,0.8206503130943739
74,0.74,BL,4.0,1.661635398864746,1.7007535696029663,2.9931159019470215,3.0054616928100586,2.338364601135254,2.0981762409210205,2.9931159019470215,4.633096694946289,1.388479232788086,0.010643155288696289,0.92089593,0.018865325,-0.021741157,0.8206503130943739
74,0.74,BR,4.0,1.6602736711502075,1.6982342004776,3.0088067054748535,3.023197650909424,2.339726448059082,2.1153838634490967,3.0088067054748535,4.6686015129089355,1.4104840755462646,0.010707007884979249,0.92089593,0.018865325,-0.021741157,0.8206503130943739
75,0.75,FL,4.0,1.702422857284546,1.738207459449768,3.0042381286621094,3.016282320022583,2.297577142715454,2.1248223781585693,3.0042381286621094,4.685211181640625,1.4337900876998901,0.0106550142288208,0.9203153,0.018242588,-0.021741137,0.8206506013013538
75,0.75,FR,4.0,1.6987608671188354,1.7361314296722412,3.0225582122802734,3.0350141525268555,2.301239013671875,2.1421332359313965,3.0225582122802734,4.720889568328857,1.4561567306518555,0.010731224155426025,0.9203153,0.018242588,-0.021741137,0.8206506013013538
75,0.75,BL,4.0,1.7007535696029663,1.7395848035812378,3.0054616928100586,3.0178747177124023,2.299246311187744,2.125767230987549,3.0054616928100586,4.687122344970703,1.4350820779800415,0.010661243915557861,0.9203153,0.018242588,-0.021741137,0.8206506013013538
75,0.75,BR,4.0,1.6982342004776,1.7378361225128174,3.023197650909424,3.036090135574341,2.3017659187316895,2.143005132675171,3.023197650909424,4.722625255584717,1.457442045211792,0.010734203243255616,0.9203153,0.018242588,-0.021741137,0.8206506013013538
76,0.76,FL,4.0,1.738207459449768,1.7783985137939453,3.016282320022583,3.0295395851135254,2.2617926597595215,2.151963949203491,3.016282320022583,4.738041877746582,1.4809081554412842,0.010674563312530519,0.9197224,0.017605964,-0.021741142,0.8206502014103033
76,0.76,FR,4.0,1.7361314296722412,1.7738038301467896,3.0350141525268555,3.047680616378784,2.263868570327759,2.169299602508545,3.0350141525268555,4.773789882659912,1.5036319494247437,0.01075115146636963,0.9197224,0.017605964,-0.021741142,0.8206502014103033
76,0.76,BL,4.0,1.7395848035812378,1.7747139930725098,3.0178747177124023,3.029933214187622,2.2604150772094727,2.1528921127319336,3.0178747177124023,4.740002632141113,1.4822194576263428,0.010679831027984619,0.9197224,0.017605964,-0.021741142,0.8206502014103033
76,0.76,BR,4.0,1.7378361225128174,1.7767724990844727,3.036090135574341,3.047870635986328,2.2621638774871826,2.1701509952545166,3.036090135574341,4.775542259216309,1.5049346685409546,0.01075409164428711,0.9197224,0.017605964,-0.021741142,0.8206502014103033
77,0.77,FL,4.0,1.7783985137939453,1.8152174949645996,3.0295395851135254,3.040604591369629,2.2216014862060547,2.1786231994628906,3.0295395851135254,4.789840221405029,1.528549313545227,0.010695439529418945,0.9191165,0.016955731,-0.021741152,0.8206497294675056
77,0.77,FR,4.0,1.7738038301467896,1.8134666681289673,3.047680616378784,3.0597782135009766,2.2261962890625,2.196014165878296,3.047680616378784,4.8256096839904785,1.5516306161880493,0.010771679401397706,0.9191165,0.016955731,-0.021741152,0.8206497294675056
77,0.77,BL,4.0,1.7747139930725098,1.8163506984710693,3.029933214187622,3.043006658554077,2.2252860069274902,2.179595470428467,3.029933214187622,4.791755199432373,1.5298800468444824,0.01069996166229248,0.9191165,0.016955731,-0.021741152,0.8206497294675056
77,0.77,BR,4.0,1.7767724990844727,1.8134009838104248,3.047870635986328,3.0594420433044434,2.2232275009155273,2.1968297958374023,3.047870635986328,4.827308177947998,1.5529506206512451,0.010770064544677735,0.9191165,0.016955731,-0.021741152,0.8206497294675056
78,0.78,FL,4.0,1.8152174949645996,1.8496843576431274,3.040604591369629,3.0525362491607666,2.1847825050354004,2.204840660095215,3.040604591369629,4.840475559234619,1.57670259475708,0.010710244369506836,0.91849804,0.016291846,-0.02174118,0.8206495853640596
78,0.78,FR,4.0,1.8134666681289673,1.8513100147247314,3.0597782135009766,3.070627450942993,2.1865334510803223,2.222252368927002,3.0597782135009766,4.876346111297607,1.6001421213150024,0.010788339519500733,0.91849804,0.016291846,-0.02174118,0.8206495853640596
78,0.78,BL,4.0,1.8163506984710693,1.8508234024047852,3.043006658554077,3.0530552864074707,2.1836493015289307,2.2057993412017822,3.043006658554077,4.842504024505615,1.5780529975891113,0.010718946075439453,0.91849804,0.016291846,-0.02174118,0.8206495853640596
78,0.78,BR,4.0,1.8134009838104248,1.8486770391464233,3.0594420433044434,3.071469306945801,2.186599016189575,2.223068952560425,3.0594420433044434,4.877951622009277,1.6014785766601562,0.010787047386169434,0.91849804,0.016291846,-0.02174118,0.8206495853640596
79,0.79,FL,4.0,1.8496843576431274,1.890653133392334,3.0525362491607666,3.064966917037964,2.150315761566162,2.230644464492798,3.0525362491607666,4.890061378479004,1.625356912612915,0.010730397510528565,0.9178663,0.015614365,-0.021741128,0.8206498339386209
79,0.79,FR,4.0,1.8513100147247314,1.8916587829589844,3.070627450942993,3.081728458404541,2.1486899852752686,2.2480366230010986,3.070627450942993,4.925943851470947,1.6491552591323853,0.010801461791992187,0.9178663,0.015614365,-0.021741128,0.8206498339386209
79,0.79,BL,4.0,1.8508234024047852,1.8915976285934448,3.0530552864074707,3.065469980239868,2.149176597595215,2.2315895557403564,3.0530552864074707,4.892050743103027,1.6267274618148804,0.010731562423706056,0.9178663,0.015614365,-0.021741128,0.8206498339386209
79,0.79,BR,4.0,1.8486770391464233,1.8939459323883057,3.071469306945801,3.0835981369018555,2.151322841644287,2.248884916305542,3.071469306945801,4.927552223205566,1.6505078077316284,0.010806935596466066,0.9178663,0.015614365,-0.021741128,0.8206498339386209
80,0.8,FL,4.0,1.890653133392334,1.9291912317276,3.064966917037964,3.074383020401001,2.109346866607666,2.2559564113616943,3.064966917037964,4.9386773109436035,1.6745021343231201,0.010747345161437988,0.91722214,0.014922927,-0.021741087,0.820649841151595
80,0.8,FR,4.0,1.8916587829589844,1.9276827573776245,3.081728458404541,3.0913732051849365,2.1083412170410156,2.273336887359619,3.081728458404541,4.9744672775268555,1.6986589431762695,0.010813586807250976,0.91722214,0.014922927,-0.021741087,0.820649841151595
80,0.8,BL,4.0,1.8915976285934448,1.92953360080719,3.065469980239868,3.0749504566192627,2.1084022521972656,2.256890296936035,3.065469980239868,4.9406280517578125,1.6758924722671509,0.010748601818084718,0.91722214,0.014922927,-0.021741087,0.820649841151595
80,0.8,BR,4.0,1.8939459323883057,1.928551197052002,3.0835981369018555,3.091306447982788,2.1060540676116943,2.2741575241088867,3.0835981369018555,4.976159572601318,1.7000279426574707,0.010819235801696778,0.91722214,0.014922927,-0.021741087,0.820649841151595
81,0.81,FL,4.0,1.9291912317276,1.966101884841919,3.074383020401001,3.084280014038086,2.0708088874816895,2.280806303024292,3.074383020401001,4.986125469207764,1.7241277694702148,0.010754179096221924,0.9165652,0.014217949,-0.021741148,0.8206502014102691
81,0.81,FR,4.0,1.9276827573776245,1.9652135372161865,3.0913732051849365,3.1022636890411377,2.072317123413086,2.2982046604156494,3.0913732051849365,5.021844863891602,1.7486419677734375,0.010823346614837647,0.9165652,0.014217949,-0.021741148,0.8206502014102691
81,0.81,BL,4.0,1.92953360080719,1.9648381471633911,3.0749504566192627,3.0850768089294434,2.0704665184020996,2.281735897064209,3.0749504566192627,4.988044261932373,1.7255374193191528,0.010756174945831299,0.9165652,0.014217949,-0.021741148,0.8206502014102691
81,0.81,BR,4.0,1.928551197052002,1.968384027481079,3.091306447982788,3.1027369499206543,2.071448802947998,2.2990148067474365,3.091306447982788,5.023465156555176,1.7500276565551758,0.010822384834289552,0.9165652,0.014217949,-0.021741148,0.8206502014102691
82,0.8200000000000001,FL,4.0,1.966101884841919,2.006509304046631,3.084280014038086,3.094365358352661,2.033898115158081,2.30521297454834,3.084280014038086,5.03248929977417,1.7742223739624023,0.010764238548278808,0.9158951,0.013499341,-0.021741133,0.8206500969391629
82,0.8200000000000001,FR,4.0,1.9652135372161865,2.0037033557891846,3.1022636890411377,3.112119197845459,2.0347864627838135,2.322622060775757,3.1022636890411377,5.068218231201172,1.7990938425064087,0.010836883926391603,0.9158951,0.013499341,-0.021741133,0.8206500969391629
82,0.8200000000000001,BL,4.0,1.9648381471633911,2.0089566707611084,3.0850768089294434,3.0958006381988525,2.0351619720458984,2.3061578273773193,3.0850768089294434,5.034395694732666,1.7756510972976685,0.010768436717987061,0.9158951,0.013499341,-0.021741133,0.8206500969391629
82,0.8200000000000001,BR,4.0,1.968384027481079,2.0041823387145996,3.1027369499206543,3.111661195755005,2.031615972518921,2.323394298553467,3.1027369499206543,5.069812297821045,1.8004956245422363,0.010836240577697755,0.9158951,0.013499341,-0.021741133,0.8206500969391629
83,0.8300000000000001,FL,4.0,2.006509304046631,2.041917085647583,3.094365358352661,3.102609395980835,1.9934906959533691,2.329134941101074,3.094365358352661,5.077826499938965,1.8247754573822021,0.01077225399017334,0.91521245,0.012766758,-0.02174109,0.8206499456227043
83,0.8300000000000001,FR,4.0,2.0037033557891846,2.0450096130371094,3.112119197845459,3.121140718460083,1.9962966442108154,2.3465776443481445,3.112119197845459,5.113546371459961,1.8500041961669922,0.01084551410675049,0.91521245,0.012766758,-0.02174109,0.8206499456227043
83,0.8300000000000001,BL,4.0,2.0089566707611084,2.0444765090942383,3.0958006381988525,3.1025753021240234,1.9910433292388916,2.330050468444824,3.0958006381988525,5.079770088195801,1.8262234926223755,0.010776037216186524,0.91521245,0.012766758,-0.02174109,0.8206499456227043
83,0.8300000000000001,BR,4.0,2.0041823387145996,2.0430469512939453,3.111661195755005,3.1217212677001953,1.9958176612854004,2.347343921661377,3.111661195755005,5.115042209625244,1.8514213562011719,0.01084329891204834,0.91521245,0.012766758,-0.02174109,0.8206499456227043
84,0.84,FL,4.0,2.041917085647583,2.0832974910736084,3.102609395980835,3.112368106842041,1.958082914352417,2.3526318073272705,3.102609395980835,5.122032165527344,1.8757762908935547,0.010776903915405275,0.91451687,0.012020475,-0.021741156,0.8206499059903722
84,0.84,FR,4.0,2.0450096130371094,2.0827953815460205,3.121140718460083,3.1285738945007324,1.9549903869628906,2.37003755569458,3.121140718460083,5.1578049659729,1.901362419128418,0.010848555183410644,0.91451687,0.012020475,-0.021741156,0.8206499059903722
84,0.84,BL,4.0,2.0444765090942383,2.080805540084839,3.1025753021240234,3.112259864807129,1.9555234909057617,2.3535165786743164,3.1025753021240234,5.123897075653076,1.8772432804107666,0.010774720001220704,0.91451687,0.012020475,-0.021741156,0.8206499059903722
84,0.84,BR,4.0,2.0430469512939453,2.080782175064087,3.1217212677001953,3.1301252841949463,1.9569530487060547,2.3708274364471436,3.1217212677001953,5.159287452697754,1.9027944803237915,0.010852447509765625,0.91451687,0.012020475,-0.021741156,0.8206499059903722
85,0.85,FL,4.0,2.0832974910736084,2.1209049224853516,3.112368106842041,3.1193130016326904,1.9167025089263916,2.3756322860717773,3.112368106842041,5.16526985168457,1.92721426486969,0.010782834434509277,0.9138087,0.011260372,-0.021741137,0.8206502338296483
85,0.85,FR,4.0,2.0827953815460205,2.12288236618042,3.1285738945007324,3.1369192600250244,1.9172046184539795,2.3930439949035645,3.1285738945007324,5.200910568237305,1.9531574249267578,0.010848059272766114,0.9138087,0.011260372,-0.021741137,0.8206502338296483
85,0.85,BL,4.0,2.080805540084839,2.1227779388427734,3.112259864807129,3.121194362640381,1.9191944599151611,2.37654709815979,3.112259864807129,5.16705322265625,1.9286994934082031,0.010784395027160646,0.9138087,0.011260372,-0.021741137,0.8206502338296483
85,0.85,BR,4.0,2.080782175064087,2.1217548847198486,3.1301252841949463,3.138514518737793,1.919217824935913,2.3938581943511963,3.1301252841949463,5.202456951141357,1.9546046257019043,0.010855875396728516,0.9138087,0.011260372,-0.021741137,0.8206502338296483
86,0.86,FL,4.0,2.1209049224853516,2.157513380050659,3.1193130016326904,3.127270460128784,1.8790950775146484,2.398181438446045,3.1193130016326904,5.2073564529418945,1.979078769683838,0.01078052806854248,0.9130876,0.010486601,-0.021741142,0.8206506013013648
86,0.86,FR,4.0,2.12288236618042,2.1577818393707275,3.1369192600250244,3.1438910961151123,1.87711763381958,2.415569305419922,3.1369192600250244,5.24298095703125,2.005378246307373,0.010849371147155762,0.9130876,0.010486601,-0.021741142,0.8206506013013648
86,0.86,BL,4.0,2.1227779388427734,2.1593918800354004,3.121194362640381,3.1274359226226807,1.8772220611572266,2.399073600769043,3.121194362640381,5.209217548370361,1.9805822372436523,0.010786555099487305,0.9130876,0.010486601,-0.021741142,0.8206506013013648
86,0.86,BR,4.0,2.1217548847198486,2.1580915451049805,3.138514518737793,3.145156145095825,1.8782451152801514,2.4163970947265625,3.138514518737793,5.244591236114502,2.0068414211273193,0.010856654167175293,0.9130876,0.010486601,-0.021741142,0.8206506013013648
87,0.87,FL,4.0,2.157513380050659,2.1959588527679443,3.127270460128784,3.135176181793213,1.8424866199493408,2.4202911853790283,3.127270460128784,5.248417377471924,2.0313589572906494,0.01078307113647461,0.9123537,0.009698801,-0.021741137,0.8206506733531181
87,0.87,FR,4.0,2.1577818393707275,2.199889898300171,3.1438910961151123,3.152456760406494,1.8422181606292725,2.437675952911377,3.1438910961151123,5.283947944641113,2.058014392852783,0.010849338912963868,0.9123537,0.009698801,-0.021741137,0.8206506733531181
87,0.87,BL,4.0,2.1593918800354004,2.1982903480529785,3.1274359226226807,3.135316848754883,1.8406081199645996,2.421160936355591,3.1274359226226807,5.250218391418457,2.0328807830810547,0.010782230186462403,0.9123537,0.009698801,-0.021741137,0.8206506733531181
87,0.87,BR,4.0,2.1580915451049805,2.197314977645874,3.145156145095825,3.153160333633423,1.8419084548950195,2.438499927520752,3.145156145095825,5.285594463348389,2.0594935417175293,0.010854151344299316,0.9123537,0.009698801,-0.021741137,0.8206506733531181
88,0.88,FL,4.0,2.1959588527679443,2.2361562252044678,3.135176181793213,3.1419076919555664,1.8040411472320557,2.4419398307800293,3.135176181793213,5.288487911224365,2.084044933319092,0.010783937644958495,0.9116068,0.008897472,-0.02174112,0.8206502410426519
88,0.88,FR,4.0,2.199889898300171,2.2367303371429443,3.152456760406494,3.1577200889587402,1.800110101699829,2.459277391433716,3.152456760406494,5.323980808258057,2.111055374145508,0.01084991512298584,0.9116068,0.008897472,-0.02174112,0.8206502410426519
88,0.88,BL,4.0,2.1982903480529785,2.2368011474609375,3.135316848754883,3.1418447494506836,1.8017096519470215,2.442781448364258,3.135316848754883,5.290229320526123,2.0855844020843506,0.01078263511657715,0.9116068,0.008897472,-0.02174112,0.8206502410426519
88,0.88,BR,4.0,2.197314977645874,2.237001895904541,3.153160333633423,3.159574031829834,1.802685022354126,2.460132122039795,3.153160333633423,5.325617790222168,2.112550973892212,0.010854789352416992,0.9116068,0.008897472,-0.02174112,0.8206502410426519
89,0.89,FL,4.0,2.2361562252044678,2.274057149887085,3.1419076919555664,3.147477388381958,1.7638437747955322,2.4631059169769287,3.1419076919555664,5.327515125274658,2.1371262073516846,0.010778705787658691,0.9108471,0.008082323,-0.02174112,0.820650561668997
89,0.89,FR,4.0,2.2367303371429443,2.2718489170074463,3.1577200889587402,3.1645851135253906,1.7632696628570557,2.4804365634918213,3.1577200889587402,5.362856388092041,2.1644906997680664,0.010841496086120605,0.9108471,0.008082323,-0.02174112,0.820650561668997
89,0.89,BL,4.0,2.2368011474609375,2.275479793548584,3.1418447494506836,3.1480610370635986,1.7631988525390625,2.463939905166626,3.1418447494506836,5.329183578491211,2.1386826038360596,0.010777938079833984,0.9108471,0.008082323,-0.02174112,0.820650561668997
89,0.89,BR,4.0,2.237001895904541,2.2723093032836914,3.159574031829834,3.1653313636779785,1.762998104095459,2.481288194656372,3.159574031829834,5.364574909210205,2.1660032272338867,0.010848694610595703,0.9108471,0.008082323,-0.02174112,0.820650561668997
90,0.9,FL,4.0,2.274057149887085,2.3133087158203125,3.147477388381958,3.1534831523895264,1.725942850112915,2.4838173389434814,3.147477388381958,5.365448951721191,2.1905922889709473,0.010770663833618164,0.91007453,0.007253338,-0.021741156,0.8206508246696242
90,0.9,FR,4.0,2.2718489170074463,2.310962438583374,3.1645851135253906,3.171696901321411,1.7281510829925537,2.5011744499206543,3.1645851135253906,5.400745868682861,2.2183101177215576,0.010840861320495606,0.91007453,0.007253338,-0.021741156,0.8206508246696242
90,0.9,BL,4.0,2.275479793548584,2.314910888671875,3.1480610370635986,3.153748035430908,1.724520206451416,2.4846341609954834,3.1480610370635986,5.367097854614258,2.1921653747558594,0.010771860313415527,0.91007453,0.007253338,-0.021741156,0.8206508246696242
90,0.9,BR,4.0,2.2723093032836914,2.3118300437927246,3.1653313636779785,3.1723644733428955,1.7276906967163086,2.5020203590393066,3.1653313636779785,5.402455806732178,2.219839572906494,0.010843478012084962,0.91007453,0.007253338,-0.021741156,0.8206508246696242
91,0.91,FL,4.0,2.3133087158203125,2.3501076698303223,3.1534831523895264,3.158493757247925,1.6866912841796875,2.5040574073791504,3.1534831523895264,5.402366638183594,2.2444324493408203,0.010763285636901855,0.90928936,0.0064106053,-0.021741157,0.8206505292496034
91,0.91,FR,4.0,2.310962438583374,2.348759889602661,3.171696901321411,3.1767892837524414,1.689037561416626,2.5214428901672363,3.171696901321411,5.437707901000977,2.272503614425659,0.010838017654418945,0.90928936,0.0064106053,-0.021741157,0.8206505292496034
91,0.91,BL,4.0,2.314910888671875,2.351335048675537,3.153748035430908,3.1586697101593018,1.685089111328125,2.504855155944824,3.153748035430908,5.403971195220947,2.2460219860076904,0.010763063430786132,0.90928936,0.0064106053,-0.021741157,0.8206505292496034
91,0.91,BR,4.0,2.3118300437927246,2.350496768951416,3.1723644733428955,3.177288293838501,1.6881699562072754,2.5222785472869873,3.1723644733428955,5.4394025802612305,2.274050235748291,0.010839993858337404,0.90928936,0.0064106053,-0.021741157,0.8206505292496034
92,0.92,FL,4.0,2.3501076698303223,2.3905959129333496,3.158493757247925,3.1640143394470215,1.6498923301696777,2.5238561630249023,3.158493757247925,5.438229084014893,2.2986366748809814,0.010753888893127443,0.90849125,0.0055543105,-0.021741144,0.82065085708901
92,0.92,FR,4.0,2.348759889602661,2.3899896144866943,3.1767892837524414,3.181938886642456,1.6512401103973389,2.541257619857788,3.1767892837524414,5.47361946105957,2.327061414718628,0.010828149223327638,0.90849125,0.0055543105,-0.021741144,0.82065085708901
92,0.92,BL,4.0,2.351335048675537,2.390622854232788,3.1586697101593018,3.164321184158325,1.648664951324463,2.524639129638672,3.1586697101593018,5.439785003662109,2.3002419471740723,0.010753610801696777,0.90849125,0.0055543105,-0.021741144,0.82065085708901
92,0.92,BR,4.0,2.350496768951416,2.387927293777466,3.177288293838501,3.182079792022705,1.649503231048584,2.5420725345611572,3.177288293838501,5.475286960601807,2.328624725341797,0.010828755760192871,0.90849125,0.0055543105,-0.021741144,0.82065085708901
93,0.93,FL,4.0,2.3905959129333496,2.426340341567993,3.1640143394470215,3.1676177978515625,1.6094040870666504,2.5431690216064453,3.1640143394470215,5.473118782043457,2.3531947135925293,0.010743580627441407,0.9076804,0.0046841195,-0.021741124,0.8206511452960419
93,0.93,FR,4.0,2.3899896144866943,2.425076961517334,3.181938886642456,3.1852619647979736,1.6100103855133057,2.560577869415283,3.181938886642456,5.5085272789001465,2.3819732666015625,0.01081576385498047,0.9076804,0.0046841195,-0.021741124,0.8206511452960419
93,0.93,BL,4.0,2.390622854232788,2.428422689437866,3.164321184158325,3.1683900356292725,1.609377145767212,2.5439517498016357,3.164321184158325,5.474637508392334,2.3548152446746826,0.01074478645324707,0.9076804,0.0046841195,-0.021741124,0.8206511452960419
93,0.93,BR,4.0,2.387927293777466,2.422382116317749,3.182079792022705,3.186901569366455,1.6120727062225342,2.5614173412323,3.182079792022705,5.510140419006348,2.3835530281066895,0.010817977333068848,0.9076804,0.0046841195,-0.021741124,0.8206511452960419
94,0.9400000000000001,FL,4.0,2.426340341567993,2.4668192863464355,3.1676177978515625,3.172632932662964,1.5736596584320068,2.5620529651641846,3.1676177978515625,5.506922721862793,2.4080960750579834,0.010729398918151854,0.90685666,0.0038003277,-0.02174116,0.820651152509034
94,0.9400000000000001,FR,4.0,2.425076961517334,2.46779203414917,3.1852619647979736,3.190546989440918,1.574923038482666,2.579476833343506,3.1852619647979736,5.5423264503479,2.4372286796569824,0.010800986289978028,0.90685666,0.0038003277,-0.02174116,0.820651152509034
94,0.9400000000000001,BL,4.0,2.428422689437866,2.464724540710449,3.1683900356292725,3.1725826263427734,1.5715773105621338,2.5628106594085693,3.1683900356292725,5.508442401885986,2.40973162651062,0.010730821990966798,0.90685666,0.0038003277,-0.02174116,0.820651152509034
94,0.9400000000000001,BR,4.0,2.422382116317749,2.466512680053711,3.186901569366455,3.192464590072632,1.577617883682251,2.5803487300872803,3.186901569366455,5.544004917144775,2.4388248920440674,0.010809700584411622,0.90685666,0.0038003277,-0.02174116,0.820651152509034
95,0.9500000000000001,FL,4.0,2.4668192863464355,2.501917600631714,3.172632932662964,3.175325393676758,1.5331807136535645,2.580451250076294,3.172632932662964,5.539794921875,2.4633307456970215,0.010717076301574707,0.9060202,0.0029027439,-0.021741113,0.8206511452960313
95,0.9500000000000001,FR,4.0,2.46779203414917,2.501397132873535,3.190546989440918,3.1923601627349854,1.53220796585083,2.5978634357452393,3.190546989440918,5.575214862823486,2.4928174018859863,0.010787954330444336,0.9060202,0.0029027439,-0.021741113,0.8206511452960313
95,0.9500000000000001,BL,4.0,2.464724540710449,2.504906177520752,3.1725826263427734,3.1769208908081055,1.5352754592895508,2.5812339782714844,3.1725826263427734,5.541251182556152,2.4649813175201416,0.010718550872802733,0.9060202,0.0029027439,-0.021741113,0.8206511452960313
95,0.9500000000000001,BR,4.0,2.466512680053711,2.5039496421813965,3.192464590072632,3.1937437057495117,1.533487319946289,2.598750591278076,3.192464590072632,5.5769782066345215,2.4944310188293457,0.010796648216247559,0.9060202,0.0029027439,-0.021741113,0.8206511452960313
96,0.96,FL,4.0,2.501917600631714,2.5419342517852783,3.175325393676758,3.1796841621398926,1.4980823993682861,2.598428249359131,3.175325393676758,5.57158899307251,2.5188887119293213,0.010699767494201661,0.90517116,0.0019915677,-0.021741148,0.8206511849284043
96,0.96,FR,4.0,2.501397132873535,2.542257070541382,3.1923601627349854,3.1973044872283936,1.4986028671264648,2.615846633911133,3.1923601627349854,5.6069560050964355,2.548729419708252,0.010768322944641114,0.90517116,0.0019915677,-0.021741148,0.8206511849284043
96,0.96,BL,4.0,2.504906177520752,2.542135715484619,3.1769208908081055,3.1792714595794678,1.495093822479248,2.599174976348877,3.1769208908081055,5.573112964630127,2.5205540657043457,0.01070375862121582,0.90517116,0.0019915677,-0.021741148,0.8206511849284043
96,0.96,BR,4.0,2.5039496421813965,2.5412368774414062,3.1937437057495117,3.1971707344055176,1.4960503578186035,2.6167032718658447,3.1937437057495117,5.608758449554443,2.550360679626465,0.01077181510925293,0.90517116,0.0019915677,-0.021741148,0.8206511849284043
97,0.97,FL,4.0,2.5419342517852783,2.5821619033813477,3.1796841621398926,3.181654453277588,1.4580657482147217,2.615924835205078,3.1796841621398926,5.60247802734375,2.5747599601745605,0.010685189247131348,0.90430945,0.0010666891,-0.021741133,0.8206511849284188
97,0.97,FR,4.0,2.542257070541382,2.5805740356445312,3.1973044872283936,3.198943853378296,1.4577429294586182,2.6333396434783936,3.1973044872283936,5.637840747833252,2.604954481124878,0.010755412292480468,0.90430945,0.0010666891,-0.021741133,0.8206511849284188
97,0.97,BL,4.0,2.542135715484619,2.580331802368164,3.1792714595794678,3.1823208332061768,1.4578642845153809,2.6166694164276123,3.1792714595794678,5.603910446166992,2.5764403343200684,0.010683377265930176,0.90430945,0.0010666891,-0.021741133,0.8206511849284188
97,0.97,BR,4.0,2.5412368774414062,2.580923318862915,3.1971707344055176,3.2002084255218506,1.4587631225585938,2.6342084407806396,3.1971707344055176,5.639561653137207,2.6066033840179443,0.010755693435668946,0.90430945,0.0010666891,-0.021741133,0.8206511849284188
98,0.98,FL,4.0,2.5821619033813477,2.6182026863098145,3.181654453277588,3.1830601692199707,1.4178380966186523,2.632939100265503,3.181654453277588,5.63231086730957,2.630934953689575,0.010660888290405273,0.9034346,0.00012836402,-0.021741165,0.8206512641931798
98,0.98,FR,4.0,2.5805740356445312,2.616887092590332,3.198943853378296,3.2011098861694336,1.4194259643554688,2.6503727436065674,3.198943853378296,5.667642593383789,2.661482810974121,0.010731316184997558,0.9034346,0.00012836402,-0.021741165,0.8206512641931798
98,0.98,BL,4.0,2.580331802368164,2.619999408721924,3.1823208332061768,3.1845366954803467,1.419668197631836,2.6337053775787354,3.1823208332061768,5.633738994598389,2.632629632949829,0.010665017890930177,0.9034346,0.00012836402,-0.021741165,0.8206512641931798
98,0.98,BR,4.0,2.580923318862915,2.61603045463562,3.2002084255218506,3.201838970184326,1.419076681137085,2.6512372493743896,3.2002084255218506,5.669395446777344,2.663149118423462,0.01073609504699707,0.9034346,0.00012836402,-0.021741165,0.8206512641931798
99,0.99,FL,4.0,2.6182026863098145,2.6561334133148193,3.1830601692199707,3.1856579780578613,1.3817973136901855,2.6495206356048584,3.1830601692199707,5.661083698272705,2.6874029636383057,0.010637678527832033,0.9025476,-0.000823681,-0.02174113,0.8206517289231874
99,0.99,FR,4.0,2.616887092590332,2.653167247772217,3.2011098861694336,3.203617811203003,1.383112907409668,2.6669700145721436,3.2011098861694336,5.696445465087891,2.71830415725708,0.010710929870605469,0.9025476,-0.000823681,-0.02174113,0.8206517289231874
99,0.99,BL,4.0,2.619999408721924,2.654991626739502,3.1845366954803467,3.1857056617736816,1.3800005912780762,2.6502654552459717,3.1845366954803467,5.662571907043457,2.6891119480133057,0.010642147254943847,0.9025476,-0.000823681,-0.02174113,0.8206517289231874
99,0.99,BR,4.0,2.61603045463562,2.6551315784454346,3.201838970184326,3.2048251628875732,1.3839695453643799,2.6678450107574463,3.201838970184326,5.698186874389648,2.7199881076812744,0.010714531517028808,0.9025476,-0.000823681,-0.02174113,0.8206517289231874
100,1.0,FL,4.0,2.6561334133148193,2.691098928451538,3.1856579780578613,3.1870672702789307,1.3438665866851807,2.665647029876709,3.1856579780578613,5.688932418823242,2.7441539764404297,0.010617725181579591,0.9016476,-0.0017891861,-0.021741109,0.8206512173477782
100,1.0,FR,4.0,2.653167247772217,2.6956987380981445,3.203617811203003,3.205703020095825,1.3468327522277832,2.6831319332122803,3.203617811203003,5.724316120147705,2.775408983230591,0.01069193744659424,0.9016476,-0.0017891861,-0.021741109,0.8206512173477782
100,1.0,BL,4.0,2.654991626739502,2.693002223968506,3.1857056617736816,3.1882686614990234,1.345008373260498,2.666405439376831,3.1857056617736816,5.690365791320801,2.745877742767334,0.010618829345703126,0.9016476,-0.0017891861,-0.021741109,0.8206512173477782
100,1.0,BR,4.0,2.6551315784454346,2.6945440769195557,3.2048251628875732,3.2057924270629883,1.3448684215545654,2.683983325958252,3.2048251628875732,5.726083755493164,2.7771103382110596,0.010695195388793944,0.9016476,-0.0017891861,-0.021741109,0.8206512173477782
101,1.01,FL,0.0,2.691098928451538,2.7330386638641357,3.1870672702789307,1.589207410812378,-2.691098928451538,2.6333537101745605,3.1870672702789307,5.715799808502197,2.801178455352783,0.010595389938354492,0.9007352,-0.002768279,-0.021741157,0.820651768555593
101,1.01,FR,0.0,2.6956987380981445,2.7303154468536377,3.205703020095825,1.604852557182312,-2.6956987380981445,2.6507835388183594,3.205703020095825,5.751257419586182,2.8327877521514893,0.010666253089904786,0.9007352,-0.002768279,-0.021741157,0.820651768555593
101,1.01,BL,0.0,2.693002223968506,2.73203706741333,3.1882686614990234,1.5892046689987183,-2.693002223968506,2.634089469909668,3.1882686614990234,5.717270851135254,2.8029167652130127,0.01059867286682129,0.9007352,-0.002768279,-0.021741157,0.820651768555593
101,1.01,BR,0.0,2.6945440769195557,2.731186866760254,3.2057924270629883,1.6061657667160034,-2.6945440769195557,2.651648759841919,3.2057924270629883,5.752962589263916,2.8345065116882324,0.010667534446716309,0.9007352,-0.002768279,-0.021741157,0.820651768555593
102,1.02,FL,0.0,2.7330386638641357,2.748267650604248,1.589207410812378,1.5401383638381958,-2.7330386638641357,2.600557327270508,1.589207410812378,5.616307258605957,2.857835531234741,0.004170398712158204,0.89981806,-0.0037527992,-0.021741128,0.8206516244520321
102,1.02,FR,0.0,2.7303154468536377,2.7464535236358643,1.604852557182312,1.5586574077606201,-2.7303154468536377,2.6180198192596436,1.604852557182312,5.651601791381836,2.889798641204834,0.004235157871246338,0.89981806,-0.0037527992,-0.021741128,0.8206516244520321
102,1.02,BL,0.0,2.73203706741333,2.748785972595215,1.5892046689987183,1.5412746667861938,-2.73203706741333,2.6013050079345703,1.5892046689987183,5.617720603942871,2.859588384628296,0.004171189022064209,0.89981806,-0.0037527992,-0.021741128,0.8206516244520321
102,1.02,BR,0.0,2.731186866760254,2.7488839626312256,1.6061657667160034,1.5591740608215332,-2.731186866760254,2.6188745498657227,1.6061657667160034,5.653343200683594,2.8915345668792725,0.004239713573455811,0.89981806,-0.0037527992,-0.021741128,0.8206516244520321
103,1.03,FL,0.0,2.748267650604248,2.7605960369110107,1.5401383638381958,1.5012502670288086,-2.748267650604248,2.567578077316284,1.5401383638381958,5.5168681144714355,2.9134981632232666,0.003961939334869385,0.89889604,-0.0047422536,-0.021741133,0.8206516965037995
103,1.03,FR,0.0,2.7464535236358643,2.7579116821289062,1.5586574077606201,1.51943838596344,-2.7464535236358643,2.5850625038146973,1.5586574077606201,5.5522308349609375,2.945814609527588,0.004037466812133789,0.89889604,-0.0047422536,-0.021741133,0.8206516965037995
103,1.03,BL,0.0,2.748785972595215,2.7620294094085693,1.5412746667861938,1.5017906427383423,-2.748785972595215,2.56831955909729,1.5412746667861938,5.518315315246582,2.9152653217315674,0.0039660698890686035,0.89889604,-0.0047422536,-0.021741133,0.8206516965037995
103,1.03,BR,0.0,2.7488839626312256,2.7573704719543457,1.5591740608215332,1.5193209648132324,-2.7488839626312256,2.585887908935547,1.5591740608215332,5.5539445877075195,2.9475677013397217,0.004037589073181152,0.89889604,-0.0047422536,-0.021741133,0.8206516965037995
104,1.04,FL,0.0,2.7605960369110107,2.7749931812286377,1.5012502670288086,1.4633396863937378,-2.7605960369110107,2.5344510078430176,1.5012502670288086,5.418278217315674,2.968170642852783,0.0037965242385864257,0.89796937,-0.0057366462,-0.021741163,0.8206516965038009
104,1.04,FR,0.0,2.7579116821289062,2.774937152862549,1.51943838596344,1.4818977117538452,-2.7579116821289062,2.5519673824310303,1.51943838596344,5.453680515289307,3.000840902328491,0.003871424198150635,0.89796937,-0.0057366462,-0.021741163,0.8206516965038009
104,1.04,BL,0.0,2.7620294094085693,2.7759523391723633,1.5017906427383423,1.463507890701294,-2.7620294094085693,2.535175323486328,1.5017906427383423,5.419711112976074,2.96995210647583,0.0037975390434265136,0.89796937,-0.0057366462,-0.021741163,0.8206516965038009
104,1.04,BR,0.0,2.7573704719543457,2.773836612701416,1.5193209648132324,1.4829398393630981,-2.7573704719543457,2.5527994632720947,1.5193209648132324,5.455317974090576,3.002610921859741,0.003871387481689453,0.89796937,-0.0057366462,-0.021741163,0.8206516965038009
105,1.05,FL,0.0,2.7749931812286377,2.787654399871826,1.4633396863937378,1.4244537353515625,-2.7749931812286377,2.5011510848999023,1.4633396863937378,5.320581436157227,3.0218617916107178,0.0036333642005920413,0.8970383,-0.006735586,-0.02174113,0.8206516640844229
105,1.05,FR,0.0,2.774937152862549,2.785487174987793,1.4818977117538452,1.4419926404953003,-2.774937152862549,2.5186681747436523,1.4818977117538452,5.356050968170166,3.0548863410949707,0.003707641124725342,0.8970383,-0.006735586,-0.02174113,0.8206516640844229
105,1.05,BL,0.0,2.7759523391723633,2.7883810997009277,1.463507890701294,1.424794316291809,-2.7759523391723633,2.501863956451416,1.463507890701294,5.321971416473389,3.0236573219299316,0.003633269691467285,0.8970383,-0.006735586,-0.02174113,0.8206516640844229
105,1.05,BR,0.0,2.773836612701416,2.785935401916504,1.4829398393630981,1.4432648420333862,-2.773836612701416,2.5195136070251465,1.4829398393630981,5.357706069946289,3.0566725730895996,0.0037126900672912596,0.8970383,-0.006735586,-0.02174113,0.8206516640844229
106,1.06,FL,0.0,2.787654399871826,2.7993199825286865,1.4244537353515625,1.3860893249511719,-2.787654399871826,2.4676992893218994,1.4244537353515625,5.223665714263916,3.0745797157287598,0.003467691421508789,0.8961032,-0.0077392585,-0.021741152,0.8206515524002536
106,1.06,FR,0.0,2.785487174987793,2.799055337905884,1.4419926404953003,1.4044733047485352,-2.785487174987793,2.4852423667907715,1.4419926404953003,5.259119987487793,3.1079587936401367,0.0035395808219909667,0.8961032,-0.0077392585,-0.021741152,0.8206515524002536
106,1.06,BL,0.0,2.7883810997009277,2.7995612621307373,1.424794316291809,1.3865114450454712,-2.7883810997009277,2.4684033393859863,1.424794316291809,5.225027561187744,3.0763890743255615,0.0034684723854064943,0.8961032,-0.0077392585,-0.021741152,0.8206515524002536
106,1.06,BR,0.0,2.785935401916504,2.8002102375030518,1.4432648420333862,1.4051393270492554,-2.785935401916504,2.4860823154449463,1.4432648420333862,5.260809898376465,3.109761953353882,0.0035443110466003417,0.8961032,-0.0077392585,-0.021741152,0.8206515524002536
107,1.07,FL,0.0,2.7993199825286865,2.811906337738037,1.3860893249511719,1.3479712009429932,-2.7993199825286865,2.4341073036193848,1.3860893249511719,5.127541542053223,3.1263325214385986,0.0033049013137817383,0.895164,-0.008746983,-0.02174116,0.8206520567627159
107,1.07,FR,0.0,2.799055337905884,2.8110694885253906,1.4044733047485352,1.3656202554702759,-2.799055337905884,2.4516537189483643,1.4044733047485352,5.1630473136901855,3.160066604614258,0.0033786489486694335,0.895164,-0.008746983,-0.02174116,0.8206520567627159
107,1.07,BL,0.0,2.7995612621307373,2.8118319511413574,1.3865114450454712,1.3485788106918335,-2.7995612621307373,2.4348084926605225,1.3865114450454712,5.128883361816406,3.128155469894409,0.003306396770477295,0.895164,-0.008746983,-0.02174116,0.8206520567627159
107,1.07,BR,0.0,2.8002102375030518,2.8116202354431152,1.4051393270492554,1.3659981489181519,-2.8002102375030518,2.452479839324951,1.4051393270492554,5.164722919464111,3.16188645362854,0.00338038911819458,0.895164,-0.008746983,-0.02174116,0.8206520567627159
108,1.08,FL,0.0,2.811906337738037,2.8253917694091797,1.3479712009429932,1.30934476852417,-2.811906337738037,2.400364398956299,1.3479712009429932,5.032196998596191,3.1771280765533447,0.003142359733581543,0.89422125,-0.009758781,-0.021741109,0.8206520639757404
108,1.08,FR,0.0,2.8110694885253906,2.8206675052642822,1.3656202554702759,1.327225923538208,-2.8110694885253906,2.4179208278656006,1.3656202554702759,5.067694664001465,3.211216926574707,0.003213625431060791,0.89422125,-0.009758781,-0.021741109,0.8206520639757404
108,1.08,BL,0.0,2.8118319511413574,2.8261334896087646,1.3485788106918335,1.3100757598876953,-2.8118319511413574,2.401066541671753,1.3485788106918335,5.033534049987793,3.178964376449585,0.003144849681854248,0.89422125,-0.009758781,-0.021741109,0.8206520639757404
108,1.08,BR,0.0,2.8116202354431152,2.821976900100708,1.3659981489181519,1.3278316259384155,-2.8116202354431152,2.4187402725219727,1.3659981489181519,5.069334506988525,3.2130537033081055,0.0032146964073181154,0.89422125,-0.009758781,-0.021741109,0.8206520639757404
109,1.09,FL,0.0,2.8253917694091797,2.8316729068756104,1.30934476852417,1.2702077627182007,-2.8253917694091797,2.366459846496582,1.30934476852417,4.937561988830566,3.22697377204895,0.002977065658569336,0.8932748,-0.010774396,-0.02174114,0.8206521360275131
109,1.09,FR,0.0,2.8206675052642822,2.8317363262176514,1.327225923538208,1.2896538972854614,-2.8206675052642822,2.384072780609131,1.327225923538208,4.97307014465332,3.2614176273345947,0.0030523696899414066,0.8932748,-0.010774396,-0.02174114,0.8206521360275131
109,1.09,BL,0.0,2.8261334896087646,2.831148624420166,1.3100757598876953,1.270613193511963,-2.8261334896087646,2.3671529293060303,1.3100757598876953,4.93890380859375,3.22882342338562,0.0029793962478637695,0.8932748,-0.010774396,-0.02174114,0.8206521360275131
109,1.09,BR,0.0,2.821976900100708,2.8331801891326904,1.3278316259384155,1.2899495363235474,-2.821976900100708,2.3848764896392822,1.3278316259384155,4.9746928215026855,3.263270616531372,0.0030537449836730954,0.8932748,-0.010774396,-0.02174114,0.8206521360275131
110,1.1,FL,0.0,2.8316729068756104,2.843195915222168,1.2702077627182007,1.233790636062622,-2.8316729068756104,2.33247971534729,1.2702077627182007,4.843568801879883,3.27587628364563,0.0028154927253723145,0.89232504,-0.011793543,-0.02174114,0.8206522080792993
110,1.1,FR,0.0,2.8317363262176514,2.8443939685821533,1.2896538972854614,1.2513782978057861,-2.8317363262176514,2.3500919342041016,1.2896538972854614,4.879209518432617,3.310675859451294,0.0028932265281677244,0.89232504,-0.011793543,-0.02174114,0.8206522080792993
110,1.1,BL,0.0,2.831148624420166,2.8451108932495117,1.270613193511963,1.2346935272216797,-2.831148624420166,2.333179235458374,1.270613193511963,4.8448896408081055,3.2777390480041504,0.002817533874511719,0.89232504,-0.011793543,-0.02174114,0.8206522080792993
110,1.1,BR,0.0,2.8331801891326904,2.8446221351623535,1.2899495363235474,1.2516045570373535,-2.8331801891326904,2.3508784770965576,1.2899495363235474,4.880791664123535,3.312544822692871,0.002893253993988037,0.89232504,-0.011793543,-0.02174114,0.8206522080792993
111,1.11,FL,0.0,2.843195915222168,2.852694034576416,1.233790636062622,1.1952012777328491,-2.843195915222168,2.298361301422119,1.233790636062622,4.7504048347473145,3.323843002319336,0.002660605812072754,0.891372,-0.01281613,-0.021741172,0.8206521756599234
111,1.11,FR,0.0,2.8443939685821533,2.8519880771636963,1.2513782978057861,1.212334394454956,-2.8443939685821533,2.3159592151641846,1.2513782978057861,4.786027431488037,3.358999013900757,0.002729998016357422,0.891372,-0.01281613,-0.021741172,0.8206521756599234
111,1.11,BL,0.0,2.8451108932495117,2.853571653366089,1.2346935272216797,1.1951347589492798,-2.8451108932495117,2.2990379333496094,1.2346935272216797,4.751744747161865,3.325719118118286,0.0026626853942871096,0.891372,-0.01281613,-0.021741172,0.8206521756599234
111,1.11,BR,0.0,2.8446221351623535,2.851841926574707,1.2516045570373535,1.2130296230316162,-2.8446221351623535,2.3167428970336914,1.2516045570373535,4.787565231323242,3.3608834743499756,0.002730720520019531,0.891372,-0.01281613,-0.021741172,0.8206521756599234
112,1.12,FL,0.0,2.852694034576416,2.8643760681152344,1.1952012777328491,1.1572837829589844,-2.852694034576416,2.2641289234161377,1.1952012777328491,4.657867908477783,3.3708813190460205,0.0024986498832702637,0.8904162,-0.013841997,-0.021741103,0.8206519522915386
112,1.12,FR,0.0,2.8519880771636963,2.862671136856079,1.212334394454956,1.1751641035079956,-2.8519880771636963,2.281735420227051,1.212334394454956,4.693437099456787,3.40639328956604,0.0025677471160888672,0.8904162,-0.013841997,-0.021741103,0.8206519522915386
112,1.12,BL,0.0,2.853571653366089,2.8625924587249756,1.1951347589492798,1.157609224319458,-2.853571653366089,2.2647950649261475,1.1951347589492798,4.659150123596191,3.3727705478668213,0.0024976817131042483,0.8904162,-0.013841997,-0.021741103,0.8206519522915386
112,1.12,BR,0.0,2.851841926574707,2.860645294189453,1.2130296230316162,1.1760061979293823,-2.851841926574707,2.2825207710266113,1.2130296230316162,4.694969654083252,3.4082932472229004,0.002570644950866699,0.8904162,-0.013841997,-0.021741103,0.8206519522915386
113,1.1300000000000001,FL,0.0,2.8643760681152344,2.870692729949951,1.1572837829589844,1.1183786392211914,-2.8643760681152344,2.2297565937042236,1.1572837829589844,4.565985679626465,3.4169974327087402,0.00233763427734375,0.88945746,-0.014870917,-0.021741137,0.8206518802397639
113,1.1300000000000001,FR,0.0,2.862671136856079,2.8685011863708496,1.1751641035079956,1.136667013168335,-2.862671136856079,2.2473833560943604,1.1751641035079956,4.6015625,3.4528651237487793,0.0024105195045471192,0.88945746,-0.014870917,-0.021741137,0.8206518802397639
113,1.1300000000000001,BL,0.0,2.8625924587249756,2.868830680847168,1.157609224319458,1.1197580099105835,-2.8625924587249756,2.2304439544677734,1.157609224319458,4.5672430992126465,3.4188995361328125,0.0023403629302978517,0.88945746,-0.014870917,-0.021741137,0.8206518802397639
113,1.1300000000000001,BR,0.0,2.860645294189453,2.869584083557129,1.1760061979293823,1.1382627487182617,-2.860645294189453,2.2481930255889893,1.1760061979293823,4.603100776672363,3.454780340194702,0.0024155085563659666,0.88945746,-0.014870917,-0.021741137,0.8206518802397639
114,1.1400000000000001,FL,0.0,2.870692729949951,2.879318952560425,1.1183786392211914,1.0814794301986694,-2.870692729949951,2.195308208465576,1.1183786392211914,4.474655628204346,3.4621975421905518,0.0021769603729248047,0.88849604,-0.015902592,-0.021741163,0.8206523521828839
114,1.1400000000000001,FR,0.0,2.8685011863708496,2.8823459148406982,1.136667013168335,1.0999828577041626,-2.8685011863708496,2.212961435317993,1.136667013168335,4.5102715492248535,3.4984214305877686,0.00225186710357666,0.88849604,-0.015902592,-0.021741163,0.8206523521828839
114,1.1400000000000001,BL,0.0,2.868830680847168,2.879185438156128,1.1197580099105835,1.0829116106033325,-2.868830680847168,2.1960179805755615,1.1197580099105835,4.475971698760986,3.4641125202178955,0.0021839674949645995,0.88849604,-0.015902592,-0.021741163,0.8206523521828839
114,1.1400000000000001,BR,0.0,2.869584083557129,2.879154920578003,1.1382627487182617,1.1003594398498535,-2.869584083557129,2.2137579917907715,1.1382627487182617,4.511874675750732,3.500352144241333,0.0022573837280273437,0.88849604,-0.015902592,-0.021741163,0.8206523521828839
115,1.1500000000000001,FL,0.0,2.879318952560425,2.8856658935546875,1.0814794301986694,1.0435806512832642,-2.879318952560425,2.1607563495635986,1.0814794301986694,4.384012699127197,3.5064878463745117,0.002022462558746338,0.88753223,-0.016936818,-0.02174112,0.8206523918153051
115,1.1500000000000001,FR,0.0,2.8823459148406982,2.8820641040802,1.0999828577041626,1.0600229501724243,-2.8823459148406982,2.178373336791992,1.0999828577041626,4.41968297958374,3.5430681705474854,0.002094054698944092,0.88753223,-0.016936818,-0.02174112,0.8206523918153051
115,1.1500000000000001,BL,0.0,2.879185438156128,2.8854424953460693,1.0829116106033325,1.0443437099456787,-2.879185438156128,2.1614677906036377,1.0829116106033325,4.38538932800293,3.5084164142608643,0.0020282980918884274,0.88753223,-0.016936818,-0.02174112,0.8206523918153051
115,1.1500000000000001,BR,0.0,2.879154920578003,2.883589029312134,1.1003594398498535,1.062096118927002,-2.879154920578003,2.179208278656006,1.1003594398498535,4.421252727508545,3.5450148582458496,0.0020981138229370115,0.88753223,-0.016936818,-0.02174112,0.8206523918153051
116,1.16,FL,0.0,2.8856658935546875,2.893239974975586,1.0435806512832642,1.0064899921417236,-2.8856658935546875,2.1261284351348877,1.0435806512832642,4.293951511383057,3.549874782562256,0.0018657898902893068,0.8865662,-0.017973386,-0.02174113,0.8206526403900569
116,1.16,FR,0.0,2.8820641040802,2.8934473991394043,1.0600229501724243,1.0255476236343384,-2.8820641040802,2.1437883377075195,1.0600229501724243,4.329513072967529,3.586811065673828,0.001934440517425537,0.8865662,-0.017973386,-0.02174113,0.8206526403900569
116,1.16,BL,0.0,2.8854424953460693,2.889918804168701,1.0443437099456787,1.0072907209396362,-2.8854424953460693,2.1268422603607178,1.0443437099456787,4.295334339141846,3.551816940307617,0.0018690208435058592,0.8865662,-0.017973386,-0.02174113,0.8206526403900569
116,1.16,BR,0.0,2.883589029312134,2.891296625137329,1.062096118927002,1.0257726907730103,-2.883589029312134,2.1446051597595215,1.062096118927002,4.331183910369873,3.5887739658355713,0.0019415132522583006,0.8865662,-0.017973386,-0.02174113,0.8206526403900569
117,1.17,FL,0.0,2.893239974975586,2.8961634635925293,1.0064899921417236,0.9688323736190796,-2.893239974975586,2.09140944480896,1.0064899921417236,4.2045135498046875,3.5923640727996826,0.0017113679885864257,0.88559824,-0.019012237,-0.02174118,0.8206527592873077
117,1.17,FR,0.0,2.8934473991394043,2.898642063140869,1.0255476236343384,0.9864094853401184,-2.8934473991394043,2.109066963195801,1.0255476236343384,4.240174770355225,3.6296565532684326,0.0017874325752258301,0.88559824,-0.019012237,-0.02174118,0.8206527592873077
117,1.17,BL,0.0,2.889918804168701,2.8962090015411377,1.0072907209396362,0.9708748459815979,-2.889918804168701,2.092163324356079,1.0072907209396362,4.205904960632324,3.594320058822632,0.001717227840423584,0.88559824,-0.019012237,-0.02174118,0.8206527592873077
117,1.17,BR,0.0,2.891296625137329,2.8989105224609375,1.0257726907730103,0.9880865216255188,-2.891296625137329,2.1099095344543457,1.0257726907730103,4.241797924041748,3.631635904312134,0.0017900534629821778,0.88559824,-0.019012237,-0.02174118,0.8206527592873077
118,1.18,FL,0.0,2.8961634635925293,2.905128240585327,0.9688323736190796,0.932944118976593,-2.8961634635925293,2.0566556453704834,0.9688323736190796,4.115629196166992,3.6339619159698486,0.001558398723602295,0.8846281,-0.020053005,-0.02174112,0.8206526800224795
118,1.18,FR,0.0,2.898642063140869,2.902951955795288,0.9864094853401184,0.9496102333068848,-2.898642063140869,2.0742833614349365,0.9864094853401184,4.151270389556885,3.6716108322143555,0.0016267242908477781,0.8846281,-0.020053005,-0.02174112,0.8206526800224795
118,1.18,BL,0.0,2.8962090015411377,2.903374671936035,0.9708748459815979,0.9336797595024109,-2.8962090015411377,2.0574088096618652,0.9708748459815979,4.117125988006592,3.635932445526123,0.0015665321826934813,0.8846281,-0.020053005,-0.02174112,0.8206526800224795
118,1.18,BR,0.0,2.8989105224609375,2.9061689376831055,0.9880865216255188,0.9503453969955444,-2.8989105224609375,2.075122594833374,0.9880865216255188,4.152961254119873,3.6736068725585938,0.0016332176685333252,0.8846281,-0.020053005,-0.02174112,0.8206526800224795
119,1.19,FL,0.0,2.905128240585327,2.9073750972747803,0.932944118976593,0.8946042060852051,-2.905128240585327,2.021794080734253,0.932944118976593,4.0274152755737305,3.6746740341186523,0.0014076738834381101,0.8836567,-0.021095691,-0.021741131,0.8206525755513109
119,1.19,FR,0.0,2.902951955795288,2.9091060161590576,0.9496102333068848,0.9131025671958923,-2.902951955795288,2.0394480228424072,0.9496102333068848,4.062966346740723,3.712678909301758,0.0014760793685913084,0.8836567,-0.021095691,-0.021741131,0.8206525755513109
119,1.19,BL,0.0,2.903374671936035,2.9079880714416504,0.9336797595024109,0.896058976650238,-2.903374671936035,2.0225682258605957,0.9336797595024109,4.028911590576172,3.67665958404541,0.0014120193004608153,0.8836567,-0.021095691,-0.021741131,0.8206525755513109
119,1.19,BR,0.0,2.9061689376831055,2.9084532260894775,0.9503453969955444,0.9126551151275635,-2.9061689376831055,2.0402486324310303,0.9503453969955444,4.064648628234863,3.7146918773651123,0.0014764464378356932,0.8836567,-0.021095691,-0.021741131,0.8206525755513109
120,1.2,FL,0.0,2.9073750972747803,2.917341709136963,0.8946042060852051,0.8588439226150513,-2.9073750972747803,1.9869054555892944,0.8946042060852051,3.9396541118621826,3.7145066261291504,0.001252516746520996,0.8826832,-0.0221398,-0.021741169,0.8206527196548914
120,1.2,FR,0.0,2.9091060161590576,2.9137372970581055,0.9131025671958923,0.8758055567741394,-2.9091060161590576,2.0045387744903564,0.9131025671958923,3.975261688232422,3.7528672218322754,0.0013251254558563233,0.8826832,-0.0221398,-0.021741169,0.8206527196548914
120,1.2,BL,0.0,2.9079880714416504,2.918389081954956,0.896058976650238,0.8593730926513672,-2.9079880714416504,1.9876724481582642,0.896058976650238,3.9412055015563965,3.7165071964263916,0.0012578454494476317,0.8826832,-0.0221398,-0.021741169,0.8206527196548914
120,1.2,BR,0.0,2.9084532260894775,2.913682699203491,0.9126551151275635,0.8768673539161682,-2.9084532260894775,2.00534725189209,0.9126551151275635,3.9768428802490234,3.754896402359009,0.001323857879638672,0.8826832,-0.0221398,-0.021741169,0.8206527196548914
121,1.21,FL,0.0,2.917341709136963,2.9173710346221924,0.8588439226150513,0.8199688196182251,-2.917341709136963,1.951897382736206,0.8588439226150513,3.852529525756836,3.753464460372925,0.0011015023231506348,0.8817089,-0.023185618,-0.021741128,0.820652575551294
121,1.21,FR,0.0,2.9137372970581055,2.917048215866089,0.8758055567741394,0.8390437364578247,-2.9137372970581055,1.9695738554000854,0.8758055567741394,3.888071060180664,3.7921810150146484,0.0011722323894500734,0.8817089,-0.023185618,-0.021741128,0.820652575551294
121,1.21,BL,0.0,2.918389081954956,2.916947841644287,0.8593730926513672,0.8203168511390686,-2.918389081954956,1.952651858329773,0.8593730926513672,3.8540616035461426,3.7554807662963867,0.0011027811050415037,0.8817089,-0.023185618,-0.021741128,0.820652575551294
121,1.21,BR,0.0,2.913682699203491,2.917759656906128,0.8768673539161682,0.8398741483688354,-2.913682699203491,1.9703830480575562,0.8768673539161682,3.8896737098693848,3.7942261695861816,0.0011765232563018797,0.8817089,-0.023185618,-0.021741128,0.820652575551294
122,1.22,FL,0.0,2.9173710346221924,2.922205924987793,0.8199688196182251,0.7849489450454712,-2.9173710346221924,1.916888952255249,0.8199688196182251,3.765772581100464,3.791553258895874,0.0009459784507751464,0.8807331,-0.024232369,-0.021741148,0.8206529358103046
122,1.22,FR,0.0,2.917048215866089,2.9229118824005127,0.8390437364578247,0.8027545213699341,-2.917048215866089,1.934569239616394,0.8390437364578247,3.8014163970947266,3.830625534057617,0.0010225363731384278,0.8807331,-0.024232369,-0.021741148,0.8206529358103046
122,1.22,BL,0.0,2.916947841644287,2.923624038696289,0.8203168511390686,0.7858726978302002,-2.916947841644287,1.917648434638977,0.8203168511390686,3.7672717571258545,3.7935843467712402,0.0009477091312408446,0.8807331,-0.024232369,-0.021741148,0.8206529358103046
122,1.22,BR,0.0,2.917759656906128,2.921072244644165,0.8398741483688354,0.8032791614532471,-2.917759656906128,1.9353699684143066,0.8398741483688354,3.803021192550659,3.83268666267395,0.0010252888679504392,0.8807331,-0.024232369,-0.021741148,0.8206529358103046
123,1.23,FL,0.0,2.922205924987793,2.923022747039795,0.7849489450454712,0.7480065822601318,-2.922205924987793,1.8818224668502808,0.7849489450454712,3.679671049118042,3.828777551651001,0.0008020310401916504,0.8797564,-0.025280355,-0.021741163,0.8206530799139179
123,1.23,FR,0.0,2.9229118824005127,2.9224557876586914,0.8027545213699341,0.7654045224189758,-2.9229118824005127,1.8994942903518677,0.8027545213699341,3.715313673019409,3.868206262588501,0.000872688579559326,0.8797564,-0.025280355,-0.021741163,0.8206530799139179
123,1.23,BL,0.0,2.923624038696289,2.92082142829895,0.7858726978302002,0.7481988072395325,-2.923624038696289,1.882564902305603,0.7858726978302002,3.6811840534210205,3.8308238983154297,0.0008045915603637695,0.8797564,-0.025280355,-0.021741163,0.8206530799139179
123,1.23,BR,0.0,2.921072244644165,2.923950433731079,0.8032791614532471,0.7669410109519958,-2.921072244644165,1.9003170728683472,0.8032791614532471,3.7168965339660645,3.870283365249634,0.0008762588500976563,0.8797564,-0.025280355,-0.021741163,0.8206530799139179
124,1.24,FL,0.0,2.923022747039795,2.9254631996154785,0.7480065822601318,0.7126133441925049,-2.923022747039795,1.8467462062835693,0.7480065822601318,3.5940487384796143,3.865143299102783,0.0006536081314086913,0.8787791,-0.02632929,-0.021741116,0.8206529033909256
124,1.24,FR,0.0,2.9224557876586914,2.929429531097412,0.7654045224189758,0.7305120229721069,-2.9224557876586914,1.8644248247146606,0.7654045224189758,3.6296579837799072,3.90492844581604,0.0007236534595489501,0.8787791,-0.02632929,-0.021741116,0.8206529033909256
124,1.24,BL,0.0,2.92082142829895,2.923712730407715,0.7481988072395325,0.7142363786697388,-2.92082142829895,1.8475151062011719,0.7481988072395325,3.59551739692688,3.867204427719116,0.0006561380863189697,0.8787791,-0.02632929,-0.021741116,0.8206529033909256
124,1.24,BR,0.0,2.923950433731079,2.929147720336914,0.7669410109519958,0.7307368516921997,-2.923950433731079,1.865229606628418,0.7669410109519958,3.6312994956970215,3.9070215225219727,0.0007286036968231202,0.8787791,-0.02632929,-0.021741116,0.8206529033909256
125,1.25,FL,0.0,2.9254631996154785,2.926645040512085,0.7126133441925049,0.6765609383583069,-2.9254631996154785,1.8116406202316284,0.7126133441925049,3.5090079307556152,3.900655746459961,0.0005100828170776368,0.8778009,-0.027378889,-0.021741163,0.8206531195463491
125,1.25,FR,0.0,2.929429531097412,2.9301323890686035,0.7305120229721069,0.6926530003547668,-2.929429531097412,1.829271674156189,0.7305120229721069,3.5446248054504395,3.9407968521118164,0.000578504467010498,0.8778009,-0.027378889,-0.021741163,0.8206531195463491
125,1.25,BL,0.0,2.923712730407715,2.9297921657562256,0.7142363786697388,0.6780300140380859,-2.923712730407715,1.812430500984192,0.7142363786697388,3.5105462074279785,3.9027318954467773,0.0005179753303527832,0.8778009,-0.027378889,-0.021741163,0.8206531195463491
125,1.25,BR,0.0,2.929147720336914,2.9262449741363525,0.7307368516921997,0.6935705542564392,-2.929147720336914,1.8300799131393433,0.7307368516921997,3.5462193489074707,3.942906379699707,0.0005796292304992674,0.8778009,-0.027378889,-0.021741163,0.8206531195463491
126,1.26,FL,0.0,2.926645040512085,2.932995319366455,0.6765609383583069,0.6409826278686523,-2.926645040512085,1.776520848274231,0.6765609383583069,3.4244744777679443,3.9353203773498535,0.0003649277210235593,0.8768224,-0.028428972,-0.021741187,0.8206531591787685
126,1.26,FR,0.0,2.9301323890686035,2.9295425415039062,0.6926530003547668,0.6572187542915344,-2.9301323890686035,1.7941100597381592,0.6926530003547668,3.459956645965576,3.9758169651031494,0.0004265060901641844,0.8768224,-0.028428972,-0.021741187,0.8206531591787685
126,1.26,BL,0.0,2.9297921657562256,2.931957721710205,0.6780300140380859,0.6405136585235596,-2.9297921657562256,1.7772730588912964,0.6780300140380859,3.426067590713501,3.9374122619628906,0.000368286323547363,0.8768224,-0.028428972,-0.021741187,0.8206531591787685
126,1.26,BR,0.0,2.9262449741363525,2.9298222064971924,0.6935705542564392,0.6595818996429443,-2.9262449741363525,1.7949649095535278,0.6935705542564392,3.4615607261657715,3.97794246673584,0.00043328623771667464,0.8768224,-0.028428972,-0.021741187,0.8206531591787685
127,1.27,FL,0.0,2.932995319366455,2.928081512451172,0.6409826278686523,0.6033227443695068,-2.932995319366455,1.7413249015808105,0.6409826278686523,3.340465545654297,3.969142198562622,0.00021753425598144505,0.8758436,-0.029479222,-0.021741088,0.8206533032824083
127,1.27,FR,0.0,2.9295425415039062,2.9285900592803955,0.6572187542915344,0.6222930550575256,-2.9295425415039062,1.7589555978775024,0.6572187542915344,3.3758296966552734,4.009993076324463,0.00028524098396301277,0.8758436,-0.029479222,-0.021741088,0.8206533032824083
127,1.27,BL,0.0,2.931957721710205,2.9282796382904053,0.6405136585235596,0.6044899225234985,-2.931957721710205,1.7420895099639893,0.6405136585235596,3.3419594764709473,3.971249580383301,0.0002164884567260743,0.8758436,-0.029479222,-0.021741088,0.8206533032824083
127,1.27,BR,0.0,2.9298222064971924,2.928164005279541,0.6595818996429443,0.6230360269546509,-2.9298222064971924,1.7598071098327637,0.6595818996429443,3.377556085586548,4.012135028839111,0.00029446983337402344,0.8758436,-0.029479222,-0.021741088,0.8206533032824083
128,1.28,FL,0.0,2.928081512451172,2.9330942630767822,0.6033227443695068,0.5700923204421997,-2.928081512451172,1.7061879634857178,0.6033227443695068,3.2567970752716064,4.0021257400512695,7.082576751708958e-05,0.8748648,-0.030529788,-0.02174115,0.8206535518572552
128,1.28,FR,0.0,2.9285900592803955,2.930914878845215,0.6222930550575256,0.5875195860862732,-2.9285900592803955,1.723812460899353,0.6222930550575256,3.292262315750122,4.043330669403076,0.00014630017280578623,0.8748648,-0.030529788,-0.02174115,0.8206535518572552
128,1.28,BL,0.0,2.9282796382904053,2.9337692260742188,0.6044899225234985,0.5707776546478271,-2.9282796382904053,1.7069501876831055,0.6044899225234985,3.258324146270752,4.004248142242432,7.533597946166993e-05,0.8748648,-0.030529788,-0.02174115,0.8206535518572552
128,1.28,BR,0.0,2.928164005279541,2.9303927421569824,0.6230360269546509,0.5885414481163025,-2.928164005279541,1.724669098854065,0.6230360269546509,3.2939794063568115,4.045490264892578,0.00014961290359497071,0.8748648,-0.030529788,-0.02174115,0.8206535518572552
129,1.29,FL,0.0,2.9330942630767822,2.928978681564331,0.5700923204421997,0.5329502820968628,-2.9330942630767822,1.6709908246994019,0.5700923204421997,3.1738035678863525,4.034276008605957,-6.610612869262723e-05,0.87388605,-0.03158023,-0.02174118,0.8206535987027336
129,1.29,FR,0.0,2.930914878845215,2.9296226501464844,0.5875195860862732,0.5514465570449829,-2.930914878845215,1.6886415481567383,0.5875195860862732,3.209244728088379,4.075835704803467,5.34644126892081e-06,0.87388605,-0.03158023,-0.02174118,0.8206535987027336
129,1.29,BL,0.0,2.9337692260742188,2.9308180809020996,0.5707776546478271,0.533442497253418,-2.9337692260742188,1.6717449426651,0.5707776546478271,3.1753244400024414,4.036413669586182,-6.39047622680664e-05,0.87388605,-0.03158023,-0.02174118,0.8206535987027336
129,1.29,BR,0.0,2.9303927421569824,2.927669048309326,0.5885414481163025,0.552511990070343,-2.9303927421569824,1.6895043849945068,0.5885414481163025,3.21097469329834,4.078011989593506,9.851598739623935e-06,0.87388605,-0.03158023,-0.02174118,0.8206535987027336
130,1.3,FL,0.0,2.928978681564331,2.9329020977020264,0.5329502820968628,0.4993993639945984,-2.928978681564331,1.63584303855896,0.5329502820968628,3.091151475906372,4.065598011016846,-0.0002113818168640136,0.8729071,-0.032630216,-0.02174113,0.8206537752257641
130,1.3,FR,0.0,2.9296226501464844,2.9292750358581543,0.5514465570449829,0.5167924761772156,-2.9296226501464844,1.6534860134124756,0.5514465570449829,3.1266536712646484,4.107512474060059,-0.00013791189193725596,0.8729071,-0.032630216,-0.02174113,0.8206537752257641
130,1.3,BL,0.0,2.9308180809020996,2.9297173023223877,0.533442497253418,0.4994177222251892,-2.9308180809020996,1.6365751028060913,0.533442497253418,3.0926513671875,4.067750930786133,-0.00021088447570800773,0.8729071,-0.032630216,-0.02174113,0.8206537752257641
130,1.3,BR,0.0,2.927669048309326,2.9307429790496826,0.552511990070343,0.5184367895126343,-2.927669048309326,1.6543723344802856,0.552511990070343,3.128399133682251,4.109706401824951,-0.00013208727836608913,0.8729071,-0.032630216,-0.02174113,0.8206537752257641
131,1.31,FL,0.0,2.9329020977020264,2.9309921264648438,0.4993993639945984,0.46268224716186523,-2.9329020977020264,1.600648283958435,0.4993993639945984,3.0091092586517334,4.096096515655518,-0.0003487242221832276,0.87192893,-0.033680048,-0.02174111,0.8206540310136899
131,1.31,FR,0.0,2.9292750358581543,2.926625967025757,0.5167924761772156,0.48177602887153625,-2.9292750358581543,1.6183347702026367,0.5167924761772156,3.0445830821990967,4.138365745544434,-0.00027625012397766116,0.87192893,-0.033680048,-0.02174111,0.8206540310136899
131,1.31,BL,0.0,2.9297173023223877,2.9287538528442383,0.4994177222251892,0.4646882116794586,-2.9297173023223877,1.6014184951782227,0.4994177222251892,3.010551691055298,4.098264217376709,-0.00034610295295715333,0.87192893,-0.033680048,-0.02174111,0.8206540310136899
131,1.31,BR,0.0,2.9307429790496826,2.927004814147949,0.5184367895126343,0.48207515478134155,-2.9307429790496826,1.6192034482955933,0.5184367895126343,3.04638934135437,4.14057731628418,-0.0002708472251892089,0.87192893,-0.033680048,-0.02174111,0.8206540310136899
132,1.32,FL,0.0,2.9309921264648438,2.931183099746704,0.46268224716186523,0.4282514154911041,-2.9309921264648438,1.565476417541504,0.46268224716186523,2.9274044036865234,4.125776290893555,-0.0004940647125244139,0.8709511,-0.03472905,-0.021741157,0.8206537428063756
132,1.32,FR,0.0,2.926625967025757,2.9293808937072754,0.48177602887153625,0.4476843774318695,-2.926625967025757,1.5832152366638184,0.48177602887153625,2.962984800338745,4.168400764465332,-0.00041419665813446075,0.8709511,-0.03472905,-0.021741157,0.8206537428063756
132,1.32,BL,0.0,2.9287538528442383,2.930960178375244,0.4646882116794586,0.42991697788238525,-2.9287538528442383,1.5662734508514404,0.4646882116794586,2.928947687149048,4.12795877456665,-0.0004842502355575564,0.8709511,-0.03472905,-0.021741157,0.8206537428063756
132,1.32,BR,0.0,2.927004814147949,2.9283885955810547,0.48207515478134155,0.4484015107154846,-2.927004814147949,1.584079384803772,0.48207515478134155,2.9647436141967773,4.17063045501709,-0.00041330323219299325,0.8709511,-0.03472905,-0.021741157,0.8206537428063756
133,1.33,FL,0.0,2.931183099746704,2.9253485202789307,0.4282514154911041,0.3930031359195709,-2.931183099746704,1.5303021669387817,0.4282514154911041,2.846203327178955,4.154641628265381,-0.0006319408178329469,0.8699742,-0.03577734,-0.021741165,0.8206539589618662
133,1.33,FR,0.0,2.9293808937072754,2.9228785037994385,0.4476843774318695,0.4114628732204437,-2.9293808937072754,1.5480626821517944,0.4476843774318695,2.8819124698638916,4.197622776031494,-0.0005527672052383426,0.8699742,-0.03577734,-0.021741165,0.8206539589618662
133,1.33,BL,0.0,2.930960178375244,2.92288875579834,0.42991697788238525,0.3938893973827362,-2.930960178375244,1.531101942062378,0.42991697788238525,2.8478164672851562,4.156839847564697,-0.0006251002311706544,0.8699742,-0.03577734,-0.021741165,0.8206539589618662
133,1.33,BR,0.0,2.9283885955810547,2.923124313354492,0.4484015107154846,0.41272395849227905,-2.9283885955810547,1.5489387512207031,0.4484015107154846,2.8836584091186523,4.199869632720947,-0.0005491048336029051,0.8699742,-0.03577734,-0.021741165,0.8206539589618662
134,1.34,FL,0.0,2.9253485202789307,2.9209752082824707,0.3930031359195709,0.36016276478767395,-2.9253485202789307,1.4951980113983154,0.3930031359195709,2.7654216289520264,4.182697296142578,-0.000768266272544861,0.8689982,-0.036824808,-0.021741146,0.8206537752257584
134,1.34,FR,0.0,2.9228785037994385,2.9242610931396484,0.4114628732204437,0.3789112865924835,-2.9228785037994385,1.5129880905151367,0.4114628732204437,2.801178455352783,4.2260355949401855,-0.000692451310157776,0.8689982,-0.036824808,-0.021741146,0.8206537752257584
134,1.34,BL,0.0,2.92288875579834,2.919365882873535,0.3938893973827362,0.3619464635848999,-2.92288875579834,1.4960273504257202,0.3938893973827362,2.7670412063598633,4.184911727905273,-0.0007627534151077273,0.8689982,-0.036824808,-0.021741146,0.8206537752257584
134,1.34,BR,0.0,2.923124313354492,2.9235081672668457,0.41272395849227905,0.3796890079975128,-2.923124313354492,1.5138611793518066,0.41272395849227905,2.802954912185669,4.228300094604492,-0.0006876036167144775,0.8689982,-0.036824808,-0.021741146,0.8206537752257584
135,1.35,FL,0.0,2.9209752082824707,2.918394088745117,0.36016276478767395,0.3268078863620758,-2.9209752082824707,1.4601463079452515,0.36016276478767395,2.685232400894165,4.20994758605957,-0.0008961291074752809,0.86802316,-0.03787116,-0.021741165,0.8206536635415143
135,1.35,FR,0.0,2.9242610931396484,2.9165148735046387,0.3789112865924835,0.34328368306159973,-2.9242610931396484,1.477897047996521,0.3789112865924835,2.721057176589966,4.253643989562988,-0.0008237637281417846,0.86802316,-0.03787116,-0.021741165,0.8206536635415143
135,1.35,BL,0.0,2.919365882873535,2.9188289642333984,0.3619464635848999,0.3282809555530548,-2.919365882873535,1.4609949588775635,0.3619464635848999,2.6869282722473145,4.212178707122803,-0.0008877068519592286,0.86802316,-0.03787116,-0.021741165,0.8206536635415143
135,1.35,BR,0.0,2.9235081672668457,2.9171972274780273,0.3796890079975128,0.3444579541683197,-2.9235081672668457,1.4787790775299072,0.3796890079975128,2.722825050354004,4.255926132202148,-0.0008200505018234253,0.86802316,-0.03787116,-0.021741165,0.8206536635415143
136,1.36,FL,0.0,2.918394088745117,2.915858745574951,0.3268078863620758,0.29278865456581116,-2.918394088745117,1.4251255989074707,0.3268078863620758,2.6055715084075928,4.236399173736572,-0.0010274837255477905,0.8670492,-0.038916193,-0.021741167,0.8206538076451372
136,1.36,FR,0.0,2.9165148735046387,2.9182193279266357,0.34328368306159973,0.31129103899002075,-2.9165148735046387,1.4428988695144653,0.34328368306159973,2.6412837505340576,4.280453205108643,-0.000960077166557312,0.8670492,-0.038916193,-0.021741167,0.8206538076451372
136,1.36,BL,0.0,2.9188289642333984,2.9159207344055176,0.3282809555530548,0.2934633195400238,-2.9188289642333984,1.4259690046310425,0.3282809555530548,2.607316493988037,4.2386474609375,-0.0010219393491744998,0.8670492,-0.038916193,-0.021741167,0.8206538076451372
136,1.36,BR,0.0,2.9171972274780273,2.9166502952575684,0.3444579541683197,0.31190022826194763,-2.9171972274780273,1.443772792816162,0.3444579541683197,2.6430742740631104,4.282752990722656,-0.000955925965309143,0.8670492,-0.038916193,-0.021741167,0.8206538076451372
137,1.37,FL,0.0,2.915858745574951,2.914320945739746,0.29278865456581116,0.2587820589542389,-2.915858745574951,1.3901352882385254,0.29278865456581116,2.5263664722442627,4.262056350708008,-0.0011615323781967164,0.8660768,-0.039959818,-0.021741139,0.8206538472775953
137,1.37,FR,0.0,2.9182193279266357,2.912940502166748,0.31129103899002075,0.27561110258102417,-2.9182193279266357,1.407880187034607,0.31129103899002075,2.562129259109497,4.306467533111572,-0.001089411306381226,0.8660768,-0.039959818,-0.021741139,0.8206538472775953
137,1.37,BL,0.0,2.9159207344055176,2.9116709232330322,0.2934633195400238,0.2596006691455841,-2.9159207344055176,1.3909778594970703,0.2934633195400238,2.5280959606170654,4.264321804046631,-0.001158883309364319,0.8660768,-0.039959818,-0.021741139,0.8206538472775953
137,1.37,BR,0.0,2.9166502952575684,2.9100100994110107,0.31190022826194763,0.2771126329898834,-2.9166502952575684,1.4087729454040527,0.31190022826194763,2.5638973712921143,4.308785438537598,-0.0010857193231582642,0.8660768,-0.039959818,-0.021741139,0.8206538472775953
138,1.3800000000000001,FL,0.0,2.914320945739746,2.905734062194824,0.2587820589542389,0.2244068682193756,-2.914320945739746,1.3551634550094604,0.2587820589542389,2.4476001262664795,4.286923408508301,-0.0012963285207748415,0.86510587,-0.041001644,-0.021741176,0.8206539265424819
138,1.3800000000000001,FR,0.0,2.912940502166748,2.905756711959839,0.27561110258102417,0.24270398914813995,-2.912940502166748,1.3729249238967896,0.27561110258102417,2.483280658721924,4.331691741943359,-0.001227907991409302,0.86510587,-0.041001644,-0.021741176,0.8206539265424819
138,1.3800000000000001,BL,0.0,2.9116709232330322,2.908003091812134,0.2596006691455841,0.22630953788757324,-2.9116709232330322,1.3560378551483154,0.2596006691455841,2.4493260383605957,4.289206027984619,-0.0012909340620040895,0.86510587,-0.041001644,-0.021741176,0.8206539265424819
138,1.3800000000000001,BR,0.0,2.9100100994110107,2.906449317932129,0.2771126329898834,0.2447689175605774,-2.9100100994110107,1.3738528490066528,0.2771126329898834,2.4850971698760986,4.3340277671813965,-0.0012195575475692749,0.86510587,-0.041001644,-0.021741176,0.8206539265424819
139,1.3900000000000001,FL,0.0,2.905734062194824,2.900632619857788,0.2244068682193756,0.19286976754665375,-2.905734062194824,1.3202946186065674,0.2244068682193756,2.3692266941070557,4.311005115509033,-0.0014269597768783568,0.8641366,-0.04204177,-0.021741109,0.8206542868016506
139,1.3900000000000001,FR,0.0,2.905756711959839,2.899932384490967,0.24270398914813995,0.21062222123146057,-2.905756711959839,1.3380558490753174,0.24270398914813995,2.404942750930786,4.356130123138428,-0.0013537894129753113,0.8641366,-0.04204177,-0.021741109,0.8206542868016506
139,1.3900000000000001,BL,0.0,2.908003091812134,2.9015085697174072,0.22630953788757324,0.19283662736415863,-2.908003091812134,1.3211418390274048,0.22630953788757324,2.3710339069366455,4.313305377960205,-0.0014211643218994144,0.8641366,-0.04204177,-0.021741109,0.8206542868016506
139,1.3900000000000001,BR,0.0,2.906449317932129,2.900042772293091,0.2447689175605774,0.21127311885356903,-2.906449317932129,1.338975429534912,0.2447689175605774,2.4068500995635986,4.358484745025635,-0.0013460837841033934,0.8641366,-0.04204177,-0.021741109,0.8206542868016506
140,1.4000000000000001,FL,0.0,2.900632619857788,2.8967270851135254,0.19286976754665375,0.16004154086112976,-2.900632619857788,1.2854869365692139,0.19286976754665375,2.2914528846740723,4.334305763244629,-0.0015490270256996155,0.8631692,-0.043080002,-0.021741146,0.8206542147498076
140,1.4000000000000001,FR,0.0,2.899932384490967,2.899233818054199,0.21062222123146057,0.17808286845684052,-2.899932384490967,1.303256630897522,0.21062222123146057,2.3271608352661133,4.379788398742676,-0.0014774570226669312,0.8631692,-0.043080002,-0.021741146,0.8206542147498076
140,1.4000000000000001,BL,0.0,2.9015085697174072,2.897825002670288,0.19283662736415863,0.16053839027881622,-2.9015085697174072,1.2863236665725708,0.19283662736415863,2.293186902999878,4.3366241455078125,-0.0015498603463172916,0.8631692,-0.043080002,-0.021741146,0.8206542147498076
140,1.4000000000000001,BR,0.0,2.900042772293091,2.898050308227539,0.21127311885356903,0.17895834147930145,-2.900042772293091,1.3041749000549316,0.21127311885356903,2.3290443420410156,4.382161617279053,-0.0014749417424201967,0.8631692,-0.043080002,-0.021741146,0.8206542147498076
141,1.41,FL,-4.0,2.8967270851135254,2.891839027404785,0.16004154086112976,-1.4732038974761963,-6.896727085113525,1.2027262449264526,0.16004154086112976,2.2141544818878174,4.356831073760986,-0.0016772155046463017,0.8622036,-0.04411604,-0.021741167,0.8206545029571847
141,1.41,FR,-4.0,2.899233818054199,2.8867809772491455,0.17808286845684052,-1.4564368724822998,-6.899233818054199,1.2204657793045044,0.17808286845684052,2.2498772144317627,4.402670860290527,-0.0016070555806159974,0.8622036,-0.04411604,-0.021741167,0.8206545029571847
141,1.41,BL,-4.0,2.897825002670288,2.893056631088257,0.16053839027881622,-1.4728063344955444,-6.897825241088867,1.203549861907959,0.16053839027881622,2.2158594131469727,4.359166622161865,-0.001676106441020966,0.8622036,-0.04411604,-0.021741167,0.8206545029571847
141,1.41,BR,-4.0,2.898050308227539,2.887672185897827,0.17895834147930145,-1.455045223236084,-6.898050308227539,1.2213983535766602,0.17895834147930145,2.251755475997925,4.405063152313232,-0.0016026068806648257,0.8622036,-0.04411604,-0.021741167,0.8206545029571847
142,1.42,FL,-4.0,2.891839027404785,2.8625175952911377,-1.4732038974761963,-1.5540093183517456,-6.891839027404785,1.1200242042541504,-1.4732038974761963,2.011806011199951,4.377954483032227,-0.008206286811828613,0.86124784,-0.045141507,-0.021741154,0.8206545029571987
142,1.42,FR,-4.0,2.8867809772491455,2.860368251800537,-1.4564368724822998,-1.534246563911438,-6.886780738830566,1.1378244161605835,-1.4564368724822998,2.047442674636841,4.4241509437561035,-0.008135172271728516,0.86124784,-0.045141507,-0.021741154,0.8206545029571987
142,1.42,BL,-4.0,2.893056631088257,2.863377094268799,-1.4728063344955444,-1.5536727905273438,-6.893056869506836,1.120833158493042,-1.4728063344955444,2.013475179672241,4.380306720733643,-0.008205670642852785,0.86124784,-0.045141507,-0.021741154,0.8206545029571987
142,1.42,BR,-4.0,2.887672185897827,2.8619654178619385,-1.455045223236084,-1.5336705446243286,-6.887672424316406,1.1387462615966797,-1.455045223236084,2.049356460571289,4.4265618324279785,-0.008130318641662597,0.86124784,-0.045141507,-0.021741154,0.8206545029571987
143,1.43,FL,-4.0,2.8625175952911377,2.8307390213012695,-1.5540093183517456,-1.6249828338623047,-6.862517356872559,1.0376739501953125,-1.5540093183517456,1.8110547065734863,4.397061824798584,-0.008506051349639894,0.8603024,-0.04615636,-0.021741137,0.8206544633247116
143,1.43,FR,-4.0,2.860368251800537,2.831613302230835,-1.534246563911438,-1.6063228845596313,-6.860368251800537,1.0555000305175781,-1.534246563911438,1.8468440771102905,4.443615436553955,-0.008425280857086182,0.8603024,-0.04615636,-0.021741137,0.8206544633247116
143,1.43,BL,-4.0,2.863377094268799,2.8302969932556152,-1.5536727905273438,-1.6245176792144775,-6.863377094268799,1.0384726524353027,-1.5536727905273438,1.8126848936080933,4.399430751800537,-0.008505392837524415,0.8603024,-0.04615636,-0.021741137,0.8206544633247116
143,1.43,BR,-4.0,2.8619654178619385,2.83070707321167,-1.5336705446243286,-1.6060398817062378,-6.861965179443359,1.0564026832580566,-1.5336705446243286,1.8487279415130615,4.446045875549316,-0.008424254512786866,0.8603024,-0.04615636,-0.021741137,0.8206544633247116
144,1.44,FL,-4.0,2.8307390213012695,2.8011720180511475,-1.6249828338623047,-1.6946215629577637,-6.8307390213012695,0.9557051062583923,-1.6249828338623047,1.6126092672348022,4.414173603057861,-0.008764522552490234,0.8593671,-0.047159895,-0.021741176,0.8206545750090201
144,1.44,FR,-4.0,2.831613302230835,2.8028271198272705,-1.6063228845596313,-1.67714524269104,-6.831613540649414,0.9735206961631775,-1.6063228845596313,1.6484586000442505,4.461085319519043,-0.008690582180023193,0.8593671,-0.047159895,-0.021741176,0.8206545750090201
144,1.44,BL,-4.0,2.8302969932556152,2.800961494445801,-1.6245176792144775,-1.6936461925506592,-6.830296993255615,0.9565090537071228,-1.6245176792144775,1.614211916923523,4.416558265686035,-0.008762308311462403,0.8593671,-0.047159895,-0.021741176,0.8206545750090201
144,1.44,BR,-4.0,2.83070707321167,2.8022003173828125,-1.6060398817062378,-1.6758801937103271,-6.83070707321167,0.9744341969490051,-1.6060398817062378,1.650290846824646,4.463534355163574,-0.008688725185394286,0.8593671,-0.047159895,-0.021741176,0.8206545750090201
145,1.45,FL,-4.0,2.8011720180511475,2.7686169147491455,-1.6946215629577637,-1.7647637128829956,-6.801172256469727,0.8740910291671753,-1.6946215629577637,1.4164838790893555,4.429312705993652,-0.009019423866271973,0.8584422,-0.04815212,-0.021741146,0.8206546866933259
145,1.45,FR,-4.0,2.8028271198272705,2.771969795227051,-1.67714524269104,-1.7476102113723755,-6.802826881408691,0.8918867707252502,-1.67714524269104,1.4522980451583862,4.4765825271606445,-0.008950842666625977,0.8584422,-0.04815212,-0.021741146,0.8206546866933259
145,1.45,BL,-4.0,2.800961494445801,2.767528772354126,-1.6936461925506592,-1.7638756036758423,-6.800961494445801,0.8748975396156311,-1.6936461925506592,1.4181002378463745,4.431713581085205,-0.009015353965759278,0.8584422,-0.04815212,-0.021741146,0.8206546866933259
145,1.45,BR,-4.0,2.8022003173828125,2.7691948413848877,-1.6758801937103271,-1.746445894241333,-6.8022003173828125,0.8928077816963196,-1.6758801937103271,1.4541575908660889,4.4790496826171875,-0.00894528102874756,0.8584422,-0.04815212,-0.021741146,0.8206546866933259
146,1.46,FL,-4.0,2.7686169147491455,2.7365920543670654,-1.7647637128829956,-1.8333556652069092,-6.768616676330566,0.7928676605224609,-1.7647637128829956,1.222548007965088,4.442501068115234,-0.009273948383331298,0.85752887,-0.049132645,-0.021741165,0.820654502957221
146,1.46,FR,-4.0,2.771969795227051,2.7353878021240234,-1.7476102113723755,-1.8169012069702148,-6.771969795227051,0.8106231093406677,-1.7476102113723755,1.2583030462265015,4.490128993988037,-0.009208016681671144,0.85752887,-0.049132645,-0.021741165,0.820654502957221
146,1.46,BL,-4.0,2.767528772354126,2.7369391918182373,-1.7638756036758423,-1.8321139812469482,-6.767528533935547,0.7936871647834778,-1.7638756036758423,1.2241705656051636,4.444918632507324,-0.00926952543258667,0.85752887,-0.049132645,-0.021741165,0.820654502957221
146,1.46,BR,-4.0,2.7691948413848877,2.7359325885772705,-1.746445894241333,-1.8148701190948486,-6.769194602966309,0.8115774393081665,-1.746445894241333,1.2601810693740845,4.492615222930908,-0.009201139450073243,0.85752887,-0.049132645,-0.021741165,0.820654502957221
147,1.47,FL,-4.0,2.7365920543670654,2.703730344772339,-1.8333556652069092,-1.9017691612243652,-6.7365922927856445,0.7120285630226135,-1.8333556652069092,1.0308374166488647,4.453761577606201,-0.00952269630432129,0.8566262,-0.050100915,-0.021741163,0.8206545101702947
147,1.47,FR,-4.0,2.7353878021240234,2.699120283126831,-1.8169012069702148,-1.8835320472717285,-6.735387802124023,0.729798436164856,-1.8169012069702148,1.0664808750152588,4.501746654510498,-0.009455915069580078,0.8566262,-0.050100915,-0.021741163,0.8206545101702947
147,1.47,BL,-4.0,2.7369391918182373,2.703793525695801,-1.8321139812469482,-1.9010884761810303,-6.736939430236816,0.7128438949584961,-1.8321139812469482,1.0324937105178833,4.45619535446167,-0.009518007278442382,0.8566262,-0.050100915,-0.021741163,0.8206545101702947
147,1.47,BR,-4.0,2.7359325885772705,2.7020087242126465,-1.8148701190948486,-1.8827955722808838,-6.735932350158691,0.7307462692260742,-1.8148701190948486,1.0684444904327393,4.504251956939697,-0.009448226547241211,0.8566262,-0.050100915,-0.021741163,0.8206545101702947
148,1.48,FL,-4.0,2.703730344772339,2.669515609741211,-1.9017691612243652,-1.969463586807251,-6.703730583190918,0.6315838098526001,-1.9017691612243652,0.8412787914276123,4.46311616897583,-0.009770060920715333,0.8557357,-0.05105695,-0.021741085,0.8206547191127327
148,1.48,FR,-4.0,2.699120283126831,2.667668581008911,-1.8835320472717285,-1.9498496055603027,-6.69912052154541,0.6494089961051941,-1.8835320472717285,0.8769547939300537,4.511457443237305,-0.009693424415588379,0.8557357,-0.05105695,-0.021741085,0.8206547191127327
148,1.48,BL,-4.0,2.703793525695801,2.6695590019226074,-1.9010884761810303,-1.9686734676361084,-6.703793525695801,0.6323983669281006,-1.9010884761810303,0.8429235816001892,4.465566158294678,-0.009767388725280763,0.8557357,-0.05105695,-0.021741085,0.8206547191127327
148,1.48,BR,-4.0,2.7020087242126465,2.66559100151062,-1.8827955722808838,-1.9500572681427002,-6.7020087242126465,0.6503221392631531,-1.8827955722808838,0.8788992166519165,4.51398229598999,-0.009692789268493651,0.8557357,-0.05105695,-0.021741085,0.8206547191127327
149,1.49,FL,-4.0,2.669515609741211,2.6312150955200195,-1.969463586807251,-2.036222457885742,-6.669515609741211,0.5515496134757996,-1.969463586807251,0.6538442373275757,4.470585346221924,-0.010013466835021972,0.8548569,-0.05200015,-0.021741178,0.8206549028488711
149,1.49,FR,-4.0,2.667668581008911,2.6313328742980957,-1.9498496055603027,-2.0176584720611572,-6.667668342590332,0.56939697265625,-1.9498496055603027,0.6896595358848572,4.519284248352051,-0.00993353328704834,0.8548569,-0.05200015,-0.021741178,0.8206549028488711
149,1.49,BL,-4.0,2.6695590019226074,2.6289894580841064,-1.9686734676361084,-2.0354251861572266,-6.669559001922607,0.5523636937141418,-1.9686734676361084,0.6554864645004272,4.473052024841309,-0.01001034107208252,0.8548569,-0.05200015,-0.021741178,0.8206549028488711
149,1.49,BR,-4.0,2.66559100151062,2.6308040618896484,-1.9500572681427002,-2.01591420173645,-6.665591239929199,0.5703350901603699,-1.9500572681427002,0.6915113925933838,4.5218281745910645,-0.009932701873779298,0.8548569,-0.05200015,-0.021741178,0.8206549028488711
150,1.5,FL,-4.0,2.6312150955200195,2.593240976333618,-2.036222457885742,-2.1009364128112793,-6.6312150955200195,0.47197502851486206,-2.036222457885742,0.4685238003730774,4.47619104385376,-0.010249861907958983,0.8539901,-0.05293021,-0.021741139,0.8206549424813563
150,1.5,FR,-4.0,2.6313328742980957,2.5966811180114746,-2.0176584720611572,-2.0831360816955566,-6.631332874298096,0.4898209869861603,-2.0176584720611572,0.5043905377388,4.5252485275268555,-0.010175700187683106,0.8539901,-0.05293021,-0.021741139,0.8206549424813563
150,1.5,BL,-4.0,2.6289894580841064,2.5962624549865723,-2.0354251861572266,-2.0992321968078613,-6.628989219665527,0.47281578183174133,-2.0354251861572266,0.4701641798019409,4.478673934936523,-0.01024489231109619,0.8539901,-0.05293021,-0.021741139,0.8206549424813563
150,1.5,BR,-4.0,2.6308040618896484,2.5952744483947754,-2.01591420173645,-2.081986665725708,-6.630804061889648,0.49076542258262634,-2.01591420173645,0.5063065886497498,4.527811050415039,-0.01016830005645752,0.8539901,-0.05293021,-0.021741139,0.8206549424813563
151,1.51,FL,-4.0,2.593240976333618,2.556999921798706,-2.1009364128112793,-2.1653213500976562,-6.593240737915039,0.3928561210632324,-2.1009364128112793,0.28539490699768066,4.479954719543457,-0.010478338432312011,0.85313576,-0.053847093,-0.021741154,0.8206550865850725
151,1.51,FR,-4.0,2.5966811180114746,2.5591793060302734,-2.0831360816955566,-2.1488513946533203,-6.596681118011475,0.41066083312034607,-2.0831360816955566,0.32125124335289,4.5293707847595215,-0.010409889221191406,0.85313576,-0.053847093,-0.021741154,0.8206550865850725
151,1.51,BL,-4.0,2.5962624549865723,2.5582828521728516,-2.0992321968078613,-2.16568922996521,-6.596262454986572,0.39366063475608826,-2.0992321968078613,0.28710463643074036,4.482454299926758,-0.010473938751220704,0.85313576,-0.053847093,-0.021741154,0.8206550865850725
151,1.51,BR,-4.0,2.5952744483947754,2.55615234375,-2.081986665725708,-2.1473443508148193,-6.595274448394775,0.41162213683128357,-2.081986665725708,0.3231823146343231,4.531952381134033,-0.010404166221618653,0.85313576,-0.053847093,-0.021741154,0.8206550865850725
152,1.52,FL,-4.0,2.556999921798706,2.5200142860412598,-2.1653213500976562,-2.2299437522888184,-6.557000160217285,0.3141721189022064,-2.1653213500976562,0.1043974906206131,4.481897354125977,-0.01070688533782959,0.852294,-0.054750174,-0.021741157,0.8206551586369182
152,1.52,FR,-4.0,2.5591793060302734,2.521869659423828,-2.1488513946533203,-2.213010787963867,-6.559179306030273,0.33195066452026367,-2.1488513946533203,0.14013947546482086,4.531671524047852,-0.0106427490234375,0.852294,-0.054750174,-0.021741157,0.8206551586369182
152,1.52,BL,-4.0,2.5582828521728516,2.5189616680145264,-2.16568922996521,-2.2296524047851562,-6.558282852172852,0.3149612545967102,-2.16568922996521,0.10601130872964859,4.4844136238098145,-0.01070938320159912,0.852294,-0.054750174,-0.021741157,0.8206551586369182
152,1.52,BR,-4.0,2.55615234375,2.521026849746704,-2.1473443508148193,-2.210838794708252,-6.55615234375,0.3329482972621918,-2.1473443508148193,0.14211300015449524,4.53427267074585,-0.010634299278259278,0.852294,-0.054750174,-0.021741157,0.8206551586369182
153,1.53,FL,-4.0,2.5200142860412598,2.4802751541137695,-2.2299437522888184,-2.2938334941864014,-6.52001428604126,0.23593196272850037,-2.2299437522888184,-0.0745706781744957,4.4820404052734375,-0.01093578643798828,0.85146534,-0.05563949,-0.021741142,0.8206555261093224
153,1.53,FR,-4.0,2.521869659423828,2.4817750453948975,-2.213010787963867,-2.276797294616699,-6.521869659423828,0.253688246011734,-2.213010787963867,-0.03890226036310196,4.532171726226807,-0.010869538879394531,0.85146534,-0.05563949,-0.021741142,0.8206555261093224
153,1.53,BL,-4.0,2.5189616680145264,2.479647397994995,-2.2296524047851562,-2.292623519897461,-6.5189619064331055,0.23673370480537415,-2.2296524047851562,-0.07299729436635971,4.484572887420654,-0.010933778953552246,0.85146534,-0.05563949,-0.021741142,0.8206555261093224
153,1.53,BR,-4.0,2.521026849746704,2.4826509952545166,-2.210838794708252,-2.2754623889923096,-6.521026611328125,0.25469598174095154,-2.210838794708252,-0.03683578595519066,4.534792900085449,-0.010860176658630372,0.85146534,-0.05563949,-0.021741142,0.8206555261093224
154,1.54,FL,-4.0,2.4802751541137695,2.4406135082244873,-2.2938334941864014,-2.356178045272827,-6.4802751541137695,0.15816865861415863,-2.2938334941864014,-0.251531720161438,4.480404376983643,-0.011159554100036622,0.85065013,-0.056514688,-0.021741148,0.8206553820056134
154,1.54,FR,-4.0,2.4817750453948975,2.441171169281006,-2.276797294616699,-2.339021682739258,-6.481775283813477,0.1759069412946701,-2.276797294616699,-0.2159258872270584,4.530891418457031,-0.011092609214782716,0.85065013,-0.056514688,-0.021741148,0.8206553820056134
154,1.54,BL,-4.0,2.479647397994995,2.4411935806274414,-2.292623519897461,-2.3551251888275146,-6.479647636413574,0.1589779406785965,-2.292623519897461,-0.2499251365661621,4.48295259475708,-0.01115421199798584,0.85065013,-0.056514688,-0.021741148,0.8206553820056134
154,1.54,BR,-4.0,2.4826509952545166,2.440469264984131,-2.2754623889923096,-2.338364362716675,-6.4826507568359375,0.17690415680408478,-2.2754623889923096,-0.21383574604988098,4.533534049987793,-0.01108797035217285,0.85065013,-0.056514688,-0.021741148,0.8206553820056134
155,1.55,FL,-4.0,2.4406135082244873,2.3991172313690186,-2.356178045272827,-2.418076753616333,-6.440613746643066,0.08088129013776779,-2.356178045272827,-0.4264431297779083,4.47700834274292,-0.0113772029876709,0.849848,-0.05737526,-0.021741148,0.8206553099537449
155,1.55,FR,-4.0,2.441171169281006,2.4007644653320312,-2.339021682739258,-2.400561571121216,-6.441171169281006,0.09861288219690323,-2.339021682739258,-0.3908880054950714,4.527851581573486,-0.011309023666381837,0.849848,-0.05737526,-0.021741148,0.8206553099537449
155,1.55,BL,-4.0,2.4411935806274414,2.400374174118042,-2.3551251888275146,-2.417499542236328,-6.441193580627441,0.08168361335992813,-2.3551251888275146,-0.4248169958591461,4.479572772979736,-0.011373455619812012,0.849848,-0.05737526,-0.021741148,0.8206553099537449
155,1.55,BR,-4.0,2.440469264984131,2.4013001918792725,-2.338364362716675,-2.3992836475372314,-6.440469264984131,0.09961853176355362,-2.338364362716675,-0.3888282775878906,4.530514717102051,-0.011305832862854004,0.849848,-0.05737526,-0.021741148,0.8206553099537449
156,1.56,FL,-4.0,2.3991172313690186,2.3603198528289795,-2.418076753616333,-2.4787654876708984,-6.399117469787598,0.004091885406523943,-2.418076753616333,-0.5993503332138062,4.471873760223389,-0.011591600799560547,0.8490601,-0.058221143,-0.021741156,0.8206554144249777
156,1.56,FR,-4.0,2.4007644653320312,2.3619589805603027,-2.400561571121216,-2.4616928100585938,-6.400764465332031,0.021803710609674454,-2.400561571121216,-0.5638157725334167,4.523072242736816,-0.011522857856750487,0.8490601,-0.058221143,-0.021741156,0.8206554144249777
156,1.56,BL,-4.0,2.400374174118042,2.359276294708252,-2.417499542236328,-2.478466033935547,-6.400374412536621,0.004879125393927097,-2.417499542236328,-0.5977426767349243,4.474454402923584,-0.011590297508239747,0.8490601,-0.058221143,-0.021741156,0.8206554144249777
156,1.56,BR,-4.0,2.4013001918792725,2.36067795753479,-2.3992836475372314,-2.4609014987945557,-6.401300430297852,0.02280292846262455,-2.3992836475372314,-0.5617366433143616,4.525756359100342,-0.011518174743652344,0.8490601,-0.058221143,-0.021741156,0.8206554144249777
157,1.57,FL,-4.0,2.3603198528289795,2.318971633911133,-2.4787654876708984,-2.5400359630584717,-6.360320091247559,-0.0722319558262825,-2.4787654876708984,-0.7702370882034302,4.465020179748535,-0.011803317832946778,0.84828573,-0.059051983,-0.021741126,0.820655165850003
157,1.57,FR,-4.0,2.3619589805603027,2.318784475326538,-2.4616928100585938,-2.522979974746704,-6.361958980560303,-0.054539795964956284,-2.4616928100585938,-0.7347570061683655,4.516573905944824,-0.011736338424682618,0.84828573,-0.059051983,-0.021741126,0.820655165850003
157,1.57,BL,-4.0,2.359276294708252,2.3171885013580322,-2.478466033935547,-2.5388314723968506,-6.359276294708252,-0.0714321881532669,-2.478466033935547,-0.7686689496040344,4.467616558074951,-0.01180128517150879,0.84828573,-0.059051983,-0.021741126,0.820655165850003
157,1.57,BR,-4.0,2.36067795753479,2.3175899982452393,-2.4609014987945557,-2.521468162536621,-6.360677719116211,-0.053525205701589584,-2.4609014987945557,-0.7326972484588623,4.519278049468994,-0.011732148361206054,0.84828573,-0.059051983,-0.021741126,0.820655165850003
158,1.58,FL,-4.0,2.318971633911133,2.274354934692383,-2.5400359630584717,-2.599820613861084,-6.318971633911133,-0.14805960655212402,-2.5400359630584717,-0.9392281174659729,4.456467151641846,-0.012015321159362793,0.8475259,-0.059867613,-0.021741165,0.8206552703212572
158,1.58,FR,-4.0,2.318784475326538,2.2747488021850586,-2.522979974746704,-2.5820536613464355,-6.318784713745117,-0.13036520779132843,-2.522979974746704,-0.903801679611206,4.508375644683838,-0.011946947479248047,0.8475259,-0.059867613,-0.021741165,0.8206552703212572
158,1.58,BL,-4.0,2.3171885013580322,2.273284912109375,-2.5388314723968506,-2.5983076095581055,-6.317188262939453,-0.14723844826221466,-2.5388314723968506,-0.9376270174980164,4.459079265594482,-0.012009076690673828,0.8475259,-0.059867613,-0.021741165,0.8206552703212572
158,1.58,BR,-4.0,2.3175899982452393,2.2749407291412354,-2.521468162536621,-2.5805611610412598,-6.31758975982666,-0.12933628261089325,-2.521468162536621,-0.9017041325569153,4.511100769042969,-0.011939944648742677,0.8475259,-0.059867613,-0.021741165,0.8206552703212572
159,1.59,FL,-4.0,2.274354934692383,2.2335205078125,-2.599820613861084,-2.657801628112793,-6.274354934692383,-0.2233518660068512,-2.599820613861084,-1.1062812805175781,4.446234226226807,-0.012218766403198241,0.84678036,-0.060667716,-0.021741161,0.8206551586369422
159,1.59,FR,-4.0,2.2747488021850586,2.2311148643493652,-2.5820536613464355,-2.6402647495269775,-6.274748802185059,-0.20566219091415405,-2.5820536613464355,-1.0708506107330322,4.4984965324401855,-0.012148013687133788,0.84678036,-0.060667716,-0.021741161,0.8206551586369422
159,1.59,BL,-4.0,2.273284912109375,2.2329654693603516,-2.5983076095581055,-2.656552314758301,-6.273284912109375,-0.22251787781715393,-2.5983076095581055,-1.1046243906021118,4.448862552642822,-0.012211858367919921,0.84678036,-0.060667716,-0.021741161,0.8206551586369422
159,1.59,BR,-4.0,2.2749407291412354,2.2326536178588867,-2.5805611610412598,-2.639312505722046,-6.274940490722656,-0.20463557541370392,-2.5805611610412598,-1.0687183141708374,4.5012431144714355,-0.012142197227478026,0.84678036,-0.060667716,-0.021741161,0.8206551586369422
160,1.6,FL,-4.0,2.2335205078125,2.189228057861328,-2.657801628112793,-2.7167601585388184,-6.2335205078125,-0.2981541156768799,-2.657801628112793,-1.2713311910629272,4.434340476989746,-0.012418022918701173,0.8460493,-0.061451923,-0.021741137,0.820655486476858
160,1.6,FR,-4.0,2.2311148643493652,2.1895437240600586,-2.6402647495269775,-2.698108196258545,-6.231114864349365,-0.28043556213378906,-2.6402647495269775,-1.2359144687652588,4.486957550048828,-0.012345950889587403,0.8460493,-0.061451923,-0.021741137,0.820655486476858
160,1.6,BL,-4.0,2.2329654693603516,2.1893818378448486,-2.656552314758301,-2.7157039642333984,-6.232965469360352,-0.2973134517669678,-2.656552314758301,-1.2696412801742554,4.436985969543457,-0.012412581634521485,0.8460493,-0.061451923,-0.021741137,0.820655486476858
160,1.6,BR,-4.0,2.2326536178588867,2.187220573425293,-2.639312505722046,-2.6976969242095947,-6.232653617858887,-0.2794274091720581,-2.639312505722046,-1.2337911128997803,4.489725112915039,-0.012343372917175292,0.8460493,-0.061451923,-0.021741137,0.820655486476858
161,1.61,FL,-4.0,2.189228057861328,2.144953966140747,-2.7167601585388184,-2.7738454341888428,-6.189228057861328,-0.372424840927124,-2.7167601585388184,-1.4345329999923706,4.420805931091309,-0.012618423080444335,0.84533376,-0.062220212,-0.021741178,0.8206554864768493
161,1.61,FR,-4.0,2.1895437240600586,2.1450443267822266,-2.698108196258545,-2.7562530040740967,-6.189543724060059,-0.35471010208129883,-2.698108196258545,-1.3990422487258911,4.4737772941589355,-0.012544067764282227,0.84533376,-0.062220212,-0.021741178,0.8206554864768493
161,1.61,BL,-4.0,2.1893818378448486,2.14542818069458,-2.7157039642333984,-2.773066282272339,-6.1893815994262695,-0.37158602476119995,-2.7157039642333984,-1.4328263998031616,4.423468112945557,-0.012614321327209473,0.84533376,-0.062220212,-0.021741178,0.8206554864768493
161,1.61,BR,-4.0,2.187220573425293,2.1466224193573,-2.6976969242095947,-2.7543156147003174,-6.187220573425293,-0.353674054145813,-2.6976969242095947,-1.3969699144363403,4.476565837860107,-0.012540564155578613,0.84533376,-0.062220212,-0.021741178,0.8206554864768493
162,1.62,FL,-4.0,2.144953966140747,2.096928358078003,-2.7738454341888428,-2.830406427383423,-6.144953727722168,-0.4461643099784851,-2.7738454341888428,-1.595812201499939,4.405648708343506,-0.01281134490966797,0.8446331,-0.062972024,-0.021741163,0.8206555585287094
162,1.62,FR,-4.0,2.1450443267822266,2.0952954292297363,-2.7562530040740967,-2.812727928161621,-6.145044326782227,-0.42845064401626587,-2.7562530040740967,-1.560333490371704,4.458974838256836,-0.012741047477722168,0.8446331,-0.062972024,-0.021741163,0.8206555585287094
162,1.62,BL,-4.0,2.14542818069458,2.0986528396606445,-2.773066282272339,-2.8297572135925293,-6.14542818069458,-0.4453311860561371,-2.773066282272339,-1.594111442565918,4.408328056335449,-0.01280860767364502,0.8446331,-0.062972024,-0.021741163,0.8206555585287094
162,1.62,BR,-4.0,2.1466224193573,2.0985963344573975,-2.7543156147003174,-2.8123230934143066,-6.146622657775879,-0.4274335503578186,-2.7543156147003174,-1.5581904649734497,4.461784362792969,-0.01273456039428711,0.8446331,-0.062972024,-0.021741163,0.8206555585287094
163,1.6300000000000001,FL,-4.0,2.096928358078003,2.0526537895202637,-2.830406427383423,-2.8849356174468994,-6.096928596496582,-0.5193274617195129,-2.830406427383423,-1.755203127861023,4.388888359069824,-0.012999168395996094,0.84394807,-0.063707426,-0.021741135,0.8206552703212465
163,1.6300000000000001,FR,-4.0,2.0952954292297363,2.051408052444458,-2.812727928161621,-2.8665688037872314,-6.095295429229736,-0.5015941858291626,-2.812727928161621,-1.7197291851043701,4.442569255828857,-0.012927148056030274,0.84394807,-0.063707426,-0.021741135,0.8206552703212465
163,1.6300000000000001,BL,-4.0,2.0986528396606445,2.050835371017456,-2.8297572135925293,-2.8847923278808594,-6.0986528396606445,-0.5185149908065796,-2.8297572135925293,-1.7535182237625122,4.391584396362305,-0.012997951126098632,0.84394807,-0.063707426,-0.021741135,0.8206552703212465
163,1.6300000000000001,BR,-4.0,2.0985963344573975,2.0519790649414062,-2.8123230934143066,-2.8668720722198486,-6.098596572875977,-0.5006166696548462,-2.8123230934143066,-1.7176384925842285,4.445400238037109,-0.012928169441223145,0.84394807,-0.063707426,-0.021741135,0.8206552703212465
164,1.6400000000000001,FL,-4.0,2.0526537895202637,2.0079967975616455,-2.8849356174468994,-2.9403889179229736,-6.052653789520264,-0.5919592976570129,-2.8849356174468994,-1.9126205444335938,4.370543956756592,-0.01318186550140381,0.8432783,-0.06442586,-0.021741176,0.8206554864768704
164,1.6400000000000001,FR,-4.0,2.051408052444458,2.0045318603515625,-2.8665688037872314,-2.9221572875976562,-6.051407814025879,-0.574211061000824,-2.8665688037872314,-1.877097249031067,4.424579620361328,-0.013107401657104494,0.8432783,-0.06442586,-0.021741176,0.8206554864768704
164,1.6400000000000001,BL,-4.0,2.050835371017456,2.009732484817505,-2.8847923278808594,-2.9388492107391357,-6.050835609436035,-0.5911250114440918,-2.8847923278808594,-1.9109904766082764,4.373256683349609,-0.013179837608337403,0.8432783,-0.06442586,-0.021741176,0.8206554864768704
164,1.6400000000000001,BR,-4.0,2.0519790649414062,2.0041980743408203,-2.8668720722198486,-2.9214084148406982,-6.051979064941406,-0.5732404589653015,-2.8668720722198486,-1.8751121759414673,4.427431106567383,-0.013109071540832521,0.8432783,-0.06442586,-0.021741176,0.8206554864768704
165,1.6500000000000001,FL,-4.0,2.0079967975616455,1.9575691223144531,-2.9403889179229736,-2.9951579570770264,-6.007996559143066,-0.6640552282333374,-2.9403889179229736,-2.068214178085327,4.350634574890137,-0.013367953109741213,0.8426247,-0.06512758,-0.02174114,0.8206553820055864
165,1.6500000000000001,FR,-4.0,2.0045318603515625,1.9578970670700073,-2.9221572875976562,-2.9760239124298096,-6.0045318603515625,-0.64626544713974,-2.9221572875976562,-2.032654047012329,4.405025959014893,-0.013292254638671874,0.8426247,-0.06512758,-0.02174114,0.8206553820055864
165,1.6500000000000001,BL,-4.0,2.009732484817505,1.957701563835144,-2.9388492107391357,-2.9950180053710938,-6.009732246398926,-0.6632418036460876,-2.9388492107391357,-2.0665273666381836,4.353363990783691,-0.013363182830810548,0.8426247,-0.06512758,-0.02174114,0.8206553820055864
165,1.6500000000000001,BR,-4.0,2.0041980743408203,1.956738829612732,-2.9214084148406982,-2.974919557571411,-6.00419807434082,-0.6452907919883728,-2.9214084148406982,-2.0306880474090576,4.407896995544434,-0.01328899211883545,0.8426247,-0.06512758,-0.02174114,0.8206553820055864
166,1.6600000000000001,FL,-4.0,1.9575691223144531,1.9080678224563599,-2.9951579570770264,-3.0470829010009766,-5.957569122314453,-0.7355460524559021,-2.9951579570770264,-2.2220020294189453,4.329178333282471,-0.013546687126159668,0.8419868,-0.06581177,-0.021741144,0.8206554144249788
166,1.6600000000000001,FR,-4.0,1.9578970670700073,1.9092090129852295,-2.9760239124298096,-3.0294241905212402,-5.957897186279297,-0.7177602052688599,-2.9760239124298096,-2.186335563659668,4.383925914764404,-0.013470413303375244,0.8419868,-0.06581177,-0.021741144,0.8206554144249788
166,1.6600000000000001,BL,-4.0,1.957701563835144,1.9097837209701538,-2.9950180053710938,-3.0463223457336426,-5.957701683044434,-0.7347342371940613,-2.9950180053710938,-2.220370292663574,4.3319244384765625,-0.01354623327255249,0.8419868,-0.06581177,-0.021741144,0.8206554144249788
166,1.6600000000000001,BR,-4.0,1.956738829612732,1.909303069114685,-2.974919557571411,-3.0279862880706787,-5.9567389488220215,-0.71677166223526,-2.974919557571411,-2.1843602657318115,4.386816501617432,-0.013465069293975831,0.8419868,-0.06581177,-0.021741144,0.8206554144249788
167,1.67,FL,-4.0,1.9080678224563599,1.860472321510315,-3.0470829010009766,-3.098773241043091,-5.90806770324707,-0.80644291639328,-3.0470829010009766,-2.3738317489624023,4.306194305419922,-0.013714785861968995,0.84136546,-0.06647875,-0.02174114,0.8206555261093282
167,1.67,FR,-4.0,1.9092090129852295,1.8624399900436401,-3.0294241905212402,-3.0814437866210938,-5.909209251403809,-0.7886707186698914,-3.0294241905212402,-2.338179111480713,4.361298084259033,-0.013645063972473144,0.84136546,-0.06647875,-0.02174114,0.8206555261093282
167,1.67,BL,-4.0,1.9097837209701538,1.8592333793640137,-3.0463223457336426,-3.0986478328704834,-5.909783840179443,-0.8056516647338867,-3.0463223457336426,-2.372204303741455,4.308956146240234,-0.013713116359710693,0.84136546,-0.06647875,-0.02174114,0.8206555261093282
167,1.67,BR,-4.0,1.909303069114685,1.8616496324539185,-3.0279862880706787,-3.0804929733276367,-5.909303188323975,-0.7876833081245422,-3.0279862880706787,-2.3361682891845703,4.364208698272705,-0.013639387607574462,0.84136546,-0.06647875,-0.02174114,0.8206555261093282
168,1.68,FL,-4.0,1.860472321510315,1.807528018951416,-3.098773241043091,-3.150631904602051,-5.860472202301025,-0.8767685890197754,-3.098773241043091,-2.523761749267578,4.28170108795166,-0.013883470821380616,0.8407603,-0.06712794,-0.021741146,0.8206556305805792
168,1.68,FR,-4.0,1.8624399900436401,1.8113083839416504,-3.0814437866210938,-3.1336467266082764,-5.86244010925293,-0.8590199947357178,-3.0814437866210938,-2.4881479740142822,4.337161540985107,-0.013815727138519288,0.8407603,-0.06712794,-0.021741146,0.8206556305805792
168,1.68,BL,-4.0,1.8592333793640137,1.8061503171920776,-3.0986478328704834,-3.1493449211120605,-5.859233379364014,-0.8759624361991882,-3.0986478328704834,-2.522188186645508,4.284479141235352,-0.013881978034973146,0.8407603,-0.06712794,-0.021741146,0.8206556305805792
168,1.68,BR,-4.0,1.8616496324539185,1.8114243745803833,-3.0804929733276367,-3.132343053817749,-5.861649513244629,-0.8580231070518494,-3.0804929733276367,-2.4861416816711426,4.340092182159424,-0.013811291599273683,0.8407603,-0.06712794,-0.021741146,0.8206556305805792
169,1.69,FL,-4.0,1.807528018951416,1.7602745294570923,-3.150631904602051,-3.199779748916626,-5.807528018951416,-0.9464588761329651,-3.150631904602051,-2.671879768371582,4.255717754364014,-0.014048550033569336,0.84017193,-0.067759484,-0.021741133,0.8206556377936812
169,1.69,FR,-4.0,1.8113083839416504,1.764884352684021,-3.1336467266082764,-3.1835434436798096,-5.81130838394165,-0.9287557005882263,-3.1336467266082764,-2.6363303661346436,4.311534404754639,-0.013983633613586425,0.84017193,-0.067759484,-0.021741133,0.8206556377936812
169,1.69,BL,-4.0,1.8061503171920776,1.7617214918136597,-3.1493449211120605,-3.19842267036438,-5.806150436401367,-0.9456362724304199,-3.1493449211120605,-2.670267105102539,4.258512020111084,-0.014042299938201904,0.84017193,-0.067759484,-0.021741133,0.8206556377936812
169,1.69,BR,-4.0,1.8114243745803833,1.7621084451675415,-3.132343053817749,-3.1825928688049316,-5.811424255371094,-0.9277601838111877,-3.132343053817749,-2.634300470352173,4.3144850730896,-0.013978511714935303,0.84017193,-0.067759484,-0.021741133,0.8206556377936812
170,1.7,FL,-4.0,1.7602745294570923,1.7131766080856323,-3.199779748916626,-3.2505686283111572,-5.760274410247803,-1.0155822038650513,-3.199779748916626,-2.8180441856384277,4.2282633781433105,-0.01420733861923218,0.8396007,-0.068372786,-0.021741152,0.8206561421568198
170,1.7,FR,-4.0,1.764884352684021,1.7112339735031128,-3.1835434436798096,-3.2347095012664795,-5.7648844718933105,-0.9979343414306641,-3.1835434436798096,-2.7826154232025146,4.284434795379639,-0.014146081256866457,0.8396007,-0.068372786,-0.021741152,0.8206561421568198
170,1.7,BL,-4.0,1.7617214918136597,1.7149338722229004,-3.19842267036438,-3.2503249645233154,-5.761721611022949,-1.0147769451141357,-3.19842267036438,-2.8163881301879883,4.23107385635376,-0.014203067874908448,0.8396007,-0.068372786,-0.021741152,0.8206561421568198
170,1.7,BR,-4.0,1.7621084451675415,1.711761713027954,-3.1825928688049316,-3.2326035499572754,-5.762108325958252,-0.996905505657196,-3.1825928688049316,-2.780590534210205,4.287405490875244,-0.01414005823135376,0.8396007,-0.068372786,-0.021741152,0.8206561421568198
171,1.71,FL,-4.0,1.7131766080856323,1.6572279930114746,-3.2505686283111572,-3.3008527755737305,-5.713176727294922,-1.0841403007507324,-3.2505686283111572,-2.9624602794647217,4.1993560791015625,-0.014372815799713135,0.8390463,-0.06896788,-0.02174116,0.8206559656336783
171,1.71,FR,-4.0,1.7112339735031128,1.6583908796310425,-3.2347095012664795,-3.282428026199341,-5.711234092712402,-1.0664690732955933,-3.2347095012664795,-2.9271771907806396,4.255880832672119,-0.014307825183868408,0.8390463,-0.06896788,-0.02174116,0.8206559656336783
171,1.71,BL,-4.0,1.7149338722229004,1.6578339338302612,-3.2503249645233154,-3.300750494003296,-5.7149338722229,-1.0833561420440674,-3.2503249645233154,-2.960850238800049,4.202182769775391,-0.014373246955871583,0.8390463,-0.06896788,-0.02174116,0.8206559656336783
171,1.71,BR,-4.0,1.711761713027954,1.6590344905853271,-3.2326035499572754,-3.2816102504730225,-5.711761474609375,-1.0654466152191162,-3.2326035499572754,-2.9250664710998535,4.2588725090026855,-0.014299823570251466,0.8390463,-0.06896788,-0.02174116,0.8206559656336783
172,1.72,FL,-4.0,1.6572279930114746,1.6091679334640503,-3.3008527755737305,-3.347031593322754,-5.657227993011475,-1.1520270109176636,-3.3008527755737305,-3.1051571369171143,4.169013500213623,-0.0145291934967041,0.8385091,-0.06954445,-0.021741167,0.820656109737426
172,1.72,FR,-4.0,1.6583908796310425,1.6077029705047607,-3.282428026199341,-3.3298254013061523,-5.658390998840332,-1.1343698501586914,-3.282428026199341,-3.069812536239624,4.22589111328125,-0.014456424808502196,0.8385091,-0.06954445,-0.021741167,0.820656109737426
172,1.72,BL,-4.0,1.6578339338302612,1.6075259447097778,-3.300750494003296,-3.346489667892456,-5.657834053039551,-1.1512501239776611,-3.300750494003296,-3.103602170944214,4.171855926513672,-0.014529269123077393,0.8385091,-0.06954445,-0.021741167,0.820656109737426
172,1.72,BR,-4.0,1.6590344905853271,1.608549952507019,-3.2816102504730225,-3.3290605545043945,-5.659034729003906,-1.1333550214767456,-3.2816102504730225,-3.067720413208008,4.228903770446777,-0.014453668594360352,0.8385091,-0.06954445,-0.021741167,0.820656109737426
173,1.73,FL,-4.0,1.6091679334640503,1.5556366443634033,-3.347031593322754,-3.3956942558288574,-5.60916805267334,-1.2193371057510376,-3.347031593322754,-3.245880126953125,4.137253284454346,-0.014675460720062256,0.8379891,-0.0701022,-0.021741142,0.8206560304724675
173,1.73,FR,-4.0,1.6077029705047607,1.5562742948532104,-3.3298254013061523,-3.377450942993164,-5.60770320892334,-1.201662302017212,-3.3298254013061523,-3.2105722427368164,4.194484710693359,-0.014605463981628418,0.8379891,-0.0701022,-0.021741142,0.8206560304724675
173,1.73,BL,-4.0,1.6075259447097778,1.5554141998291016,-3.346489667892456,-3.3942604064941406,-5.607525825500488,-1.2185404300689697,-3.346489667892456,-3.2443437576293945,4.140111446380615,-0.014671979427337646,0.8379891,-0.0701022,-0.021741142,0.8206560304724675
173,1.73,BR,-4.0,1.608549952507019,1.5584509372711182,-3.3290605545043945,-3.376775026321411,-5.608550071716309,-1.200657606124878,-3.3290605545043945,-3.2085020542144775,4.197518348693848,-0.014603082180023194,0.8379891,-0.0701022,-0.021741142,0.8206560304724675
174,1.74,FL,-4.0,1.5556366443634033,1.5032312870025635,-3.3956942558288574,-3.441591739654541,-5.555636405944824,-1.286004662513733,-3.3956942558288574,-3.384901523590088,4.104094982147217,-0.014827286338806152,0.83748674,-0.07064117,-0.02174122,0.8206557422649605
174,1.74,FR,-4.0,1.5562742948532104,1.505322813987732,-3.377450942993164,-3.4241719245910645,-5.5562744140625,-1.2683374881744385,-3.377450942993164,-3.3495473861694336,4.161679267883301,-0.014754823207855225,0.83748674,-0.07064117,-0.02174122,0.8206557422649605
174,1.74,BL,-4.0,1.5554141998291016,1.5031731128692627,-3.3942604064941406,-3.4407060146331787,-5.555414199829102,-1.285205364227295,-3.3942604064941406,-3.383312940597534,4.106968402862549,-0.014821372985839845,0.83748674,-0.07064117,-0.02174122,0.8206557422649605
174,1.74,BR,-4.0,1.5584509372711182,1.503738284111023,-3.376775026321411,-3.4240379333496094,-5.558450698852539,-1.2673590183258057,-3.376775026321411,-3.3475053310394287,4.164733409881592,-0.01475386085510254,0.83748674,-0.07064117,-0.02174122,0.8206557422649605
175,1.75,FL,-4.0,1.5032312870025635,1.4494390487670898,-3.441591739654541,-3.487297296524048,-5.503231048583984,-1.3520435094833374,-3.441591739654541,-3.522071123123169,4.069555282592773,-0.014968951988220215,0.83700234,-0.07116109,-0.021741135,0.8206556305805845
175,1.75,FR,-4.0,1.505322813987732,1.45008385181427,-3.4241719245910645,-3.4704666137695312,-5.5053229331970215,-1.3344013690948486,-3.4241719245910645,-3.486737012863159,4.127493381500244,-0.014900945949554444,0.83700234,-0.07116109,-0.021741135,0.8206556305805845
175,1.75,BL,-4.0,1.5031731128692627,1.4494986534118652,-3.4407060146331787,-3.4864747524261475,-5.503172874450684,-1.351243495941162,-3.4407060146331787,-3.520475149154663,4.072444915771484,-0.014965362548828125,0.83700234,-0.07116109,-0.021741135,0.8206556305805845
175,1.75,BR,-4.0,1.503738284111023,1.449739933013916,-3.4240379333496094,-3.4688544273376465,-5.5037384033203125,-1.3334039449691772,-3.4240379333496094,-3.484764814376831,4.13056755065918,-0.014899142360687255,0.83700234,-0.07116109,-0.021741135,0.8206556305805845
176,1.76,FL,-4.0,1.4494390487670898,1.3976658582687378,-3.487297296524048,-3.5318191051483154,-5.44943904876709,-1.4174367189407349,-3.487297296524048,-3.6574463844299316,4.033653259277344,-0.015108740425109863,0.8365359,-0.07166187,-0.021741142,0.8206557422649764
176,1.76,FR,-4.0,1.45008385181427,1.395800232887268,-3.4704666137695312,-3.514435052871704,-5.4500837326049805,-1.3998024463653564,-3.4704666137695312,-3.622178077697754,4.091944217681885,-0.015041933536529542,0.8365359,-0.07166187,-0.021741142,0.8206557422649764
176,1.76,BL,-4.0,1.4494986534118652,1.397376537322998,-3.4864747524261475,-3.53104305267334,-5.449498653411865,-1.4166374206542969,-3.4864747524261475,-3.655848741531372,4.036559104919434,-0.015105497932434082,0.8365359,-0.07166187,-0.021741142,0.8206557422649764
176,1.76,BR,-4.0,1.449739933013916,1.3967329263687134,-3.4688544273376465,-3.5132999420166016,-5.449739933013916,-1.3988008499145508,-3.4688544273376465,-3.6201565265655518,4.095038414001465,-0.015035209655761718,0.8365359,-0.07166187,-0.021741142,0.8206557422649764
177,1.77,FL,-4.0,1.3976658582687378,1.3427280187606812,-3.5318191051483154,-3.576503038406372,-5.397665977478027,-1.4822087287902832,-3.5318191051483154,-3.7910051345825195,3.9964065551757812,-0.015245409107208252,0.83608735,-0.072143085,-0.021741124,0.8206554864768562
177,1.77,FR,-4.0,1.395800232887268,1.3431092500686646,-3.514435052871704,-3.5581226348876953,-5.3958001136779785,-1.4645520448684692,-3.514435052871704,-3.755756378173828,4.055049896240234,-0.01517438039779663,0.83608735,-0.072143085,-0.021741124,0.8206554864768562
177,1.77,BL,-4.0,1.397376537322998,1.3407235145568848,-3.53104305267334,-3.5755879878997803,-5.397376537322998,-1.4814059734344482,-3.53104305267334,-3.7894091606140137,3.999328136444092,-0.015242073440551758,0.83608735,-0.072143085,-0.021741124,0.8206554864768562
177,1.77,BR,-4.0,1.3967329263687134,1.3428822755813599,-3.5132999420166016,-3.5574939250946045,-5.396732807159424,-1.4635616540908813,-3.5132999420166016,-3.753725290298462,4.058164596557617,-0.015170586109161378,0.83608735,-0.072143085,-0.021741124,0.8206554864768562
178,1.78,FL,-4.0,1.3427280187606812,1.2905175685882568,-3.576503038406372,-3.61929988861084,-5.342728137969971,-1.5463215112686157,-3.576503038406372,-3.9228310585021973,3.9578330516815186,-0.015380194568634034,0.8356568,-0.07260485,-0.021741146,0.8206553423731233
178,1.78,FR,-4.0,1.3431092500686646,1.2871898412704468,-3.5581226348876953,-3.6017956733703613,-5.343109130859375,-1.5286693572998047,-3.5581226348876953,-3.8875229358673096,4.016829490661621,-0.015306977939605712,0.8356568,-0.07260485,-0.021741146,0.8206553423731233
178,1.78,BL,-4.0,1.3407235145568848,1.2895885705947876,-3.5755879878997803,-3.6176953315734863,-5.340723514556885,-1.5454946756362915,-3.5755879878997803,-3.9212260246276855,3.960770606994629,-0.01537493076324463,0.8356568,-0.07260485,-0.021741146,0.8206553423731233
178,1.78,BR,-4.0,1.3428822755813599,1.289111614227295,-3.5574939250946045,-3.6007144451141357,-5.34288215637207,-1.5276762247085571,-3.5574939250946045,-3.8855221271514893,4.01996374130249,-0.015304281520843507,0.8356568,-0.07260485,-0.021741146,0.8206553423731233
179,1.79,FL,-4.0,1.2905175685882568,1.2338188886642456,-3.61929988861084,-3.6625285148620605,-5.290517807006836,-1.6098077297210693,-3.61929988861084,-4.052844047546387,3.917950391769409,-0.015509613609313964,0.83524525,-0.07304709,-0.021741148,0.820655486476835
179,1.79,FR,-4.0,1.2871898412704468,1.2338887453079224,-3.6017956733703613,-3.643545389175415,-5.287189960479736,-1.5921156406402588,-3.6017956733703613,-4.017548084259033,3.977299690246582,-0.015436934566497803,0.83524525,-0.07304709,-0.021741148,0.820655486476835
179,1.79,BL,-4.0,1.2895885705947876,1.2317754030227661,-3.6176953315734863,-3.661329984664917,-5.289588451385498,-1.6089696884155273,-3.6176953315734863,-4.051176071166992,3.9209043979644775,-0.015502452182769777,0.83524525,-0.07304709,-0.021741148,0.820655486476835
179,1.79,BR,-4.0,1.289111614227295,1.2352248430252075,-3.6007144451141357,-3.6433207988739014,-5.289111614227295,-1.5911455154418945,-3.6007144451141357,-4.015540599822998,3.980454206466675,-0.015434147071838378,0.83524525,-0.07304709,-0.021741148,0.820655486476835
180,1.8,FL,-4.0,1.2338188886642456,1.1785831451416016,-3.6625285148620605,-3.7033352851867676,-5.233819007873535,-1.672613501548767,-3.6625285148620605,-4.181149482727051,3.8767762184143066,-0.01563716917037964,0.83485126,-0.073468946,-0.021741193,0.820655421638092
180,1.8,FR,-4.0,1.2338887453079224,1.1779983043670654,-3.643545389175415,-3.685671091079712,-5.233888626098633,-1.6549222469329834,-3.643545389175415,-4.145748615264893,3.936478853225708,-0.015561292552947999,0.83485126,-0.073468946,-0.021741193,0.820655421638092
180,1.8,BL,-4.0,1.2317754030227661,1.1775239706039429,-3.661329984664917,-3.7016799449920654,-5.231775283813477,-1.6717510223388672,-3.661329984664917,-4.179452896118164,3.879746913909912,-0.015630740261077882,0.83485126,-0.073468946,-0.021741193,0.820655421638092
180,1.8,BR,-4.0,1.2352248430252075,1.1773779392242432,-3.6433207988739014,-3.6852355003356934,-5.235224723815918,-1.6539682149887085,-3.6433207988739014,-4.143802642822266,3.939653158187866,-0.01556146306991577,0.83485126,-0.073468946,-0.021741193,0.820655421638092
181,1.81,FL,-4.0,1.1785831451416016,1.1212540864944458,-3.7033352851867676,-3.744046688079834,-5.178583145141602,-1.7347564697265625,-3.7033352851867676,-4.307623863220215,3.8343279361724854,-0.015756207656860352,0.83447695,-0.07387135,-0.021741154,0.8206553027406595
181,1.81,FR,-4.0,1.1779983043670654,1.1230064630508423,-3.685671091079712,-3.726121664047241,-5.1779985427856445,-1.7170583009719849,-3.685671091079712,-4.272225856781006,3.8943848609924316,-0.0156850830078125,0.83447695,-0.07387135,-0.021741154,0.8206553027406595
181,1.81,BL,-4.0,1.1775239706039429,1.1220446825027466,-3.7016799449920654,-3.74276065826416,-5.177524089813232,-1.7338813543319702,-3.7016799449920654,-4.305864334106445,3.8373160362243652,-0.015748738956451416,0.83447695,-0.07387135,-0.021741154,0.8206553027406595
181,1.81,BR,-4.0,1.1773779392242432,1.1222765445709229,-3.6852355003356934,-3.724919319152832,-5.177377700805664,-1.7160967588424683,-3.6852355003356934,-4.270321846008301,3.897578477859497,-0.01568284435272217,0.83447695,-0.07387135,-0.021741154,0.8206553027406595
182,1.82,FL,-4.0,1.1212540864944458,1.0648099184036255,-3.744046688079834,-3.7832581996917725,-5.121253967285156,-1.79621160030365,-3.744046688079834,-4.4323320388793945,3.7906241416931152,-0.015873190021514893,0.83412105,-0.0742533,-0.02174113,0.8206554144249771
182,1.82,FR,-4.0,1.1230064630508423,1.0644679069519043,-3.726121664047241,-3.766260862350464,-5.123006343841553,-1.7785342931747437,-3.726121664047241,-4.396915912628174,3.8510348796844482,-0.01580289182662964,0.83412105,-0.0742533,-0.02174113,0.8206554144249771
182,1.82,BL,-4.0,1.1220446825027466,1.065750241279602,-3.74276065826416,-3.7826991081237793,-5.122044563293457,-1.7953459024429321,-3.74276065826416,-4.430540084838867,3.7936298847198486,-0.01586867837905884,0.83412105,-0.0742533,-0.02174113,0.8206554144249771
182,1.82,BR,-4.0,1.1222765445709229,1.0661430358886719,-3.724919319152832,-3.765007495880127,-5.122276306152344,-1.7775640487670898,-3.724919319152832,-4.394992351531982,3.854247808456421,-0.01579749851226807,0.83412105,-0.0742533,-0.02174113,0.8206554144249771
183,1.83,FL,-4.0,1.0648099184036255,1.0091768503189087,-3.7832581996917725,-3.8221354484558105,-5.064809799194336,-1.8569892644882202,-3.7832581996917725,-4.555225372314453,3.7456822395324707,-0.01598488073348999,0.8337842,-0.07461494,-0.021741157,0.8206550937981925
183,1.83,FR,-4.0,1.0644679069519043,1.0095973014831543,-3.766260862350464,-3.804321527481079,-5.064467906951904,-1.8393079042434692,-3.766260862350464,-4.519865036010742,3.8064467906951904,-0.01591661777496338,0.8337842,-0.07461494,-0.021741157,0.8206550937981925
183,1.83,BL,-4.0,1.065750241279602,1.0101430416107178,-3.7826991081237793,-3.821645975112915,-5.0657501220703125,-1.8561348915100098,-3.7826991081237793,-4.553459644317627,3.7487058639526367,-0.0159833966255188,0.8337842,-0.07461494,-0.021741157,0.8206550937981925
183,1.83,BR,-4.0,1.0661430358886719,1.008962869644165,-3.765007495880127,-3.8040213584899902,-5.066143035888672,-1.8383578062057495,-3.765007495880127,-4.517918586730957,3.8096790313720703,-0.015912944412231445,0.8337842,-0.07461494,-0.021741157,0.8206550937981925
184,1.84,FL,-4.0,1.0091768503189087,0.9539281129837036,-3.8221354484558105,-3.8606600761413574,-5.009176731109619,-1.9170993566513062,-3.8221354484558105,-4.6763482093811035,3.6995203495025635,-0.01609588327407837,0.83346623,-0.07495598,-0.02174114,0.8206553423731582
184,1.84,FR,-4.0,1.0095973014831543,0.9530063271522522,-3.804321527481079,-3.843146800994873,-5.009597301483154,-1.8994231224060059,-3.804321527481079,-4.64097785949707,3.76063871383667,-0.016024963951110843,0.83346623,-0.07495598,-0.02174114,0.8206553423731582
184,1.84,BL,-4.0,1.0101430416107178,0.9544652700424194,-3.821645975112915,-3.860192060470581,-5.010143280029297,-1.9162565469741821,-3.821645975112915,-4.674613952636719,3.702561378479004,-0.016094698333740234,0.83346623,-0.07495598,-0.02174114,0.8206553423731582
184,1.84,BR,-4.0,1.008962869644165,0.9517731666564941,-3.8040213584899902,-3.8419430255889893,-5.008962631225586,-1.8984653949737549,-3.8040213584899902,-4.6390838623046875,3.763890027999878,-0.016023255729675293,0.83346623,-0.07495598,-0.02174114,0.8206553423731582
185,1.85,FL,-4.0,0.9539281129837036,0.8937734961509705,-3.8606600761413574,-3.8986706733703613,-4.953927993774414,-1.9765465259552002,-3.8606600761413574,-4.795743465423584,3.652155876159668,-0.01620578279495239,0.8331676,-0.07527655,-0.021741128,0.8206550541656994
185,1.85,FR,-4.0,0.9530063271522522,0.8968090415000916,-3.843146800994873,-3.8806257247924805,-4.953006267547607,-1.9588592052459717,-3.843146800994873,-4.7603864669799805,3.713627815246582,-0.01613499226570129,0.8331676,-0.07527655,-0.021741128,0.8206550541656994
185,1.85,BL,-4.0,0.9544652700424194,0.8940572142601013,-3.860192060470581,-3.898042678833008,-4.954465389251709,-1.975710153579712,-3.860192060470581,-4.794040203094482,3.6552140712738037,-0.01620434045791626,0.8331676,-0.07527655,-0.021741128,0.8206550541656994
185,1.85,BR,-4.0,0.9517731666564941,0.8947694301605225,-3.8419430255889893,-3.8791747093200684,-4.951773166656494,-1.9578865766525269,-3.8419430255889893,-4.758472442626953,3.716898202896118,-0.01612919063568115,0.8331676,-0.07527655,-0.021741128,0.8206550541656994
186,1.86,FL,-4.0,0.8937734961509705,0.8368499279022217,-3.8986706733703613,-3.934056043624878,-4.893773555755615,-2.0352718830108643,-3.8986706733703613,-4.913437843322754,3.6036059856414795,-0.01630970149040222,0.8328881,-0.07557614,-0.021741172,0.8206553423731291
186,1.86,FR,-4.0,0.8968090415000916,0.8363831043243408,-3.8806257247924805,-3.9175827503204346,-4.896809101104736,-2.017620801925659,-3.8806257247924805,-4.8780517578125,3.6654317378997803,-0.016239950132369996,0.8328881,-0.07557614,-0.021741172,0.8206553423731291
186,1.86,BL,-4.0,0.8940572142601013,0.8353464603424072,-3.898042678833008,-3.933333158493042,-4.894057273864746,-2.0344388484954834,-3.898042678833008,-4.911752223968506,3.6066813468933105,-0.01630741648674011,0.8328881,-0.07557614,-0.021741172,0.8206553423731291
186,1.86,BR,-4.0,0.8947694301605225,0.835894763469696,-3.8791747093200684,-3.9157943725585938,-4.894769668579102,-2.0166239738464355,-3.8791747093200684,-4.876099109649658,3.6687214374542236,-0.016232514381408693,0.8328881,-0.07557614,-0.021741172,0.8206553423731291
187,1.87,FL,-4.0,0.8368499279022217,0.7787016034126282,-3.934056043624878,-3.9700117111206055,-4.836850166320801,-2.0933139324188232,-3.934056043624878,-5.029292106628418,3.5538885593414307,-0.016405704116821292,0.8326283,-0.07585505,-0.021741148,0.8206554144250046
187,1.87,FR,-4.0,0.8363831043243408,0.7794657349586487,-3.9175827503204346,-3.952174186706543,-4.836382865905762,-2.075657606124878,-3.9175827503204346,-4.994001865386963,3.61606764793396,-0.01633943748474121,0.8326283,-0.07585505,-0.021741148,0.8206554144250046
187,1.87,BL,-4.0,0.8353464603424072,0.7781211137771606,-3.933333158493042,-3.9685773849487305,-4.835346221923828,-2.0924630165100098,-3.933333158493042,-5.027616024017334,3.556980609893799,-0.016401609802246093,0.8326283,-0.07585505,-0.021741148,0.8206554144250046
187,1.87,BR,-4.0,0.835894763469696,0.7789345383644104,-3.9157943725585938,-3.950981855392456,-4.835894584655762,-2.0746545791625977,-3.9157943725585938,-4.99198579788208,3.6193771362304688,-0.016331893301010134,0.8326283,-0.07585505,-0.021741148,0.8206554144250046
188,1.8800000000000001,FL,-4.0,0.7787016034126282,0.7207867503166199,-3.9700117111206055,-4.004794597625732,-4.7787017822265625,-2.150658369064331,-3.9700117111206055,-5.143423557281494,3.503021240234375,-0.016503008127212525,0.8323878,-0.076112896,-0.02174115,0.8206553423731318
188,1.8800000000000001,FR,-4.0,0.7794657349586487,0.716986358165741,-3.952174186706543,-3.987443685531616,-4.779465675354004,-2.1330111026763916,-3.952174186706543,-5.108118057250977,3.5655531883239746,-0.016432269334793092,0.8323878,-0.076112896,-0.02174115,0.8206553423731318
188,1.8800000000000001,BL,-4.0,0.7781211137771606,0.7194684147834778,-3.9685773849487305,-4.003711223602295,-4.778120994567871,-2.1498005390167236,-3.9685773849487305,-5.141700744628906,3.5061302185058594,-0.016496806430816652,0.8323878,-0.076112896,-0.02174115,0.8206553423731318
188,1.8800000000000001,BR,-4.0,0.7789345383644104,0.7190597057342529,-3.950981855392456,-3.9862284660339355,-4.778934478759766,-2.1320018768310547,-3.950981855392456,-5.106087684631348,3.568882942199707,-0.01642707505226135,0.8323878,-0.076112896,-0.02174115,0.8206553423731318
189,1.8900000000000001,FL,-4.0,0.7207867503166199,0.6610673666000366,-4.004794597625732,-4.038973331451416,-4.7207865715026855,-2.207307815551758,-4.004794597625732,-5.255807399749756,3.451021194458008,-0.016595807790756225,0.83216745,-0.07634985,-0.021741174,0.820655486476853
189,1.8900000000000001,FR,-4.0,0.716986358165741,0.6603118777275085,-3.987443685531616,-4.019805431365967,-4.716986179351807,-2.18961501121521,-3.987443685531616,-5.220525741577148,3.513906240463257,-0.016523363828659057,0.83216745,-0.07634985,-0.021741174,0.820655486476853
189,1.8900000000000001,BL,-4.0,0.7194684147834778,0.6616743206977844,-4.003711223602295,-4.037587642669678,-4.719468593597412,-2.2064340114593506,-4.003711223602295,-5.2540669441223145,3.4541475772857666,-0.016590419626235964,0.83216745,-0.07634985,-0.021741174,0.820655486476853
189,1.8900000000000001,BR,-4.0,0.7190597057342529,0.660895586013794,-3.9862284660339355,-4.019625663757324,-4.719059944152832,-2.1886305809020996,-3.9862284660339355,-5.218479633331299,3.517256498336792,-0.016520161628723145,0.83216745,-0.07634985,-0.021741174,0.820655486476853
190,1.9000000000000001,FL,-4.0,0.6610673666000366,0.6028655171394348,-4.038973331451416,-4.07173490524292,-4.661067485809326,-2.2632405757904053,-4.038973331451416,-5.366465091705322,3.3979063034057617,-0.016684747219085694,0.8319664,-0.07656527,-0.021741148,0.8206551658500079
190,1.9000000000000001,FR,-4.0,0.6603118777275085,0.6001809239387512,-4.019805431365967,-4.053739547729492,-4.660311698913574,-2.2455387115478516,-4.019805431365967,-5.331063747406006,3.4611446857452393,-0.016607471227645873,0.8319664,-0.07656527,-0.021741148,0.8206551658500079
190,1.9000000000000001,BL,-4.0,0.6616743206977844,0.6015465259552002,-4.037587642669678,-4.071103572845459,-4.661674499511719,-2.26237416267395,-4.037587642669678,-5.364684581756592,3.401050090789795,-0.01667969002723694,0.8319664,-0.07656527,-0.021741148,0.8206551658500079
190,1.9000000000000001,BR,-4.0,0.660895586013794,0.6013135313987732,-4.019625663757324,-4.0529890060424805,-4.660895347595215,-2.244561195373535,-4.019625663757324,-5.329083442687988,3.464514970779419,-0.01660721912384033,0.8319664,-0.07656527,-0.021741148,0.8206551658500079
191,1.9100000000000001,FL,-4.0,0.6028655171394348,0.5420835614204407,-4.07173490524292,-4.104386806488037,-4.602865695953369,-2.3184750080108643,-4.07173490524292,-5.475353240966797,3.343693494796753,-0.016769232034683227,0.83178544,-0.07675956,-0.021741169,0.8206550541656864
191,1.9100000000000001,FR,-4.0,0.6001809239387512,0.5416619181632996,-4.053739547729492,-4.085610866546631,-4.6001811027526855,-2.300740957260132,-4.053739547729492,-5.4399285316467285,3.4072859287261963,-0.01669510293006897,0.83178544,-0.07675956,-0.021741169,0.8206550541656864
191,1.9100000000000001,BL,-4.0,0.6015465259552002,0.5415568947792053,-4.071103572845459,-4.102993011474609,-4.601546287536621,-2.3175926208496094,-4.071103572845459,-5.473592758178711,3.3468551635742188,-0.016765651512146,0.83178544,-0.07675956,-0.021741169,0.8206550541656864
191,1.9100000000000001,BR,-4.0,0.6013135313987732,0.5408740043640137,-4.0529890060424805,-4.085086822509766,-4.601313591003418,-2.299777030944824,-4.0529890060424805,-5.437967300415039,3.4106760025024414,-0.01669300684928894,0.83178544,-0.07675956,-0.021741169,0.8206550541656864
192,1.92,FL,-4.0,0.5420835614204407,0.4815501570701599,-4.104386806488037,-4.135308265686035,-4.542083740234375,-2.3729801177978516,-4.104386806488037,-5.582531929016113,3.288400411605835,-0.0168512140750885,0.8316245,-0.076932296,-0.021741157,0.8206554144249742
192,1.92,FR,-4.0,0.5416619181632996,0.4812633991241455,-4.085610866546631,-4.117405414581299,-4.541661739349365,-2.355240821838379,-4.085610866546631,-5.547024250030518,3.3523476123809814,-0.016775773000717163,0.8316245,-0.076932296,-0.021741157,0.8206554144249742
192,1.92,BL,-4.0,0.5415568947792053,0.4814474284648895,-4.102993011474609,-4.134215354919434,-4.5415568351745605,-2.37209153175354,-4.102993011474609,-5.580731391906738,3.2915799617767334,-0.016845217561721804,0.8316245,-0.076932296,-0.021741157,0.8206554144249742
192,1.92,BR,-4.0,0.5408740043640137,0.4823359549045563,-4.085086822509766,-4.116126537322998,-4.540874004364014,-2.3542675971984863,-4.085086822509766,-5.545098304748535,3.355757236480713,-0.016773046493530275,0.8316245,-0.076932296,-0.021741157,0.8206554144249742
193,1.93,FL,-4.0,0.4815501570701599,0.4236634373664856,-4.135308265686035,-4.165600299835205,-4.481550216674805,-2.4267587661743164,-4.135308265686035,-5.687933444976807,3.2320446968078613,-0.01692647318840027,0.8314834,-0.077083625,-0.021741137,0.8206552379018758
193,1.93,FR,-4.0,0.4812633991241455,0.42401066422462463,-4.117405414581299,-4.1477460861206055,-4.481263160705566,-2.4090158939361572,-4.117405414581299,-5.652413845062256,3.29634690284729,-0.016854632377624513,0.8314834,-0.077083625,-0.021741137,0.8206552379018758
193,1.93,BL,-4.0,0.4814474284648895,0.42414921522140503,-4.134215354919434,-4.164670467376709,-4.481447219848633,-2.4258687496185303,-4.134215354919434,-5.686117649078369,3.2352421283721924,-0.016922019362449647,0.8314834,-0.077083625,-0.021741137,0.8206552379018758
193,1.93,BR,-4.0,0.4823359549045563,0.42465370893478394,-4.116126537322998,-4.147202014923096,-4.482336044311523,-2.408055543899536,-4.116126537322998,-5.650463104248047,3.2997758388519287,-0.01685037491321564,0.8314834,-0.077083625,-0.021741137,0.8206552379018758
194,1.94,FL,-4.0,0.4236634373664856,0.3607282340526581,-4.165600299835205,-4.196224212646484,-4.42366361618042,-2.4798426628112793,-4.165600299835205,-5.791577339172363,3.1746435165405273,-0.01700133194923401,0.83136237,-0.07721316,-0.021741172,0.8206551658500025
194,1.94,FR,-4.0,0.42401066422462463,0.35875698924064636,-4.1477460861206055,-4.178620338439941,-4.424010753631592,-2.462104082107544,-4.1477460861206055,-5.756050109863281,3.2393012046813965,-0.016930192875862123,0.83136237,-0.07721316,-0.021741172,0.8206551658500025
194,1.94,BL,-4.0,0.42414921522140503,0.35910284519195557,-4.164670467376709,-4.195528507232666,-4.424149036407471,-2.4789586067199707,-4.164670467376709,-5.789759635925293,3.177859306335449,-0.01699800124168396,0.83136237,-0.07721316,-0.021741172,0.8206551658500025
194,1.94,BR,-4.0,0.42465370893478394,0.362483412027359,-4.147202014923096,-4.177917003631592,-4.42465353012085,-2.461151361465454,-4.147202014923096,-5.754133701324463,3.2427494525909424,-0.01692853102684021,0.83136237,-0.07721316,-0.021741172,0.8206551658500025
195,1.95,FL,-4.0,0.3607282340526581,0.30256006121635437,-4.196224212646484,-4.2241339683532715,-4.3607282638549805,-2.5321714878082275,-4.196224212646484,-5.893558979034424,3.1162145137786865,-0.017073479437828065,0.83126193,-0.07732117,-0.021741148,0.8206553099537256
195,1.95,FR,-4.0,0.35875698924064636,0.30224916338920593,-4.178620338439941,-4.205606937408447,-4.358757019042969,-2.514409065246582,-4.178620338439941,-5.858044624328613,3.181227207183838,-0.017001486945152283,0.83126193,-0.07732117,-0.021741148,0.8206553099537256
195,1.95,BL,-4.0,0.35910284519195557,0.29853373765945435,-4.195528507232666,-4.222599506378174,-4.359102725982666,-2.5312678813934326,-4.195528507232666,-5.891757965087891,3.11944842338562,-0.01706939630508423,0.83126193,-0.07732117,-0.021741148,0.8206553099537256
195,1.95,BR,-4.0,0.362483412027359,0.3009487986564636,-4.177917003631592,-4.2061448097229,-4.362483501434326,-2.5135011672973633,-4.177917003631592,-5.856147766113281,3.184694528579712,-0.017001654744148255,0.83126193,-0.07732117,-0.021741148,0.8206553099537256
196,1.96,FL,-4.0,0.30256006121635437,0.24058778584003448,-4.2241339683532715,-4.253195285797119,-4.302559852600098,-2.5838019847869873,-4.2241339683532715,-5.993730545043945,3.056774854660034,-0.01713858392238617,0.83118135,-0.07740715,-0.021741157,0.8206553820056101
196,1.96,FR,-4.0,0.30224916338920593,0.24005648493766785,-4.205606937408447,-4.235308647155762,-4.302248954772949,-2.5660362243652344,-4.205606937408447,-5.958155632019043,3.122143030166626,-0.017064227080345155,0.83118135,-0.07740715,-0.021741157,0.8206553820056101
196,1.96,BL,-4.0,0.29853373765945435,0.24104130268096924,-4.222599506378174,-4.250681400299072,-4.298533916473389,-2.582850217819214,-4.222599506378174,-5.991879940032959,3.0600268840789795,-0.017129225015640258,0.83118135,-0.07740715,-0.021741157,0.8206553820056101
196,1.96,BR,-4.0,0.3009487986564636,0.2417137324810028,-4.2061448097229,-4.233880519866943,-4.300948619842529,-2.565112590789795,-4.2061448097229,-5.956375598907471,3.125628709793091,-0.017065338277816772,0.83118135,-0.07740715,-0.021741157,0.8206553820056101
197,1.97,FL,-4.0,0.24058778584003448,0.17790500819683075,-4.253195285797119,-4.2800374031066895,-4.2405877113342285,-2.6346890926361084,-4.253195285797119,-6.0922532081604,2.9963414669036865,-0.017205251371860505,0.8311217,-0.077471524,-0.021741163,0.8206552703212577
197,1.97,FR,-4.0,0.24005648493766785,0.17912453413009644,-4.235308647155762,-4.262058734893799,-4.24005651473999,-2.6169168949127197,-4.235308647155762,-6.056670665740967,3.062065601348877,-0.017133279776573182,0.8311217,-0.077471524,-0.021741163,0.8206552703212577
197,1.97,BL,-4.0,0.24104130268096924,0.1781638264656067,-4.250681400299072,-4.279266834259033,-4.24104118347168,-2.6337428092956543,-4.250681400299072,-6.090278148651123,2.999612808227539,-0.017195558643341068,0.8311217,-0.077471524,-0.021741163,0.8206552703212577
197,1.97,BR,-4.0,0.2417137324810028,0.17764799296855927,-4.233880519866943,-4.261797904968262,-4.241713523864746,-2.6160130500793457,-4.233880519866943,-6.054848670959473,3.0655691623687744,-0.017128893065452577,0.8311217,-0.077471524,-0.021741163,0.8206552703212577
198,1.98,FL,-4.0,0.17790500819683075,0.13532185554504395,-4.2800374031066895,-4.305850982666016,-4.177905082702637,-2.684823989868164,-4.2800374031066895,-6.189018249511719,2.934931993484497,-0.017262473618984225,0.83108246,-0.07751385,-0.021741163,0.8206537428063757
198,1.98,FR,-4.0,0.17912453413009644,0.10453729331493378,-4.262058734893799,-4.288566589355469,-4.179124355316162,-2.6670663356781006,-4.262058734893799,-6.153420448303223,3.001011848449707,-0.017191534566879274,0.83108246,-0.07751385,-0.021741163,0.8206537428063757
198,1.98,BL,-4.0,0.1781638264656067,0.13416741788387299,-4.279266834259033,-4.305008411407471,-4.178164005279541,-2.683880567550659,-4.279266834259033,-6.1870598793029785,2.938222885131836,-0.017259598398208616,0.83108246,-0.07751385,-0.021741163,0.8206537428063757
198,1.98,BR,-4.0,0.17764799296855927,0.10286552459001541,-4.261797904968262,-4.28707218170166,-4.177648067474365,-2.666144847869873,-4.261797904968262,-6.151649475097656,3.004533529281616,-0.017189310014247894,0.83108246,-0.07751385,-0.021741163,0.8206537428063757
199,1.99,FL,-4.0,0.13532185554504395,0.08221325278282166,-4.305850982666016,-4.338952541351318,-4.135321617126465,-2.734447956085205,-4.305850982666016,-6.284012794494629,2.872563600540161,-0.0173316614151001,0.83106333,-0.07753392,-0.021741169,0.8206540634330693
199,1.99,FR,-4.0,0.10453729331493378,0.03783494234085083,-4.288566589355469,-4.3088812828063965,-4.104537487030029,-2.716320753097534,-4.288566589355469,-6.248456001281738,2.9389994144439697,-0.017237896192073825,0.83106333,-0.07753392,-0.021741169,0.8206540634330693
199,1.99,BL,-4.0,0.13416741788387299,0.07858742773532867,-4.305008411407471,-4.337547779083252,-4.134167194366455,-2.7334907054901123,-4.305008411407471,-6.282065391540527,2.8758740425109863,-0.017327367579936984,0.83106333,-0.07753392,-0.021741169,0.8206540634330693
199,1.99,BR,-4.0,0.10286552459001541,0.0372931994497776,-4.28707218170166,-4.307291030883789,-4.102865695953369,-2.715379238128662,-4.28707218170166,-6.246636867523193,2.9425389766693115,-0.017230581146478654,0.83106333,-0.07753392,-0.021741169,0.8206540634330693
200,2.0,FL,-4.0,0.08221325278282166,0.025385670363903046,-4.338952541351318,-4.367332935333252,-4.082213401794434,-2.7834343910217285,-4.338952541351318,-6.377878665924072,2.809251070022583,-0.017421580767631534,0.83106476,-0.07753208,-0.021741198,0.8206533032823984
200,2.0,FR,-4.0,0.03783494234085083,-0.025828562676906586,-4.3088812828063965,-4.331454753875732,-4.037835121154785,-2.764774799346924,-4.3088812828063965,-6.341357707977295,2.876047134399414,-0.017265793085098267,0.83106476,-0.07753208,-0.021741198,0.8206533032823984
200,2.0,BL,-4.0,0.07858742773532867,0.0217577051371336,-4.337547779083252,-4.364925861358643,-4.078587532043457,-2.7824337482452393,-4.337547779083252,-6.375897407531738,2.8125810623168945,-0.01741306105852127,0.83106476,-0.07753208,-0.021741198,0.8206533032823984
200,2.0,BR,-4.0,0.0372931994497776,-0.030128804966807365,-4.307291030883789,-4.330296516418457,-4.037293434143066,-2.763826847076416,-4.307291030883789,-6.339485168457031,2.879605293273926,-0.01725899868309498,0.83106476,-0.07753208,-0.021741198,0.8206533032823984
201,2.0100000000000002,FL,-4.0,0.025385670363903046,-0.0371636226773262,-4.367332935333252,-4.393588542938232,-4.025385856628418,-2.8317389488220215,-4.367332935333252,-6.470289707183838,2.745007038116455,-0.01748964027762413,0.8310874,-0.077508256,-0.0217412,0.820652935810298
201,2.0100000000000002,FR,-4.0,-0.025828562676906586,-0.09029312431812286,-4.331454753875732,-4.354443550109863,-3.9741714000701904,-2.812464952468872,-4.331454753875732,-6.432386875152588,2.8121755123138428,-0.017305156165361404,0.8310874,-0.077508256,-0.0217412,0.820652935810298
201,2.0100000000000002,BL,-4.0,0.0217577051371336,-0.040884051471948624,-4.364925861358643,-4.391136646270752,-4.02175760269165,-2.8306949138641357,-4.364925861358643,-6.468197345733643,2.7483575344085693,-0.017477109609544277,0.8310874,-0.077508256,-0.0217412,0.820652935810298
201,2.0100000000000002,BR,-4.0,-0.030128804966807365,-0.09417201578617096,-4.330296516418457,-4.351775169372559,-3.9698712825775146,-2.811465263366699,-4.330296516418457,-6.430497169494629,2.8157522678375244,-0.017297083021700382,0.8310874,-0.077508256,-0.0217412,0.820652935810298
202,2.02,FL,-4.0,-0.0371636226773262,-0.09838392585515976,-4.393588542938232,-4.416873455047607,-3.962836265563965,-2.879293203353882,-4.393588542938232,-6.561136245727539,2.679847002029419,-0.01754462327361107,0.83113027,-0.07746195,-0.021741165,0.8206538148581971
202,2.02,FR,-4.0,-0.09029312431812286,-0.1515592634677887,-4.354443550109863,-4.376347541809082,-3.9097068309783936,-2.8593814373016357,-4.354443550109863,-6.5216498374938965,2.7474021911621094,-0.017345539700984954,0.83113027,-0.07746195,-0.021741165,0.8206538148581971
202,2.02,BL,-4.0,-0.040884051471948624,-0.10096874088048935,-4.391136646270752,-4.414340972900391,-3.959115982055664,-2.878204107284546,-4.391136646270752,-6.558933258056641,2.6832189559936523,-0.01753183934390545,0.83113027,-0.07746195,-0.021741165,0.8206538148581971
202,2.02,BR,-4.0,-0.09417201578617096,-0.15820211172103882,-4.351775169372559,-4.373796463012695,-3.9058279991149902,-2.858335256576538,-4.351775169372559,-6.519624710083008,2.7509987354278564,-0.0173317630648613,0.83113027,-0.07746195,-0.021741165,0.8206538148581971
203,2.0300000000000002,FL,-4.0,-0.09838392585515976,-0.15400896966457367,-4.416873455047607,-4.439939498901367,-3.901616096496582,-2.926112413406372,-4.416873455047607,-6.650246620178223,2.6137871742248535,-0.017588786679506304,0.8311943,-0.07739356,-0.021741208,0.8206525034995029
203,2.0300000000000002,FR,-4.0,-0.1515592634677887,-0.21592390537261963,-4.376347541809082,-4.398757457733154,-3.848440647125244,-2.90556263923645,-4.376347541809082,-6.609130382537842,2.6817455291748047,-0.017384142756462096,0.8311943,-0.07739356,-0.021741208,0.8206525034995029
203,2.0300000000000002,BL,-4.0,-0.10096874088048935,-0.15920189023017883,-4.414340972900391,-4.437816619873047,-3.899031162261963,-2.924992561340332,-4.414340972900391,-6.6479315757751465,2.6171815395355225,-0.017576588898897173,0.8311943,-0.07739356,-0.021741208,0.8206525034995029
203,2.0300000000000002,BR,-4.0,-0.15820211172103882,-0.22123394906520844,-4.373796463012695,-4.395054340362549,-3.8417978286743164,-2.9044368267059326,-4.373796463012695,-6.606984615325928,2.6853628158569336,-0.01736862416267395,0.8311943,-0.07739356,-0.021741208,0.8206525034995029
204,2.04,FL,-4.0,-0.15400896966457367,-0.2576853632926941,-4.439939498901367,-4.464509010314941,-3.8459911346435547,-2.972264289855957,-4.439939498901367,-6.737671375274658,2.546844482421875,-0.017636550819873812,0.83127874,-0.07730265,-0.021741126,0.8206539193294244
204,2.04,FR,-4.0,-0.21592390537261963,-0.2498740702867508,-4.398757457733154,-4.419193267822266,-3.78407621383667,-2.9509716033935547,-4.398757457733154,-6.6949381828308105,2.615222215652466,-0.01742229070663452,0.83127874,-0.07730265,-0.021741126,0.8206539193294244
204,2.04,BL,-4.0,-0.15920189023017883,-0.25646522641181946,-4.437816619873047,-4.4613118171691895,-3.8407981395721436,-2.9710822105407715,-4.437816619873047,-6.735280990600586,2.550262689590454,-0.017623904967308042,0.83127874,-0.07730265,-0.021741126,0.8206539193294244
204,2.04,BR,-4.0,-0.22123394906520844,-0.2640438377857208,-4.395054340362549,-4.415943145751953,-3.77876615524292,-2.949781894683838,-4.395054340362549,-6.692586421966553,2.6188619136810303,-0.017403230202198028,0.83127874,-0.07730265,-0.021741126,0.8206539193294244
205,2.05,FL,-4.0,-0.2576853632926941,-0.3146952688694,-4.464509010314941,-4.4691901206970215,-3.742314577102661,-3.01717209815979,-4.464509010314941,-6.8235955238342285,2.4790353775024414,-0.017651887750625612,0.8313843,-0.077189684,-0.02174111,0.8206550541656649
205,2.05,FR,-4.0,-0.2498740702867508,-0.3162922263145447,-4.419193267822266,-4.451021671295166,-3.7501258850097656,-2.9959731101989746,-4.419193267822266,-6.778984069824219,2.5478498935699463,-0.017476873815059663,0.8313843,-0.077189684,-0.02174111,0.8206550541656649
205,2.05,BL,-4.0,-0.25646522641181946,-0.31084609031677246,-4.4613118171691895,-4.468495845794678,-3.743534803390503,-3.0160045623779297,-4.4613118171691895,-6.821047782897949,2.482478141784668,-0.017640075087547304,0.8313843,-0.077189684,-0.02174111,0.8206550541656649
205,2.05,BR,-4.0,-0.2640438377857208,-0.3168340027332306,-4.415943145751953,-4.444164276123047,-3.7359561920166016,-2.9946134090423584,-4.415943145751953,-6.7764692306518555,2.551513910293579,-0.017452537512779236,0.8313843,-0.077189684,-0.02174111,0.8206550541656649
206,2.06,FL,-4.0,-0.3146952688694,-0.3774673640727997,-4.4691901206970215,-4.491293907165527,-3.685304641723633,-3.0613958835601807,-4.4691901206970215,-6.906517505645752,2.410382032394409,-0.01762500426769257,0.83151066,-0.0770541,-0.021741144,0.8206554540574593
206,2.06,FR,-4.0,-0.3162922263145447,-0.3765093982219696,-4.451021671295166,-4.469456195831299,-3.6837077140808105,-3.040177583694458,-4.451021671295166,-6.86223030090332,2.4796409606933594,-0.01755105290412903,0.83151066,-0.0770541,-0.021741144,0.8206554540574593
206,2.06,BL,-4.0,-0.31084609031677246,-0.3790927827358246,-4.468495845794678,-4.491666316986084,-3.6891539096832275,-3.060274362564087,-4.468495845794678,-6.90401554107666,2.4138500690460205,-0.017625306510925292,0.83151066,-0.0770541,-0.021741144,0.8206554540574593
206,2.06,BR,-4.0,-0.3168340027332306,-0.37771058082580566,-4.444164276123047,-4.467879772186279,-3.683166027069092,-3.038811445236206,-4.444164276123047,-6.85927677154541,2.483332395553589,-0.017523189902305603,0.83151066,-0.0770541,-0.021741144,0.8206554540574593
207,2.07,FL,-4.0,-0.3774673640727997,-0.4386994540691376,-4.491293907165527,-4.510408878326416,-3.622532606124878,-3.1048662662506104,-4.491293907165527,-6.987921237945557,2.340907096862793,-0.01766320173740387,0.83165807,-0.07689618,-0.021741193,0.820655630580592
207,2.07,FR,-4.0,-0.3765093982219696,-0.4419093728065491,-4.469456195831299,-4.489573955535889,-3.623490571975708,-3.0836594104766846,-4.469456195831299,-6.943658351898193,2.4106087684631348,-0.01757661726474762,0.83165807,-0.07689618,-0.021741193,0.820655630580592
207,2.07,BL,-4.0,-0.3790927827358246,-0.4360579550266266,-4.491666316986084,-4.508637428283691,-3.6209073066711426,-3.1037254333496094,-4.491666316986084,-6.985546588897705,2.3443994522094727,-0.017663391041755676,0.83165807,-0.07689618,-0.021741193,0.820655630580592
207,2.07,BR,-4.0,-0.37771058082580566,-0.44227778911590576,-4.467879772186279,-4.487727165222168,-3.6222894191741943,-3.0822789669036865,-4.467879772186279,-6.940696716308594,2.414329767227173,-0.017569350624084473,0.83165807,-0.07689618,-0.021741193,0.820655630580592
208,2.08,FL,-4.0,-0.4386994540691376,-0.5027754306793213,-4.510408878326416,-4.529386520385742,-3.56130051612854,-3.147601842880249,-4.510408878326416,-7.06763219833374,2.2706267833709717,-0.017690675950050357,0.8318263,-0.076715656,-0.021741142,0.8206553423731549
208,2.08,FR,-4.0,-0.4419093728065491,-0.5027863383293152,-4.489573955535889,-4.506895542144775,-3.5580906867980957,-3.126356601715088,-4.489573955535889,-7.023470878601074,2.3407704830169678,-0.017604768323898318,0.8318263,-0.076715656,-0.021741142,0.8206553423731549
208,2.08,BL,-4.0,-0.4360579550266266,-0.5026419162750244,-4.508637428283691,-4.52930212020874,-3.5639419555664062,-3.1464927196502686,-4.508637428283691,-7.065211772918701,2.2741429805755615,-0.017685703349113464,0.8318263,-0.076715656,-0.021741142,0.8206553423731549
208,2.08,BR,-4.0,-0.44227778911590576,-0.5030186772346497,-4.487727165222168,-4.505367755889893,-3.5577220916748047,-3.124971628189087,-4.487727165222168,-7.020480632781982,2.3445212841033936,-0.017597086429595947,0.8318263,-0.076715656,-0.021741142,0.8206553423731549
209,2.09,FL,-4.0,-0.5027754306793213,-0.5644307136535645,-4.529386520385742,-4.546491622924805,-3.4972245693206787,-3.189568519592285,-4.529386520385742,-7.1457061767578125,2.1995575428009033,-0.01771532573699951,0.83201545,-0.07651266,-0.021741133,0.8206552379018658
209,2.09,FR,-4.0,-0.5027863383293152,-0.5655132532119751,-4.506895542144775,-4.525241851806641,-3.49721360206604,-3.168323040008545,-4.506895542144775,-7.101512432098389,2.2701430320739746,-0.01762535309791565,0.83201545,-0.07651266,-0.021741133,0.8206552379018658
209,2.09,BL,-4.0,-0.5026419162750244,-0.565726637840271,-4.52930212020874,-4.545435905456543,-3.4973580837249756,-3.1884608268737793,-4.52930212020874,-7.143373966217041,2.2030975818634033,-0.017715094947814942,0.83201545,-0.07651266,-0.021741133,0.8206552379018658
209,2.09,BR,-4.0,-0.5030186772346497,-0.5654430985450745,-4.505367755889893,-4.523764133453369,-3.496981382369995,-3.166935443878174,-4.505367755889893,-7.098519802093506,2.273923635482788,-0.01761905608177185,0.83201545,-0.07651266,-0.021741133,0.8206552379018658
210,2.1,FL,-4.0,-0.5644307136535645,-0.6292853951454163,-4.546491622924805,-4.563796043395996,-3.4355692863464355,-3.230795383453369,-4.546491622924805,-7.222059726715088,2.127716064453125,-0.01773442192077637,0.8322256,-0.07628711,-0.021741176,0.8206555585287472
210,2.1,FR,-4.0,-0.5655132532119751,-0.6293221116065979,-4.525241851806641,-4.542117595672607,-3.4344868659973145,-3.2095370292663574,-4.525241851806641,-7.1779327392578125,2.1987431049346924,-0.017648556804656983,0.8322256,-0.07628711,-0.021741176,0.8206555585287472
210,2.1,BL,-4.0,-0.565726637840271,-0.6287742257118225,-4.545435905456543,-4.562170028686523,-3.4342732429504395,-3.2296721935272217,-4.545435905456543,-7.219736099243164,2.131279468536377,-0.017729162311553956,0.8322256,-0.07628711,-0.021741176,0.8206555585287472
210,2.1,BR,-4.0,-0.5654430985450745,-0.6317930817604065,-4.523764133453369,-4.54075813293457,-3.4345569610595703,-3.2081501483917236,-4.523764133453369,-7.174941539764404,2.2025537490844727,-0.017642702054977418,0.8322256,-0.07628711,-0.021741176,0.8206555585287472
211,2.11,FL,-4.0,-0.6292853951454163,-0.6911818981170654,-4.563796043395996,-4.579081058502197,-3.3707146644592285,-3.2712438106536865,-4.563796043395996,-7.29677677154541,2.055119276046753,-0.01775175585746765,0.8324568,-0.07603897,-0.02174113,0.820655309953723
211,2.11,FR,-4.0,-0.6293221116065979,-0.6917759776115417,-4.542117595672607,-4.557807922363281,-3.370677947998047,-3.2499849796295166,-4.542117595672607,-7.252679824829102,2.1265876293182373,-0.017665012693405154,0.8324568,-0.07603897,-0.02174113,0.820655309953723
211,2.11,BL,-4.0,-0.6287742257118225,-0.6931514739990234,-4.562170028686523,-4.578162670135498,-3.3712258338928223,-3.2701268196105957,-4.562170028686523,-7.294416904449463,2.058706283569336,-0.017745660734176636,0.8324568,-0.07603897,-0.02174113,0.820655309953723
211,2.11,BR,-4.0,-0.6317930817604065,-0.690494954586029,-4.54075813293457,-4.5554327964782715,-3.3682069778442383,-3.248568534851074,-4.54075813293457,-7.249699115753174,2.1304280757904053,-0.017657598066329955,0.8324568,-0.07603897,-0.02174113,0.820655309953723
212,2.12,FL,-4.0,-0.6911818981170654,-0.7563973665237427,-4.579081058502197,-4.594771385192871,-3.3088181018829346,-3.3109498023986816,-4.579081058502197,-7.369762897491455,1.9817842245101929,-0.01776337871551514,0.83270895,-0.07576825,-0.021741137,0.8206554540574582
212,2.12,FR,-4.0,-0.6917759776115417,-0.7542324066162109,-4.557807922363281,-4.573274612426758,-3.3082239627838135,-3.2896838188171387,-4.557807922363281,-7.325726509094238,2.0536932945251465,-0.01767781090736389,0.83270895,-0.07576825,-0.021741137,0.8206554540574582
212,2.12,BL,-4.0,-0.6931514739990234,-0.7572059631347656,-4.578162670135498,-4.59286642074585,-3.3068485260009766,-3.3098092079162598,-4.578162670135498,-7.3674235343933105,1.9853945970535278,-0.017758129501342774,0.83270895,-0.07576825,-0.021741137,0.8206554540574582
212,2.12,BR,-4.0,-0.690494954586029,-0.7550956010818481,-4.5554327964782715,-4.572370529174805,-3.309504985809326,-3.288282632827759,-4.5554327964782715,-7.322676658630371,2.0575637817382812,-0.017669335222244266,0.83270895,-0.07576825,-0.021741137,0.8206554540574582
213,2.13,FL,-4.0,-0.7563973665237427,-0.8175429105758667,-4.594771385192871,-4.608390808105469,-3.243602752685547,-3.3498730659484863,-4.594771385192871,-7.441117286682129,1.9077274799346924,-0.01777396764755249,0.8329822,-0.07547498,-0.02174114,0.8206554144249698
213,2.13,FR,-4.0,-0.7542324066162109,-0.8181707859039307,-4.573274612426758,-4.587990760803223,-3.245767593383789,-3.3286328315734863,-4.573274612426758,-7.397121906280518,1.980076551437378,-0.017689712524414064,0.8329822,-0.07547498,-0.02174114,0.8206554144249698
213,2.13,BL,-4.0,-0.7572059631347656,-0.8177317380905151,-4.59286642074585,-4.606926918029785,-3.2427940368652344,-3.3487226963043213,-4.59286642074585,-7.438720226287842,1.9113614559173584,-0.017765700912475587,0.8329822,-0.07547498,-0.02174114,0.8206554144249698
213,2.13,BR,-4.0,-0.7550956010818481,-0.817943811416626,-4.572370529174805,-4.586244583129883,-3.2449045181274414,-3.327221393585205,-4.572370529174805,-7.394120693206787,1.9839774370193481,-0.017685405635833738,0.8329822,-0.07547498,-0.02174114,0.8206554144249698
214,2.14,FL,-4.0,-0.8175429105758667,-0.8802204728126526,-4.608390808105469,-4.6228556632995605,-3.1824569702148438,-3.3880624771118164,-4.608390808105469,-7.5107421875,1.8329658508300781,-0.017779528903961183,0.8332767,-0.07515915,-0.021741176,0.8206553099537625
214,2.14,FR,-4.0,-0.8181707859039307,-0.8781540393829346,-4.587990760803223,-4.601364612579346,-3.1818292140960693,-3.3668148517608643,-4.587990760803223,-7.466872215270996,1.9057543277740479,-0.017697426414489747,0.8332767,-0.07515915,-0.021741176,0.8206553099537625
214,2.14,BL,-4.0,-0.8177317380905151,-0.8812957406044006,-4.606926918029785,-4.62162971496582,-3.1822681427001953,-3.3869097232818604,-4.606926918029785,-7.508324146270752,1.8366239070892334,-0.017773522281646727,0.8332767,-0.07515915,-0.021741176,0.8206553099537625
214,2.14,BR,-4.0,-0.817943811416626,-0.8796921968460083,-4.586244583129883,-4.600043773651123,-3.182056188583374,-3.365406036376953,-4.586244583129883,-7.463851451873779,1.9096852540969849,-0.01769062328338623,0.8332767,-0.07515915,-0.021741176,0.8206553099537625
215,2.15,FL,-4.0,-0.8802204728126526,-0.9428995251655579,-4.6228556632995605,-4.635974407196045,-3.119779586791992,-3.42549991607666,-4.6228556632995605,-7.578771114349365,1.7575160264968872,-0.017787246274948123,0.83359164,-0.07482063,-0.021741144,0.8206553820056028
215,2.15,FR,-4.0,-0.8781540393829346,-0.9435311555862427,-4.601364612579346,-4.615553379058838,-3.1218459606170654,-3.4042770862579346,-4.601364612579346,-7.53493595123291,1.8307429552078247,-0.017702935218811035,0.83359164,-0.07482063,-0.021741144,0.8206553820056028
215,2.15,BL,-4.0,-0.8812957406044006,-0.9422053098678589,-4.62162971496582,-4.6343913078308105,-3.118704319000244,-3.4243342876434326,-4.62162971496582,-7.576352119445801,1.7611982822418213,-0.017781482267379762,0.83359164,-0.07482063,-0.021741144,0.8206553820056028
215,2.15,BR,-4.0,-0.8796921968460083,-0.9425393342971802,-4.600043773651123,-4.613529205322266,-3.1203079223632812,-3.4028499126434326,-4.600043773651123,-7.531930446624756,1.8347041606903076,-0.017696421337127684,0.83359164,-0.07482063,-0.021741144,0.8206553820056028
216,2.16,FL,-4.0,-0.9428995251655579,-1.0070202350616455,-4.635974407196045,-4.648340225219727,-3.057100534439087,-3.4621849060058594,-4.635974407196045,-7.6451616287231445,1.681394100189209,-0.017789578008651736,0.8339286,-0.07445974,-0.021741146,0.8206553820056033
216,2.16,FR,-4.0,-0.9435311555862427,-1.0055803060531616,-4.615553379058838,-4.626864433288574,-3.056468963623047,-3.4409546852111816,-4.615553379058838,-7.601443767547607,1.7550588846206665,-0.017707388591766356,0.8339286,-0.07445974,-0.021741146,0.8206553820056033
216,2.16,BL,-4.0,-0.9422053098678589,-1.008957028388977,-4.6343913078308105,-4.647452354431152,-3.0577945709228516,-3.4610278606414795,-4.6343913078308105,-7.6427130699157715,1.685100793838501,-0.017783800983428955,0.8339286,-0.07445974,-0.021741146,0.8206553820056033
216,2.16,BR,-4.0,-0.9425393342971802,-1.005826473236084,-4.613529205322266,-4.625833988189697,-3.0574607849121094,-3.4395394325256348,-4.613529205322266,-7.598397254943848,1.7590502500534058,-0.017700085353851317,0.8339286,-0.07445974,-0.021741146,0.8206553820056033
217,2.17,FL,-4.0,-1.0070202350616455,-1.0700747966766357,-4.648340225219727,-4.659377098083496,-2.9929797649383545,-3.498100757598877,-4.648340225219727,-7.70991849899292,1.604616641998291,-0.017787744712829588,0.834286,-0.074076,-0.021741137,0.8206553099537406
217,2.17,FR,-4.0,-1.0055803060531616,-1.070482611656189,-4.626864433288574,-4.6387224197387695,-2.994419574737549,-3.4768877029418945,-4.626864433288574,-7.666231155395508,1.6787183284759521,-0.01770299348831177,0.834286,-0.074076,-0.021741137,0.8206553099537406
217,2.17,BL,-4.0,-1.008957028388977,-1.06991446018219,-4.647452354431152,-4.657444953918457,-2.9910430908203125,-3.496920347213745,-4.647452354431152,-7.707496643066406,1.6083475351333618,-0.017782643795013427,0.834286,-0.074076,-0.021741137,0.8206553099537406
217,2.17,BR,-4.0,-1.005826473236084,-1.0695439577102661,-4.625833988189697,-4.637208938598633,-2.994173526763916,-3.4754693508148193,-4.625833988189697,-7.663222789764404,1.6827399730682373,-0.017698674774169924,0.834286,-0.074076,-0.021741137,0.8206553099537406
218,2.18,FL,-4.0,-1.0700747966766357,-1.1356934309005737,-4.659377098083496,-4.670070648193359,-2.9299252033233643,-3.533259868621826,-4.659377098083496,-7.7730021476745605,1.5271998643875122,-0.017781448554992675,0.83466464,-0.07366967,-0.021741148,0.8206552379018703
218,2.18,FR,-4.0,-1.070482611656189,-1.1334608793258667,-4.6387224197387695,-4.6486945152282715,-2.9295172691345215,-3.5120418071746826,-4.6387224197387695,-7.729407787322998,1.6017379760742188,-0.01769850358963013,0.83466464,-0.07366967,-0.021741148,0.8206552379018703
218,2.18,BL,-4.0,-1.06991446018219,-1.1346319913864136,-4.657444953918457,-4.668954372406006,-2.9300856590270996,-3.532081365585327,-4.657444953918457,-7.770523548126221,1.5309553146362305,-0.017773848247528076,0.83466464,-0.07366967,-0.021741148,0.8206552379018703
218,2.18,BR,-4.0,-1.0695439577102661,-1.1337708234786987,-4.637208938598633,-4.647651672363281,-2.9304561614990234,-3.5106348991394043,-4.637208938598633,-7.726398944854736,1.6057897806167603,-0.017693200588226318,0.83466464,-0.07366967,-0.021741148,0.8206552379018703
219,2.19,FL,-4.0,-1.1356934309005737,-1.1952389478683472,-4.670070648193359,-4.678982257843018,-2.8643064498901367,-3.567631483078003,-4.670070648193359,-7.8344502449035645,1.4491605758666992,-0.01777172784805298,0.8350642,-0.07324082,-0.021741161,0.82065475874517
219,2.19,FR,-4.0,-1.1334608793258667,-1.1976263523101807,-4.6486945152282715,-4.658657550811768,-2.8665390014648438,-3.546440362930298,-4.6486945152282715,-7.790888786315918,1.5241345167160034,-0.017688009357452395,0.8350642,-0.07324082,-0.021741161,0.82065475874517
219,2.19,BL,-4.0,-1.1346319913864136,-1.1962664127349854,-4.668954372406006,-4.678228378295898,-2.865367889404297,-3.5664658546447754,-4.668954372406006,-7.831981182098389,1.452940821647644,-0.017768111896514893,0.8350642,-0.07324082,-0.021741161,0.82065475874517
219,2.19,BR,-4.0,-1.1337708234786987,-1.1976226568222046,-4.647651672363281,-4.657126426696777,-2.8662290573120117,-3.545029640197754,-4.647651672363281,-7.787916660308838,1.5282161235809326,-0.017683590030670167,0.8350642,-0.07324082,-0.021741161,0.82065475874517
220,2.2,FL,-4.0,-1.1952389478683472,-1.2589880228042603,-4.678982257843018,-4.689536094665527,-2.8047609329223633,-3.6012887954711914,-4.678982257843018,-7.894188404083252,1.3705153465270996,-0.017759737873077393,0.8354848,-0.07278946,-0.021741176,0.820654902848895
220,2.2,FR,-4.0,-1.1976263523101807,-1.2589325904846191,-4.658657550811768,-4.667389869689941,-2.8023736476898193,-3.580068826675415,-4.658657550811768,-7.850740909576416,1.4459242820739746,-0.017676529121398925,0.8354848,-0.07278946,-0.021741176,0.820654902848895
220,2.2,BL,-4.0,-1.1962664127349854,-1.256917953491211,-4.678228378295898,-4.68795919418335,-2.8037335872650146,-3.6001105308532715,-4.678228378295898,-7.891757011413574,1.3743200302124023,-0.017755900382995606,0.8354848,-0.07278946,-0.021741176,0.820654902848895
220,2.2,BR,-4.0,-1.1976226568222046,-1.2592326402664185,-4.657126426696777,-4.665980815887451,-2.802377223968506,-3.578658103942871,-4.657126426696777,-7.84776496887207,1.4500356912612915,-0.01767040758132935,0.8354848,-0.07278946,-0.021741176,0.820654902848895
221,2.21,FL,0.0,-1.2589880228042603,-1.3231192827224731,-4.689536094665527,-3.09769344329834,1.2589880228042603,-3.5861809253692627,-4.689536094665527,-7.952411651611328,1.2912803888320923,-0.017750953960418703,0.83592665,-0.072315544,-0.021741144,0.8206547263258406
221,2.21,FR,0.0,-1.2589325904846191,-1.324851632118225,-4.667389869689941,-3.076495885848999,1.2589325904846191,-3.5649616718292236,-4.667389869689941,-7.908930778503418,1.367124080657959,-0.01766241340637207,0.83592665,-0.072315544,-0.021741144,0.8206547263258406
221,2.21,BL,0.0,-1.256917953491211,-1.323150873184204,-4.68795919418335,-3.0973434448242188,1.256917953491211,-3.5850274562835693,-4.68795919418335,-7.949951648712158,1.2951096296310425,-0.01774630241394043,0.83592665,-0.072315544,-0.021741144,0.8206547263258406
221,2.21,BR,0.0,-1.2592326402664185,-1.3224376440048218,-4.665980815887451,-3.074965238571167,1.2592326402664185,-3.563547372817993,-4.665980815887451,-7.905961036682129,1.371265172958374,-0.017656537151336672,0.83592665,-0.072315544,-0.021741144,0.8206547263258406
222,2.22,FL,0.0,-1.3231192827224731,-1.3626184463500977,-3.09769344329834,-3.0569331645965576,1.3231192827224731,-3.570303440093994,-3.09769344329834,-7.883517742156982,1.2121031284332275,-0.011332278347015381,0.8363815,-0.07182728,-0.02174116,0.8206549424813653
222,2.22,FR,0.0,-1.324851632118225,-1.3633308410644531,-3.076495885848999,-3.0350210666656494,1.324851632118225,-3.5490634441375732,-3.076495885848999,-7.8400797843933105,1.2883812189102173,-0.011246102237701417,0.8363815,-0.07182728,-0.02174116,0.8206549424813653
222,2.22,BL,0.0,-1.323150873184204,-1.360787034034729,-3.0973434448242188,-3.055767297744751,1.323150873184204,-3.5691497325897217,-3.0973434448242188,-7.881126880645752,1.215956449508667,-0.011330853080749511,0.8363815,-0.07182728,-0.02174116,0.8206549424813653
222,2.22,BR,0.0,-1.3224376440048218,-1.364784598350525,-3.074965238571167,-3.0345723628997803,1.3224376440048218,-3.547678232192993,-3.074965238571167,-7.837106227874756,1.29255211353302,-0.01124191083908081,0.8363815,-0.07182728,-0.02174116,0.8206549424813653
223,2.23,FL,0.0,-1.3626184463500977,-1.4027225971221924,-3.0569331645965576,-3.0252559185028076,1.3626184463500977,-3.5539519786834717,-3.0569331645965576,-7.814128398895264,1.1336171627044678,-0.011137637901306154,0.83684987,-0.07132492,-0.021741154,0.8206547983776676
223,2.23,FR,0.0,-1.3633308410644531,-1.4014055728912354,-3.0350210666656494,-3.0037310123443604,1.3633308410644531,-3.532703399658203,-3.0350210666656494,-7.7706756591796875,1.2103297710418701,-0.011049419593811035,0.83684987,-0.07132492,-0.021741154,0.8206547983776676
223,2.23,BL,0.0,-1.360787034034729,-1.4011406898498535,-3.055767297744751,-3.0248348712921143,1.360787034034729,-3.5528202056884766,-3.055767297744751,-7.811739921569824,1.137494444847107,-0.01113443956375122,0.83684987,-0.07132492,-0.021741154,0.8206547983776676
223,2.23,BR,0.0,-1.364784598350525,-1.4019771814346313,-3.0345723628997803,-3.0017642974853516,1.364784598350525,-3.5313007831573486,-3.0345723628997803,-7.7677836418151855,1.2145299911499023,-0.0110464617729187,0.83684987,-0.07132492,-0.021741154,0.8206547983776676
224,2.24,FL,0.0,-1.4027225971221924,-1.4412322044372559,-3.0252559185028076,-2.9928629398345947,1.4027225971221924,-3.5371193885803223,-3.0252559185028076,-7.744976043701172,1.0558239221572876,-0.010978845596313477,0.8373308,-0.07080857,-0.021741169,0.8206550865850578
224,2.24,FR,0.0,-1.4014055728912354,-1.4430949687957764,-3.0037310123443604,-2.9721412658691406,1.4014055728912354,-3.5158865451812744,-3.0037310123443604,-7.701539039611816,1.1329710483551025,-0.010893799591064453,0.8373308,-0.07080857,-0.021741169,0.8206550865850578
224,2.24,BL,0.0,-1.4011406898498535,-1.4430538415908813,-3.0248348712921143,-2.992363929748535,1.4011406898498535,-3.5360066890716553,-3.0248348712921143,-7.742648124694824,1.0597248077392578,-0.010978426933288574,0.8373308,-0.07080857,-0.021741169,0.8206550865850578
224,2.24,BR,0.0,-1.4019771814346313,-1.4403103590011597,-3.0017642974853516,-2.9705097675323486,1.4019771814346313,-3.514477014541626,-3.0017642974853516,-7.698606014251709,1.1372003555297852,-0.010885475444793702,0.8373308,-0.07080857,-0.021741169,0.8206550865850578
225,2.25,FL,0.0,-1.4412322044372559,-1.4800512790679932,-2.9928629398345947,-2.9606263637542725,1.4412322044372559,-3.519824504852295,-2.9928629398345947,-7.675994873046875,0.9787213802337646,-0.010818465995788576,0.83782494,-0.07027836,-0.021741118,0.8206548704295006
225,2.25,FR,0.0,-1.4430949687957764,-1.4796746969223022,-2.9721412658691406,-2.9386487007141113,1.4430949687957764,-3.4985694885253906,-2.9721412658691406,-7.632636070251465,1.0563024282455444,-0.010734089088439942,0.83782494,-0.07027836,-0.021741118,0.8206548704295006
225,2.25,BL,0.0,-1.4430538415908813,-1.478878378868103,-2.992363929748535,-2.958785057067871,1.4430538415908813,-3.5186898708343506,-2.992363929748535,-7.67371940612793,0.9826453328132629,-0.010815012645721435,0.83782494,-0.07027836,-0.021741118,0.8206548704295006
225,2.25,BR,0.0,-1.4403103590011597,-1.4778155088424683,-2.9705097675323486,-2.9383528232574463,1.4403103590011597,-3.4971933364868164,-2.9705097675323486,-7.629690170288086,1.060561180114746,-0.010729790782928466,0.83782494,-0.07027836,-0.021741118,0.8206548704295006
226,2.2600000000000002,FL,0.0,-1.4800512790679932,-1.5153982639312744,-2.9606263637542725,-2.9278039932250977,1.4800512790679932,-3.5020639896392822,-2.9606263637542725,-7.6071906089782715,0.9023077487945557,-0.010658464431762696,0.83833134,-0.06973464,-0.021741183,0.8206549749007717
226,2.2600000000000002,FR,0.0,-1.4796746969223022,-1.5172040462493896,-2.9386487007141113,-2.9066996574401855,1.4796746969223022,-3.480813503265381,-2.9386487007141113,-7.563807964324951,0.980322539806366,-0.010570855045318604,0.83833134,-0.06973464,-0.021741183,0.8206549749007717
226,2.2600000000000002,BL,0.0,-1.478878378868103,-1.5147324800491333,-2.958785057067871,-2.927138566970825,1.478878378868103,-3.500943422317505,-2.958785057067871,-7.604859828948975,0.9062547087669373,-0.010652037525177002,0.83833134,-0.06973464,-0.021741183,0.8206549749007717
226,2.2600000000000002,BR,0.0,-1.4778155088424683,-1.5173020362854004,-2.9383528232574463,-2.906067132949829,1.4778155088424683,-3.479459524154663,-2.9383528232574463,-7.560954570770264,0.9846102595329285,-0.010571158885955811,0.83833134,-0.06973464,-0.021741183,0.8206549749007717
227,2.27,FL,0.0,-1.5153982639312744,-1.5541677474975586,-2.9278039932250977,-2.895904541015625,1.5153982639312744,-3.4838790893554688,-2.9278039932250977,-7.538509845733643,0.8265815377235413,-0.010498897361755372,0.8388504,-0.06917766,-0.021741133,0.8206548307970288
227,2.27,FR,0.0,-1.5172040462493896,-1.5535968542099,-2.9066996574401855,-2.873931884765625,1.5172040462493896,-3.462606906890869,-2.9066996574401855,-7.495173454284668,0.9050299525260925,-0.01041303539276123,0.8388504,-0.06917766,-0.021741133,0.8206548307970288
227,2.27,BL,0.0,-1.5147324800491333,-1.5533571243286133,-2.927138566970825,-2.895050525665283,1.5147324800491333,-3.482766628265381,-2.927138566970825,-7.536218166351318,0.8305516242980957,-0.010496768283843995,0.8388504,-0.06917766,-0.021741133,0.8206548307970288
227,2.27,BR,0.0,-1.5173020362854004,-1.5528876781463623,-2.906067132949829,-2.8725385665893555,1.5173020362854004,-3.461251974105835,-2.906067132949829,-7.492382526397705,0.9093458652496338,-0.010410426902770997,0.8388504,-0.06917766,-0.021741133,0.8206548307970288
228,2.2800000000000002,FL,0.0,-1.5541677474975586,-1.5911822319030762,-2.895904541015625,-2.8622119426727295,1.5541677474975586,-3.465229034423828,-2.895904541015625,-7.470020771026611,0.7515411972999573,-0.010340283966064453,0.8393817,-0.06860765,-0.021741128,0.8206549424813531
228,2.2800000000000002,FR,0.0,-1.5535968542099,-1.5914016962051392,-2.873931884765625,-2.841168165206909,1.5535968542099,-3.4439637660980225,-2.873931884765625,-7.426660537719727,0.8304230570793152,-0.01025285005569458,0.8393817,-0.06860765,-0.021741128,0.8206549424813531
228,2.2800000000000002,BL,0.0,-1.5533571243286133,-1.5907622575759888,-2.895050525665283,-2.8614237308502197,1.5533571243286133,-3.4641263484954834,-2.895050525665283,-7.467751979827881,0.7555340528488159,-0.010337516403198242,0.8393817,-0.06860765,-0.021741128,0.8206549424813531
228,2.2800000000000002,BR,0.0,-1.5528876781463623,-1.5922586917877197,-2.8725385665893555,-2.8400967121124268,1.5528876781463623,-3.442617177963257,-2.8725385665893555,-7.423869609832764,0.8347668647766113,-0.010247844123840333,0.8393817,-0.06860765,-0.021741128,0.8206549424813531
229,2.29,FL,0.0,-1.5911822319030762,-1.6294151544570923,-2.8622119426727295,-2.828756093978882,1.5911822319030762,-3.4461348056793213,-2.8622119426727295,-7.401575088500977,0.6771854758262634,-0.010175901985168457,0.8399248,-0.06802467,-0.021741204,0.8206545822220955
229,2.29,FR,0.0,-1.5914016962051392,-1.625933289527893,-2.841168165206909,-2.807403087615967,1.5914016962051392,-3.4248669147491455,-2.841168165206909,-7.358264446258545,0.7565006613731384,-0.010091551303863525,0.8399248,-0.06802467,-0.021741204,0.8206545822220955
229,2.29,BL,0.0,-1.5907622575759888,-1.628910779953003,-2.8614237308502197,-2.8278214931488037,1.5907622575759888,-3.4450371265411377,-2.8614237308502197,-7.399333477020264,0.6812008619308472,-0.01017308511734009,0.8399248,-0.06802467,-0.021741204,0.8206545822220955
229,2.29,BR,0.0,-1.5922586917877197,-1.626050591468811,-2.8400967121124268,-2.805713653564453,1.5922586917877197,-3.4235100746154785,-2.8400967121124268,-7.355498790740967,0.7608723044395447,-0.01008657989501953,0.8399248,-0.06802467,-0.021741204,0.8206545822220955
230,2.3000000000000003,FL,0.0,-1.6294151544570923,-1.6612085103988647,-2.828756093978882,-2.7943687438964844,1.6294151544570923,-3.426581859588623,-2.828756093978882,-7.333189487457275,0.6035139560699463,-0.010011492252349853,0.84047985,-0.0674291,-0.021741113,0.820654798377643
230,2.3000000000000003,FR,0.0,-1.625933289527893,-1.663880467414856,-2.807403087615967,-2.77449369430542,1.625933289527893,-3.40535569190979,-2.807403087615967,-7.289902687072754,0.6832621097564697,-0.009928865718841554,0.84047985,-0.0674291,-0.021741113,0.820654798377643
230,2.3000000000000003,BL,0.0,-1.628910779953003,-1.6620533466339111,-2.8278214931488037,-2.7934730052948,1.628910779953003,-3.425490379333496,-2.8278214931488037,-7.330962181091309,0.6075516939163208,-0.010008157348632812,0.84047985,-0.0674291,-0.021741113,0.820654798377643
230,2.3000000000000003,BR,0.0,-1.626050591468811,-1.662320852279663,-2.805713653564453,-2.77308988571167,1.626050591468811,-3.4039974212646484,-2.805713653564453,-7.287113189697266,0.6876615285873413,-0.009922014141082765,0.84047985,-0.0674291,-0.021741113,0.820654798377643
231,2.31,FL,0.0,-1.6612085103988647,-1.6975162029266357,-2.7943687438964844,-2.762098550796509,1.6612085103988647,-3.4066474437713623,-2.7943687438964844,-7.2647881507873535,0.530526340007782,-0.009848508167266847,0.8410468,-0.066820994,-0.021741163,0.8206545750090227
231,2.31,FR,0.0,-1.663880467414856,-1.69742751121521,-2.77449369430542,-2.7398035526275635,1.663880467414856,-3.3853890895843506,-2.77449369430542,-7.221640586853027,0.6107066869735718,-0.009766870403289796,0.8410468,-0.066820994,-0.021741163,0.8206545750090227
231,2.31,BL,0.0,-1.6620533466339111,-1.6968740224838257,-2.7934730052948,-2.760668992996216,1.6620533466339111,-3.405545711517334,-2.7934730052948,-7.26257848739624,0.5345862507820129,-0.00984424934387207,0.8410468,-0.066820994,-0.021741163,0.8206545750090227
231,2.31,BR,0.0,-1.662320852279663,-1.6975921392440796,-2.77308988571167,-2.7390692234039307,1.662320852279663,-3.384049654006958,-2.77308988571167,-7.218850135803223,0.6151340007781982,-0.009762502861022948,0.8410468,-0.066820994,-0.021741163,0.8206545750090227
232,2.32,FL,0.0,-1.6975162029266357,-1.7331290245056152,-2.762098550796509,-2.7276408672332764,1.6975162029266357,-3.386277198791504,-2.762098550796509,-7.196538925170898,0.458221971988678,-0.009690381240844726,0.8416248,-0.06620058,-0.021741152,0.8206549749007487
232,2.32,FR,0.0,-1.69742751121521,-1.733687400817871,-2.7398035526275635,-2.70641827583313,1.69742751121521,-3.3650200366973877,-2.7398035526275635,-7.153334140777588,0.5388340950012207,-0.009601272201538086,0.8416248,-0.06620058,-0.021741152,0.8206549749007487
232,2.32,BL,0.0,-1.6968740224838257,-1.7336913347244263,-2.760668992996216,-2.7267961502075195,1.6968740224838257,-3.385183095932007,-2.760668992996216,-7.194303512573242,0.46230411529541016,-0.009685176753997804,0.8416248,-0.06620058,-0.021741152,0.8206549749007487
232,2.32,BR,0.0,-1.6975921392440796,-1.731964111328125,-2.7390692234039307,-2.705012798309326,1.6975921392440796,-3.363678455352783,-2.7390692234039307,-7.150595664978027,0.5432890057563782,-0.009598203182220459,0.8416248,-0.06620058,-0.021741152,0.8206549749007487
233,2.33,FL,0.0,-1.7331290245056152,-1.764218807220459,-2.7276408672332764,-2.693025588989258,1.7331290245056152,-3.3654797077178955,-2.7276408672332764,-7.128262996673584,0.3866002559661865,-0.009524060249328614,0.84221435,-0.065568104,-0.021741103,0.8206551658500029
233,2.33,FR,0.0,-1.733687400817871,-1.7625619173049927,-2.70641827583313,-2.6715450286865234,1.733687400817871,-3.3442158699035645,-2.70641827583313,-7.08508825302124,0.46764424443244934,-0.009438723182678223,0.84221435,-0.065568104,-0.021741103,0.8206551658500029
233,2.33,BL,0.0,-1.7336913347244263,-1.7658008337020874,-2.7267961502075195,-2.691706657409668,1.7336913347244263,-3.3643789291381836,-2.7267961502075195,-7.126049041748047,0.3907046318054199,-0.009520231533050538,0.84221435,-0.065568104,-0.021741103,0.8206551658500029
233,2.33,BR,0.0,-1.731964111328125,-1.7634199857711792,-2.705012798309326,-2.6708929538726807,1.731964111328125,-3.342895030975342,-2.705012798309326,-7.0823469161987305,0.4721265733242035,-0.009434479904174804,0.84221435,-0.065568104,-0.021741103,0.8206551658500029
234,2.34,FL,0.0,-1.764218807220459,-1.797810435295105,-2.693025588989258,-2.659792184829712,1.764218807220459,-3.344309091567993,-2.693025588989258,-7.05994987487793,0.3156614601612091,-0.009360727310180665,0.84281474,-0.064923786,-0.021741167,0.8206553423731358
234,2.34,FR,0.0,-1.7625619173049927,-1.7994948625564575,-2.6715450286865234,-2.639191150665283,1.7625619173049927,-3.3230650424957275,-2.6715450286865234,-7.016783714294434,0.3971371650695801,-0.0092761305809021,0.84281474,-0.064923786,-0.021741167,0.8206553423731358
234,2.34,BL,0.0,-1.7658008337020874,-1.7971495389938354,-2.691706657409668,-2.6580586433410645,1.7658008337020874,-3.343189239501953,-2.691706657409668,-7.057719707489014,0.3197880685329437,-0.009354185962677003,0.84281474,-0.064923786,-0.021741167,0.8206553423731358
234,2.34,BR,0.0,-1.7634199857711792,-1.7994533777236938,-2.6708929538726807,-2.6375269889831543,1.7634199857711792,-3.3217339515686035,-2.6708929538726807,-7.014098644256592,0.4016466438770294,-0.00927283582687378,0.84281474,-0.064923786,-0.021741167,0.8206553423731358
235,2.35,FL,0.0,-1.797810435295105,-1.8311370611190796,-2.659792184829712,-2.6251847743988037,1.797810435295105,-3.32273530960083,-2.659792184829712,-6.991709232330322,0.2454054355621338,-0.009200920391082765,0.84342587,-0.06426778,-0.021741144,0.8206551262175328
235,2.35,FR,0.0,-1.7994948625564575,-1.8320701122283936,-2.639191150665283,-2.603267192840576,1.7994948625564575,-3.30147123336792,-2.639191150665283,-6.948619842529297,0.3273124396800995,-0.009117168712615968,0.84342587,-0.06426778,-0.021741144,0.8206551262175328
235,2.35,BL,0.0,-1.7971495389938354,-1.8294399976730347,-2.6580586433410645,-2.6243293285369873,1.7971495389938354,-3.3216235637664795,-2.6580586433410645,-6.9894304275512695,0.2495546042919159,-0.009194514942169189,0.84342587,-0.06426778,-0.021741144,0.8206551262175328
235,2.35,BR,0.0,-1.7994533777236938,-1.8312804698944092,-2.6375269889831543,-2.60195255279541,1.7994533777236938,-3.300140619277954,-2.6375269889831543,-6.94590950012207,0.3318488597869873,-0.009110545253753662,0.84342587,-0.06426778,-0.021741144,0.8206551262175328
236,2.36,FL,0.0,-1.8311370611190796,-1.8599153757095337,-2.6251847743988037,-2.590280532836914,1.8311370611190796,-3.3007616996765137,-2.6251847743988037,-6.923430442810059,0.17583200335502625,-0.009035829448699951,0.8440479,-0.06360032,-0.021741148,0.8206551262175487
236,2.36,FR,0.0,-1.8320701122283936,-1.8617738485336304,-2.603267192840576,-2.568643093109131,1.8320701122283936,-3.2794861793518066,-2.603267192840576,-6.880311965942383,0.2581700384616852,-0.00894741268157959,0.8440479,-0.06360032,-0.021741148,0.8206551262175487
236,2.36,BL,0.0,-1.8294399976730347,-1.859165072441101,-2.6243293285369873,-2.5898475646972656,1.8294399976730347,-3.2996702194213867,-2.6243293285369873,-6.921173572540283,0.18000385165214539,-0.009033765316009522,0.8440479,-0.06360032,-0.021741148,0.8206551262175487
236,2.36,BR,0.0,-1.8312804698944092,-1.862614631652832,-2.60195255279541,-2.5676283836364746,1.8312804698944092,-3.278165102005005,-2.60195255279541,-6.877604961395264,0.2627335786819458,-0.008942785835266113,0.8440479,-0.06360032,-0.021741148,0.8206551262175487
237,2.37,FL,0.0,-1.8599153757095337,-1.8933444023132324,-2.590280532836914,-2.556795597076416,1.8599153757095337,-3.278442621231079,-2.590280532836914,-6.855091571807861,0.10694167762994766,-0.00887318983078003,0.8446801,-0.062921576,-0.021741176,0.8206551586369304
237,2.37,FR,0.0,-1.8617738485336304,-1.8934320211410522,-2.568643093109131,-2.5347766876220703,1.8617738485336304,-3.2571449279785156,-2.568643093109131,-6.811966896057129,0.18971092998981476,-0.00878515329360962,0.8446801,-0.062921576,-0.021741176,0.8206551586369304
237,2.37,BL,0.0,-1.859165072441101,-1.892989158630371,-2.5898475646972656,-2.556004047393799,1.859165072441101,-3.277360200881958,-2.5898475646972656,-6.852889537811279,0.1111358180642128,-0.008872058200836183,0.8446801,-0.062921576,-0.021741176,0.8206551586369304
237,2.37,BR,0.0,-1.862614631652832,-1.8936692476272583,-2.5676283836364746,-2.5331192016601562,1.862614631652832,-3.2558138370513916,-2.5676283836364746,-6.809286117553711,0.19430138170719147,-0.008780421829223633,0.8446801,-0.062921576,-0.021741176,0.8206551586369304
238,2.38,FL,0.0,-1.8933444023132324,-1.9262667894363403,-2.556795597076416,-2.5211050510406494,1.8933444023132324,-3.2557225227355957,-2.556795597076416,-6.786806106567383,0.03873446211218834,-0.008712506866455078,0.8453229,-0.062231973,-0.021741154,0.8206549100619626
238,2.38,FR,0.0,-1.8934320211410522,-1.9236387014389038,-2.5347766876220703,-2.499772310256958,1.8934320211410522,-3.234423875808716,-2.5347766876220703,-6.743645668029785,0.12193514406681061,-0.00862436113357544,0.8453229,-0.062231973,-0.021741154,0.8206549100619626
238,2.38,BL,0.0,-1.892989158630371,-1.9255621433258057,-2.556004047393799,-2.5201644897460938,1.892989158630371,-3.2546443939208984,-2.556004047393799,-6.784628391265869,0.042950503528118134,-0.008709624862670897,0.8453229,-0.062231973,-0.021741154,0.8206549100619626
238,2.38,BR,0.0,-1.8936692476272583,-1.9258538484573364,-2.5331192016601562,-2.4983460903167725,1.8936692476272583,-3.2330896854400635,-2.5331192016601562,-6.740940570831299,0.1265525370836258,-0.008617541408538818,0.8453229,-0.062231973,-0.021741154,0.8206549100619626
239,2.39,FL,0.0,-1.9262667894363403,-1.9551492929458618,-2.5211050510406494,-2.485215902328491,1.9262667894363403,-3.232607364654541,-2.5211050510406494,-6.718399524688721,-0.02878928743302822,-0.008543406772613527,0.8459758,-0.061531574,-0.021741154,0.8206553027406454
239,2.39,FR,0.0,-1.9236387014389038,-1.9531989097595215,-2.499772310256958,-2.46496844291687,1.9236387014389038,-3.2113401889801025,-2.499772310256958,-6.675258636474609,0.05484290421009064,-0.008460178279876709,0.8459758,-0.061531574,-0.021741154,0.8206553027406454
239,2.39,BL,0.0,-1.9255621433258057,-1.9550386667251587,-2.5201644897460938,-2.484419584274292,1.9255621433258057,-3.2315375804901123,-2.5201644897460938,-6.716233253479004,-0.024551523849368095,-0.00854020824432373,0.8459758,-0.061531574,-0.021741154,0.8206553027406454
239,2.39,BR,0.0,-1.9258538484573364,-1.9522820711135864,-2.4983460903167725,-2.4627482891082764,1.9258538484573364,-3.20997953414917,-2.4983460903167725,-6.672547340393066,0.059487372636795044,-0.00845270128250122,0.8459758,-0.061531574,-0.021741154,0.8206553027406454
240,2.4,FL,0.0,-1.9551492929458618,-1.9857381582260132,-2.485215902328491,-2.450547695159912,1.9551492929458618,-3.2091455459594727,-2.485215902328491,-6.649860858917236,-0.09562830626964569,-0.008376744174957276,0.8466384,-0.06082038,-0.021741128,0.8206550145332069
240,2.4,FR,0.0,-1.9531989097595215,-1.9821555614471436,-2.46496844291687,-2.430060625076294,1.9531989097595215,-3.187901735305786,-2.46496844291687,-6.606823444366455,-0.011565227061510086,-0.008297314643859863,0.8466384,-0.06082038,-0.021741128,0.8206550145332069
240,2.4,BL,0.0,-1.9550386667251587,-1.9861279726028442,-2.484419584274292,-2.449522018432617,1.9550386667251587,-3.2080771923065186,-2.484419584274292,-6.647716999053955,-0.09136899560689926,-0.00837364740371704,0.8466384,-0.06082038,-0.021741128,0.8206550145332069
240,2.4,BR,0.0,-1.9522820711135864,-1.9811813831329346,-2.4627482891082764,-2.4290666580200195,1.9522820711135864,-3.186552047729492,-2.4627482891082764,-6.604044437408447,-0.006893303710967302,-0.008289167499542236,0.8466384,-0.06082038,-0.021741128,0.8206550145332069
241,2.41,FL,0.0,-1.9857381582260132,-2.0130550861358643,-2.450547695159912,-2.4148502349853516,1.9857381582260132,-3.185316801071167,-2.450547695159912,-6.5812907218933105,-0.16178177297115326,-0.008213600254058838,0.84731054,-0.060098782,-0.021741144,0.8206551586369351
241,2.41,FR,0.0,-1.9821555614471436,-2.0156407356262207,-2.430060625076294,-2.3950395584106445,1.9821555614471436,-3.1641159057617188,-2.430060625076294,-6.538334369659424,-0.07728873193264008,-0.008134518051147462,0.84731054,-0.060098782,-0.021741144,0.8206551586369351
241,2.41,BL,0.0,-1.9861279726028442,-2.0114054679870605,-2.449522018432617,-2.413625955581665,1.9861279726028442,-3.184243679046631,-2.449522018432617,-6.579150676727295,-0.15750104188919067,-0.008209185695648193,0.84731054,-0.060098782,-0.021741144,0.8206551586369351
241,2.41,BR,0.0,-1.9811813831329346,-2.0142526626586914,-2.4290666580200195,-2.3940794467926025,1.9811813831329346,-3.162777900695801,-2.4290666580200195,-6.535586357116699,-0.07258917391300201,-0.00813132152557373,0.84731054,-0.060098782,-0.021741144,0.8206551586369351
242,2.42,FL,0.0,-2.0130550861358643,-2.0421037673950195,-2.4148502349853516,-2.3800947666168213,2.0130550861358643,-3.1611599922180176,-2.4148502349853516,-6.512609958648682,-0.22724899649620056,-0.008048956871032714,0.84799236,-0.059367113,-0.021741105,0.820655414424981
242,2.42,FR,0.0,-2.0156407356262207,-2.0407607555389404,-2.3950395584106445,-2.3578596115112305,2.0156407356262207,-3.139928102493286,-2.3950395584106445,-6.469784259796143,-0.14232704043388367,-0.007967645645141602,0.84799236,-0.059367113,-0.021741105,0.820655414424981
242,2.42,BL,0.0,-2.0114054679870605,-2.042295217514038,-2.413625955581665,-2.379681348800659,2.0114054679870605,-3.160106658935547,-2.413625955581665,-6.510457515716553,-0.22294679284095764,-0.008045379447937012,0.84799236,-0.059367113,-0.021741105,0.820655414424981
242,2.42,BR,0.0,-2.0142526626586914,-2.0405008792877197,-2.3940794467926025,-2.35707688331604,2.0142526626586914,-3.1386067867279053,-2.3940794467926025,-6.467068672180176,-0.13760016858577728,-0.007964915657043457,0.84799236,-0.059367113,-0.021741105,0.820655414424981
243,2.43,FL,0.0,-2.0421037673950195,-2.0677738189697266,-2.3800947666168213,-2.3443186283111572,2.0421037673950195,-3.136654853820801,-2.3800947666168213,-6.443896770477295,-0.2920292317867279,-0.00788669605255127,0.8486834,-0.05862546,-0.021741148,0.8206551982693874
243,2.43,FR,0.0,-2.0407607555389404,-2.068066120147705,-2.3578596115112305,-2.3236238956451416,2.0407607555389404,-3.1154391765594482,-2.3578596115112305,-6.40100622177124,-0.20667870342731476,-0.007798829841613769,0.8486834,-0.05862546,-0.021741148,0.8206551982693874
243,2.43,BL,0.0,-2.042295217514038,-2.0694496631622314,-2.379681348800659,-2.343188524246216,2.042295217514038,-3.135599136352539,-2.379681348800659,-6.44179630279541,-0.28770577907562256,-0.007884889221191406,0.8486834,-0.05862546,-0.021741148,0.8206551982693874
243,2.43,BR,0.0,-2.0405008792877197,-2.0711183547973633,-2.35707688331604,-2.322406530380249,2.0405008792877197,-3.1141209602355957,-2.35707688331604,-6.398335933685303,-0.2019249051809311,-0.0077959068298339845,0.8486834,-0.05862546,-0.021741148,0.8206551982693874
244,2.44,FL,0.0,-2.0677738189697266,-2.09712815284729,-2.3443186283111572,-2.3095452785491943,2.0677738189697266,-3.1118414402008057,-2.3443186283111572,-6.375072002410889,-0.3561217784881592,-0.007723055458068847,0.849384,-0.057874117,-0.021741131,0.820655054165686
244,2.44,FR,0.0,-2.068066120147705,-2.09790301322937,-2.3236238956451416,-2.288212537765503,2.068066120147705,-3.0906221866607666,-2.3236238956451416,-6.332240581512451,-0.2703426480293274,-0.007640042686462403,0.849384,-0.057874117,-0.021741131,0.820655054165686
244,2.44,BL,0.0,-2.0694496631622314,-2.0960006713867188,-2.343188524246216,-2.307819366455078,2.0694496631622314,-3.1107656955718994,-2.343188524246216,-6.372965335845947,-0.3517772853374481,-0.007717194366455078,0.849384,-0.057874117,-0.021741131,0.820655054165686
244,2.44,BR,0.0,-2.0711183547973633,-2.097569465637207,-2.322406530380249,-2.2856736183166504,2.0711183547973633,-3.0892674922943115,-2.322406530380249,-6.3295793533325195,-0.26556217670440674,-0.007632731437683105,0.849384,-0.057874117,-0.021741131,0.820655054165686
245,2.45,FL,0.0,-2.09712815284729,-2.1212761402130127,-2.3095452785491943,-2.2729902267456055,2.09712815284729,-3.0866758823394775,-2.3095452785491943,-6.306219100952148,-0.41952595114707947,-0.007560478591918946,0.85009307,-0.057113074,-0.021741163,0.820655126217542
245,2.45,FR,0.0,-2.09790301322937,-2.1226725578308105,-2.288212537765503,-2.2514610290527344,2.09790301322937,-3.0654475688934326,-2.288212537765503,-6.263393878936768,-0.3333185315132141,-0.007474527740478516,0.85009307,-0.057113074,-0.021741163,0.820655126217542
245,2.45,BL,0.0,-2.0960006713867188,-2.1204757690429688,-2.307819366455078,-2.2723655700683594,2.0960006713867188,-3.08561372756958,-2.307819366455078,-6.3040595054626465,-0.4151601195335388,-0.007554476928710938,0.85009307,-0.057113074,-0.021741163,0.820655126217542
245,2.45,BR,0.0,-2.097569465637207,-2.1249237060546875,-2.2856736183166504,-2.250239610671997,2.097569465637207,-3.064096689224243,-2.2856736183166504,-6.260638236999512,-0.32851096987724304,-0.007464638900756836,0.85009307,-0.057113074,-0.021741163,0.820655126217542
246,2.46,FL,0.0,-2.1212761402130127,-2.14943265914917,-2.2729902267456055,-2.2381656169891357,2.1212761402130127,-3.061220645904541,-2.2729902267456055,-6.237198829650879,-0.4822407364845276,-0.007394939994812011,0.8508111,-0.056342833,-0.021741144,0.8206551910562944
246,2.46,FR,0.0,-2.1226725578308105,-2.1486167907714844,-2.2514610290527344,-2.2163784503936768,2.1226725578308105,-3.03997540473938,-2.2514610290527344,-6.19436502456665,-0.39560502767562866,-0.007307706069946289,0.8508111,-0.056342833,-0.021741144,0.8206551910562944
246,2.46,BL,0.0,-2.1204757690429688,-2.1512839794158936,-2.2723655700683594,-2.2374234199523926,2.1204757690429688,-3.0601680278778076,-2.2723655700683594,-6.2350754737854,-0.4778535068035126,-0.007393081665039063,0.8508111,-0.056342833,-0.021741144,0.8206551910562944
246,2.46,BR,0.0,-2.1249237060546875,-2.1482093334198,-2.250239610671997,-2.2141270637512207,2.1249237060546875,-3.038597583770752,-2.250239610671997,-6.19162130355835,-0.39076998829841614,-0.007301019477844238,0.8508111,-0.056342833,-0.021741144,0.8206551910562944
247,2.47,FL,0.0,-2.14943265914917,-2.176851749420166,-2.2381656169891357,-2.2014477252960205,2.14943265914917,-3.0354275703430176,-2.2381656169891357,-6.168154239654541,-0.5442652106285095,-0.007233116340637207,0.85153735,-0.055563204,-0.021741156,0.8206550145332281
247,2.47,FR,0.0,-2.1486167907714844,-2.175736427307129,-2.2163784503936768,-2.1805286407470703,2.1486167907714844,-3.0141918659210205,-2.2163784503936768,-6.125291347503662,-0.4572010040283203,-0.007146620368957519,0.85153735,-0.055563204,-0.021741156,0.8206550145332281
247,2.47,BL,0.0,-2.1512839794158936,-2.177945613861084,-2.2374234199523926,-2.1996545791625977,2.1512839794158936,-3.0343525409698486,-2.2374234199523926,-6.166055679321289,-0.5398568511009216,-0.0072286664962768555,0.85153735,-0.055563204,-0.021741156,0.8206550145332281
247,2.47,BR,0.0,-2.1482093334198,-2.1753504276275635,-2.2141270637512207,-2.179313898086548,2.1482093334198,-3.0128190517425537,-2.2141270637512207,-6.12247896194458,-0.45233815908432007,-0.0071379407882690435,0.85153735,-0.055563204,-0.021741156,0.8206550145332281
248,2.48,FL,0.0,-2.176851749420166,-2.198434352874756,-2.2014477252960205,-2.164686679840088,2.176851749420166,-3.009305238723755,-2.2014477252960205,-6.098937511444092,-0.6055983304977417,-0.00706430950164795,0.85227215,-0.05477484,-0.02174117,0.8206553027406427
248,2.48,FR,0.0,-2.175736427307129,-2.2005934715270996,-2.1805286407470703,-2.143897294998169,2.175736427307129,-2.9880831241607666,-2.1805286407470703,-6.056114673614502,-0.5181057453155518,-0.006981525421142578,0.85227215,-0.05477484,-0.02174117,0.8206553027406427
248,2.48,BL,0.0,-2.177945613861084,-2.199469566345215,-2.1996545791625977,-2.1631743907928467,2.177945613861084,-3.0082173347473145,-2.1996545791625977,-6.096780776977539,-0.6011687517166138,-0.007056261825561523,0.85227215,-0.05477484,-0.02174117,0.8206553027406427
248,2.48,BR,0.0,-2.1753504276275635,-2.1986281871795654,-2.179313898086548,-2.142678737640381,2.1753504276275635,-2.9867148399353027,-2.179313898086548,-6.053317070007324,-0.5132148265838623,-0.00697697525024414,0.85227215,-0.05477484,-0.02174117,0.8206553027406427
249,2.49,FL,0.0,-2.198434352874756,-2.2231831550598145,-2.164686679840088,-2.1299314498901367,2.198434352874756,-2.982923984527588,-2.164686679840088,-6.029551982879639,-0.6662384867668152,-0.006899999237060547,0.8530151,-0.05397763,-0.021741156,0.8206552306887717
249,2.49,FR,0.0,-2.2005934715270996,-2.2262721061706543,-2.143897294998169,-2.1078457832336426,2.2005934715270996,-2.9616761207580566,-2.143897294998169,-5.9867777824401855,-0.5783178806304932,-0.006815114402770997,0.8530151,-0.05397763,-0.021741156,0.8206552306887717
249,2.49,BL,0.0,-2.199469566345215,-2.221967935562134,-2.1631743907928467,-2.128429412841797,2.199469566345215,-2.981823682785034,-2.1631743907928467,-6.027360916137695,-0.6617870926856995,-0.006893121910095215,0.8530151,-0.05397763,-0.021741156,0.8206552306887717
249,2.49,BR,0.0,-2.1986281871795654,-2.2248027324676514,-2.142678737640381,-2.1072635650634766,2.1986281871795654,-2.9603312015533447,-2.142678737640381,-5.983994483947754,-0.5733990669250488,-0.0068118124008178715,0.8530151,-0.05397763,-0.021741156,0.8206552306887717
250,2.5,FL,0.0,-2.2231831550598145,-2.2506699562072754,-2.1299314498901367,-2.0936508178710938,2.2231831550598145,-2.9562458992004395,-2.1299314498901367,-5.9601616859436035,-0.7261847257614136,-0.006741179275512695,0.8537656,-0.05317185,-0.021741156,0.8206552379018562
250,2.5,FR,0.0,-2.2262721061706543,-2.250058650970459,-2.1078457832336426,-2.071167230606079,2.2262721061706543,-2.9349608421325684,-2.1078457832336426,-5.917332649230957,-0.6378360986709595,-0.006650365447998047,0.8537656,-0.05317185,-0.021741156,0.8206552379018562
250,2.5,BL,0.0,-2.221967935562134,-2.2500734329223633,-2.128429412841797,-2.093036413192749,2.221967935562134,-2.955160140991211,-2.128429412841797,-5.9579386711120605,-0.721711277961731,-0.006736143302917481,0.8537656,-0.05317185,-0.021741156,0.8206552379018562
250,2.5,BR,0.0,-2.2248027324676514,-2.2506487369537354,-2.1072635650634766,-2.0704102516174316,2.2248027324676514,-2.93363356590271,-2.1072635650634766,-5.914612770080566,-0.6328898072242737,-0.006649212074279785,0.8537656,-0.05317185,-0.021741156,0.8206552379018562
251,2.5100000000000002,FL,0.0,-2.2506699562072754,-2.2703909873962402,-2.0936508178710938,-2.0559778213500977,2.2506699562072754,-2.9292378425598145,-2.0936508178710938,-5.890646457672119,-0.7854364514350891,-0.006574067306518555,0.8545241,-0.0523578,-0.021741137,0.8206553747924936
251,2.5100000000000002,FR,0.0,-2.250058650970459,-2.2745912075042725,-2.071167230606079,-2.0349373817443848,2.250058650970459,-2.9079599380493164,-2.071167230606079,-5.847733974456787,-0.6966591477394104,-0.006484622001647949,0.8545241,-0.0523578,-0.021741137,0.8206553747924936
251,2.5100000000000002,BL,0.0,-2.2500734329223633,-2.2705888748168945,-2.093036413192749,-2.05513072013855,2.2500734329223633,-2.928159236907959,-2.093036413192749,-5.888463020324707,-0.7809410095214844,-0.006572086906433105,0.8545241,-0.0523578,-0.021741137,0.8206553747924936
251,2.5100000000000002,BR,0.0,-2.2506487369537354,-2.2721524238586426,-2.0704102516174316,-2.033374071121216,2.2506487369537354,-2.906625747680664,-2.0704102516174316,-5.845061302185059,-0.6916858553886414,-0.006481122016906739,0.8545241,-0.0523578,-0.021741137,0.8206553747924936
252,2.52,FL,0.0,-2.2703909873962402,-2.293994903564453,-2.0559778213500977,-2.0210814476013184,2.2703909873962402,-2.9019930362701416,-2.0559778213500977,-5.820903301239014,-0.8439918756484985,-0.006407598495483399,0.8552903,-0.05153581,-0.02174115,0.8206551658499948
252,2.52,FR,0.0,-2.2745912075042725,-2.2977135181427,-2.0349373817443848,-1.9981235265731812,2.2745912075042725,-2.8806650638580322,-2.0349373817443848,-5.7780232429504395,-0.7547855973243713,-0.0063200765609741204,0.8552903,-0.05153581,-0.02174115,0.8206551658499948
252,2.52,BL,0.0,-2.2705888748168945,-2.2944087982177734,-2.05513072013855,-2.019923686981201,2.2705888748168945,-2.900912046432495,-2.05513072013855,-5.8187384605407715,-0.8394746780395508,-0.006404051780700684,0.8552903,-0.05153581,-0.02174115,0.8206551658499948
252,2.52,BR,0.0,-2.2721524238586426,-2.294642925262451,-2.033374071121216,-1.9977649450302124,2.2721524238586426,-2.8793599605560303,-2.033374071121216,-5.775332450866699,-0.7497854828834534,-0.0063157743453979495,0.8552903,-0.05153581,-0.02174115,0.8206551658499948
253,2.5300000000000002,FL,0.0,-2.293994903564453,-2.3170790672302246,-2.0210814476013184,-1.984395146369934,2.293994903564453,-2.874465227127075,-2.0210814476013184,-5.751157760620117,-0.9018498659133911,-0.006249129867553711,0.8560637,-0.050705828,-0.021741165,0.8206553027406508
253,2.5300000000000002,FR,0.0,-2.2977135181427,-2.3166182041168213,-1.9981235265731812,-1.9615795612335205,2.2977135181427,-2.8530924320220947,-1.9981235265731812,-5.708158493041992,-0.812214195728302,-0.006154323291778565,0.8560637,-0.050705828,-0.021741165,0.8206553027406508
253,2.5300000000000002,BL,0.0,-2.2944087982177734,-2.318415641784668,-2.019923686981201,-1.9831485748291016,2.2944087982177734,-2.8733792304992676,-2.019923686981201,-5.748987197875977,-0.8973109722137451,-0.006244167709350586,0.8560637,-0.050705828,-0.021741165,0.8206553027406508
253,2.5300000000000002,BR,0.0,-2.294642925262451,-2.3143882751464844,-1.9977649450302124,-1.9615029096603394,2.294642925262451,-2.8518242835998535,-1.9977649450302124,-5.705545425415039,-0.807187557220459,-0.0061553454399108885,0.8560637,-0.050705828,-0.021741165,0.8206553027406508
254,2.54,FL,0.0,-2.3170790672302246,-2.3372085094451904,-1.984395146369934,-1.9476335048675537,2.3170790672302246,-2.8466601371765137,-1.984395146369934,-5.681270122528076,-0.9590097069740295,-0.006083917331695557,0.85684425,-0.049868286,-0.021741124,0.8206554864768585
254,2.54,FR,0.0,-2.3166182041168213,-2.3402163982391357,-1.9615795612335205,-1.9264451265335083,2.3166182041168213,-2.8252930641174316,-1.9615795612335205,-5.638167858123779,-0.868943452835083,-0.005993023681640625,0.85684425,-0.049868286,-0.021741124,0.8206554864768585
254,2.54,BL,0.0,-2.318415641784668,-2.3385183811187744,-1.9831485748291016,-1.9460129737854004,2.318415641784668,-2.8455581665039062,-1.9831485748291016,-5.679086685180664,-0.9544489979743958,-0.006077861785888672,0.85684425,-0.049868286,-0.021741124,0.8206554864768585
254,2.54,BR,0.0,-2.3143882751464844,-2.336747884750366,-1.9615029096603394,-1.9260690212249756,2.3143882751464844,-2.82405161857605,-1.9615029096603394,-5.635651111602783,-0.8638912439346313,-0.00599450101852417,0.85684425,-0.049868286,-0.021741124,0.8206554864768585
255,2.5500000000000003,FL,0.0,-2.3372085094451904,-2.3591978549957275,-1.9476335048675537,-1.9117767810821533,2.3372085094451904,-2.8186137676239014,-1.9476335048675537,-5.611239910125732,-1.0154699087142944,-0.005920767211914063,0.8576318,-0.049023155,-0.021741146,0.8206553027406338
255,2.5500000000000003,FR,0.0,-2.3402163982391357,-2.3586502075195312,-1.9264451265335083,-1.8892064094543457,2.3402163982391357,-2.797210454940796,-1.9264451265335083,-5.568166255950928,-0.9249728322029114,-0.005833607387542725,0.8576318,-0.049023155,-0.021741146,0.8206553027406338
255,2.5500000000000003,BL,0.0,-2.3385183811187744,-2.356579542160034,-1.9460129737854004,-1.9101508855819702,2.3385183811187744,-2.8174960613250732,-1.9460129737854004,-5.609015464782715,-1.0108871459960938,-0.0059132371902465815,0.8576318,-0.049023155,-0.021741146,0.8206553027406338
255,2.5500000000000003,BR,0.0,-2.336747884750366,-2.35727596282959,-1.9260690212249756,-1.889352560043335,2.336747884750366,-2.796010732650757,-1.9260690212249756,-5.565718650817871,-0.9198957681655884,-0.005834877777099609,0.8576318,-0.049023155,-0.021741146,0.8206553027406338
256,2.56,FL,0.0,-2.3591978549957275,-2.3788201808929443,-1.9117767810821533,-1.8749345541000366,2.3591978549957275,-2.7903034687042236,-1.9117767810821533,-5.541143894195557,-1.0712294578552246,-0.005759748840332032,0.85842615,-0.048170786,-0.021741131,0.820655158636914
256,2.56,FR,0.0,-2.3586502075195312,-2.3810014724731445,-1.8892064094543457,-1.8537503480911255,2.3586502075195312,-2.768906593322754,-1.8892064094543457,-5.497988700866699,-0.9803012609481812,-0.005669905471801758,0.85842615,-0.048170786,-0.021741131,0.820655158636914
256,2.56,BL,0.0,-2.356579542160034,-2.378154993057251,-1.9101508855819702,-1.8748642206192017,2.356579542160034,-2.789216995239258,-1.9101508855819702,-5.538878917694092,-1.0666242837905884,-0.005755339908599853,0.85842615,-0.048170786,-0.021741131,0.820655158636914
256,2.56,BR,0.0,-2.35727596282959,-2.380790948867798,-1.889352560043335,-1.853100299835205,2.35727596282959,-2.767723321914673,-1.889352560043335,-5.4956488609313965,-0.9752002358436584,-0.005671589469909668,0.85842615,-0.048170786,-0.021741131,0.820655158636914
257,2.57,FL,0.0,-2.3788201808929443,-2.3978095054626465,-1.8749345541000366,-1.8387752771377563,2.3788201808929443,-2.7617576122283936,-1.8749345541000366,-5.470906734466553,-1.1262873411178589,-0.005596682071685791,0.85922694,-0.047311414,-0.02174115,0.8206551262175398
257,2.57,FR,0.0,-2.3810014724731445,-2.3973886966705322,-1.8537503480911255,-1.816506028175354,2.3810014724731445,-2.7403345108032227,-1.8537503480911255,-5.427783012390137,-1.0349277257919312,-0.005510200214385986,0.85922694,-0.047311414,-0.02174115,0.8206551262175398
257,2.57,BL,0.0,-2.378154993057251,-2.3964529037475586,-1.8748642206192017,-1.8379549980163574,2.378154993057251,-2.760679244995117,-1.8748642206192017,-5.468725204467773,-1.1216599941253662,-0.005596932888031006,0.85922694,-0.047311414,-0.02174115,0.8206551262175398
257,2.57,BR,0.0,-2.380790948867798,-2.397627115249634,-1.853100299835205,-1.8154070377349854,2.380790948867798,-2.7391538619995117,-1.853100299835205,-5.425483703613281,-1.0298035144805908,-0.005507768440246582,0.85922694,-0.047311414,-0.02174115,0.8206551262175398
258,2.58,FL,0.0,-2.3978095054626465,-2.418440580368042,-1.8387752771377563,-1.8026337623596191,2.3978095054626465,-2.7329838275909424,-1.8387752771377563,-5.400588512420654,-1.1806424856185913,-0.005436853504180908,0.86003447,-0.046445224,-0.021741146,0.8206549424813452
258,2.58,FR,0.0,-2.3973886966705322,-2.4162075519561768,-1.816506028175354,-1.7813791036605835,2.3973886966705322,-2.7115659713745117,-1.816506028175354,-5.3574090003967285,-1.0888513326644897,-0.00534811315536499,0.86003447,-0.046445224,-0.021741146,0.8206549424813452
258,2.58,BL,0.0,-2.3964529037475586,-2.4176137447357178,-1.8379549980163574,-1.802098035812378,2.3964529037475586,-2.731921672821045,-1.8379549980163574,-5.398427963256836,-1.1759934425354004,-0.005434657669067383,0.86003447,-0.046445224,-0.021741146,0.8206549424813452
258,2.58,BR,0.0,-2.397627115249634,-2.4164676666259766,-1.8154070377349854,-1.780103087425232,2.397627115249634,-2.7103824615478516,-1.8154070377349854,-5.355113506317139,-1.0837042331695557,-0.0053435264587402345,0.86003447,-0.046445224,-0.021741146,0.8206549424813452
259,2.59,FL,0.0,-2.418440580368042,-2.436401844024658,-1.8026337623596191,-1.7656075954437256,2.418440580368042,-2.703962564468384,-1.8026337623596191,-5.330193042755127,-1.234294056892395,-0.005275782585144043,0.86084795,-0.04557232,-0.021741133,0.8206551982693853
259,2.59,FR,0.0,-2.4162075519561768,-2.4367141723632812,-1.7813791036605835,-1.7450828552246094,2.4162075519561768,-2.6825714111328125,-1.7813791036605835,-5.287039756774902,-1.14207124710083,-0.0051925503730773925,0.86084795,-0.04557232,-0.021741133,0.8206551982693853
259,2.59,BL,0.0,-2.4176137447357178,-2.434941530227661,-1.802098035812378,-1.7648762464523315,2.4176137447357178,-2.7029104232788086,-1.802098035812378,-5.328074932098389,-1.229623556137085,-0.005274301147460937,0.86084795,-0.04557232,-0.021741133,0.8206551982693853
259,2.59,BR,0.0,-2.4164676666259766,-2.4354398250579834,-1.780103087425232,-1.7437952756881714,2.4164676666259766,-2.681384801864624,-1.780103087425232,-5.28473424911499,-1.1369011402130127,-0.005187238216400146,0.86084795,-0.04557232,-0.021741133,0.8206551982693853
260,2.6,FL,0.0,-2.436401844024658,-2.454033851623535,-1.7656075954437256,-1.7294018268585205,2.436401844024658,-2.6747257709503174,-1.7656075954437256,-5.2596540451049805,-1.287240982055664,-0.005113308906555176,0.8616675,-0.044692893,-0.021741169,0.8206551262175567
260,2.6,FR,0.0,-2.4367141723632812,-2.4520606994628906,-1.7450828552246094,-1.7078857421875,2.4367141723632812,-2.6533308029174805,-1.7450828552246094,-5.216583251953125,-1.194586992263794,-0.0050309600830078125,0.8616675,-0.044692893,-0.021741169,0.8206551262175567
260,2.6,BL,0.0,-2.434941530227661,-2.453190803527832,-1.7648762464523315,-1.7289338111877441,2.434941530227661,-2.6736910343170166,-1.7648762464523315,-5.257561683654785,-1.2825493812561035,-0.005111551761627198,0.8616675,-0.044692893,-0.021741169,0.8206551262175567
260,2.6,BR,0.0,-2.4354398250579834,-2.455338954925537,-1.7437952756881714,-1.7072088718414307,2.4354398250579834,-2.6521594524383545,-1.7437952756881714,-5.214267253875732,-1.1893937587738037,-0.005026829242706299,0.8616675,-0.044692893,-0.021741169,0.8206551262175567
261,2.61,FL,0.0,-2.454033851623535,-2.4700608253479004,-1.7294018268585205,-1.6931121349334717,2.454033851623535,-2.645277261734009,-1.7294018268585205,-5.189041614532471,-1.339482069015503,-0.004954380226135254,0.8624925,-0.04380718,-0.021741154,0.8206557422649351
261,2.61,FR,0.0,-2.4520606994628906,-2.472409248352051,-1.7078857421875,-1.67250657081604,2.4520606994628906,-2.623906135559082,-1.7078857421875,-5.14597225189209,-1.2463974952697754,-0.004869894409179688,0.8624925,-0.04380718,-0.021741154,0.8206557422649351
261,2.61,BL,0.0,-2.453190803527832,-2.4683291912078857,-1.7289338111877441,-1.6924147605895996,2.453190803527832,-2.6442527770996094,-1.7289338111877441,-5.186995029449463,-1.33476984500885,-0.004953182601928711,0.8624925,-0.04380718,-0.021741154,0.8206557422649351
261,2.61,BR,0.0,-2.455338954925537,-2.4723381996154785,-1.7072088718414307,-1.6700239181518555,2.455338954925537,-2.6226954460144043,-1.7072088718414307,-5.143693923950195,-1.2411812543869019,-0.0048645643234252935,0.8624925,-0.04380718,-0.021741154,0.8206557422649351
262,2.62,FL,0.0,-2.4700608253479004,-2.4893429279327393,-1.6931121349334717,-1.6572529077529907,2.4700608253479004,-2.6156365871429443,-1.6931121349334717,-5.118351936340332,-1.3910167217254639,-0.004796399879455566,0.8633236,-0.042915657,-0.021741128,0.8206555657418175
262,2.62,FR,0.0,-2.472409248352051,-2.4885666370391846,-1.67250657081604,-1.6349424123764038,2.472409248352051,-2.5942370891571045,-1.67250657081604,-5.075355529785156,-1.2975016832351685,-0.00471209888458252,0.8633236,-0.042915657,-0.021741128,0.8206555657418175
262,2.62,BL,0.0,-2.4683291912078857,-2.4874911308288574,-1.6924147605895996,-1.656921148300171,2.4683291912078857,-2.6146328449249268,-1.6924147605895996,-5.116331100463867,-1.3862841129302979,-0.00479499568939209,0.8633236,-0.042915657,-0.021741128,0.8206555657418175
262,2.62,BR,0.0,-2.4723381996154785,-2.489684581756592,-1.6700239181518555,-1.6337600946426392,2.4723381996154785,-2.593027353286743,-1.6700239181518555,-5.072972297668457,-1.2922621965408325,-0.004702225112915039,0.8633236,-0.042915657,-0.021741128,0.8206555657418175
263,2.63,FL,0.0,-2.4893429279327393,-2.503826856613159,-1.6572529077529907,-1.6198993921279907,2.4893429279327393,-2.5857644081115723,-1.6572529077529907,-5.047622203826904,-1.4418442249298096,-0.004637537288665772,0.8641598,-0.042018127,-0.0217412,0.8206556774261609
263,2.63,FR,0.0,-2.4885666370391846,-2.5023961067199707,-1.6349424123764038,-1.5988105535507202,2.4885666370391846,-2.5643744468688965,-1.6349424123764038,-5.0045623779296875,-1.3478989601135254,-0.004548916339874268,0.8641598,-0.042018127,-0.0217412,0.8206556774261609
263,2.63,BL,0.0,-2.4874911308288574,-2.5035595893859863,-1.656921148300171,-1.6196364164352417,2.4874911308288574,-2.584782838821411,-1.656921148300171,-5.045654296875,-1.4370917081832886,-0.004637691688537598,0.8641598,-0.042018127,-0.0217412,0.8206556774261609
263,2.63,BR,0.0,-2.489684581756592,-2.5035200119018555,-1.6337600946426392,-1.5971535444259644,2.489684581756592,-2.5631511211395264,-1.6337600946426392,-5.002179145812988,-1.3426356315612793,-0.004543292713165284,0.8641598,-0.042018127,-0.0217412,0.8206556774261609
264,2.64,FL,0.0,-2.503826856613159,-2.5194709300994873,-1.6198993921279907,-1.5842337608337402,2.503826856613159,-2.555718421936035,-1.6198993921279907,-4.976736545562744,-1.4919636249542236,-0.0044765360832214355,0.8650014,-0.04111514,-0.021741122,0.8206561025243378
264,2.64,FR,0.0,-2.5023961067199707,-2.52394437789917,-1.5988105535507202,-1.5634160041809082,2.5023961067199707,-2.5343456268310547,-1.5988105535507202,-4.933711051940918,-1.3975880146026611,-0.004393325328826904,0.8650014,-0.04111514,-0.021741122,0.8206561025243378
264,2.64,BL,0.0,-2.5035595893859863,-2.5195255279541016,-1.6196364164352417,-1.5833591222763062,2.5035595893859863,-2.5547401905059814,-1.6196364164352417,-4.974824905395508,-1.4871917963027954,-0.004475697994232178,0.8650014,-0.04111514,-0.021741122,0.8206561025243378
264,2.64,BR,0.0,-2.5035200119018555,-2.519829034805298,-1.5971535444259644,-1.561743140220642,2.5035200119018555,-2.533108949661255,-1.5971535444259644,-4.931291580200195,-1.3923006057739258,-0.004385798168182372,0.8650014,-0.04111514,-0.021741122,0.8206561025243378
265,2.65,FL,0.0,-2.5194709300994873,-2.5352377891540527,-1.5842337608337402,-1.547930121421814,2.5194709300994873,-2.525484800338745,-1.5842337608337402,-4.9058332443237305,-1.5413740873336792,-0.0043213582992553705,0.8658481,-0.0402065,-0.021741146,0.8206556377936765
265,2.65,FR,0.0,-2.52394437789917,-2.535827398300171,-1.5634160041809082,-1.5247678756713867,2.52394437789917,-2.504058361053467,-1.5634160041809082,-4.8628621101379395,-1.446568489074707,-0.004234508514404297,0.8658481,-0.0402065,-0.021741146,0.8206556377936765
265,2.65,BL,0.0,-2.5195255279541016,-2.5339744091033936,-1.5833591222763062,-1.5469300746917725,2.5195255279541016,-2.524505853652954,-1.5833591222763062,-4.903928279876709,-1.5365831851959229,-0.004317816066741943,0.8658481,-0.0402065,-0.021741146,0.8206556377936765
265,2.65,BR,0.0,-2.519829034805298,-2.5379133224487305,-1.561743140220642,-1.525177240371704,2.519829034805298,-2.502871036529541,-1.561743140220642,-4.860406398773193,-1.4412567615509033,-0.00423110933303833,0.8658481,-0.0402065,-0.021741146,0.8206556377936765
266,2.66,FL,0.0,-2.5352377891540527,-2.5488319396972656,-1.547930121421814,-1.5113897323608398,2.5352377891540527,-2.4950621128082275,-1.547930121421814,-4.834863185882568,-1.5900752544403076,-0.004163530254364014,0.86669976,-0.039292797,-0.021741156,0.8206557422649379
266,2.66,FR,0.0,-2.535827398300171,-2.5512847900390625,-1.5247678756713867,-1.4897273778915405,2.535827398300171,-2.473628282546997,-1.5247678756713867,-4.7917609214782715,-1.4948391914367676,-0.00407040958404541,0.86669976,-0.039292797,-0.021741156,0.8206557422649379
266,2.66,BL,0.0,-2.5339744091033936,-2.5497941970825195,-1.5469300746917725,-1.5109161138534546,2.5339744091033936,-2.49409818649292,-1.5469300746917725,-4.832954406738281,-1.5852651596069336,-0.0041605407714843745,0.86669976,-0.039292797,-0.021741156,0.8206557422649379
266,2.66,BR,0.0,-2.5379133224487305,-2.549337387084961,-1.525177240371704,-1.4877055883407593,2.5379133224487305,-2.4724159240722656,-1.525177240371704,-4.789433479309082,-1.4895035028457642,-0.004070378303527832,0.86669976,-0.039292797,-0.021741156,0.8206557422649379
267,2.67,FL,0.0,-2.5488319396972656,-2.5624942779541016,-1.5113897323608398,-1.4755291938781738,2.5488319396972656,-2.4644761085510254,-1.5113897323608398,-4.763810157775879,-1.638066291809082,-0.004006493377685547,0.8675561,-0.038374003,-0.021741118,0.8206557818974344
267,2.67,FR,0.0,-2.5512847900390625,-2.5616793632507324,-1.4897273778915405,-1.4531145095825195,2.5512847900390625,-2.4430129528045654,-1.4897273778915405,-4.720699310302734,-1.5423991680145264,-0.003917881679534912,0.8675561,-0.038374003,-0.021741118,0.8206557818974344
267,2.67,BL,0.0,-2.5497941970825195,-2.562290906906128,-1.5109161138534546,-1.4741805791854858,2.5497941970825195,-2.463500738143921,-1.5109161138534546,-4.761939525604248,-1.6332372426986694,-0.0040038290977478025,0.8675561,-0.038374003,-0.021741118,0.8206557818974344
267,2.67,BR,0.0,-2.549337387084961,-2.5646119117736816,-1.4877055883407593,-1.452681064605713,2.549337387084961,-2.441823959350586,-1.4877055883407593,-4.718304634094238,-1.537039875984192,-0.003911352443695068,0.8675561,-0.038374003,-0.021741118,0.8206557818974344
268,2.68,FL,0.0,-2.5624942779541016,-2.578272581100464,-1.4755291938781738,-1.4394782781600952,2.5624942779541016,-2.4337260723114014,-1.4755291938781738,-4.6927313804626465,-1.6853466033935547,-0.0038521213531494142,0.8684166,-0.037450325,-0.021741146,0.8206557818974193
268,2.68,FR,0.0,-2.5616793632507324,-2.575655698776245,-1.4531145095825195,-1.4183412790298462,2.5616793632507324,-2.4122729301452637,-1.4531145095825195,-4.649552822113037,-1.5892480611801147,-0.0037631145477294925,0.8684166,-0.037450325,-0.021741146,0.8206557818974193
268,2.68,BL,0.0,-2.562290906906128,-2.581225633621216,-1.4741805791854858,-1.438584327697754,2.562290906906128,-2.432753324508667,-1.4741805791854858,-4.6908278465271,-1.680498719215393,-0.003846889591217041,0.8684166,-0.037450325,-0.021741146,0.8206557818974193
268,2.68,BR,0.0,-2.5646119117736816,-2.578402280807495,-1.452681064605713,-1.4159791469573975,2.5646119117736816,-2.411048650741577,-1.452681064605713,-4.647218227386475,-1.5838651657104492,-0.0037590347290039064,0.8684166,-0.037450325,-0.021741146,0.8206557818974193
269,2.69,FL,0.0,-2.578272581100464,-2.589988946914673,-1.4394782781600952,-1.4024170637130737,2.578272581100464,-2.4027867317199707,-1.4394782781600952,-4.621612071990967,-1.7319159507751465,-0.0036952950477600094,0.8692815,-0.036522035,-0.02174118,0.8206560773180455
269,2.69,FR,0.0,-2.575655698776245,-2.5899221897125244,-1.4183412790298462,-1.382010579109192,2.575655698776245,-2.3813650608062744,-1.4183412790298462,-4.578469276428223,-1.6353857517242432,-0.0036128405570983887,0.8692815,-0.036522035,-0.02174118,0.8206560773180455
269,2.69,BL,0.0,-2.581225633621216,-2.5872669219970703,-1.438584327697754,-1.4002629518508911,2.581225633621216,-2.40177845954895,-1.438584327697754,-4.619713306427002,-1.7270491123199463,-0.003689356803894043,0.8692815,-0.036522035,-0.02174118,0.8206560773180455
269,2.69,BR,0.0,-2.578402280807495,-2.5911171436309814,-1.4159791469573975,-1.3796876668930054,2.578402280807495,-2.380107879638672,-1.4159791469573975,-4.576040744781494,-1.6299790143966675,-0.003601194763183594,0.8692815,-0.036522035,-0.02174118,0.8206560773180455
270,2.7,FL,0.0,-2.589988946914673,-2.603652000427246,-1.4024170637130737,-1.3667912483215332,2.589988946914673,-2.371706962585449,-1.4024170637130737,-4.550375461578369,-1.7777734994888306,-0.0035376770973205565,0.87015057,-0.035589434,-0.02174109,0.8206564699968697
270,2.7,FR,0.0,-2.5899221897125244,-2.604398488998413,-1.382010579109192,-1.3453960418701172,2.5899221897125244,-2.350285768508911,-1.382010579109192,-4.507323741912842,-1.6808123588562012,-0.003456104564666748,0.87015057,-0.035589434,-0.02174109,0.8206564699968697
270,2.7,BL,0.0,-2.5872669219970703,-2.6044538021087646,-1.4002629518508911,-1.36687171459198,2.5872669219970703,-2.3707313537597656,-1.4002629518508911,-4.548381805419922,-1.7728872299194336,-0.003531238269805908,0.87015057,-0.035589434,-0.02174109,0.8206564699968697
270,2.7,BR,0.0,-2.5911171436309814,-2.605055570602417,-1.3796876668930054,-1.3436609506607056,2.5911171436309814,-2.3490142822265625,-1.3796876668930054,-4.50480842590332,-1.6753809452056885,-0.0034458569526672365,0.87015057,-0.035589434,-0.02174109,0.8206564699968697
271,2.71,FL,0.0,-2.603652000427246,-2.61372709274292,-1.3667912483215332,-1.3302462100982666,2.603652000427246,-2.340463161468506,-1.3667912483215332,-4.479137897491455,-1.8229186534881592,-0.003384243392944336,0.8710238,-0.034652513,-0.021741161,0.8206564375774684
271,2.71,FR,0.0,-2.604398488998413,-2.6140899658203125,-1.3453960418701172,-1.3085265159606934,2.604398488998413,-2.319033145904541,-1.3453960418701172,-4.43609619140625,-1.725527048110962,-0.003298065376281738,0.8710238,-0.034652513,-0.021741161,0.8206564375774684
271,2.71,BL,0.0,-2.6044538021087646,-2.6116597652435303,-1.36687171459198,-1.3289498090744019,2.6044538021087646,-2.339477777481079,-1.36687171459198,-4.477229118347168,-1.8180128335952759,-0.0033839238166809083,0.8710238,-0.034652513,-0.021741161,0.8206564375774684
271,2.71,BR,0.0,-2.605055570602417,-2.615443468093872,-1.3436609506607056,-1.3069921731948853,2.605055570602417,-2.317753791809082,-1.3436609506607056,-4.433543682098389,-1.720070242881775,-0.0032905993461608885,0.8710238,-0.034652513,-0.021741161,0.8206564375774684
272,2.72,FL,0.0,-2.61372709274292,-2.6257851123809814,-1.3302462100982666,-1.29497230052948,2.61372709274292,-2.309098482131958,-1.3302462100982666,-4.407827854156494,-1.8673511743545532,-0.0032300031661987305,0.87190044,-0.03371143,-0.021741131,0.8206564375774654
272,2.72,FR,0.0,-2.6140899658203125,-2.6285383701324463,-1.3085265159606934,-1.2733970880508423,2.6140899658203125,-2.2876639366149902,-1.3085265159606934,-4.364770889282227,-1.769529104232788,-0.0031428340911865233,0.87190044,-0.03371143,-0.021741131,0.8206564375774654
272,2.72,BL,0.0,-2.6116597652435303,-2.626023054122925,-1.3289498090744019,-1.2948139905929565,2.6116597652435303,-2.308137893676758,-1.3289498090744019,-4.4058918952941895,-1.8624261617660522,-0.003226471424102783,0.87190044,-0.03371143,-0.021741131,0.8206564375774654
272,2.72,BR,0.0,-2.615443468093872,-2.6261327266693115,-1.3069921731948853,-1.2715762853622437,2.615443468093872,-2.2863683700561523,-1.3069921731948853,-4.3621978759765625,-1.7640466690063477,-0.0031356139183044435,0.87190044,-0.03371143,-0.021741131,0.8206564375774654
273,2.73,FL,0.0,-2.6257851123809814,-2.637676954269409,-1.29497230052948,-1.2587844133377075,2.6257851123809814,-2.2775890827178955,-1.29497230052948,-4.336547374725342,-1.9110705852508545,-0.003079261112213135,0.8727808,-0.03276665,-0.021741152,0.8206561097374295
273,2.73,FR,0.0,-2.6285383701324463,-2.633620500564575,-1.2733970880508423,-1.2362486124038696,2.6285383701324463,-2.2561216354370117,-1.2733970880508423,-4.293486595153809,-1.812817931175232,-0.0029907576560974118,0.8727808,-0.03276665,-0.021741152,0.8206561097374295
273,2.73,BL,0.0,-2.626023054122925,-2.637148380279541,-1.2948139905929565,-1.2577286958694458,2.626023054122925,-2.276625633239746,-1.2948139905929565,-4.334675312042236,-1.906126618385315,-0.0030784375190734863,0.8727808,-0.03276665,-0.021741152,0.8206561097374295
273,2.73,BR,0.0,-2.6261327266693115,-2.6339612007141113,-1.2715762853622437,-1.2359153032302856,2.6261327266693115,-2.254854679107666,-1.2715762853622437,-4.290872097015381,-1.807309627532959,-0.0029853989601135254,0.8727808,-0.03276665,-0.021741152,0.8206561097374295
274,2.74,FL,0.0,-2.637676954269409,-2.6485650539398193,-1.2587844133377075,-1.2225182056427002,2.637676954269409,-2.245936870574951,-1.2587844133377075,-4.265224456787109,-1.954077124595642,-0.0029249960899353027,0.8736647,-0.031818237,-0.021741156,0.8206563979449721
274,2.74,FR,0.0,-2.633620500564575,-2.6446943283081055,-1.2362486124038696,-1.202673316001892,2.633620500564575,-2.224518060684204,-1.2362486124038696,-4.222084999084473,-1.855393409729004,-0.0028380980491638183,0.8736647,-0.031818237,-0.021741156,0.8206563979449721
274,2.74,BL,0.0,-2.637148380279541,-2.6479036808013916,-1.2577286958694458,-1.2217663526535034,2.637148380279541,-2.2449798583984375,-1.2577286958694458,-4.26334285736084,-1.9491143226623535,-0.0029211960792541506,0.8736647,-0.031818237,-0.021741156,0.8206563979449721
274,2.74,BR,0.0,-2.6339612007141113,-2.6478395462036133,-1.2359153032302856,-1.201270341873169,2.6339612007141113,-2.2232472896575928,-1.2359153032302856,-4.219546318054199,-1.849859356880188,-0.002836492252349853,0.8736647,-0.031818237,-0.021741156,0.8206563979449721
275,2.75,FL,0.0,-2.6485650539398193,-2.6533334255218506,-1.2225182056427002,-1.1865108013153076,2.6485650539398193,-2.214154005050659,-1.2225182056427002,-4.193853855133057,-1.9963700771331787,-0.0027712207794189456,0.87455183,-0.030866424,-0.021741124,0.8206567654175799
275,2.75,FR,0.0,-2.6446943283081055,-2.651890754699707,-1.202673316001892,-1.1666404008865356,2.6446943283081055,-2.192781686782837,-1.202673316001892,-4.150849342346191,-1.897255778312683,-0.002694937801361084,0.87455183,-0.030866424,-0.021741124,0.8206567654175799
275,2.75,BL,0.0,-2.6479036808013916,-2.6555237770080566,-1.2217663526535034,-1.1858184337615967,2.6479036808013916,-2.213205099105835,-1.2217663526535034,-4.191987037658691,-1.9913885593414307,-0.0027687424659729003,0.87455183,-0.030866424,-0.021741124,0.8206567654175799
275,2.75,BR,0.0,-2.6478395462036133,-2.65408992767334,-1.201270341873169,-1.1641113758087158,2.6478395462036133,-2.1914732456207275,-1.201270341873169,-4.148300647735596,-1.8916962146759033,-0.0026868097305297847,0.87455183,-0.030866424,-0.021741124,0.8206567654175799
276,2.7600000000000002,FL,0.0,-2.6533334255218506,-2.665240526199341,-1.1865108013153076,-1.1528207063674927,2.6533334255218506,-2.182314157485962,-1.1865108013153076,-4.122457981109619,-2.037949323654175,-0.00262337646484375,0.8754418,-0.029911129,-0.021741165,0.8206567654175491
276,2.7600000000000002,FR,0.0,-2.651890754699707,-2.6629745960235596,-1.1666404008865356,-1.1320254802703857,2.651890754699707,-2.160959005355835,-1.1666404008865356,-4.0795817375183105,-1.9384055137634277,-0.002545048999786377,0.8754418,-0.029911129,-0.021741165,0.8206567654175491
276,2.7600000000000002,BL,0.0,-2.6555237770080566,-2.6637325286865234,-1.1858184337615967,-1.1509954929351807,2.6555237770080566,-2.1813387870788574,-1.1858184337615967,-4.120610237121582,-2.032949209213257,-0.002618854713439941,0.8754418,-0.029911129,-0.021741165,0.8206567654175491
276,2.7600000000000002,BR,0.0,-2.65408992767334,-2.664041519165039,-1.1641113758087158,-1.129837155342102,2.65408992767334,-2.1596240997314453,-1.1641113758087158,-4.076934337615967,-1.9328199625015259,-0.0025331735610961913,0.8754418,-0.029911129,-0.021741165,0.8206567654175491
277,2.77,FL,0.0,-2.665240526199341,-2.6752216815948486,-1.1528207063674927,-1.116217851638794,2.665240526199341,-2.1503312587738037,-1.1528207063674927,-4.051219463348389,-2.078815221786499,-0.0024790904045104978,0.8763349,-0.028952843,-0.021741142,0.8206566933656704
277,2.77,FR,0.0,-2.6629745960235596,-2.6706161499023438,-1.1320254802703857,-1.0957692861557007,2.6629745960235596,-2.1290032863616943,-1.1320254802703857,-4.00839376449585,-1.9788429737091064,-0.0023977222442626953,0.8763349,-0.028952843,-0.021741142,0.8206566933656704
277,2.77,BL,0.0,-2.6637325286865234,-2.676727294921875,-1.1509954929351807,-1.115845799446106,2.6637325286865234,-2.149374008178711,-1.1509954929351807,-4.0493011474609375,-2.073796272277832,-0.0024729959487915037,0.8763349,-0.028952843,-0.021741142,0.8206566933656704
277,2.77,BR,0.0,-2.664041519165039,-2.6713764667510986,-1.129837155342102,-1.0940074920654297,2.664041519165039,-2.127655506134033,-1.129837155342102,-4.005678653717041,-1.9732306003570557,-0.002388115406036377,0.8763349,-0.028952843,-0.021741142,0.8206566933656704
278,2.7800000000000002,FL,0.0,-2.6752216815948486,-2.6821022033691406,-1.116217851638794,-1.0802425146102905,2.6752216815948486,-2.1182284355163574,-1.116217851638794,-3.9799039363861084,-2.1189684867858887,-0.0023246940612792967,0.87723064,-0.027991708,-0.02174113,0.8206571256770708
278,2.7800000000000002,FR,0.0,-2.6706161499023438,-2.6824798583984375,-1.0957692861557007,-1.0607569217681885,2.6706161499023438,-2.0969560146331787,-1.0957692861557007,-3.9371535778045654,-2.018568277359009,-0.0022465842247009274,0.87723064,-0.027991708,-0.02174113,0.8206571256770708
278,2.7800000000000002,BL,0.0,-2.676727294921875,-2.6828153133392334,-1.115845799446106,-1.0786830186843872,2.676727294921875,-2.117253303527832,-1.115845799446106,-3.9780313968658447,-2.1139307022094727,-0.0023220013618469237,0.87723064,-0.027991708,-0.02174113,0.8206571256770708
278,2.7800000000000002,BR,0.0,-2.6713764667510986,-2.6820216178894043,-1.0940074920654297,-1.0591050386428833,2.6713764667510986,-2.0955991744995117,-1.0940074920654297,-3.9344067573547363,-2.0129287242889404,-0.0022389287948608397,0.87723064,-0.027991708,-0.02174113,0.8206571256770708
279,2.79,FL,0.0,-2.6821022033691406,-2.6905064582824707,-1.0802425146102905,-1.045387625694275,2.6821022033691406,-2.086043357849121,-1.0802425146102905,-3.9085636138916016,-2.1584086418151855,-0.0021752882957458497,0.8781287,-0.027027814,-0.021741176,0.8206571725227004
279,2.79,FR,0.0,-2.6824798583984375,-2.688112735748291,-1.0607569217681885,-1.0239640474319458,2.6824798583984375,-2.0647661685943604,-1.0607569217681885,-3.8659613132476807,-2.057581663131714,-0.002097043800354004,0.8781287,-0.027027814,-0.021741176,0.8206571725227004
279,2.79,BL,0.0,-2.6828153133392334,-2.6902804374694824,-1.0786830186843872,-1.044127106666565,2.6828153133392334,-2.085059404373169,-1.0786830186843872,-3.906642198562622,-2.1533515453338623,-0.002168479824066162,0.8781287,-0.027027814,-0.021741176,0.8206571725227004
279,2.79,BR,0.0,-2.6820216178894043,-2.691783905029297,-1.0591050386428833,-1.0227904319763184,2.6820216178894043,-2.0634148120880127,-1.0591050386428833,-3.8631927967071533,-2.0519142150878906,-0.0020908028602600096,0.8781287,-0.027027814,-0.021741176,0.8206571725227004
280,2.8000000000000003,FL,0.0,-2.6905064582824707,-2.695805549621582,-1.045387625694275,-1.009840726852417,2.6905064582824707,-2.0537571907043457,-1.045387625694275,-3.837286949157715,-2.1971354484558105,-0.002029145336151123,0.87902933,-0.026061662,-0.02174112,0.8206573166265315
280,2.8000000000000003,FR,0.0,-2.688112735748291,-2.696521282196045,-1.0239640474319458,-0.9895211458206177,2.688112735748291,-2.0325088500976562,-1.0239640474319458,-3.794675350189209,-2.0958824157714844,-0.0019453660011291506,0.87902933,-0.026061662,-0.02174112,0.8206573166265315
280,2.8000000000000003,BL,0.0,-2.6902804374694824,-2.6951663494110107,-1.044127106666565,-1.0089472532272339,2.6902804374694824,-2.0527760982513428,-1.044127106666565,-3.8353421688079834,-2.19205904006958,-0.0020242840766906737,0.87902933,-0.026061662,-0.02174112,0.8206573166265315
280,2.8000000000000003,BR,0.0,-2.691783905029297,-2.6951401233673096,-1.0227904319763184,-0.986701250076294,2.691783905029297,-2.031113386154175,-1.0227904319763184,-3.7919230461120605,-2.0901875495910645,-0.001937734603881836,0.87902933,-0.026061662,-0.02174112,0.8206573166265315
281,2.81,FL,0.0,-2.695805549621582,-2.7030029296875,-1.009840726852417,-0.9754350185394287,2.695805549621582,-2.0214076042175293,-1.009840726852417,-3.7660176753997803,-2.235149621963501,-0.0018827184677124022,0.87993217,-0.025093012,-0.02174117,0.8206574931497506
281,2.81,FR,0.0,-2.696521282196045,-2.700404644012451,-0.9895211458206177,-0.9539003968238831,2.696521282196045,-2.000150680541992,-0.9895211458206177,-3.7234833240509033,-2.1334707736968994,-0.0018008675575256349,0.87993217,-0.025093012,-0.02174117,0.8206574931497506
281,2.81,BL,0.0,-2.6951663494110107,-2.704272747039795,-1.0089472532272339,-0.9747095704078674,2.6951663494110107,-2.0204341411590576,-1.0089472532272339,-3.7640790939331055,-2.2300539016723633,-0.0018796559333801271,0.87993217,-0.025093012,-0.02174117,0.8206574931497506
281,2.81,BR,0.0,-2.6951401233673096,-2.700201988220215,-0.986701250076294,-0.9530573487281799,2.6951401233673096,-1.9987716674804688,-0.986701250076294,-3.7206180095672607,-2.1277477741241455,-0.0017906929016113283,0.87993217,-0.025093012,-0.02174117,0.8206574931497506
282,2.82,FL,0.0,-2.7030029296875,-2.706211805343628,-0.9754350185394287,-0.9402064085006714,2.7030029296875,-1.9889715909957886,-0.9754350185394287,-3.6948447227478027,-2.272451400756836,-0.0017393377304077147,0.8808367,-0.024122173,-0.021741109,0.8206576444667143
282,2.82,FR,0.0,-2.700404644012451,-2.7078425884246826,-0.9539003968238831,-0.919988751411438,2.700404644012451,-1.9677457809448242,-0.9539003968238831,-3.652289390563965,-2.170347213745117,-0.0016552778720855712,0.8808367,-0.024122173,-0.021741109,0.8206576444667143
282,2.82,BL,0.0,-2.704272747039795,-2.7087106704711914,-0.9747095704078674,-0.9387249946594238,2.704272747039795,-1.9879828691482544,-0.9747095704078674,-3.692925214767456,-2.26733660697937,-0.001735420083999634,0.8808367,-0.024122173,-0.021741109,0.8206576444667143
282,2.82,BR,0.0,-2.700201988220215,-2.7080237865448,-0.9530573487281799,-0.9186909198760986,2.700201988220215,-1.9663692712783813,-0.9530573487281799,-3.649470329284668,-2.16459584236145,-0.0016520678043365478,0.8808367,-0.024122173,-0.021741109,0.8206576444667143
283,2.83,FL,0.0,-2.706211805343628,-2.714268207550049,-0.9402064085006714,-0.9064868092536926,2.706211805343628,-1.9564969539642334,-0.9402064085006714,-3.623699903488159,-2.309041738510132,-0.0015958561897277833,0.8817432,-0.023149392,-0.021741165,0.8206581164108112
283,2.83,FR,0.0,-2.7078425884246826,-2.7139360904693604,-0.919988751411438,-0.8846087455749512,2.7078425884246826,-1.9352517127990723,-0.919988751411438,-3.5812275409698486,-2.206512451171875,-0.0015136809349060058,0.8817432,-0.023149392,-0.021741165,0.8206581164108112
283,2.83,BL,0.0,-2.7087106704711914,-2.7144341468811035,-0.9387249946594238,-0.9044985771179199,2.7087106704711914,-1.955478310585022,-0.9387249946594238,-3.621739387512207,-2.3039073944091797,-0.001587931442260742,0.8817432,-0.023149392,-0.021741165,0.8206581164108112
283,2.83,BR,0.0,-2.7080237865448,-2.7156577110290527,-0.9186909198760986,-0.8831597566604614,2.7080237865448,-1.9338730573654175,-0.9186909198760986,-3.5784173011779785,-2.200732946395874,-0.0015083446502685547,0.8817432,-0.023149392,-0.021741165,0.8206581164108112
284,2.84,FL,0.0,-2.714268207550049,-2.717249870300293,-0.9064868092536926,-0.8707897067070007,2.714268207550049,-1.923925757408142,-0.9064868092536926,-3.5527002811431885,-2.344921588897705,-0.0014545326709747312,0.8826515,-0.022174884,-0.021741118,0.8206582929340757
284,2.84,FR,0.0,-2.7139360904693604,-2.7227907180786133,-0.8846087455749512,-0.8496772050857544,2.7139360904693604,-1.9026844501495361,-0.8846087455749512,-3.5101776123046875,-2.24196720123291,-0.0013672861099243163,0.8826515,-0.022174884,-0.021741118,0.8206582929340757
284,2.84,BL,0.0,-2.7144341468811035,-2.7178070545196533,-0.9044985771179199,-0.8697046041488647,2.7144341468811035,-1.9229050874710083,-0.9044985771179199,-3.5506606101989746,-2.3397672176361084,-0.001446446990966797,0.8826515,-0.022174884,-0.021741118,0.8206582929340757
284,2.84,BR,0.0,-2.7156577110290527,-2.717836618423462,-0.8831597566604614,-0.8476099371910095,2.7156577110290527,-1.901285171508789,-0.8831597566604614,-3.507363796234131,-2.236159563064575,-0.0013601128578186032,0.8826515,-0.022174884,-0.021741118,0.8206582929340757
285,2.85,FL,0.0,-2.717249870300293,-2.720676898956299,-0.8707897067070007,-0.8370258212089539,2.717249870300293,-1.8913187980651855,-0.8707897067070007,-3.481685161590576,-2.3800909519195557,-0.0013093589305877686,0.8835613,-0.021198716,-0.021741185,0.8206582605146783
285,2.85,FR,0.0,-2.7227907180786133,-2.7227234840393066,-0.8496772050857544,-0.8135681748390198,2.7227907180786133,-1.8700109720230103,-0.8496772050857544,-3.4391744136810303,-2.2767114639282227,-0.001220476245880127,0.8835613,-0.021198716,-0.021741185,0.8206582605146783
285,2.85,BL,0.0,-2.7178070545196533,-2.722705841064453,-0.8697046041488647,-0.8357822895050049,2.7178070545196533,-1.890291452407837,-0.8697046041488647,-3.479640483856201,-2.3749163150787354,-0.0013045727729797361,0.8835613,-0.021198716,-0.021741185,0.8206582605146783
285,2.85,BR,0.0,-2.717836618423462,-2.7257425785064697,-0.8476099371910095,-0.8141504526138306,2.717836618423462,-1.8686710596084595,-0.8476099371910095,-3.4363086223602295,-2.2708754539489746,-0.0012161704540252685,0.8835613,-0.021198716,-0.021741185,0.8206582605146783
286,2.86,FL,0.0,-2.720676898956299,-2.7270450592041016,-0.8370258212089539,-0.8030480146408081,2.720676898956299,-1.858670711517334,-0.8370258212089539,-3.410806894302368,-2.414551019668579,-0.0011715617656707761,0.8844722,-0.020221135,-0.021741154,0.8206581488302047
286,2.86,FR,0.0,-2.7227234840393066,-2.7302587032318115,-0.8135681748390198,-0.7809215784072876,2.7227234840393066,-1.8373382091522217,-0.8135681748390198,-3.3681232929229736,-2.3107457160949707,-0.0010760939121246338,0.8844722,-0.020221135,-0.021741154,0.8206581488302047
286,2.86,BL,0.0,-2.722705841064453,-2.7282283306121826,-0.8357822895050049,-0.801209032535553,2.722705841064453,-1.8576189279556274,-0.8357822895050049,-3.4087448120117188,-2.409355878829956,-0.001164964485168457,0.8844722,-0.020221135,-0.021741154,0.8206581488302047
286,2.86,BR,0.0,-2.7257425785064697,-2.7292349338531494,-0.8141504526138306,-0.7783740758895874,2.7257425785064697,-1.835962176322937,-0.8141504526138306,-3.365415573120117,-2.3048818111419678,-0.0010760077476501464,0.8844722,-0.020221135,-0.021741154,0.8206581488302047
287,2.87,FL,0.0,-2.7270450592041016,-2.7291314601898193,-0.8030480146408081,-0.7678526639938354,2.7270450592041016,-1.8259460926055908,-0.8030480146408081,-3.340043067932129,-2.448302984237671,-0.001030556011199951,0.8853845,-0.019242426,-0.021741157,0.8206577561511808
287,2.87,FR,0.0,-2.7302587032318115,-2.731754779815674,-0.7809215784072876,-0.7452347874641418,2.7302587032318115,-1.8045752048492432,-0.7809215784072876,-3.297297954559326,-2.3440704345703125,-0.0009394793510437012,0.8853845,-0.019242426,-0.021741157,0.8206577561511808
287,2.87,BL,0.0,-2.7282283306121826,-2.7269105911254883,-0.801209032535553,-0.7663276195526123,2.7282283306121826,-1.8248802423477173,-0.801209032535553,-3.3379178047180176,-2.443086862564087,-0.0010222534656524657,0.8853845,-0.019242426,-0.021741157,0.8206577561511808
287,2.87,BR,0.0,-2.7292349338531494,-2.7315008640289307,-0.7783740758895874,-0.7442681789398193,2.7292349338531494,-1.8032113313674927,-0.7783740758895874,-3.294496774673462,-2.338178873062134,-0.0009301083564758299,0.8853845,-0.019242426,-0.021741157,0.8206577561511808
288,2.88,FL,0.0,-2.7291314601898193,-2.7353150844573975,-0.7678526639938354,-0.734293520450592,2.7291314601898193,-1.7931965589523315,-0.7678526639938354,-3.269294023513794,-2.4813473224639893,-0.0008881054878234864,0.88629735,-0.018262489,-0.021741116,0.8206577489380419
288,2.88,FR,0.0,-2.731754779815674,-2.732691764831543,-0.7452347874641418,-0.7118732333183289,2.731754779815674,-1.771794080734253,-0.7452347874641418,-3.2264511585235596,-2.3766868114471436,-0.0007955353260040283,0.88629735,-0.018262489,-0.021741116,0.8206577489380419
288,2.88,BL,0.0,-2.7269105911254883,-2.734748125076294,-0.7663276195526123,-0.7341159582138062,2.7269105911254883,-1.7921572923660278,-0.7663276195526123,-3.267132520675659,-2.476109743118286,-0.0008837820053100587,0.88629735,-0.018262489,-0.021741116,0.8206577489380419
288,2.88,BR,0.0,-2.7315008640289307,-2.733895778656006,-0.7442681789398193,-0.7106109857559204,2.7315008640289307,-1.7704333066940308,-0.7442681789398193,-3.223684072494507,-2.370767593383789,-0.0007918720245361328,0.88629735,-0.018262489,-0.021741116,0.8206577489380419
289,2.89,FL,0.0,-2.7353150844573975,-2.739320755004883,-0.734293520450592,-0.6990705132484436,2.7353150844573975,-1.7603727579116821,-0.734293520450592,-3.1986873149871826,-2.5136849880218506,-0.0007489220142364501,0.88721144,-0.01728178,-0.021741172,0.8206575724147939
289,2.89,FR,0.0,-2.732691764831543,-2.734328269958496,-0.7118732333183289,-0.6787173748016357,2.732691764831543,-1.739001750946045,-0.7118732333183289,-3.155766248703003,-2.408595561981201,-0.000661339521408081,0.88721144,-0.01728178,-0.021741172,0.8206575724147939
289,2.89,BL,0.0,-2.734748125076294,-2.7385871410369873,-0.7341159582138062,-0.6982579827308655,2.734748125076294,-1.7593402862548828,-0.7341159582138062,-3.196596622467041,-2.5084259510040283,-0.0007486653327941895,0.88721144,-0.01728178,-0.021741172,0.8206575724147939
289,2.89,BR,0.0,-2.733895778656006,-2.735703229904175,-0.7106109857559204,-0.6768750548362732,2.733895778656006,-1.737626552581787,-0.7106109857559204,-3.153008460998535,-2.402648687362671,-0.000655327320098877,0.88721144,-0.01728178,-0.021741172,0.8206575724147939
290,2.9,FL,0.0,-2.739320755004883,-2.7396512031555176,-0.6990705132484436,-0.6646444797515869,2.739320755004883,-1.7275009155273438,-0.6990705132484436,-3.128086805343628,-2.545316457748413,-0.0006048254489898679,0.888126,-0.016300406,-0.021741116,0.8206578606224956
290,2.9,FR,0.0,-2.734328269958496,-2.7387404441833496,-0.6787173748016357,-0.6452704668045044,2.734328269958496,-1.7061898708343506,-0.6787173748016357,-3.085252523422241,-2.439798355102539,-0.0005274068832397458,0.888126,-0.016300406,-0.021741116,0.8206578606224956
290,2.9,BL,0.0,-2.7385871410369873,-2.739041328430176,-0.6982579827308655,-0.6639054417610168,2.7385871410369873,-1.7264772653579712,-0.6982579827308655,-3.126014471054077,-2.540036678314209,-0.0006021622180938722,0.888126,-0.016300406,-0.021741116,0.8206578606224956
290,2.9,BR,0.0,-2.735703229904175,-2.7395260334014893,-0.6768750548362732,-0.643345296382904,2.735703229904175,-1.7047981023788452,-0.6768750548362732,-3.08245849609375,-2.433823585510254,-0.0005189376354217528,0.888126,-0.016300406,-0.021741116,0.8206578606224956
291,2.91,FL,0.0,-2.7396512031555176,-2.740518569946289,-0.6646444797515869,-0.6316404342651367,2.7396512031555176,-1.6946251392364502,-0.6646444797515869,-3.0575549602508545,-2.576242208480835,-0.0004668569564819336,0.8890409,-0.015318459,-0.021741174,0.8206578209899597
291,2.91,FR,0.0,-2.7387404441833496,-2.7401888370513916,-0.6452704668045044,-0.6106936931610107,2.7387404441833496,-1.6733249425888062,-0.6452704668045044,-3.014880895614624,-2.470296621322632,-0.0003900895118713379,0.8890409,-0.015318459,-0.021741174,0.8206578209899597
291,2.91,BL,0.0,-2.739041328430176,-2.7401771545410156,-0.6639054417610168,-0.6308606863021851,2.739041328430176,-1.6936087608337402,-0.6639054417610168,-3.0555057525634766,-2.570941925048828,-0.00046438870429992685,0.8890409,-0.015318459,-0.021741174,0.8206578209899597
291,2.91,BR,0.0,-2.7395260334014893,-2.7411134243011475,-0.643345296382904,-0.6089877486228943,2.7395260334014893,-1.6719238758087158,-0.643345296382904,-3.0120456218719482,-2.4642937183380127,-0.0003817603588104248,0.8890409,-0.015318459,-0.021741174,0.8206578209899597
292,2.92,FL,0.0,-2.740518569946289,-2.7425413131713867,-0.6316404342651367,-0.5984176397323608,2.740518569946289,-1.6617388725280762,-0.6316404342651367,-2.9872004985809326,-2.606463670730591,-0.00033414688110351557,0.88995606,-0.014336206,-0.021741137,0.8206578209899517
292,2.92,FR,0.0,-2.7401888370513916,-2.741928815841675,-0.6106936931610107,-0.5772494673728943,2.7401888370513916,-1.6404427289962769,-0.6106936931610107,-2.9445571899414062,-2.500091552734375,-0.0002506237030029297,0.88995606,-0.014336206,-0.021741137,0.8206578209899517
292,2.92,BL,0.0,-2.7401771545410156,-2.742025852203369,-0.6308606863021851,-0.5975378751754761,2.7401771545410156,-1.6607266664505005,-0.6308606863021851,-2.985170602798462,-2.6011428833007812,-0.00033130102157592756,0.88995606,-0.014336206,-0.021741137,0.8206578209899517
292,2.92,BR,0.0,-2.7411134243011475,-2.742696523666382,-0.6089877486228943,-0.5754784941673279,2.7411134243011475,-1.6390304565429688,-0.6089877486228943,-2.9416990280151367,-2.4940602779388428,-0.0002430602550506591,0.88995606,-0.014336206,-0.021741137,0.8206578209899517
293,2.93,FL,0.0,-2.7425413131713867,-2.7429184913635254,-0.5984176397323608,-0.5647223591804504,2.7425413131713867,-1.6288284063339233,-0.5984176397323608,-2.916999340057373,-2.6359822750091553,-0.00019963750839233408,0.89087164,-0.013353742,-0.021741128,0.8206577885705627
293,2.93,FR,0.0,-2.741928815841675,-2.7406797409057617,-0.5772494673728943,-0.543671190738678,2.741928815841675,-1.6075395345687866,-0.5772494673728943,-2.8743679523468018,-2.529183864593506,-0.00011545481681823722,0.89087164,-0.013353742,-0.021741128,0.8206577885705627
293,2.93,BL,0.0,-2.742025852203369,-2.7405195236206055,-0.5975378751754761,-0.5639162659645081,2.742025852203369,-1.6278222799301147,-0.5975378751754761,-2.914979934692383,-2.630641460418701,-0.000196530818939209,0.89087164,-0.013353742,-0.021741128,0.8206577885705627
293,2.93,BR,0.0,-2.742696523666382,-2.74155855178833,-0.5754784941673279,-0.5419518947601318,2.742696523666382,-1.606118083000183,-0.5754784941673279,-2.871483087539673,-2.5231237411499023,-0.00010775675773620596,0.89087164,-0.013353742,-0.021741128,0.8206577885705627
294,2.94,FL,0.0,-2.7429184913635254,-2.741563558578491,-0.5647223591804504,-0.5316609740257263,2.7429184913635254,-1.5959134101867676,-0.5647223591804504,-2.8469083309173584,-2.664799690246582,-6.455464363098119e-05,0.891787,-0.012371314,-0.021741144,0.8206580767782807
294,2.94,FR,0.0,-2.7406797409057617,-2.744154691696167,-0.543671190738678,-0.5112676620483398,2.7406797409057617,-1.5746513605117798,-0.543671190738678,-2.804297685623169,-2.55757474899292,1.7859029769897728e-05,0.891787,-0.012371314,-0.021741144,0.8206580767782807
294,2.94,BL,0.0,-2.7405195236206055,-2.7405030727386475,-0.5639162659645081,-0.5316144824028015,2.7405195236206055,-1.5949360132217407,-0.5639162659645081,-2.844904899597168,-2.659438371658325,-6.324944496154794e-05,0.891787,-0.012371314,-0.021741144,0.8206580767782807
294,2.94,BR,0.0,-2.74155855178833,-2.7421512603759766,-0.5419518947601318,-0.5094947218894958,2.74155855178833,-1.5732194185256958,-0.5419518947601318,-2.801391124725342,-2.551485776901245,2.543926239013672e-05,0.891787,-0.012371314,-0.021741144,0.8206580767782807
295,2.95,FL,0.0,-2.741563558578491,-2.7393383979797363,-0.5316609740257263,-0.4992879331111908,2.741563558578491,-1.5630146265029907,-0.5316609740257263,-2.776972770690918,-2.6929166316986084,6.660695075988787e-05,0.89270246,-0.0113889845,-0.021741135,0.8206581884627479
295,2.95,FR,0.0,-2.744154691696167,-2.7405567169189453,-0.5112676620483398,-0.4769895374774933,2.744154691696167,-1.5417215824127197,-0.5112676620483398,-2.734433650970459,-2.58526611328125,0.00015025310516357448,0.89270246,-0.0113889845,-0.021741135,0.8206581884627479
295,2.95,BL,0.0,-2.7405030727386475,-2.739811658859253,-0.5316144824028015,-0.49873483180999756,2.7405030727386475,-1.5620499849319458,-0.5316144824028015,-2.7750442028045654,-2.6875357627868652,6.5944528579712e-05,0.89270246,-0.0113889845,-0.021741135,0.8206581884627479
295,2.95,BR,0.0,-2.7421512603759766,-2.741818904876709,-0.5094947218894958,-0.47635892033576965,2.7421512603759766,-1.5403136014938354,-0.5094947218894958,-2.731502056121826,-2.5791478157043457,0.00015574212074279803,0.89270246,-0.0113889845,-0.021741135,0.8206581884627479
296,2.96,FL,0.0,-2.7393383979797363,-2.739532709121704,-0.4992879331111908,-0.46727922558784485,2.7393383979797363,-1.5301425457000732,-0.4992879331111908,-2.7072408199310303,-2.7203354835510254,0.00019431898593902597,0.89361745,-0.010406925,-0.021741161,0.820658004726351
296,2.96,FR,0.0,-2.7405567169189453,-2.7391624450683594,-0.4769895374774933,-0.44549885392189026,2.7405567169189453,-1.5088348388671875,-0.4769895374774933,-2.664621114730835,-2.6122589111328125,0.0002844872236251832,0.89361745,-0.010406925,-0.021741161,0.820658004726351
296,2.96,BL,0.0,-2.739811658859253,-2.7434730529785156,-0.49873483180999756,-0.46612536907196045,2.739811658859253,-1.5291723012924194,-0.49873483180999756,-2.7053446769714355,-2.714935541152954,0.00019690999984741222,0.89361745,-0.010406925,-0.021741161,0.820658004726351
296,2.96,BR,0.0,-2.741818904876709,-2.7399446964263916,-0.47635892033576965,-0.4435860514640808,2.741818904876709,-1.5074117183685303,-0.47635892033576965,-2.661755084991455,-2.606111764907837,0.0002880194425582885,0.89361745,-0.010406925,-0.021741161,0.820658004726351
297,2.97,FL,0.0,-2.739532709121704,-2.7386300563812256,-0.46727922558784485,-0.43432945013046265,2.739532709121704,-1.4972680807113647,-0.46727922558784485,-2.637732982635498,-2.7470579147338867,0.000322509264945984,0.89453197,-0.009425505,-0.021741103,0.8206579723069561
297,2.97,FR,0.0,-2.7391624450683594,-2.737401247024536,-0.44549885392189026,-0.41316989064216614,2.7391624450683594,-1.475964903831482,-0.44549885392189026,-2.595076322555542,-2.6385552883148193,0.0004093345403671265,0.89453197,-0.009425505,-0.021741103,0.8206579723069561
297,2.97,BL,0.0,-2.7434730529785156,-2.739638328552246,-0.46612536907196045,-0.4317830801010132,2.7434730529785156,-1.4962506294250488,-0.46612536907196045,-2.6358206272125244,-2.7416388988494873,0.0003302769660949707,0.89453197,-0.009425505,-0.021741103,0.8206579723069561
297,2.97,BR,0.0,-2.7399446964263916,-2.739306926727295,-0.4435860514640808,-0.4114339053630829,2.7399446964263916,-1.4745324850082397,-0.4435860514640808,-2.592172622680664,-2.6323792934417725,0.00041761155128479025,0.89453197,-0.009425505,-0.021741103,0.8206579723069561
298,2.98,FL,0.0,-2.7386300563812256,-2.737424612045288,-0.43432945013046265,-0.40181612968444824,2.7386300563812256,-1.464404582977295,-0.43432945013046265,-2.568366765975952,-2.7730860710144043,0.0004535862445831298,0.89544606,-0.008444712,-0.021741126,0.8206581091976699
298,2.98,FR,0.0,-2.737401247024536,-2.7360072135925293,-0.41316989064216614,-0.3810044229030609,2.737401247024536,-1.4431160688400269,-0.41316989064216614,-2.5257232189178467,-2.664156913757324,0.0005372414350509645,0.89544606,-0.008444712,-0.021741126,0.8206581091976699
298,2.98,BL,0.0,-2.739638328552246,-2.737645149230957,-0.4317830801010132,-0.4003952741622925,2.739638328552246,-1.4633749723434448,-0.4317830801010132,-2.5663294792175293,-2.7676475048065186,0.00046457834243774434,0.89544606,-0.008444712,-0.021741126,0.8206581091976699
298,2.98,BR,0.0,-2.739306926727295,-2.737494945526123,-0.4114339053630829,-0.3788096606731415,2.739306926727295,-1.441660761833191,-0.4114339053630829,-2.522797107696533,-2.657951831817627,0.0005457099199295046,0.89544606,-0.008444712,-0.021741126,0.8206581091976699
299,2.99,FL,0.0,-2.737424612045288,-2.73419451713562,-0.40181612968444824,-0.36943474411964417,2.737424612045288,-1.4315555095672607,-0.40181612968444824,-2.4991705417633057,-2.798421621322632,0.0005826751708984377,0.89635944,-0.007464609,-0.02174117,0.8206578930418905
299,2.99,FR,0.0,-2.7360072135925293,-2.733950614929199,-0.3810044229030609,-0.348713219165802,2.7360072135925293,-1.4102840423583984,-0.3810044229030609,-2.4565670490264893,-2.689065933227539,0.00066478807926178,0.89635944,-0.007464609,-0.02174117,0.8206578930418905
299,2.99,BL,0.0,-2.737645149230957,-2.7334072589874268,-0.4003952741622925,-0.3683168888092041,2.737645149230957,-1.430523157119751,-0.4003952741622925,-2.4971017837524414,-2.7929623126983643,0.0005885350227355959,0.89635944,-0.007464609,-0.02174117,0.8206578930418905
299,2.99,BR,0.0,-2.737494945526123,-2.7359039783477783,-0.3788096606731415,-0.3466627895832062,2.737494945526123,-1.4088108539581299,-0.3788096606731415,-2.4535834789276123,-2.682831287384033,0.0006747573137283327,0.89635944,-0.007464609,-0.02174117,0.8206578930418905
300,3.0,FL,0.0,-2.73419451713562,-2.730529546737671,-0.36943474411964417,-0.33787769079208374,2.73419451713562,-1.3987451791763306,-0.36943474411964417,-2.430148124694824,-2.823065757751465,0.0007096166372299195,0.8972715,-0.0064856466,-0.021741128,0.8206579326744201
300,3.0,FR,0.0,-2.733950614929199,-2.730794906616211,-0.348713219165802,-0.31670376658439636,2.733950614929199,-1.3774765729904175,-0.348713219165802,-2.387590169906616,-2.713284492492676,0.0007923076152801514,0.8972715,-0.0064856466,-0.021741128,0.8206579326744201
300,3.0,BL,0.0,-2.7334072589874268,-2.73252534866333,-0.3683168888092041,-0.3371603190898895,2.7334072589874268,-1.3977223634719849,-0.3683168888092041,-2.428072929382324,-2.8175859451293945,0.0007134582519531252,0.8972715,-0.0064856466,-0.021741128,0.8206579326744201
300,3.0,BR,0.0,-2.7359039783477783,-2.7320733070373535,-0.3466627895832062,-0.3144492208957672,2.7359039783477783,-1.375980019569397,-0.3466627895832062,-2.3845627307891846,-2.707019805908203,0.000802072024345398,0.8972715,-0.0064856466,-0.021741128,0.8206579326744201
301,3.0100000000000002,FL,0.0,-2.730529546737671,-2.724961519241333,-0.33787769079208374,-0.3065333366394043,2.730529546737671,-1.3659788370132446,-0.33787769079208374,-2.3613572120666504,-2.8470211029052734,0.0008329128742218019,0.8981829,-0.005507775,-0.021741172,0.8206582280952786
301,3.0100000000000002,FR,0.0,-2.730794906616211,-2.730278730392456,-0.31670376658439636,-0.2851586639881134,2.730794906616211,-1.3447071313858032,-0.31670376658439636,-2.318807601928711,-2.736814260482788,0.0009178208589553836,0.8981829,-0.005507775,-0.021741172,0.8206582280952786
301,3.0100000000000002,BL,0.0,-2.73252534866333,-2.7257626056671143,-0.3371603190898895,-0.304712176322937,2.73252534866333,-1.3649320602416992,-0.3371603190898895,-2.359307289123535,-2.8415205478668213,0.0008373790025711058,0.8981829,-0.005507775,-0.021741172,0.8206582280952786
301,3.0100000000000002,BR,0.0,-2.7320733070373535,-2.7291998863220215,-0.3144492208957672,-0.28315064311027527,2.7320733070373535,-1.3431950807571411,-0.3144492208957672,-2.3157222270965576,-2.7305188179016113,0.0009278617620468142,0.8981829,-0.005507775,-0.021741172,0.8206582280952786
302,3.02,FL,0.0,-2.724961519241333,-2.726447105407715,-0.3065333366394043,-0.2759941816329956,2.724961519241333,-1.3332792520523071,-0.3065333366394043,-2.2928059101104736,-2.8702895641326904,0.0009538358688354491,0.8990926,-0.0045312103,-0.021741096,0.8206580371457357
302,3.02,FR,0.0,-2.730278730392456,-2.7230544090270996,-0.2851586639881134,-0.25259557366371155,2.730278730392456,-1.311943769454956,-0.2851586639881134,-2.2502481937408447,-2.759657144546509,0.0010435883283615116,0.8990926,-0.0045312103,-0.021741096,0.8206580371457357
302,3.02,BL,0.0,-2.7257626056671143,-2.725255250930786,-0.304712176322937,-0.2746269702911377,2.7257626056671143,-1.332222819328308,-0.304712176322937,-2.2906932830810547,-2.8647682666778564,0.0009617613792419433,0.8990926,-0.0045312103,-0.021741096,0.8206580371457357
302,3.02,BR,0.0,-2.7291998863220215,-2.7248940467834473,-0.28315064311027527,-0.25151515007019043,2.7291998863220215,-1.310444712638855,-0.28315064311027527,-2.247126579284668,-2.753330945968628,0.0010507573366165164,0.8990926,-0.0045312103,-0.021741096,0.8206580371457357
303,3.0300000000000002,FL,0.0,-2.726447105407715,-2.719413995742798,-0.2759941816329956,-0.24270041286945343,2.726447105407715,-1.3005619049072266,-0.2759941816329956,-2.2245473861694336,-2.892874002456665,0.0010771809577941895,0.90000135,-0.0035560583,-0.021741161,0.8206576768861109
303,3.0300000000000002,FR,0.0,-2.7230544090270996,-2.7189671993255615,-0.25259557366371155,-0.22272196412086487,2.7230544090270996,-1.2792670726776123,-0.25259557366371155,-2.18182373046875,-2.78181529045105,0.0011680612325668336,0.90000135,-0.0035560583,-0.021741161,0.8206576768861109
303,3.0300000000000002,BL,0.0,-2.725255250930786,-2.7201218605041504,-0.2746269702911377,-0.24212077260017395,2.725255250930786,-1.2995197772979736,-0.2746269702911377,-2.2224104404449463,-2.887331485748291,0.0010816963195800784,0.90000135,-0.0035560583,-0.021741161,0.8206576768861109
303,3.0300000000000002,BR,0.0,-2.7248940467834473,-2.719261646270752,-0.25151515007019043,-0.2204870730638504,2.7248940467834473,-1.2777459621429443,-0.25151515007019043,-2.178739547729492,-2.7754578590393066,0.0011738546371459963,0.90000135,-0.0035560583,-0.021741161,0.8206576768861109
304,3.04,FL,0.0,-2.719413995742798,-2.7163987159729004,-0.24270041286945343,-0.21279628574848175,2.719413995742798,-1.267928957939148,-0.24270041286945343,-2.1563544273376465,-2.91477632522583,0.001204729545116425,0.9009086,-0.0025826062,-0.021741131,0.8206575327822783
304,3.04,FR,0.0,-2.7189671993255615,-2.7153050899505615,-0.22272196412086487,-0.1916801929473877,2.7189671993255615,-1.2466394901275635,-0.22272196412086487,-2.113739252090454,-2.803290843963623,0.0012842859029769899,0.9009086,-0.0025826062,-0.021741131,0.8206575327822783
304,3.04,BL,0.0,-2.7201218605041504,-2.7164318561553955,-0.24212077260017395,-0.2114710658788681,2.7201218605041504,-1.266878366470337,-0.24212077260017395,-2.1542558670043945,-2.909212589263916,0.0012076143980026246,0.9009086,-0.0025826062,-0.021741131,0.8206575327822783
304,3.04,BR,0.0,-2.719261646270752,-2.7165229320526123,-0.2204870730638504,-0.19004130363464355,2.719261646270752,-1.245114803314209,-0.2204870730638504,-2.110600709915161,-2.7969024181365967,0.0012934610247612,0.9009086,-0.0025826062,-0.021741131,0.8206575327822783
305,3.0500000000000003,FL,0.0,-2.7163987159729004,-2.7126173973083496,-0.21279628574848175,-0.18136943876743317,2.7163987159729004,-1.2353321313858032,-0.21279628574848175,-2.0884904861450195,-2.9359982013702393,0.0013219338297843933,0.9018142,-0.0016108068,-0.021741137,0.8206577813574208
305,3.0500000000000003,FR,0.0,-2.7153050899505615,-2.7084743976593018,-0.1916801929473877,-0.16051743924617767,2.7153050899505615,-1.2140557765960693,-0.1916801929473877,-2.0458900928497314,-2.8240866661071777,0.0014055233001708984,0.9018142,-0.0016108068,-0.021741137,0.8206577813574208
305,3.0500000000000003,BL,0.0,-2.7164318561553955,-2.7099740505218506,-0.2114710658788681,-0.1803056001663208,2.7164318561553955,-1.2342811822891235,-0.2114710658788681,-2.0863702297210693,-2.930413246154785,0.001327261221408844,0.9018142,-0.0016108068,-0.021741137,0.8206577813574208
305,3.0500000000000003,BR,0.0,-2.7165229320526123,-2.708620309829712,-0.19004130363464355,-0.1585056483745575,2.7165229320526123,-1.2125165462493896,-0.19004130363464355,-2.042746067047119,-2.81766676902771,0.0014130531311035157,0.9018142,-0.0016108068,-0.021741137,0.8206577813574208
306,3.06,FL,0.0,-2.7126173973083496,-2.7076778411865234,-0.18136943876743317,-0.15028518438339233,2.7126173973083496,-1.2027807235717773,-0.18136943876743317,-2.020822763442993,-2.956542491912842,0.001444616162776947,0.90271765,-0.0006408484,-0.021741139,0.8206580371457339
306,3.06,FR,0.0,-2.7084743976593018,-2.7041444778442383,-0.16051743924617767,-0.13066604733467102,2.7084743976593018,-1.1815540790557861,-0.16051743924617767,-1.9782575368881226,-2.844205141067505,0.0015247097611427308,0.90271765,-0.0006408484,-0.021741139,0.8206580371457339
306,3.06,BL,0.0,-2.7099740505218506,-2.710491180419922,-0.1803056001663208,-0.1502915471792221,2.7099740505218506,-1.2017614841461182,-0.1803056001663208,-2.018702268600464,-2.9509365558624268,0.0014467568397521972,0.90271765,-0.0006408484,-0.021741139,0.8206580371457339
306,3.06,BR,0.0,-2.708620309829712,-2.7060670852661133,-0.1585056483745575,-0.12906841933727264,2.708620309829712,-1.1800130605697632,-0.1585056483745575,-1.97507905960083,-2.8377537727355957,0.0015328736543655395,0.90271765,-0.0006408484,-0.021741139,0.8206580371457339
307,3.0700000000000003,FL,0.0,-2.7076778411865234,-2.699918270111084,-0.15028518438339233,-0.11970959603786469,2.7076778411865234,-1.1702885627746582,-0.15028518438339233,-1.9533706903457642,-2.9764113426208496,0.0015650015354156496,0.90361947,0.0003269373,-0.02174114,0.8206585883549711
307,3.0700000000000003,FR,0.0,-2.7041444778442383,-2.700794219970703,-0.13066604733467102,-0.09989632666110992,2.7041444778442383,-1.149104356765747,-0.13066604733467102,-1.910935878753662,-2.8636488914489746,0.0016406513929367067,0.90361947,0.0003269373,-0.02174114,0.8206585883549711
307,3.0700000000000003,BL,0.0,-2.710491180419922,-2.6976451873779297,-0.1502915471792221,-0.11756500601768494,2.710491180419922,-1.1692355871200562,-0.1502915471792221,-1.95133376121521,-2.9707844257354736,0.0015672267556190494,0.90361947,0.0003269373,-0.02174114,0.8206585883549711
307,3.0700000000000003,BR,0.0,-2.7060670852661133,-2.7006900310516357,-0.12906841933727264,-0.09758627414703369,2.7060670852661133,-1.1475403308868408,-0.12906841933727264,-1.9077568054199219,-2.857165575027466,0.0016485799908638001,0.90361947,0.0003269373,-0.02174114,0.8206585883549711
308,3.08,FL,0.0,-2.699918270111084,-2.696176052093506,-0.11970959603786469,-0.09032128751277924,2.699918270111084,-1.1378896236419678,-0.11970959603786469,-1.8861656188964844,-2.9956066608428955,0.0016810962319374085,0.9045191,0.0012924826,-0.02174116,0.8206584766704804
308,3.08,FR,0.0,-2.700794219970703,-2.694913148880005,-0.09989632666110992,-0.06878669559955597,2.700794219970703,-1.1166948080062866,-0.09989632666110992,-1.8438410758972168,-2.882420539855957,0.0017610500693321228,0.9045191,0.0012924826,-0.02174116,0.8206584766704804
308,3.08,BL,0.0,-2.6976451873779297,-2.695805788040161,-0.11756500601768494,-0.0901775062084198,2.6976451873779297,-1.1368638277053833,-0.11756500601768494,-1.8840404748916626,-2.9899590015411377,0.0016878561258316042,0.9045191,0.0012924826,-0.02174116,0.8206584766704804
308,3.08,BR,0.0,-2.7006900310516357,-2.695464611053467,-0.09758627414703369,-0.06726428866386414,2.7006900310516357,-1.1151319742202759,-0.09758627414703369,-1.8406054973602295,-2.8759052753448486,0.0017702069282531738,0.9045191,0.0012924826,-0.02174116,0.8206584766704804
309,3.09,FL,0.0,-2.696176052093506,-2.684969663619995,-0.09032128751277924,-0.05941915512084961,2.696176052093506,-1.1055355072021484,-0.09032128751277924,-1.819291114807129,-3.014131784439087,0.0017956556916236877,0.9054167,0.0022556887,-0.021741139,0.8206587324588612
309,3.09,FR,0.0,-2.694913148880005,-2.688502073287964,-0.06878669559955597,-0.03872959315776825,2.694913148880005,-1.0843559503555298,-0.06878669559955597,-1.7769373655319214,-2.900522232055664,0.0018807837367057802,0.9054167,0.0022556887,-0.021741139,0.8206587324588612
309,3.09,BL,0.0,-2.695805788040161,-2.6855921745300293,-0.0901775062084198,-0.05854152515530586,2.695805788040161,-1.1045141220092773,-0.0901775062084198,-1.8172379732131958,-3.008463144302368,0.00179593460559845,0.9054167,0.0022556887,-0.021741139,0.8206587324588612
309,3.09,BR,0.0,-2.695464611053467,-2.6876332759857178,-0.06726428866386414,-0.03694617375731468,2.695464611053467,-1.0827864408493042,-0.06726428866386414,-1.7737091779708862,-2.893974542617798,0.001887314534187317,0.9054167,0.0022556887,-0.021741139,0.8206587324588612
310,3.1,FL,0.0,-2.684969663619995,-2.6821582317352295,-0.05941915512084961,-0.03154759854078293,2.684969663619995,-1.0733158588409424,-0.05941915512084961,-1.7526154518127441,-3.031989097595215,0.001910299110412598,0.90631163,0.003216389,-0.021741103,0.820658516303043
310,3.1,FR,0.0,-2.688502073287964,-2.679973840713501,-0.03872959315776825,-0.00895506702363491,2.688502073287964,-1.0520938634872437,-0.03872959315776825,-1.7102998495101929,-2.9179561138153076,0.001995883285999298,0.90631163,0.003216389,-0.021741103,0.820658516303043
310,3.1,BL,0.0,-2.6855921745300293,-2.6831283569335938,-0.05854152515530586,-0.030277302488684654,2.6855921745300293,-1.0722870826721191,-0.05854152515530586,-1.750573992729187,-3.0262999534606934,0.0019143076390028,0.90631163,0.003216389,-0.021741103,0.820658516303043
310,3.1,BR,0.0,-2.6876332759857178,-2.679450035095215,-0.03694617375731468,-0.007733134087175131,2.6876332759857178,-1.0505348443984985,-0.03694617375731468,-1.7070584297180176,-2.9113762378692627,0.0020023219257593156,0.90631163,0.003216389,-0.021741103,0.820658516303043
311,3.11,FL,0.0,-2.6821582317352295,-2.6716341972351074,-0.03154759854078293,-0.0004525354888755828,2.6821582317352295,-1.0411299467086792,-0.03154759854078293,-1.6863683462142944,-3.0491816997528076,0.002019536191225052,0.90720475,0.0041743186,-0.02174113,0.8206585163030327
311,3.11,FR,0.0,-2.679973840713501,-2.67238450050354,-0.00895506702363491,0.01989566534757614,2.679973840713501,-1.0199341773986816,-0.00895506702363491,-1.6439403295516968,-2.934725284576416,0.0021081588044762614,0.90720475,0.0041743186,-0.02174113,0.8206585163030327
311,3.11,BL,0.0,-2.6831283569335938,-2.6719086170196533,-0.030277302488684654,0.0009642770746722817,2.6831283569335938,-1.04008948802948,-0.030277302488684654,-1.684307336807251,-3.0434722900390625,0.0020253934755921368,0.90720475,0.0041743186,-0.02174113,0.8206585163030327
311,3.11,BR,0.0,-2.679450035095215,-2.670790910720825,-0.007733134087175131,0.021245168522000313,2.679450035095215,-1.0183814764022827,-0.007733134087175131,-1.6407301425933838,-2.928112745285034,0.0021126274917274714,0.90720475,0.0041743186,-0.02174113,0.8206585163030327
312,3.12,FL,0.0,-2.6716341972351074,-2.668224334716797,-0.0004525354888755828,0.027523748576641083,2.6716341972351074,-1.0090702772140503,-0.0004525354888755828,-1.620280385017395,-3.0657129287719727,0.0021354972158325837,0.9080944,0.005129691,-0.02174112,0.8206586279875387
312,3.12,FR,0.0,-2.67238450050354,-2.6684532165527344,0.01989566534757614,0.04901961609721184,2.67238450050354,-0.9878655672073364,0.01989566534757614,-1.5779201984405518,-2.9508323669433594,0.0022174902617931366,0.9080944,0.005129691,-0.02174112,0.8206586279875387
312,3.12,BL,0.0,-2.6719086170196533,-2.666748046875,0.0009642770746722817,0.028673920780420303,2.6719086170196533,-1.0080265998840332,0.0009642770746722817,-1.6181890964508057,-3.0599825382232666,0.002141384001914412,0.9080944,0.005129691,-0.02174112,0.8206586279875387
312,3.12,BR,0.0,-2.670790910720825,-2.6690242290496826,0.021245168522000313,0.04993491992354393,2.670790910720825,-0.9863319396972656,0.021245168522000313,-1.5747301578521729,-2.944187879562378,0.002221613402664662,0.9080944,0.005129691,-0.02174112,0.8206586279875387
313,3.13,FL,0.0,-2.668224334716797,-2.657480239868164,0.027523748576641083,0.058219414204359055,2.668224334716797,-0.9770516157150269,0.027523748576641083,-1.554589867591858,-3.081584930419922,0.002244674462080002,0.9089817,0.006081896,-0.02174115,0.8206585883549731
313,3.13,FR,0.0,-2.6684532165527344,-2.6575098037719727,0.04901961609721184,0.0795157179236412,2.6684532165527344,-0.9558441042900085,0.04901961609721184,-1.512204885482788,-2.966280698776245,0.002330841037631035,0.9089817,0.006081896,-0.02174115,0.8206585883549731
313,3.13,BL,0.0,-2.666748046875,-2.6569905281066895,0.028673920780420303,0.058672595769166946,2.666748046875,-0.9760256409645081,0.028673920780420303,-1.5524903535842896,-3.075833797454834,0.002248094120621681,0.9089817,0.006081896,-0.02174115,0.8206585883549731
313,3.13,BR,0.0,-2.6690242290496826,-2.6547834873199463,0.04993491992354393,0.08127773553133011,2.6690242290496826,-0.9543036818504333,0.04993491992354393,-1.5090681314468384,-2.9596047401428223,0.002334959062933922,0.9089817,0.006081896,-0.02174115,0.8206585883549731
314,3.14,FL,0.0,-2.657480239868164,-2.6491599082946777,0.058219414204359055,0.08594046533107758,2.657480239868164,-0.9451618790626526,0.058219414204359055,-1.4890679121017456,-3.0968010425567627,0.0023588618487119673,0.90986603,0.0070311264,-0.021741172,0.8206581560433451
314,3.14,FR,0.0,-2.6575098037719727,-2.6489241123199463,0.0795157179236412,0.10715978592634201,2.6575098037719727,-0.9239540100097656,0.0795157179236412,-1.4466748237609863,-2.9810729026794434,0.002444070714712143,0.90986603,0.0070311264,-0.021741172,0.8206581560433451
314,3.14,BL,0.0,-2.6569905281066895,-2.6513612270355225,0.058672595769166946,0.08677056431770325,2.6569905281066895,-0.9441417455673218,0.058672595769166946,-1.4870151281356812,-3.091028928756714,0.0023602828055620194,0.90986603,0.0070311264,-0.021741172,0.8206581560433451
314,3.14,BR,0.0,-2.6547834873199463,-2.6504008769989014,0.08127773553133011,0.10760973393917084,2.6547834873199463,-0.9224462509155273,0.08127773553133011,-1.4435228109359741,-2.974365472793579,0.0024489377319812777,0.90986603,0.0070311264,-0.021741172,0.8206581560433451
315,3.15,FL,0.0,-2.6491599082946777,-2.6364152431488037,0.08594046533107758,0.11450210213661194,2.6491599082946777,-0.9133719205856323,0.08594046533107758,-1.4239411354064941,-3.1113638877868652,0.0024630897879600526,0.91074747,0.007977016,-0.021741126,0.8206583325666059
315,3.15,FR,0.0,-2.6489241123199463,-2.6392405033111572,0.10715978592634201,0.13561563193798065,2.6489241123199463,-0.8921669125556946,0.10715978592634201,-1.3815462589263916,-2.9952118396759033,0.0025477784335613254,0.91074747,0.007977016,-0.021741126,0.8206583325666059
315,3.15,BL,0.0,-2.6513612270355225,-2.6369576454162598,0.08677056431770325,0.11640273034572601,2.6513612270355225,-0.9123254418373108,0.08677056431770325,-1.4219038486480713,-3.1055715084075928,0.002468171238899231,0.91074747,0.007977016,-0.021741126,0.8206583325666059
315,3.15,BR,0.0,-2.6504008769989014,-2.6399502754211426,0.10760973393917084,0.13771408796310425,2.6504008769989014,-0.890641450881958,0.10760973393917084,-1.3784825801849365,-2.988473415374756,0.0025507596373558045,0.91074747,0.007977016,-0.021741126,0.8206583325666059
316,3.16,FL,0.0,-2.6364152431488037,-2.6332883834838867,0.11450210213661194,0.141194149851799,2.6364152431488037,-0.8817349672317505,0.11450210213661194,-1.3591282367706299,-3.125277280807495,0.0025671406030654906,0.91162574,0.00891963,-0.021741137,0.8206584370379473
316,3.16,FR,0.0,-2.6392405033111572,-2.6299898624420166,0.13561563193798065,0.16352927684783936,2.6392405033111572,-0.8604960441589355,0.13561563193798065,-1.3167399168014526,-3.0087010860443115,0.002653854930400848,0.91162574,0.00891963,-0.021741137,0.8206584370379473
316,3.16,BL,0.0,-2.6369576454162598,-2.6346633434295654,0.11640273034572601,0.14245763421058655,2.6369576454162598,-0.8806819319725037,0.11640273034572601,-1.357021689414978,-3.1194639205932617,0.0025751770377159117,0.91162574,0.00891963,-0.021741137,0.8206584370379473
316,3.16,BR,0.0,-2.6399502754211426,-2.6307666301727295,0.13771408796310425,0.1653386652469635,2.6399502754211426,-0.8589620590209961,0.13771408796310425,-1.3136318922042847,-3.00193190574646,0.002662816572189331,0.91162574,0.00891963,-0.021741137,0.8206584370379473
317,3.17,FL,0.0,-2.6332883834838867,-2.6228201389312744,0.141194149851799,0.17158038914203644,2.6332883834838867,-0.8501355051994324,0.141194149851799,-1.294763445854187,-3.1385445594787598,0.0026714073061943054,0.91250086,0.009858787,-0.021741189,0.8206581560433532
317,3.17,FR,0.0,-2.6299898624420166,-2.6166880130767822,0.16352927684783936,0.19149990379810333,2.6299898624420166,-0.8289361596107483,0.16352927684783936,-1.2522857189178467,-3.0215442180633545,0.0027581089973449705,0.91250086,0.009858787,-0.021741189,0.8206581560433532
317,3.17,BL,0.0,-2.6346633434295654,-2.624694585800171,0.14245763421058655,0.173183411359787,2.6346633434295654,-0.8490659594535828,0.14245763421058655,-1.2926404476165771,-3.1327099800109863,0.002677561211585999,0.91250086,0.009858787,-0.021741189,0.8206581560433532
317,3.17,BR,0.0,-2.6307666301727295,-2.621809482574463,0.1653386652469635,0.1933446079492569,2.6307666301727295,-0.8273928761482239,0.1653386652469635,-1.2491575479507446,-3.0147435665130615,0.0027659679651260375,0.91250086,0.009858787,-0.021741189,0.8206581560433532
318,3.18,FL,0.0,-2.6228201389312744,-2.6106269359588623,0.17158038914203644,0.1989925503730774,2.6228201389312744,-0.8186616897583008,0.17158038914203644,-1.2305395603179932,-3.1511688232421875,0.0027845776677131655,0.91337293,0.010794117,-0.021741113,0.8206580443588796
318,3.18,FR,0.0,-2.6166880130767822,-2.61055588722229,0.19149990379810333,0.2177390456199646,2.6166880130767822,-0.7975358963012695,0.19149990379810333,-1.1881651878356934,-3.0337443351745605,0.0028593500256538394,0.91337293,0.010794117,-0.021741113,0.8206580443588796
318,3.18,BL,0.0,-2.624694585800171,-2.609625816345215,0.173183411359787,0.20081186294555664,2.624694585800171,-0.8175696134567261,0.173183411359787,-1.2283741235733032,-3.145313024520874,0.0027924893140792847,0.91337293,0.010794117,-0.021741113,0.8206580443588796
318,3.18,BR,0.0,-2.621809482574463,-2.6100149154663086,0.1933446079492569,0.2213309407234192,2.621809482574463,-0.7959311604499817,0.1933446079492569,-1.185015082359314,-3.026912212371826,0.002870826017856598,0.91337293,0.010794117,-0.021741113,0.8206580443588796
319,3.19,FL,0.0,-2.6106269359588623,-2.5999534130096436,0.1989925503730774,0.2255891114473343,2.6106269359588623,-0.787334144115448,0.1989925503730774,-1.1666841506958008,-3.1631529331207275,0.0028844717502593997,0.9142411,0.011725888,-0.021741172,0.8206577561512047
319,3.19,FR,0.0,-2.61055588722229,-2.6009724140167236,0.2177390456199646,0.2466864436864853,2.61055588722229,-0.7662092447280884,0.2177390456199646,-1.1245012283325195,-3.0453054904937744,0.0029594008922576905,0.9142411,0.011725888,-0.021741172,0.8206577561512047
319,3.19,BL,0.0,-2.609625816345215,-2.6025140285491943,0.20081186294555664,0.22628068923950195,2.609625816345215,-0.7862541079521179,0.20081186294555664,-1.1644608974456787,-3.1572749614715576,0.002890948104858399,0.9142411,0.011725888,-0.021741172,0.8206577561512047
319,3.19,BR,0.0,-2.6100149154663086,-2.5978004932403564,0.2213309407234192,0.24807482957839966,2.6100149154663086,-0.7646109461784363,0.2213309407234192,-1.1211929321289062,-3.0384411811828613,0.0029733356952667237,0.9142411,0.011725888,-0.021741172,0.8206577561512047
320,3.2,FL,0.0,-2.5999534130096436,-2.5883076190948486,0.2255891114473343,0.2526472210884094,2.5999534130096436,-0.7561346888542175,0.2255891114473343,-1.1032469272613525,-3.1745004653930664,0.002982319176197052,0.91510576,0.012653639,-0.021741122,0.8206582208821364
320,3.2,FR,0.0,-2.6009724140167236,-2.5902693271636963,0.2466864436864853,0.27417972683906555,2.6009724140167236,-0.734997570514679,0.2466864436864853,-1.061063528060913,-3.0562312602996826,0.0030675237059593205,0.91510576,0.012653639,-0.021741122,0.8206582208821364
320,3.2,BL,0.0,-2.6025140285491943,-2.588345527648926,0.22628068923950195,0.2547514736652374,2.6025140285491943,-0.7550239562988281,0.22628068923950195,-1.1010565757751465,-3.168600559234619,0.0029871339797973634,0.91510576,0.012653639,-0.021741122,0.8206582208821364
320,3.2,BR,0.0,-2.5978004932403564,-2.590425729751587,0.24807482957839966,0.2745092511177063,2.5978004932403564,-0.7334373593330383,0.24807482957839966,-1.0577760934829712,-3.0493340492248535,0.003070539712905884,0.91510576,0.012653639,-0.021741122,0.8206582208821364
