step,t_s,wheel,reference_rad_s,measured_before_rad_s,measured_after_rad_s,voltage_applied_to_physx_V,voltage_cmd_V,error_rad_s,integral_V,shadow_voltage_applied_V,shadow_omega_rad_s,shadow_theta_rad,torque_Nm,motor_target_rad_s,measured_joint_effort_Nm,base_x_m,base_y_m,base_z_m,base_yaw_rad
1,0.01,FL,0.0,0.0,-2.3998598247532144e-11,0.0,0.0,0.0,0.0,0.0,0.0,0.0,,0.0,-3.764757394719709e-10,0.935,0.034,-0.0058860322,0.8206499852550575
1,0.01,FR,0.0,0.0,-2.4144001034565044e-11,0.0,0.0,0.0,0.0,0.0,0.0,0.0,,0.0,-3.764761002944539e-10,0.935,0.034,-0.0058860322,0.8206499852550575
1,0.01,BL,0.0,0.0,-2.395376952346595e-11,0.0,0.0,0.0,0.0,0.0,0.0,0.0,,0.0,-3.7647529538276103e-10,0.935,0.034,-0.0058860322,0.8206499852550575
1,0.01,BR,0.0,0.0,-2.407450454267046e-11,0.0,0.0,0.0,0.0,0.0,0.0,0.0,,0.0,-3.764754341606391e-10,0.935,0.034,-0.0058860322,0.8206499852550575
2,0.02,FL,0.0,-2.3998598247532144e-11,-3.5123768477030026e-11,0.0,9.599439299012857e-12,2.3998598247532144e-11,2.879831789703857e-13,0.0,0.0,0.0,,0.0,-3.644763102439441e-10,0.935,0.034,-0.009810022,0.8206499852550575
2,0.02,FR,0.0,-2.4144001034565044e-11,-3.5285357968817266e-11,0.0,9.65760024035367e-12,2.4144001034565044e-11,2.8972801263162096e-13,0.0,0.0,0.0,,0.0,-3.6447514450976826e-10,0.935,0.034,-0.009810022,0.8206499852550575
2,0.02,BL,0.0,-2.395376952346595e-11,-3.501655909676771e-11,0.0,9.581507462441685e-12,2.395376952346595e-11,2.8744522495745273e-13,0.0,0.0,0.0,,0.0,-3.6447586615473426e-10,0.935,0.034,-0.009810022,0.8206499852550575
2,0.02,BR,0.0,-2.407450454267046e-11,-3.5217394972475446e-11,0.0,9.62980216401288e-12,2.407450454267046e-11,2.888940443205451e-13,0.0,0.0,0.0,,0.0,-3.6447514450976826e-10,0.935,0.034,-0.009810022,0.8206499852550575
3,0.03,FL,0.0,-3.5123768477030026e-11,-2.461344669746346e-11,9.599439299012857e-12,1.4337490396310049e-11,3.5123768477030026e-11,7.094683998273843e-13,9.599439299012857e-12,7.527988107013106e-13,3.789086693061286e-15,,9.599439299012857e-12,-3.581095975313531e-10,0.935,0.034,-0.014715037,0.8206499852550575
3,0.03,FR,0.0,-3.5285357968817266e-11,-2.4733565889833997e-11,9.65760024035367e-12,1.4403871324841777e-11,3.5285357968817266e-11,7.131523019690555e-13,9.65760024035367e-12,7.573598324005226e-13,3.812043827030719e-15,,9.65760024035367e-12,-3.5810776566336244e-10,0.935,0.034,-0.014715037,0.8206499852550575
3,0.03,BL,0.0,-3.501655909676771e-11,-2.4566940495795997e-11,9.581507462441685e-12,1.4294068532982873e-11,3.501655909676771e-11,7.076439586216343e-13,9.581507462441685e-12,7.513925462734883e-13,3.7820084622375554e-15,,9.581507462441685e-12,-3.581107077543777e-10,0.935,0.034,-0.014715037,0.8206499852550575
3,0.03,BR,0.0,-3.5217394972475446e-11,-2.466975408677019e-11,9.62980216401288e-12,1.43758520712578e-11,3.5217394972475446e-11,7.115027967838361e-13,9.62980216401288e-12,7.551798813024146e-13,3.801071362231987e-15,,9.62980216401288e-12,-3.5810776566336244e-10,0.935,0.034,-0.014715037,0.8206499852550575
4,0.04,FL,0.0,-2.461344669746346e-11,-1.2552985560743135e-11,1.4337490396310049e-11,1.0554846927024464e-11,2.461344669746346e-11,1.0048297914219684e-12,1.4337490396310049e-11,1.8476431322411724e-12,1.6827790110798477e-14,,1.4337490396310049e-11,-3.582349972219845e-10,0.935,0.034,-0.020601029,0.8206499852550575
4,0.04,FR,0.0,-2.4733565889833997e-11,-1.2604663840454222e-11,1.4403871324841777e-11,1.0606578983163306e-11,2.4733565889833997e-11,1.0099551403519591e-12,1.4403871324841777e-11,1.8572311657333307e-12,1.6921659996079093e-14,,1.4403871324841777e-11,-3.582326935092084e-10,0.935,0.034,-0.020601029,0.8206499852550575
4,0.04,BL,0.0,-2.4566940495795997e-11,-1.2537557797509535e-11,1.4294068532982873e-11,1.0534420558094837e-11,2.4566940495795997e-11,1.0024472571479315e-12,1.4294068532982873e-11,1.842886954150913e-12,1.678978882465286e-14,,1.4294068532982873e-11,-3.582349972219845e-10,0.935,0.034,-0.020601029,0.8206499852550575
4,0.04,BR,0.0,-2.466975408677019e-11,-1.2574901189776888e-11,1.43758520712578e-11,1.057940453991213e-11,2.466975408677019e-11,1.0075398631723131e-12,1.43758520712578e-11,1.8529392430133296e-12,1.6878258027861782e-14,,1.43758520712578e-11,-3.5823313759841824e-10,0.935,0.034,-0.020601029,0.8206499852550575
5,0.05,FL,0.0,-1.2552985560743135e-11,0.03497582674026489,1.0554846927024464e-11,6.026023863930918e-12,1.2552985560743135e-11,1.155465588660587e-12,1.0554846927024464e-11,2.602918965435852e-12,3.910577645125507e-14,,1.0554846927024464e-11,-0.0019094391027465463,0.93499935,0.034002054,-0.02174119,0.8206172699277524
5,0.05,FR,0.0,-1.2604663840454222e-11,-0.034086212515830994,1.0606578983163306e-11,6.0518205030613e-12,1.2604663840454222e-11,1.1612111012332393e-12,1.0606578983163306e-11,2.6161878653035986e-12,3.9314051688589535e-14,,1.0606578983163306e-11,-0.004712388385087252,0.93499935,0.034002054,-0.02174119,0.8206172699277524
5,0.05,BL,0.0,-1.2537557797509535e-11,0.027719777077436447,1.0534420558094837e-11,6.017470376151746e-12,1.2537557797509535e-11,1.1528978726554895e-12,1.0534420558094837e-11,2.59674746982963e-12,3.9013087329902926e-14,,1.0534420558094837e-11,0.0025711979251354933,0.93499935,0.034002054,-0.02174119,0.8206172699277524
5,0.05,BR,0.0,-1.2574901189776888e-11,-0.03648329898715019,1.057940453991213e-11,6.037500360767112e-12,1.2574901189776888e-11,1.1584386878579767e-12,1.057940453991213e-11,2.6099333198109642e-12,3.921785246270397e-14,,1.057940453991213e-11,-0.001686320872977376,0.93499935,0.034002054,-0.02174119,0.8206172699277524
6,0.06,FL,0.0,0.03497582674026489,0.031295910477638245,6.026023863930918e-12,-0.013990330509841442,-0.03497582674026489,-0.0004197099187877029,6.026023863930918e-12,2.9734246748819304e-12,6.699984534189185e-14,,6.026023863930918e-12,-0.001139868632890284,0.9350015,0.03400244,-0.021741185,0.820635801724379
6,0.06,FR,0.0,-0.034086212515830994,-0.030579740181565285,6.0518205030613e-12,0.013634485192596912,0.034086212515830994,0.0004090345464646816,6.0518205030613e-12,2.988196278960742e-12,6.734837568276447e-14,,6.0518205030613e-12,0.0014933327911421657,0.9350015,0.03400244,-0.021741185,0.820635801724379
6,0.06,BL,0.0,0.027719777077436447,0.029951997101306915,6.017470376151746e-12,-0.011087911203503609,-0.027719777077436447,-0.0003326373116578907,6.017470376151746e-12,2.966824268896273e-12,6.684327977192137e-14,,6.017470376151746e-12,-0.00025061669293791056,0.9350015,0.03400244,-0.021741185,0.820635801724379
6,0.06,BR,0.0,-0.03648329898715019,-0.03441718965768814,6.037500360767112e-12,0.014593319967389107,0.03648329898715019,0.0004377995792310685,6.037500360767112e-12,2.9810639633892633e-12,6.718521003206898e-14,,6.037500360767112e-12,0.0020557024981826544,0.9350015,0.03400244,-0.021741185,0.820635801724379
7,0.07,FL,0.0,0.031295910477638245,0.027770670130848885,-0.013990330509841442,-0.012938073836266994,-0.031295910477638245,-0.0007952608284540474,-0.013990330509841442,-0.001097137457691133,-5.522257197299041e-06,,-0.013990330509841442,-0.004018657840788364,0.9350028,0.034003448,-0.021741204,0.8206409750795173
7,0.07,FR,0.0,-0.030579740181565285,-0.022731980308890343,0.013634485192596912,0.012640930712223053,0.030579740181565285,0.0007759914151392877,0.013634485192596912,0.0010692316573113203,5.381798473536037e-06,,0.013634485192596912,0.004526667296886444,0.9350028,0.034003448,-0.021741204,0.8206409750795173
7,0.07,BL,0.0,0.029951997101306915,0.026166027411818504,-0.011087911203503609,-0.012313435785472393,-0.029951997101306915,-0.0006920612649992108,-0.011087911203503609,-0.0008695264114066958,-4.376615379442228e-06,,-0.011087911203503609,-0.0024568175431340933,0.9350028,0.034003448,-0.021741204,0.8206409750795173
7,0.07,BR,0.0,-0.03441718965768814,-0.02647692710161209,0.014593319967389107,0.014204675331711769,0.03441718965768814,0.0008508058381266892,0.014593319967389107,0.0011444245465099812,5.760269232268911e-06,,0.014593319967389107,0.005260048899799585,0.9350028,0.034003448,-0.021741204,0.8206409750795173
8,0.08,FL,0.0,0.027770670130848885,0.024122560396790504,-0.012938073836266994,-0.011903529055416584,-0.027770670130848885,-0.0011285089422017336,-0.012938073836266994,-0.002068736357614398,-2.1384012143244036e-05,,-0.012938073836266994,-0.003873928915709257,0.93500394,0.034004156,-0.021741182,0.8206427980064251
8,0.08,FR,0.0,-0.022731980308890343,-0.02547074668109417,0.012640930712223053,0.009868783876299858,0.022731980308890343,0.0010487751569598913,0.012640930712223053,0.0020186223555356264,2.0852714442298748e-05,,0.012640930712223053,0.003668488934636116,0.93500394,0.034004156,-0.021741182,0.8206427980064251
8,0.08,BL,0.0,0.026166027411818504,0.021272262558341026,-0.012313435785472393,-0.011158471927046776,-0.026166027411818504,-0.001006053644232452,-0.012313435785472393,-0.0018010652856901288,-1.7760625269147567e-05,,-0.012313435785472393,-0.0029561067931354046,0.93500394,0.034004156,-0.021741182,0.8206427980064251
8,0.08,BR,0.0,-0.02647692710161209,-0.02612888626754284,0.014204675331711769,0.011441576294600964,0.02647692710161209,0.001168529037386179,0.014204675331711769,0.002213497646152973,2.258551467093639e-05,,0.014204675331711769,0.0045100050047039986,0.93500394,0.034004156,-0.021741182,0.8206427980064251
9,0.09,FL,0.0,0.024122560396790504,0.0280122309923172,-0.011903529055416584,-0.010777533054351807,-0.024122560396790504,-0.0014179795980453491,-0.011903529055416584,-0.002921108156442642,-4.6361645217984915e-05,,-0.011903529055416584,-0.003685130039229989,0.93500406,0.034004606,-0.021741139,0.8206441165733582
9,0.09,FR,0.0,-0.02547074668109417,-0.018835771828889847,0.009868783876299858,0.011237073689699173,0.02547074668109417,0.0013544241664931178,0.009868783876299858,0.0027133922558277845,4.4535943743539974e-05,,0.009868783876299858,0.002724709687754512,0.93500406,0.034004606,-0.021741139,0.8206441165733582
9,0.09,BL,0.0,0.021272262558341026,0.020007649436593056,-0.011158471927046776,-0.00951495859771967,-0.021272262558341026,-0.001261320780031383,-0.011158471927046776,-0.0026055043563246727,-3.982028647442348e-05,,-0.011158471927046776,-0.0028235071804374456,0.93500406,0.034004606,-0.021741139,0.8206441165733582
9,0.09,BR,0.0,-0.02612888626754284,-0.023472784087061882,0.011441576294600964,0.011620083823800087,0.02612888626754284,0.0014820756623521447,0.011441576294600964,0.003023966448381543,4.879984771832824e-05,,0.011441576294600964,0.0036774661857634783,0.93500406,0.034004606,-0.021741139,0.8206441165733582
10,0.1,FL,0.0,0.0280122309923172,0.030051827430725098,-0.010777533054351807,-0.012622872367501259,-0.0280122309923172,-0.001754126395098865,-0.010777533054351807,-0.0036517560947686434,-7.925031968625262e-05,,-0.010777533054351807,-0.003650298109278083,0.9350042,0.034004554,-0.021741219,0.8206438607863621
10,0.1,FR,0.0,-0.018835771828889847,-0.022872786968946457,0.011237073689699173,0.008888732641935349,0.018835771828889847,0.0015804533613845706,0.011237073689699173,0.0034882226027548313,7.556984928669408e-05,,0.011237073689699173,0.0025242064148187637,0.9350042,0.034004554,-0.021741219,0.8206438607863621
10,0.1,BL,0.0,0.020007649436593056,0.024735327810049057,-0.00951495859771967,-0.009264380671083927,-0.020007649436593056,-0.001501412596553564,-0.00951495859771967,-0.0032495148479938507,-6.911684613442048e-05,,-0.00951495859771967,-0.002587551949545741,0.9350042,0.034004554,-0.021741219,0.8206438607863621
10,0.1,BR,0.0,-0.023472784087061882,-0.02157982811331749,0.011620083823800087,0.010871189646422863,0.023472784087061882,0.0017637490527704358,0.011620083823800087,0.0038166549056768417,8.302937931148335e-05,,0.011620083823800087,0.0031809925567358732,0.9350042,0.034004554,-0.021741219,0.8206438607863621
11,0.11,FL,0.0,0.030051827430725098,0.024783246219158173,-0.012622872367501259,-0.013774856925010681,-0.030051827430725098,-0.0021147483494132757,-0.012622872367501259,-0.004498468246310949,-0.00012002966832369566,,-0.012622872367501259,-0.004247028846293688,0.9350044,0.034004644,-0.021741146,0.8206452766119282
11,0.11,FR,0.0,-0.022872786968946457,-0.022068815305829048,0.008888732641935349,0.01072956807911396,0.022872786968946457,0.0018549268133938313,0.008888732641935349,0.004048511851578951,0.00011327219544909894,,0.008888732641935349,0.002261141315102577,0.9350044,0.034004644,-0.021741146,0.8206452766119282
11,0.11,BL,0.0,0.024735327810049057,0.018883854150772095,-0.009264380671083927,-0.011395543813705444,-0.024735327810049057,-0.0017982365097850561,-0.009264380671083927,-0.003848622553050518,-0.00010462750651640818,,-0.009264380671083927,-0.0026418499182909727,0.9350044,0.034004644,-0.021741146,0.8206452766119282
11,0.11,BR,0.0,-0.02157982811331749,-0.020486747846007347,0.010871189646422863,0.01039568055421114,0.02157982811331749,0.0020227069035172462,0.010871189646422863,0.004519532434642315,0.00012473374954424798,,0.010871189646422863,0.0031879558227956295,0.9350044,0.034004644,-0.021741146,0.8206452766119282
12,0.12,FL,0.0,0.024783246219158173,0.023121599107980728,-0.013774856925010681,-0.012028046883642673,-0.024783246219158173,-0.002412147354334593,-0.013774856925010681,-0.00540232053026557,-0.00016956373292487115,,-0.013774856925010681,-0.0044194171205163,0.9350049,0.034004837,-0.021741161,0.8206480110070252
12,0.12,FR,0.0,-0.022068815305829048,-0.01794714666903019,0.01072956807911396,0.010682453401386738,0.022068815305829048,0.0021197525784373283,0.01072956807911396,0.0047311922535300255,0.0001571934699313715,,0.01072956807911396,0.003176583442837,0.9350049,0.034004837,-0.021741161,0.8206480110070252
12,0.12,BL,0.0,0.018883854150772095,0.018765512853860855,-0.011395543813705444,-0.009351777844130993,-0.018883854150772095,-0.002024842659011483,-0.011395543813705444,-0.004591367207467556,-0.00014685220958199352,,-0.011395543813705444,-0.0031266144942492247,0.9350049,0.034004837,-0.021741161,0.8206480110070252
12,0.12,BR,0.0,-0.020486747846007347,-0.018720263615250587,0.01039568055421114,0.01021740585565567,0.020486747846007347,0.0022685478907078505,0.01039568055421114,0.005157560110092163,0.0001731404772726819,,0.01039568055421114,0.003652722341939807,0.9350049,0.034004837,-0.021741161,0.8206480110070252
13,0.13,FL,0.0,0.023121599107980728,0.019471660256385803,-0.012028046883642673,-0.011660787276923656,-0.023121599107980728,-0.002689606510102749,-0.012028046883642673,-0.006133745424449444,-0.00022726845054421574,,-0.012028046883642673,-0.003713158192113042,0.9350054,0.0340056,-0.02174113,0.8206483460590723
13,0.13,FR,0.0,-0.01794714666903019,-0.020851541310548782,0.010682453401386738,0.009298611432313919,0.01794714666903019,0.0023351183626800776,0.010682453401386738,0.005383409559726715,0.00020778820908162743,,0.010682453401386738,0.002742520533502102,0.9350054,0.0340056,-0.02174113,0.8206483460590723
13,0.13,BL,0.0,0.018765512853860855,0.011690383777022362,-0.009351777844130993,-0.009531048126518726,-0.018765512853860855,-0.002250029006972909,-0.009351777844130993,-0.0051447139121592045,-0.0001955510670086369,,-0.009351777844130993,-0.0020807848777621984,0.9350054,0.0340056,-0.02174113,0.8206483460590723
13,0.13,BR,0.0,-0.018720263615250587,-0.019262144342064857,0.01021740585565567,0.009756653569638729,0.018720263615250587,0.0024931910447776318,0.01021740585565567,0.005756589584052563,0.00022773118689656258,,0.01021740585565567,0.002945762127637863,0.9350054,0.0340056,-0.02174113,0.8206483460590723
14,0.14,FL,0.0,0.019471660256385803,0.017678946256637573,-0.011660787276923656,-0.01047827024012804,-0.019471660256385803,-0.00292326626367867,-0.011660787276923656,-0.006807690020650625,-0.0002919980906881392,,-0.011660787276923656,-0.003499584272503853,0.93500626,0.034006238,-0.021741178,0.8206492178924811
14,0.14,FR,0.0,-0.020851541310548782,-0.014042599126696587,0.009298611432313919,0.010675734840333462,0.020851541310548782,0.002585336798802018,0.009298611432313919,0.005901530385017395,0.0002642301842570305,,0.009298611432313919,0.00271067232824862,0.93500626,0.034006238,-0.021741178,0.8206492178924811
14,0.14,BL,0.0,0.011690383777022362,0.0182131826877594,-0.009531048126518726,-0.0069261821918189526,-0.011690383777022362,-0.0023903134278953075,-0.009531048126518726,-0.005690422374755144,-0.00024974494590424,,-0.009531048126518726,-0.0021476505789905787,0.93500626,0.034006238,-0.021741178,0.8206492178924811
14,0.14,BR,0.0,-0.019262144342064857,-0.014981177635490894,0.009756653569638729,0.010198049247264862,0.019262144342064857,0.002724336925894022,0.009756653569638729,0.006295998580753803,0.0002880121173802763,,0.009756653569638729,0.003246289910748601,0.93500626,0.034006238,-0.021741178,0.8206492178924811
15,0.15,FL,0.0,0.017678946256637573,0.021701086312532425,-0.01047827024012804,-0.009994844906032085,-0.017678946256637573,-0.0031354136299341917,-0.01047827024012804,-0.007362474221736193,-0.00036286740214563906,,-0.01047827024012804,-0.003060384187847376,0.93500674,0.034006827,-0.021741167,0.82064742738066
15,0.15,FR,0.0,-0.014042599126696587,-0.015557827427983284,0.010675734840333462,0.008202376775443554,0.014042599126696587,0.0027538479771465063,0.010675734840333462,0.0065073310397565365,0.00032629468478262424,,0.010675734840333462,0.0027924778405576944,0.93500674,0.034006827,-0.021741167,0.82064742738066
15,0.15,BL,0.0,0.0182131826877594,0.017555594444274902,-0.0069261821918189526,-0.009675586596131325,-0.0182131826877594,-0.0026088717859238386,-0.0069261821918189526,-0.006010456942021847,-0.00030826000147499144,,-0.0069261821918189526,-0.0014842533273622394,0.93500674,0.034006827,-0.021741167,0.82064742738066
15,0.15,BR,0.0,-0.014981177635490894,-0.01703575812280178,0.010198049247264862,0.008716807700693607,0.014981177635490894,0.0029041110537946224,0.010198049247264862,0.0068488712422549725,0.0003537548764143139,,0.010198049247264862,0.0031206770800054073,0.93500674,0.034006827,-0.021741167,0.82064742738066
16,0.16,FL,0.0,0.021701086312532425,0.022482730448246002,-0.009994844906032085,-0.01181584782898426,-0.021701086312532425,-0.0033958267886191607,-0.009994844906032085,-0.007857594639062881,-0.00043898425064980984,,-0.009994844906032085,-0.003082530340179801,0.93500715,0.034007415,-0.02174116,0.8206458278184733
16,0.16,FR,0.0,-0.015557827427983284,-0.023619307205080986,0.008202376775443554,0.008976979181170464,0.015557827427983284,0.0029405420646071434,0.008202376775443554,0.006895414553582668,0.00039332135929726064,,0.008202376775443554,0.0019885562360286713,0.93500715,0.034007415,-0.02174116,0.8206458278184733
16,0.16,BL,0.0,0.017555594444274902,0.017035145312547684,-0.009675586596131325,-0.009631109423935413,-0.017555594444274902,-0.002819538814947009,-0.009675586596131325,-0.006533553823828697,-0.0003709974989760667,,-0.009675586596131325,-0.002216501161456108,0.93500715,0.034007415,-0.02174116,0.8206458278184733
16,0.16,BR,0.0,-0.01703575812280178,-0.02416258305311203,0.008716807700693607,0.009718414396047592,0.01703575812280178,0.0031085400842130184,0.008716807700693607,0.00726390490308404,0.00042433259659446776,,0.008716807700693607,0.002503444207832217,0.93500715,0.034007415,-0.02174116,0.8206458278184733
17,0.17,FL,0.0,0.022482730448246002,0.023026295006275177,-0.01181584782898426,-0.012388918548822403,-0.022482730448246002,-0.0036656195297837257,-0.01181584782898426,-0.008476105518639088,-0.0005206733476370573,,-0.01181584782898426,-0.0035239635035395622,0.9350075,0.034008075,-0.021741182,0.8206452117732016
17,0.17,FR,0.0,-0.023619307205080986,-0.018270408734679222,0.008976979181170464,0.012388264760375023,0.023619307205080986,0.0032239737920463085,0.008976979181170464,0.007329026237130165,0.00046445801854133606,,0.008976979181170464,0.0023625760804861784,0.9350075,0.034008075,-0.021741182,0.8206452117732016
17,0.17,BL,0.0,0.017035145312547684,0.017554741352796555,-0.009631109423935413,-0.009633596986532211,-0.017035145312547684,-0.003023960627615452,-0.009631109423935413,-0.007032651919871569,-0.0004388451634440571,,-0.009631109423935413,-0.0021341959945857525,0.9350075,0.034008075,-0.021741182,0.8206452117732016
17,0.17,BR,0.0,-0.02416258305311203,-0.022888829931616783,0.009718414396047592,0.012773573398590088,0.02416258305311203,0.003398491069674492,0.009718414396047592,0.007741211913526058,0.0004993741167709231,,0.009718414396047592,0.0029954882338643074,0.9350075,0.034008075,-0.021741182,0.8206452117732016
18,0.18,FL,0.0,0.023026295006275177,0.026767339557409286,-0.012388918548822403,-0.012876137159764767,-0.023026295006275177,-0.003941935021430254,-0.012388918548822403,-0.009115305729210377,-0.000608651724178344,,-0.012388918548822403,-0.0038310675881803036,0.935008,0.034008518,-0.021741154,0.8206446533538998
18,0.18,FR,0.0,-0.018270408734679222,-0.019438041374087334,0.012388264760375023,0.010532137006521225,0.018270408734679222,0.003443218534812331,0.012388264760375023,0.00801315251737833,0.0005411917227320373,,0.012388264760375023,0.003143953625112772,0.935008,0.034008518,-0.021741154,0.8206446533538998
18,0.18,BL,0.0,0.017554741352796555,0.02189483866095543,-0.009633596986532211,-0.010045857168734074,-0.017554741352796555,-0.0032346174120903015,-0.009633596986532211,-0.007512375246733427,-0.0005115862586535513,,-0.009633596986532211,-0.0022856120485812426,0.935008,0.034008518,-0.021741154,0.8206446533538998
18,0.18,BR,0.0,-0.022888829931616783,-0.023410791531205177,0.012773573398590088,0.012554023414850235,0.022888829931616783,0.0036731569562107325,0.012773573398590088,0.008439392782747746,0.0005803004023618996,,0.012773573398590088,0.0036518601700663567,0.935008,0.034008518,-0.021741154,0.8206446533538998
19,0.19,FL,0.0,0.026767339557409286,0.02509177103638649,-0.012876137159764767,-0.014648870564997196,-0.026767339557409286,-0.004263143055140972,-0.012876137159764767,-0.009767650626599789,-0.0007030882406979799,,-0.012876137159764767,-0.004069730639457703,0.93500847,0.03400888,-0.021741213,0.8206452838248224
19,0.19,FR,0.0,-0.019438041374087334,-0.021617265418171883,0.010532137006521225,0.011218435131013393,0.019438041374087334,0.0036764750257134438,0.010532137006521225,0.008524894714355469,0.0006238989881239831,,0.010532137006521225,0.002809591591358185,0.93500847,0.03400888,-0.021741213,0.8206452838248224
19,0.19,BL,0.0,0.02189483866095543,0.01958845555782318,-0.010045857168734074,-0.011992553249001503,-0.02189483866095543,-0.003497355617582798,-0.010045857168734074,-0.008005618117749691,-0.0005891926703043282,,-0.010045857168734074,-0.002583267167210579,0.93500847,0.03400888,-0.021741213,0.8206452838248224
19,0.19,BR,0.0,-0.023410791531205177,-0.023097455501556396,0.012554023414850235,0.013037473894655704,0.023410791531205177,0.0039540864527225494,0.012554023414850235,0.009092980064451694,0.0006679840735159814,,0.012554023414850235,0.003837434109300375,0.93500847,0.03400888,-0.021741213,0.8206452838248224
20,0.2,FL,0.0,0.02509177103638649,0.024976754561066628,-0.014648870564997196,-0.014299851842224598,-0.02509177103638649,-0.004564244300127029,-0.014648870564997196,-0.010533436201512814,-0.0008046192233450711,,-0.014648870564997196,-0.004465912468731403,0.9350089,0.034009326,-0.02174115,0.8206455396119524
20,0.2,FR,0.0,-0.021617265418171883,-0.021724216639995575,0.011218435131013393,0.012323381379246712,0.021617265418171883,0.003935882356017828,0.011218435131013393,0.009070390835404396,0.0007118936046026647,,0.011218435131013393,0.003100296715274453,0.9350089,0.034009326,-0.02174115,0.8206455396119524
20,0.2,BL,0.0,0.01958845555782318,0.018697360530495644,-0.011992553249001503,-0.0113327382132411,-0.01958845555782318,-0.0037324170116335154,-0.011992553249001503,-0.008632183074951172,-0.0006724025588482618,,-0.011992553249001503,-0.0030216004233807325,0.9350089,0.034009326,-0.02174115,0.8206455396119524
20,0.2,BR,0.0,-0.023097455501556396,-0.02089085429906845,0.013037473894655704,0.013193069025874138,0.023097455501556396,0.00423125596717,0.013037473894655704,0.009758852422237396,0.000762265408411622,,0.013037473894655704,0.004048475064337254,0.9350089,0.034009326,-0.02174115,0.8206455396119524
21,0.21,FL,-4.0,0.024976754561066628,0.022279951721429825,-0.014299851842224598,-1.61455500125885,-4.02497673034668,-0.052863966673612595,-0.014299851842224598,-0.011241825297474861,-0.0009135191794484854,,-0.014299851842224598,-0.004350181203335524,0.93500906,0.034009848,-0.021741139,0.8206451000893323
21,0.21,FR,4.0,-0.021724216639995575,-0.01892833225429058,0.012323381379246712,1.6126255989074707,4.021724224090576,0.052196573466062546,0.012323381379246712,0.009681149385869503,0.0008056716760620475,,0.012323381379246712,0.0032098516821861267,0.93500906,0.034009848,-0.021741139,0.8206451000893323
21,0.21,BL,-4.0,0.018697360530495644,0.017552757635712624,-0.0113327382132411,-1.6112114191055298,-4.018697261810303,-0.05195678398013115,-0.0113327382132411,-0.009182436391711235,-0.0007614940404891968,,-0.0113327382132411,-0.0027455082163214684,0.93500906,0.034009848,-0.021741139,0.8206451000893323
21,0.21,BR,4.0,-0.02089085429906845,-0.023540019989013672,0.013193069025874138,1.612587571144104,4.020890712738037,0.05248194560408592,0.013193069025874138,0.010410817340016365,0.0008631355012767017,,0.013193069025874138,0.003820406273007393,0.93500906,0.034009848,-0.021741139,0.8206451000893323
22,0.22,FL,-4.0,0.022279951721429825,-2.084759473800659,-1.61455500125885,-1.6617759466171265,-4.022279739379883,-0.10113132745027542,-1.61455500125885,-0.13741624355316162,-0.0016610152088105679,,-1.61455500125885,-0.14654456079006195,0.93508285,0.03393483,-0.021740919,0.8193816407487359
22,0.22,FR,4.0,-0.01892833225429058,1.1041948795318604,1.6126255989074707,1.6597678661346436,4.018928527832031,0.10042371600866318,1.6126255989074707,0.1357654482126236,0.0015371073968708515,,1.6126255989074707,0.1871517300605774,0.93508285,0.03393483,-0.021740919,0.8193816407487359
22,0.22,BL,-4.0,0.017552757635712624,-1.0985491275787354,-1.6112114191055298,-1.6589778661727905,-4.017552852630615,-0.100167416036129,-1.6112114191055298,-0.13517539203166962,-0.0014874828048050404,,-1.6112114191055298,-0.3400062024593353,0.93508285,0.03393483,-0.021740919,0.8193816407487359
22,0.22,BR,4.0,-0.023540019989013672,0.8137431144714355,1.612587571144104,1.661897897720337,4.023540019989014,0.10076442360877991,1.612587571144104,0.13646352291107178,0.0016017088200896978,,1.612587571144104,0.34518513083457947,0.93508285,0.03393483,-0.021740919,0.8193816407487359
23,0.23,FL,-4.0,-2.084759473800659,-1.5315723419189453,-1.6617759466171265,-0.8672275543212891,-1.9152405261993408,-0.12411420792341232,-1.6617759466171265,-0.26234641671180725,-0.003663992742076516,,-1.6617759466171265,-0.11578889191150665,0.9352224,0.03379031,-0.021740438,0.8173715714704208
23,0.23,FR,4.0,1.1041948795318604,1.6826471090316772,1.6597678661346436,1.258745789527893,2.8958051204681396,0.13517338037490845,1.6597678661346436,0.2606028616428375,0.003523110179230571,,1.6597678661346436,0.09049370884895325,0.9352224,0.03379031,-0.021740438,0.8173715714704208
23,0.23,BL,-4.0,-1.0985491275787354,-2.328397274017334,-1.6589778661727905,-1.2607477903366089,-2.9014508724212646,-0.1349848359823227,-1.6589778661727905,-0.25997400283813477,-0.003467389615252614,,-1.6589778661727905,-0.2910717725753784,0.9352224,0.03379031,-0.021740438,0.8173715714704208
23,0.23,BR,4.0,0.8137431144714355,1.3921858072280884,1.661897897720337,1.3752671480178833,3.1862568855285645,0.13899950683116913,1.661897897720337,0.26144060492515564,0.003595395479351282,,1.661897897720337,0.2513277530670166,0.9352224,0.03379031,-0.021740438,0.8173715714704208
24,0.24,FL,-4.0,-1.5315723419189453,-0.9325065016746521,-0.8672275543212891,-1.111485242843628,-2.4684276580810547,-0.15373533964157104,-0.8672275543212891,-0.3200686275959015,-0.006577991880476475,,-0.8672275543212891,-0.009308316744863987,0.93532735,0.03367214,-0.021740213,0.8157144754131549
24,0.24,FR,4.0,1.6826471090316772,1.1791764497756958,1.258745789527893,1.0621144771575928,2.317352771759033,0.16298161447048187,1.258745789527893,0.34909674525260925,0.0065745580941438675,,1.258745789527893,0.06678562611341476,0.93532735,0.03367214,-0.021740213,0.8157144754131549
24,0.24,BL,-4.0,-2.328397274017334,-0.42169493436813354,-1.2607477903366089,-0.8036259412765503,-1.671602725982666,-0.1550440639257431,-1.2607477903366089,-0.3486495316028595,-0.006513462867587805,,-1.2607477903366089,-0.20857128500938416,0.93532735,0.03367214,-0.021740213,0.8157144754131549
24,0.24,BR,4.0,1.3921858072280884,1.5457990169525146,1.3752671480178833,1.182125210762024,2.607814311981201,0.17029328644275665,1.3752671480178833,0.3590393662452698,0.0067010484635829926,,1.3752671480178833,0.23326507210731506,0.93532735,0.03367214,-0.021740213,0.8157144754131549
25,0.25,FL,-4.0,-0.9325065016746521,-1.0116467475891113,-1.111485242843628,-1.380732774734497,-3.067493438720703,-0.19054526090621948,-1.111485242843628,-0.39468246698379517,-0.010154234245419502,,-1.111485242843628,-0.09817535430192947,0.9353891,0.033566456,-0.021740703,0.8144961102716587
25,0.25,FR,4.0,1.1791764497756958,1.1015743017196655,1.0621144771575928,1.2913110256195068,2.8208236694335938,0.19683149456977844,1.0621144771575928,0.4187006652355194,0.010415865108370781,,1.0621144771575928,0.06057634949684143,0.9353891,0.033566456,-0.021740703,0.8144961102716587
25,0.25,BL,-4.0,-0.42169493436813354,-0.22338712215423584,-0.8036259412765503,-1.586366057395935,-3.5783050060272217,-0.1979837268590927,-0.8036259412765503,-0.398000031709671,-0.010248355567455292,,-0.8036259412765503,-0.13400322198867798,0.9353891,0.033566456,-0.021740703,0.8144961102716587
25,0.25,BR,4.0,1.5457990169525146,1.0350755453109741,1.182125210762024,1.1519737243652344,2.4542009830474854,0.19974368810653687,1.182125210762024,0.43766483664512634,0.010687190108001232,,1.182125210762024,0.21909351646900177,0.9353891,0.033566456,-0.021740703,0.8144961102716587
26,0.26,FL,-4.0,-1.0116467475891113,-1.6078157424926758,-1.380732774734497,-1.385886549949646,-2.9883532524108887,-0.22640550136566162,-1.380732774734497,-0.4874853491783142,-0.014568166807293892,,-1.380732774734497,-0.07721206545829773,0.93547815,0.03345823,-0.021740839,0.8130470506658227
26,0.26,FR,4.0,1.1015743017196655,1.349281668663025,1.2913110256195068,1.3562017679214478,2.898425579071045,0.23161259293556213,1.2913110256195068,0.5035492181777954,0.015029942616820335,,1.2913110256195068,0.08308974653482437,0.93547815,0.03345823,-0.021740839,0.8130470506658227
26,0.26,BL,-4.0,-0.22338712215423584,-0.7064357995986938,-1.586366057395935,-1.7086288928985596,-3.7766127586364746,-0.2433030754327774,-1.586366057395935,-0.5067988038063049,-0.014775976538658142,,-1.586366057395935,-0.3208574652671814,0.93547815,0.03345823,-0.021740839,0.8130470506658227
26,0.26,BR,4.0,1.0350755453109741,0.5444296598434448,1.1519737243652344,1.3857134580612183,2.9649243354797363,0.23532278835773468,1.1519737243652344,0.5108428001403809,0.015432167798280716,,1.1519737243652344,0.20328037440776825,0.93547815,0.03345823,-0.021740839,0.8130470506658227
27,0.27,FL,-4.0,-1.6078157424926758,-1.568378210067749,-1.385886549949646,-1.1832791566848755,-2.392184257507324,-0.2551117241382599,-1.385886549949646,-0.5770535469055176,-0.019893847405910492,,-1.385886549949646,-0.0649578720331192,0.93561536,0.033349402,-0.021740645,0.8112493378671013
27,0.27,FR,4.0,1.349281668663025,1.4793243408203125,1.3562017679214478,1.2918999195098877,2.6507182121276855,0.2634212076663971,1.3562017679214478,0.5901596546173096,0.020501375198364258,,1.3562017679214478,0.06588199734687805,0.93561536,0.033349402,-0.021740645,0.8112493378671013
27,0.27,BL,-4.0,-0.7064357995986938,-0.7777936458587646,-1.7086288928985596,-1.5607287883758545,-3.2935643196105957,-0.28282585740089417,-1.7086288928985596,-0.6209195852279663,-0.020418372005224228,,-1.7086288928985596,-0.301822692155838,0.93561536,0.033349402,-0.021740645,0.8112493378671013
27,0.27,BR,4.0,0.5444296598434448,0.21400079131126404,1.3857134580612183,1.6175509691238403,3.4555702209472656,0.2767896354198456,1.3857134580612183,0.5994815826416016,0.02098674513399601,,1.3857134580612183,0.25265762209892273,0.93561536,0.033349402,-0.021740645,0.8112493378671013
28,0.28,FL,-4.0,-1.568378210067749,-1.371920108795166,-1.1832791566848755,-1.2277604341506958,-2.431621789932251,-0.28429117798805237,-1.1832791566848755,-0.647221028804779,-0.026017557829618454,,-1.1832791566848755,-0.03584054112434387,0.93575776,0.03322977,-0.021740599,0.8093375759864884
28,0.28,FR,4.0,1.4793243408203125,1.41456139087677,1.2918999195098877,1.2716914415359497,2.5206756591796875,0.29366931319236755,1.2918999195098877,0.6683313846588135,0.026796435937285423,,1.2918999195098877,0.04835814982652664,0.93575776,0.03322977,-0.021740599,0.8093375759864884
28,0.28,BL,-4.0,-0.7777936458587646,-0.3718128800392151,-1.5607287883758545,-1.5717084407806396,-3.2222063541412354,-0.3214923143386841,-1.5607287883758545,-0.718967080116272,-0.027121074497699738,,-1.5607287883758545,-0.27317172288894653,0.93575776,0.03322977,-0.021740599,0.8093375759864884
28,0.28,BR,4.0,0.21400079131126404,1.9155319929122925,1.6175509691238403,1.7911893129348755,3.785999298095703,0.3222216069698334,1.6175509691238403,0.7028257250785828,0.027501724660396576,,1.6175509691238403,0.30148845911026,0.93575776,0.03322977,-0.021740599,0.8093375759864884
29,0.29,FL,-4.0,-1.371920108795166,-1.0692894458770752,-1.2277604341506958,-1.3355231285095215,-2.628079891204834,-0.3158281445503235,-1.2277604341506958,-0.7181255221366882,-0.03284665569663048,,-1.2277604341506958,-0.06541864573955536,0.93588316,0.03309679,-0.021740448,0.8074301030596376
29,0.29,FR,4.0,1.41456139087677,1.3404650688171387,1.2716914415359497,1.3278447389602661,2.5854387283325195,0.32469460368156433,1.2716914415359497,0.7418532371520996,0.0338498093187809,,1.2716914415359497,0.03254328668117523,0.93588316,0.03309679,-0.021740448,0.8074301030596376
29,0.29,BL,-4.0,-0.3718128800392151,-1.7840267419815063,-1.5717084407806396,-1.772767186164856,-3.6281871795654297,-0.36503055691719055,-1.5717084407806396,-0.8140311241149902,-0.03478923439979553,,-1.5717084407806396,-0.21726694703102112,0.93588316,0.03309679,-0.021740448,0.8074301030596376
29,0.29,BR,4.0,1.9155319929122925,0.07278037071228027,1.7911893129348755,1.1560088396072388,2.084467887878418,0.34723523259162903,1.7911893129348755,0.8157346248626709,0.03509829193353653,,1.7911893129348755,0.33294132351875305,0.93588316,0.03309679,-0.021740448,0.8074301030596376
30,0.3,FL,-4.0,-1.0692894458770752,-1.4359749555587769,-1.3355231285095215,-1.4881123304367065,-2.930710554122925,-0.3509966731071472,-1.3355231285095215,-0.7947006225585938,-0.04041333869099617,,-1.3355231285095215,-0.04307365417480469,0.93599725,0.032976005,-0.021740664,0.8057241802357119
30,0.3,FR,4.0,1.3404650688171387,1.0351799726486206,1.3278447389602661,1.3885085582733154,2.6595349311828613,0.3566090166568756,1.3278447389602661,0.8168958425521851,0.04164605587720871,,1.3278447389602661,0.10411808639764786,0.93599725,0.032976005,-0.021740664,0.8057241802357119
30,0.3,BL,-4.0,-1.7840267419815063,-0.4181399345397949,-1.772767186164856,-1.2514199018478394,-2.215973377227783,-0.39162224531173706,-1.772767186164856,-0.921134889125824,-0.04346863180398941,,-1.772767186164856,-0.34506693482398987,0.93599725,0.032976005,-0.021740664,0.8057241802357119
30,0.3,BR,4.0,0.07278037071228027,0.3233553469181061,1.1560088396072388,1.9181231260299683,3.9272196292877197,0.3943618834018707,1.1560088396072388,0.8744047284126282,0.043550942093133926,,1.1560088396072388,0.18340513110160828,0.93599725,0.032976005,-0.021740664,0.8057241802357119
31,0.31,FL,-4.0,-1.4359749555587769,-1.5079251527786255,-1.4881123304367065,-1.3766067028045654,-2.5640249252319336,-0.3817649483680725,-1.4881123304367065,-0.8802393674850464,-0.04879089072346687,,-1.4881123304367065,-0.10177014023065567,0.93611187,0.032845553,-0.021740735,0.8039401196153311
31,0.31,FR,4.0,1.0351799726486206,1.577567458152771,1.3885085582733154,1.542536973953247,2.96481990814209,0.39218685030937195,1.3885085582733154,0.8937532901763916,0.050201863050460815,,1.3885085582733154,0.06121041998267174,0.93611187,0.032845553,-0.021740735,0.8039401196153311
31,0.31,BL,-4.0,-0.4181399345397949,-0.6954089403152466,-1.2514199018478394,-1.8243663311004639,-3.581860065460205,-0.43460455536842346,-1.2514199018478394,-0.9831544160842896,-0.05299214646220207,,-1.2514199018478394,-0.22257693111896515,0.93611187,0.032845553,-0.021740735,0.8039401196153311
31,0.31,BR,4.0,0.3233553469181061,1.6018272638320923,1.9181231260299683,1.865019679069519,3.6766445636749268,0.4384815990924835,1.9181231260299683,0.9905402064323425,0.052879538387060165,,1.9181231260299683,0.34500327706336975,0.93611187,0.032845553,-0.021740735,0.8039401196153311
32,0.32,FL,-4.0,-1.5079251527786255,-1.354574203491211,-1.3766067028045654,-1.3785948753356934,-2.492074966430664,-0.41166985034942627,-1.3766067028045654,-0.9536797404289246,-0.05796293169260025,,-1.3766067028045654,-0.05883261561393738,0.9362319,0.032680303,-0.021740459,0.8018545570118166
32,0.32,FR,4.0,1.577567458152771,1.6443814039230347,1.542536973953247,1.3611599206924438,2.4224324226379395,0.42125603556632996,1.542536973953247,0.9796761870384216,0.059571873396635056,,1.542536973953247,0.05485506355762482,0.9362319,0.032680303,-0.021740459,0.8018545570118166
32,0.32,BL,-4.0,-0.6954089403152466,-1.9182772636413574,-1.8243663311004639,-1.7564409971237183,-3.304591178894043,-0.4742596745491028,-1.8243663311004639,-1.0876731872558594,-0.06334976851940155,,-1.8243663311004639,-0.23431745171546936,0.9362319,0.032680303,-0.021740459,0.8018545570118166
32,0.32,BR,4.0,1.6018272638320923,0.3114195466041565,1.865019679069519,1.397750735282898,2.3981728553771973,0.4672596752643585,1.865019679069519,1.0979574918746948,0.06332560628652573,,1.865019679069519,0.3278087377548218,0.9362319,0.032680303,-0.021740459,0.8018545570118166
33,0.33,FL,-4.0,-1.354574203491211,-1.4520219564437866,-1.3785948753356934,-1.469840168952942,-2.645425796508789,-0.44341495633125305,-1.3785948753356934,-1.0243964195251465,-0.06785567104816437,,-1.3785948753356934,-0.02766299992799759,0.9363341,0.032514848,-0.021740383,0.7999222490744227
33,0.33,FR,4.0,1.6443814039230347,1.0336065292358398,1.3611599206924438,1.3635034561157227,2.355618476867676,0.4495234787464142,1.3611599206924438,1.0480061769485474,0.0697125643491745,,1.3611599206924438,0.08961890637874603,0.9363341,0.032514848,-0.021740383,0.7999222490744227
33,0.33,BL,-4.0,-1.9182772636413574,-0.06607025861740112,-1.7564409971237183,-1.3069487810134888,-2.0817227363586426,-0.49924033880233765,-1.7564409971237183,-1.1827670335769653,-0.07470513880252838,,-1.7564409971237183,-0.3374520242214203,0.9363341,0.032514848,-0.021740383,0.7999222490744227
33,0.33,BR,4.0,0.3114195466041565,1.6886835098266602,1.397750735282898,1.9426918029785156,3.6885805130004883,0.511522650718689,1.397750735282898,1.164519190788269,0.07464020699262619,,1.397750735282898,0.20074795186519623,0.9363341,0.032514848,-0.021740383,0.7999222490744227
34,0.34,FL,-4.0,-1.4520219564437866,-1.1199755668640137,-1.469840168952942,-1.4626061916351318,-2.547977924346924,-0.47399070858955383,-1.469840168952942,-1.099495768547058,-0.0784776359796524,,-1.469840168952942,-0.11225828528404236,0.9364169,0.032364175,-0.021740614,0.7981801962552729
34,0.34,FR,4.0,1.0336065292358398,1.3887743949890137,1.3635034561157227,1.6360808610916138,2.96639347076416,0.48512017726898193,1.3635034561157227,1.1138408184051514,0.08052399009466171,,1.3635034561157227,0.059014175087213516,0.9364169,0.032364175,-0.021740614,0.7981801962552729
34,0.34,BL,-4.0,-0.06607025861740112,-2.2316319942474365,-1.3069487810134888,-2.07281231880188,-3.933929681777954,-0.5464475154876709,-1.3069487810134888,-1.2388824224472046,-0.0868152603507042,,-1.3069487810134888,-0.20726895332336426,0.9364169,0.032364175,-0.021740614,0.7981801962552729
34,0.34,BR,4.0,1.6886835098266602,1.2161870002746582,1.9426918029785156,1.436049222946167,2.31131649017334,0.5392584204673767,1.9426918029785156,1.2712057828903198,0.08682239055633545,,1.9426918029785156,0.36026817560195923,0.9364169,0.032364175,-0.021740614,0.7981801962552729
35,0.35000000000000003,FL,-4.0,-1.1199755668640137,-1.5162523984909058,-1.4626061916351318,-1.6260005235671997,-2.8800244331359863,-0.5085510015487671,-1.4626061916351318,-1.1710830926895142,-0.08983291685581207,,-1.4626061916351318,-0.05143963545560837,0.93647236,0.032188695,-0.021740533,0.7965492994699871
35,0.35000000000000003,FR,4.0,1.3887743949890137,1.3943884372711182,1.6360808610916138,1.5296103954315186,2.6112256050109863,0.5164548754692078,1.6360808610916138,1.1984697580337524,0.09208836406469345,,1.6360808610916138,0.14578473567962646,0.93647236,0.032188695,-0.021740533,0.7965492994699871
35,0.35000000000000003,BL,-4.0,-2.2316319942474365,-1.6091457605361938,-2.07281231880188,-1.2537946701049805,-1.7683680057525635,-0.5676679015159607,-2.07281231880188,-1.3528574705123901,-0.09977775812149048,,-2.07281231880188,-0.1822682023048401,0.93647236,0.032188695,-0.021740533,0.7965492994699871
35,0.35000000000000003,BR,4.0,1.2161870002746582,1.214470624923706,1.436049222946167,1.6527836322784424,2.783812999725342,0.572664201259613,1.436049222946167,1.3339776992797852,0.09985040128231049,,1.436049222946167,0.19990763068199158,0.93647236,0.032188695,-0.021740533,0.7965492994699871
36,0.36,FL,-4.0,-1.5162523984909058,-1.9205751419067383,-1.6260005235671997,-1.5020500421524048,-2.4837474822998047,-0.5383559465408325,-1.6260005235671997,-1.252677083015442,-0.10195443779230118,,-1.6260005235671997,-0.027807479724287987,0.9364832,0.0319873,-0.021740515,0.7949533707582375
36,0.36,FR,4.0,1.3943884372711182,1.4460591077804565,1.5296103954315186,1.5586994886398315,2.605611562728882,0.5477222204208374,1.5296103954315186,1.2714308500289917,0.10444030165672302,,1.5296103954315186,0.1124802827835083,0.9364832,0.0319873,-0.021740515,0.7949533707582375
36,0.36,BL,-4.0,-1.6091457605361938,-0.15765127539634705,-1.2537946701049805,-1.5240095853805542,-2.3908543586730957,-0.5963581800460815,-1.2537946701049805,-1.3981351852416992,-0.11353422701358795,,-1.2537946701049805,-0.2965729236602783,0.9364832,0.0319873,-0.021740515,0.7949533707582375
36,0.36,BR,4.0,1.214470624923706,1.0769047737121582,1.6527836322784424,1.6868759393692017,2.785529375076294,0.6060905456542969,1.6527836322784424,1.4112848043441772,0.11357928812503815,,1.6527836322784424,0.23569227755069733,0.9364832,0.0319873,-0.021740515,0.7949533707582375
37,0.37,FL,-4.0,-1.9205751419067383,-1.1811267137527466,-1.5020500421524048,-1.3701258897781372,-2.0794248580932617,-0.5633090734481812,-1.5020500421524048,-1.321351408958435,-0.11482686549425125,,-1.5020500421524048,-0.057250380516052246,0.936487,0.031767946,-0.021740519,0.7933378423208706
37,0.37,FR,4.0,1.4460591077804565,1.488435983657837,1.5586994886398315,1.5692986249923706,2.553940773010254,0.5783694982528687,1.5586994886398315,1.343812346458435,0.11751893162727356,,1.5586994886398315,0.08031599968671799,0.936487,0.031767946,-0.021740519,0.7933378423208706
37,0.37,BL,-4.0,-0.15765127539634705,-2.4714479446411133,-1.5240095853805542,-2.1332976818084717,-3.84234881401062,-0.6424663662910461,-1.5240095853805542,-1.4628280401229858,-0.12784120440483093,,-1.5240095853805542,-0.13869361579418182,0.936487,0.031767946,-0.021740519,0.7933378423208706
37,0.37,BR,4.0,1.0769047737121582,0.4957277476787567,1.6868759393692017,1.7753286361694336,2.923095226287842,0.6411677002906799,1.6868759393692017,1.488234281539917,0.12807944416999817,,1.6868759393692017,0.25486668944358826,0.936487,0.031767946,-0.021740519,0.7933378423208706
38,0.38,FL,-4.0,-1.1811267137527466,-1.3958443403244019,-1.3701258897781372,-1.6908583641052246,-2.818873405456543,-0.5971355438232422,-1.3701258897781372,-1.3769872188568115,-0.12832041084766388,,-1.3701258897781372,-0.024010904133319855,0.9364928,0.031556435,-0.021740625,0.7916257794908973
38,0.38,FR,4.0,1.488435983657837,1.0399835109710693,1.5692986249923706,1.5829951763153076,2.511564016342163,0.608508288860321,1.5692986249923706,1.4141868352890015,0.13131126761436462,,1.5692986249923706,0.134405717253685,0.9364928,0.031556435,-0.021740625,0.7916257794908973
38,0.38,BL,-4.0,-2.4714479446411133,-0.5883632302284241,-2.1332976818084717,-1.2538871765136719,-1.5285520553588867,-0.6608089804649353,-2.1332976818084717,-1.5727653503417969,-0.1430228352546692,,-2.1332976818084717,-0.5010535717010498,0.9364928,0.031556435,-0.021740625,0.7916257794908973
38,0.38,BR,4.0,0.4957277476787567,2.111239433288574,1.7753286361694336,2.0428764820098877,3.504272222518921,0.6832189559936523,1.7753286361694336,1.5691030025482178,0.14336882531642914,,1.7753286361694336,0.13917817175388336,0.9364928,0.031556435,-0.021740625,0.7916257794908973
39,0.39,FL,-4.0,-1.3958443403244019,-1.1921403408050537,-1.6908583641052246,-1.6387977600097656,-2.6041555404663086,-0.6283854246139526,-1.6908583641052246,-1.4555938243865967,-0.14248594641685486,,-1.6908583641052246,-0.1309952437877655,0.93653566,0.031350818,-0.021740485,0.7898174947829578
39,0.39,FR,4.0,1.0399835109710693,1.564454436302185,1.5829951763153076,1.7925149202346802,2.9600164890289307,0.6440284848213196,1.5829951763153076,1.4828760623931885,0.14579887688159943,,1.5829951763153076,0.07970473170280457,0.93653566,0.031350818,-0.021740485,0.7898174947829578
39,0.39,BL,-4.0,-0.5883632302284241,-2.015723943710327,-1.2538871765136719,-2.025463581085205,-3.4116368293762207,-0.7017486095428467,-1.2538871765136719,-1.609427571296692,-0.15893501043319702,,-1.2538871765136719,-0.09824623167514801,0.93653566,0.031350818,-0.021740485,0.7898174947829578
39,0.39,BR,4.0,2.111239433288574,0.4098778963088989,2.0428764820098877,1.4387232065200806,1.8887605667114258,0.7058840990066528,2.0428764820098877,1.6677823066711426,0.1595565527677536,,2.0428764820098877,0.346489816904068,0.93653566,0.031350818,-0.021740485,0.7898174947829578
40,0.4,FL,-4.0,-1.1921403408050537,-1.6910145282745361,-1.6387977600097656,-1.751529335975647,-2.8078596591949463,-0.6620797514915466,-1.6387977600097656,-1.5270354747772217,-0.15740147233009338,,-1.6387977600097656,-0.009052082896232605,0.93656194,0.031136505,-0.02174062,0.7879658063054187
40,0.4,FR,4.0,1.564454436302185,1.346024513244629,1.7925149202346802,1.6182466745376587,2.4355454444885254,0.6732550263404846,1.7925149202346802,1.5653026103973389,0.16104251146316528,,1.7925149202346802,0.1521720141172409,0.93656194,0.031136505,-0.02174062,0.7879658063054187
40,0.4,BL,-4.0,-2.015723943710327,-0.32984188199043274,-2.025463581085205,-1.4954590797424316,-1.9842760562896729,-0.7255599498748779,-2.025463581085205,-1.705160140991211,-0.17551115155220032,,-2.025463581085205,-0.48893311619758606,0.93656194,0.031136505,-0.02174062,0.7879658063054187
40,0.4,BR,4.0,0.4098778963088989,1.8411872386932373,1.4387232065200806,2.141932964324951,3.5901222229003906,0.7489655613899231,1.4387232065200806,1.7152138948440552,0.17647311091423035,,1.4387232065200806,0.1164269670844078,0.93656194,0.031136505,-0.02174062,0.7879658063054187
41,0.41000000000000003,FL,-4.0,-1.6910145282745361,-1.194491982460022,-1.751529335975647,-1.5856739282608032,-2.308985471725464,-0.6897875666618347,-1.751529335975647,-1.6045165061950684,-0.1730618178844452,,-1.751529335975647,-0.1253669559955597,0.9366356,0.030924443,-0.021740368,0.7858932801689813
41,0.41000000000000003,FR,4.0,1.346024513244629,1.6004161834716797,1.6182466745376587,1.7348452806472778,2.653975486755371,0.7051027417182922,1.6182466745376587,1.630831003189087,0.17702536284923553,,1.6182466745376587,0.06690486520528793,0.9366356,0.030924443,-0.021740368,0.7858932801689813
41,0.41000000000000003,BL,-4.0,-0.32984188199043274,-2.4194066524505615,-1.4954590797424316,-2.1936230659484863,-3.6701581478118896,-0.7696018218994141,-1.4954590797424316,-1.75557541847229,-0.19281651079654694,,-1.4954590797424316,-0.10621091723442078,0.9366356,0.030924443,-0.021740368,0.7858932801689813
41,0.41000000000000003,BR,4.0,1.8411872386932373,0.6885080337524414,2.141932964324951,1.6124906539916992,2.1588127613067627,0.774871289730072,2.141932964324951,1.8159321546554565,0.19413219392299652,,2.141932964324951,0.36645960807800293,0.9366356,0.030924443,-0.021740368,0.7858932801689813
42,0.42,FL,-4.0,-1.194491982460022,-1.657163381576538,-1.5856739282608032,-1.811990737915039,-2.8055081367492676,-0.7234536409378052,-1.5856739282608032,-1.6659528017044067,-0.18941619992256165,,-1.5856739282608032,-0.005356430541723967,0.9366805,0.030710619,-0.021740388,0.7838757833558361
42,0.42,FR,4.0,1.6004161834716797,1.3298027515411377,1.7348452806472778,1.6649363040924072,2.3995838165283203,0.7338977456092834,1.7348452806472778,1.702933669090271,0.19369658827781677,,1.7348452806472778,0.14734093844890594,0.9366805,0.030710619,-0.021740388,0.7838757833558361
42,0.42,BL,-4.0,-2.4194066524505615,-0.49008530378341675,-2.1936230659484863,-1.4018391370773315,-1.5805933475494385,-0.788568913936615,-2.1936230659484863,-1.8587646484375,-0.21089164912700653,,-2.1936230659484863,-0.5012192130088806,0.9366805,0.030710619,-0.021740388,0.7838757833558361
42,0.42,BR,4.0,0.6885080337524414,2.1115148067474365,1.6124906539916992,2.0994679927825928,3.3114919662475586,0.8146092295646667,1.6124906539916992,1.8711817264556885,0.21256960928440094,,1.6124906539916992,0.12413960695266724,0.9366805,0.030710619,-0.021740388,0.7838757833558361
43,0.43,FL,-4.0,-1.657163381576538,-1.1939746141433716,-1.811990737915039,-1.660588264465332,-2.342836618423462,-0.7515677213668823,-1.811990737915039,-1.7427282333374023,-0.20646217465400696,,-1.811990737915039,-0.14381705224514008,0.9367655,0.030508576,-0.021740323,0.7817819531789459
43,0.43,FR,4.0,1.3298027515411377,1.6426366567611694,1.6649363040924072,1.8019766807556152,2.6701972484588623,0.7659401297569275,1.6649363040924072,1.7667268514633179,0.21104702353477478,,1.6649363040924072,0.0694718062877655,0.9367655,0.030508576,-0.021740323,0.7817819531789459
43,0.43,BL,-4.0,-0.49008530378341675,-2.4428138732910156,-1.4018391370773315,-2.192534923553467,-3.5099146366119385,-0.830687940120697,-1.4018391370773315,-1.8958152532577515,-0.22966578602790833,,-1.4018391370773315,-0.09529201686382294,0.9367655,0.030508576,-0.021740323,0.7817819531789459
43,0.43,BR,4.0,2.1115148067474365,0.29539477825164795,2.0994679927825928,1.5700032711029053,1.8884851932525635,0.8372710347175598,2.0994679927825928,1.9624543190002441,0.2317408323287964,,2.0994679927825928,0.3608757257461548,0.9367655,0.030508576,-0.021740323,0.7817819531789459
44,0.44,FL,-4.0,-1.1939746141433716,-1.7791510820388794,-1.660588264465332,-1.8739778995513916,-2.806025505065918,-0.7852399945259094,-1.660588264465332,-1.8046200275421143,-0.22420097887516022,,-1.660588264465332,-0.010807446204125881,0.936822,0.030312294,-0.021740232,0.7797670848505163
44,0.44,FR,4.0,1.6426366567611694,1.8340054750442505,1.8019766807556152,1.7088854312896729,2.357363224029541,0.7942284941673279,1.8019766807556152,1.8387655019760132,0.22907689213752747,,1.8019766807556152,0.16093365848064423,0.936822,0.030312294,-0.021740232,0.7797670848505163
44,0.44,BL,-4.0,-2.4428138732910156,-0.341178834438324,-2.192534923553467,-1.4535623788833618,-1.5571861267089844,-0.8493741750717163,-2.192534923553467,-1.9934203624725342,-0.2491152137517929,,-2.192534923553467,-0.4997173845767975,0.936822,0.030312294,-0.021740232,0.7797670848505163
44,0.44,BR,4.0,0.29539477825164795,1.5398552417755127,1.5700032711029053,2.31911301612854,3.7046051025390625,0.8817263245582581,1.5700032711029053,2.008626699447632,0.2515977621078491,,1.5700032711029053,0.09778495132923126,0.936822,0.030312294,-0.021740232,0.7797670848505163
45,0.45,FL,-4.0,-1.7791510820388794,-1.819507122039795,-1.8739778995513916,-1.6735795736312866,-2.22084903717041,-0.811890184879303,-1.8739778995513916,-1.880819320678711,-0.2426307052373886,,-1.8739778995513916,-0.13186728954315186,0.93694997,0.030122856,-0.021740295,0.7775162900814191
45,0.45,FR,4.0,1.8340054750442505,1.7532131671905518,1.7088854312896729,1.6606262922286987,2.165994644165039,0.820220410823822,1.7088854312896729,1.9006792306900024,0.24777618050575256,,1.7088854312896729,0.05826352536678314,0.93694997,0.030122856,-0.021740295,0.7775162900814191
45,0.45,BL,-4.0,-0.341178834438324,-0.8814347982406616,-1.4535623788833618,-2.3129026889801025,-3.6588211059570312,-0.893280029296875,-1.4535623788833618,-2.029247283935547,-0.2692297399044037,,-1.4535623788833618,-0.25294655561447144,0.93694997,0.030122856,-0.021740295,0.7775162900814191
45,0.45,BR,4.0,1.5398552417755127,2.903233766555786,2.31911301612854,1.8657841682434082,2.4601447582244873,0.9112480282783508,2.31911301612854,2.1117348670959473,0.2722030282020569,,2.31911301612854,0.3258831799030304,0.93694997,0.030122856,-0.021740295,0.7775162900814191
46,0.46,FL,-4.0,-1.819507122039795,-1.1531896591186523,-1.6735795736312866,-1.6840873956680298,-2.180492877960205,-0.8380560874938965,-1.6735795736312866,-1.9383153915405273,-0.26172828674316406,,-1.6735795736312866,-0.09961012750864029,0.93708205,0.029952664,-0.021739729,0.7752772532940025
46,0.46,FR,4.0,1.7532131671905518,1.5714070796966553,1.6606262922286987,1.7189351320266724,2.2467868328094482,0.8471818566322327,1.6606262922286987,1.9563807249069214,0.26706331968307495,,1.6606262922286987,0.055154044181108475,0.93708205,0.029952664,-0.021739729,0.7752772532940025
46,0.46,BL,-4.0,-0.8814347982406616,-4.368176460266113,-2.3129026889801025,-2.1407060623168945,-3.118565082550049,-0.930702805519104,-2.3129026889801025,-2.1310596466064453,-0.290034681558609,,-2.3129026889801025,-0.18628230690956116,0.93708205,0.029952664,-0.021739729,0.7752772532940025
46,0.46,BR,4.0,2.903233766555786,0.2570793628692627,1.8657841682434082,1.3499544858932495,1.0967662334442139,0.9244092106819153,1.8657841682434082,2.1752493381500244,0.29364004731178284,,1.8657841682434082,0.3164657950401306,0.93708205,0.029952664,-0.021739729,0.7752772532940025
47,0.47000000000000003,FL,-4.0,-1.1531896591186523,-1.8609894514083862,-1.6840873956680298,-1.9767802953720093,-2.8468103408813477,-0.8722178339958191,-1.6840873956680298,-1.9943809509277344,-0.2813936471939087,,-1.6840873956680298,-0.043031398206949234,0.93717146,0.029790167,-0.02174011,0.7734303064470923
47,0.47000000000000003,FR,4.0,1.5714070796966553,1.4417494535446167,1.7189351320266724,1.8186190128326416,2.4285929203033447,0.8763249516487122,1.7189351320266724,2.0144708156585693,0.2869195342063904,,1.7189351320266724,0.16613717377185822,0.93717146,0.029790167,-0.02174011,0.7734303064470923
47,0.47000000000000003,BL,-4.0,-4.368176460266113,0.17868876457214355,-2.1407060623168945,-0.7834321856498718,0.3681764602661133,-0.926284670829773,-2.1407060623168945,-2.215376138687134,-0.31176966428756714,,-2.1407060623168945,-0.37657859921455383,0.93717146,0.029790167,-0.02174011,0.7734303064470923
47,0.47000000000000003,BR,4.0,0.2570793628692627,3.2114386558532715,1.3499544858932495,2.4215774536132812,3.7429206371307373,0.9693242907524109,1.3499544858932495,2.195821523666382,0.3154960870742798,,1.3499544858932495,0.20372019708156586,0.93717146,0.029790167,-0.02174011,0.7734303064470923
48,0.48,FL,-4.0,-1.8609894514083862,-1.6534414291381836,-1.9767802953720093,-1.7278220653533936,-2.139010429382324,-0.8978859782218933,-1.9767802953720093,-2.0712015628814697,-0.3017241358757019,,-1.9767802953720093,-0.19493597745895386,0.93723536,0.029586544,-0.021739893,0.7714314520360379
48,0.48,FR,4.0,1.4417494535446167,1.8906289339065552,1.8186190128326416,1.8996251821517944,2.5582504272460938,0.9070239663124084,1.8186190128326416,2.0781004428863525,0.3073844909667969,,1.8186190128326416,0.07759591192007065,0.93723536,0.029586544,-0.021739893,0.7714314520360379
48,0.48,BL,-4.0,0.17868876457214355,-0.5285070538520813,-0.7834321856498718,-2.5977602005004883,-4.178689002990723,-0.9764289259910583,-0.7834321856498718,-2.1899476051330566,-0.333795428276062,,-0.7834321856498718,-0.09935306012630463,0.93723536,0.029586544,-0.021739893,0.7714314520360379
48,0.48,BR,4.0,3.2114386558532715,0.5749483704566956,2.4215774536132812,1.2847487926483154,0.7885613441467285,0.9787870049476624,2.4215774536132812,2.2996251583099365,0.3379767835140228,,2.4215774536132812,0.4419523775577545,0.93723536,0.029586544,-0.021739893,0.7714314520360379
49,0.49,FL,-4.0,-1.6534414291381836,-1.7996325492858887,-1.7278220653533936,-1.836509346961975,-2.3465585708618164,-0.9260446429252625,-1.7278220653533936,-2.125486373901367,-0.3227093815803528,,-1.7278220653533936,-0.014485996216535568,0.93729514,0.029361024,-0.021740507,0.7693398949952914
49,0.49,FR,4.0,1.8906289339065552,1.762574315071106,1.8996251821517944,1.7507723569869995,2.1093711853027344,0.9323364496231079,1.8996251821517944,2.145587682723999,0.32850518822669983,,1.8996251821517944,0.13938812911510468,0.93729514,0.029361024,-0.021740507,0.7693398949952914
49,0.49,BL,-4.0,-0.5285070538520813,-2.8839786052703857,-2.5977602005004883,-2.3650259971618652,-3.4714930057525635,-1.0180867910385132,-2.5977602005004883,-2.307797908782959,-0.3562880754470825,,-2.5977602005004883,-0.325007826089859,0.93729514,0.029361024,-0.021740507,0.7693398949952914
49,0.49,BR,4.0,0.5749483704566956,0.7377029657363892,1.2847487926483154,2.3488075733184814,3.425051689147949,1.0198876857757568,1.2847487926483154,2.310206890106201,0.3610263168811798,,1.2847487926483154,0.13841871917247772,0.93729514,0.029361024,-0.021740507,0.7693398949952914
50,0.5,FL,-4.0,-1.7996325492858887,-1.9027202129364014,-1.836509346961975,-1.8061916828155518,-2.2003674507141113,-0.9524490833282471,-1.836509346961975,-2.1861658096313477,-0.34426966309547424,,-1.836509346961975,-0.016996899619698524,0.93736714,0.029118493,-0.021740017,0.7670086010715296
50,0.5,FR,4.0,1.762574315071106,1.5581669807434082,1.7507723569869995,1.8273067474365234,2.2374258041381836,0.9591855406761169,1.7507723569869995,2.1987555027008057,0.3502286672592163,,1.7507723569869995,0.12571245431900024,0.93736714,0.029118493,-0.021740017,0.7670086010715296
50,0.5,BL,-4.0,-2.8839786052703857,-2.0524275302886963,-2.3650259971618652,-1.4644954204559326,-1.1160213947296143,-1.0314791202545166,-2.3650259971618652,-2.402775764465332,-0.37984412908554077,,-2.3650259971618652,-0.4171621799468994,0.93736714,0.029118493,-0.021740017,0.7670086010715296
50,0.5,BR,4.0,0.7377029657363892,2.435845375061035,2.3488075733184814,2.3248064517974854,3.2622971534729004,1.0590351819992065,2.3488075733184814,2.4038186073303223,0.3845995366573334,,2.3488075733184814,0.22944758832454681,0.93736714,0.029118493,-0.021740017,0.7670086010715296
51,0.51,FL,-4.0,-1.9027202129364014,-1.8114014863967896,-1.8061916828155518,-1.7913609743118286,-2.0972797870635986,-0.9776164293289185,-1.8061916828155518,-2.242088556289673,-0.36641278862953186,,-1.8061916828155518,-0.08089890331029892,0.93742514,0.02887063,-0.021740055,0.7647458042317576
51,0.51,FR,4.0,1.5581669807434082,2.028654098510742,1.8273067474365234,1.9359186887741089,2.441833019256592,0.9884875416755676,1.8273067474365234,2.255840539932251,0.3725035488605499,,1.8273067474365234,0.08107796311378479,0.93742514,0.02887063,-0.021740055,0.7647458042317576
51,0.51,BL,-4.0,-2.0524275302886963,-1.0307389497756958,-1.4644954204559326,-1.810508131980896,-1.9475724697113037,-1.0548499822616577,-1.4644954204559326,-2.4234089851379395,-0.4039757251739502,,-1.4644954204559326,-0.14717264473438263,0.93742514,0.02887063,-0.021740055,0.7647458042317576
51,0.51,BR,4.0,2.435845375061035,2.0312023162841797,2.3248064517974854,1.6846970319747925,1.5641546249389648,1.0778050422668457,2.3248064517974854,2.491877317428589,0.40908095240592957,,2.3248064517974854,0.3620174527168274,0.93742514,0.02887063,-0.021740055,0.7647458042317576
52,0.52,FL,-4.0,-1.8114014863967896,-1.7477941513061523,-1.7913609743118286,-1.8530558347702026,-2.1885986328125,-1.0038795471191406,-1.7913609743118286,-2.2946555614471436,-0.38909825682640076,,-1.7913609743118286,-0.01499934308230877,0.9374537,0.028604487,-0.021740159,0.7624573154614419
52,0.52,FR,4.0,2.028654098510742,1.8861876726150513,1.9359186887741089,1.7770259380340576,1.9713459014892578,1.0121437311172485,1.9359186887741089,2.319204568862915,0.3953809142112732,,1.9359186887741089,0.07701613754034042,0.9374537,0.028604487,-0.021740159,0.7624573154614419
52,0.52,BL,-4.0,-1.0307389497756958,-3.8409616947174072,-1.810508131980896,-2.2425544261932373,-2.9692611694335938,-1.090481162071228,-1.810508131980896,-2.470367908477783,-0.4284461736679077,,-1.810508131980896,-0.23798976838588715,0.9374537,0.028604487,-0.021740159,0.7624573154614419
52,0.52,BR,4.0,2.0312023162841797,1.4498697519302368,1.6846970319747925,1.8653241395950317,1.9687976837158203,1.1014306545257568,1.6846970319747925,2.526285409927368,0.43417292833328247,,1.6846970319747925,0.16707049310207367,0.9374537,0.028604487,-0.021740159,0.7624573154614419
53,0.53,FL,-4.0,-1.7477941513061523,-1.9471702575683594,-1.8530558347702026,-1.9047619104385376,-2.2522058486938477,-1.030906081199646,-1.8530558347702026,-2.3499996662139893,-0.41232338547706604,,-1.8530558347702026,-0.005660145543515682,0.93749624,0.028376618,-0.021739746,0.7602842121317315
53,0.53,FR,4.0,1.8861876726150513,1.556433916091919,1.7770259380340576,1.8576686382293701,2.1138124465942383,1.0375094413757324,1.7770259380340576,2.3676235675811768,0.4188166558742523,,1.7770259380340576,0.1396556794643402,0.93749624,0.028376618,-0.021739746,0.7602842121317315
53,0.53,BL,-4.0,-3.8409616947174072,-2.050182819366455,-2.2425544261932373,-1.1540964841842651,-0.15903830528259277,-1.0923895835876465,-2.2425544261932373,-2.5493669509887695,-0.45354750752449036,,-2.2425544261932373,-0.49838894605636597,0.93749624,0.028376618,-0.021739746,0.7602842121317315
53,0.53,BR,4.0,1.4498697519302368,1.7640396356582642,1.8653241395950317,2.1214826107025146,2.5501303672790527,1.1320321559906006,1.8653241395950317,2.5735089778900146,0.4596734642982483,,1.8653241395950317,0.09755357354879379,0.93749624,0.028376618,-0.021739746,0.7602842121317315
54,0.54,FL,-4.0,-1.9471702575683594,-2.174609422683716,-1.9047619104385376,-1.852038025856018,-2.0528297424316406,-1.0555400848388672,-1.9047619104385376,-2.407228469848633,-0.4361114501953125,,-1.9047619104385376,-0.0914180800318718,0.9375912,0.02814294,-0.02173989,0.7579320681537368
54,0.54,FR,4.0,1.556433916091919,1.737456202507019,1.8576686382293701,2.0149359703063965,2.443566083908081,1.066832184791565,1.8576686382293701,2.420468330383301,0.4427588880062103,,1.8576686382293701,0.08519155532121658,0.9375912,0.02814294,-0.02173989,0.7579320681537368
54,0.54,BL,-4.0,-2.050182819366455,0.33276650309562683,-1.1540964841842651,-1.8723164796829224,-1.949817180633545,-1.115787386894226,-1.1540964841842651,-2.5399105548858643,-0.47899356484413147,,-1.1540964841842651,-0.16264687478542328,0.9375912,0.02814294,-0.02173989,0.7579320681537368
54,0.54,BR,4.0,1.7640396356582642,0.470566987991333,2.1214826107025146,2.026416301727295,2.2359604835510254,1.1588636636734009,2.1214826107025146,2.6389694213867188,0.48573803901672363,,2.1214826107025146,0.29703447222709656,0.9375912,0.02814294,-0.02173989,0.7579320681537368
55,0.55,FL,-4.0,-2.174609422683716,-1.941567063331604,-1.852038025856018,-1.785696268081665,-1.8253905773162842,-1.0774446725845337,-1.852038025856018,-2.458078622817993,-0.46043965220451355,,-1.852038025856018,-0.03198036551475525,0.9376951,0.027876314,-0.021740282,0.7551967069383634
55,0.55,FR,4.0,1.737456202507019,2.074064016342163,2.0149359703063965,1.971849799156189,2.2625436782836914,1.0939826965332031,2.0149359703063965,2.4835739135742188,0.46728119254112244,,2.0149359703063965,0.06962914764881134,0.9376951,0.027876314,-0.021740282,0.7551967069383634
55,0.55,BL,-4.0,0.33276650309562683,-2.272728443145752,-1.8723164796829224,-2.848893880844116,-4.332766532897949,-1.1677805185317993,-1.8723164796829224,-2.5871481895446777,-0.504630446434021,,-1.8723164796829224,-0.32612234354019165,0.9376951,0.027876314,-0.021740282,0.7551967069383634
55,0.55,BR,4.0,0.470566987991333,0.6242777109146118,2.026416301727295,2.5706369876861572,3.529433012008667,1.2012169361114502,2.026416301727295,2.6944077014923096,0.5124067664146423,,2.026416301727295,0.301513135433197,0.9376951,0.027876314,-0.021740282,0.7551967069383634
56,0.56,FL,-4.0,-1.941567063331604,-1.857088565826416,-1.785696268081665,-1.90081787109375,-2.0584330558776855,-1.1021459102630615,-1.785696268081665,-2.501732110977173,-0.4852401614189148,,-1.785696268081665,-0.0016843839548528194,0.93782616,0.027594464,-0.02173947,0.7520900491770312
56,0.56,FR,4.0,2.074064016342163,1.8016746044158936,1.971849799156189,1.8643571138381958,1.925935983657837,1.1170939207077026,1.971849799156189,2.5408263206481934,0.49240508675575256,,1.971849799156189,0.0975930243730545,0.93782616,0.027594464,-0.02173947,0.7520900491770312
56,0.56,BL,-4.0,-2.272728443145752,-2.832568645477295,-2.848893880844116,-1.8586891889572144,-1.727271556854248,-1.1885077953338623,-2.848893880844116,-2.709118127822876,-0.5311158299446106,,-2.848893880844116,-0.46152549982070923,0.93782616,0.027594464,-0.02173947,0.7520900491770312
56,0.56,BR,4.0,0.6242777109146118,1.9866385459899902,2.5706369876861572,2.5515058040618896,3.3757224082946777,1.2417255640029907,2.5706369876861572,2.7903506755828857,0.5398337841033936,,2.5706369876861572,0.23720650374889374,0.93782616,0.027594464,-0.02173947,0.7520900491770312
57,0.5700000000000001,FL,-4.0,-1.857088565826416,-2.044660806655884,-1.90081787109375,-1.959310531616211,-2.142911434173584,-1.1278609037399292,-1.90081787109375,-2.5527021884918213,-0.5105140209197998,,-1.90081787109375,-0.034291259944438934,0.93797016,0.027323179,-0.021739608,0.7491366999987881
57,0.5700000000000001,FR,4.0,1.8016746044158936,1.7642923593521118,1.8643571138381958,1.9964240789413452,2.1983253955841064,1.1434738636016846,1.8643571138381958,2.5874040126800537,0.5180478096008301,,1.8643571138381958,0.0709952861070633,0.93797016,0.027323179,-0.021739608,0.7491366999987881
57,0.5700000000000001,BL,-4.0,-2.832568645477295,-0.42542123794555664,-1.8586891889572144,-1.6554803848266602,-1.167431354522705,-1.202517032623291,-1.8586891889572144,-2.748652696609497,-0.5584059953689575,,-1.8586891889572144,-0.32133394479751587,0.93797016,0.027323179,-0.021739608,0.7491366999987881
57,0.5700000000000001,BR,4.0,1.9866385459899902,4.990655422210693,2.5515058040618896,2.047070264816284,2.0133614540100098,1.2658859491348267,2.5515058040618896,2.8810315132141113,0.5681936740875244,,2.5515058040618896,0.2620706856250763,0.93797016,0.027323179,-0.021739608,0.7491366999987881
58,0.58,FL,-4.0,-2.044660806655884,-1.746262788772583,-1.959310531616211,-1.909996509552002,-1.9553391933441162,-1.1513248682022095,-1.959310531616211,-2.6062605381011963,-0.536310613155365,,-1.959310531616211,-0.12793268263339996,0.9380889,0.027106259,-0.02173856,0.7465822130475528
58,0.58,FR,4.0,1.7642923593521118,2.0431790351867676,1.9964240789413452,2.03775691986084,2.2357077598571777,1.170302391052246,1.9964240789413452,2.642512321472168,0.5441992282867432,,1.9964240789413452,0.06482987850904465,0.9380889,0.027106259,-0.02173856,0.7465822130475528
58,0.58,BL,-4.0,-0.42542123794555664,-1.620413064956665,-1.6554803848266602,-2.6323485374450684,-3.5745787620544434,-1.245411992073059,-1.6554803848266602,-2.7707011699676514,-0.5860034823417664,,-1.6554803848266602,-0.1296321004629135,0.9380889,0.027106259,-0.02173856,0.7465822130475528
58,0.58,BR,4.0,4.990655422210693,0.39057350158691406,2.047070264816284,0.8696237206459045,-0.9906554222106934,1.253998041152954,2.047070264816284,2.928598165512085,0.5972434282302856,,2.047070264816284,0.30236345529556274,0.9380889,0.027106259,-0.02173856,0.7465822130475528
59,0.59,FL,-4.0,-1.746262788772583,-1.9743329286575317,-1.909996509552002,-2.0528197288513184,-2.253737211227417,-1.1783697605133057,-1.909996509552002,-2.6538517475128174,-0.562612771987915,,-1.909996509552002,-0.028485149145126343,0.93822783,0.026902847,-0.021740144,0.7440885768755409
59,0.59,FR,4.0,2.0431790351867676,1.3375276327133179,2.03775691986084,1.9530307054519653,1.9568209648132324,1.193784236907959,2.03775691986084,2.6987011432647705,0.5709071755409241,,2.03775691986084,0.1413918137550354,0.93822783,0.026902847,-0.021740144,0.7440885768755409
59,0.59,BL,-4.0,-1.620413064956665,-1.7962948083877563,-2.6323485374450684,-2.197246789932251,-2.379586935043335,-1.2739670276641846,-2.6323485374450684,-2.8684921264648438,-0.6142027378082275,,-2.6323485374450684,-0.38419556617736816,0.93822783,0.026902847,-0.021740144,0.7440885768755409
59,0.59,BR,4.0,0.39057350158691406,0.8525501489639282,0.8696237206459045,2.6977686882019043,3.609426498413086,1.2973111867904663,0.8696237206459045,2.881963014602661,0.6262946724891663,,0.8696237206459045,0.05636852979660034,0.93822783,0.026902847,-0.021740144,0.7440885768755409
60,0.6,FL,-4.0,-1.9743329286575317,-2.3312628269195557,-2.0528197288513184,-1.9886366128921509,-2.025667190551758,-1.2026777267456055,-2.0528197288513184,-2.7107770442962646,-0.5894378423690796,,-2.0528197288513184,-0.06384094804525375,0.9383937,0.026693298,-0.02174022,0.7412964906800281
60,0.6,FR,4.0,1.3375276327133179,1.900987148284912,1.9530307054519653,2.2587730884552,2.6624722480773926,1.2257338762283325,1.9530307054519653,2.746042251586914,0.5981324315071106,,1.9530307054519653,0.07942082732915878,0.9383937,0.026693298,-0.02174022,0.7412964906800281
60,0.6,BL,-4.0,-1.7962948083877563,-1.832859992980957,-2.197246789932251,-2.155449151992798,-2.203705310821533,-1.3004114627838135,-2.197246789932251,-2.9283273220062256,-0.6431888341903687,,-2.197246789932251,-0.3113081157207489,0.9383937,0.026693298,-0.02174022,0.7412964906800281
60,0.6,BR,4.0,0.8525501489639282,2.7067575454711914,2.6977686882019043,2.556291103363037,3.1474499702453613,1.3350805044174194,2.6977686882019043,2.9805216789245605,0.6556103825569153,,2.6977686882019043,0.33594244718551636,0.9383937,0.026693298,-0.02174022,0.7412964906800281
61,0.61,FL,-4.0,-2.3312628269195557,-1.6037914752960205,-1.9886366128921509,-1.8701726198196411,-1.6687371730804443,-1.2227026224136353,-1.9886366128921509,-2.760437250137329,-0.616795539855957,,-1.9886366128921509,-0.09610248357057571,0.93853956,0.02643937,-0.021739617,0.7383428323097705
61,0.61,FR,4.0,1.900987148284912,2.2403671741485596,2.2587730884552,2.0653390884399414,2.099012851715088,1.2509220838546753,2.2587730884552,2.8155040740966797,0.6259425282478333,,2.2587730884552,0.06428106129169464,0.93853956,0.02643937,-0.021739617,0.7383428323097705
61,0.61,BL,-4.0,-1.832859992980957,-2.543328046798706,-2.155449151992798,-2.1672675609588623,-2.167140007019043,-1.326417088508606,-2.155449151992798,-2.9825387001037598,-0.6727449893951416,,-2.155449151992798,-0.13657815754413605,0.93853956,0.02643937,-0.021739617,0.7383428323097705
61,0.61,BR,4.0,2.7067575454711914,1.9356603622436523,2.556291103363037,1.8523775339126587,1.2932424545288086,1.3505995273590088,2.556291103363037,3.0641210079193115,0.6858363747596741,,2.556291103363037,0.3841022551059723,0.93853956,0.02643937,-0.021739617,0.7383428323097705
62,0.62,FL,-4.0,-1.6037914752960205,-1.9652622938156128,-1.8701726198196411,-2.1811859607696533,-2.3962085247039795,-1.2514570951461792,-1.8701726198196411,-2.7988598346710205,-0.6445932984352112,,-1.8701726198196411,-0.0209957305341959,0.9386326,0.02618898,-0.02173985,0.7356592573903659
62,0.62,FR,4.0,2.2403671741485596,1.6558876037597656,2.0653390884399414,1.9547752141952515,1.7596328258514404,1.2720376253128052,2.0653390884399414,2.867072820663452,0.6543570756912231,,2.0653390884399414,0.12777842581272125,0.9386326,0.02618898,-0.02173985,0.7356592573903659
62,0.62,BL,-4.0,-2.543328046798706,-1.194078803062439,-2.1672675609588623,-1.9090858697891235,-1.456671953201294,-1.3438972234725952,-2.1672675609588623,-3.0355513095855713,-0.7028371691703796,,-2.1672675609588623,-0.3683914542198181,0.9386326,0.02618898,-0.02173985,0.7356592573903659
62,0.62,BR,4.0,1.9356603622436523,1.9940180778503418,1.8523775339126587,2.176335334777832,2.0643396377563477,1.3753715753555298,1.8523775339126587,3.089240550994873,0.7166040539741516,,1.8523775339126587,0.18443000316619873,0.9386326,0.02618898,-0.02173985,0.7356592573903659
63,0.63,FL,-4.0,-1.9652622938156128,-1.765392780303955,-2.1811859607696533,-2.065352201461792,-2.0347375869750977,-1.2758740186691284,-2.1811859607696533,-2.860166072845459,-0.6728904843330383,,-2.1811859607696533,-0.12355124950408936,0.9387287,0.02593465,-0.021739993,0.7330500988747524
63,0.63,FR,4.0,1.6558876037597656,1.9650193452835083,1.9547752141952515,2.2096827030181885,2.3441123962402344,1.3001669645309448,1.9547752141952515,2.9079487323760986,0.6832335591316223,,1.9547752141952515,0.06871658563613892,0.9387287,0.02593465,-0.021739993,0.7330500988747524
63,0.63,BL,-4.0,-1.194078803062439,-2.5075366497039795,-1.9090858697891235,-2.4662656784057617,-2.8059210777282715,-1.377568244934082,-1.9090858697891235,-3.0662384033203125,-0.7333471775054932,,-1.9090858697891235,-0.11597921699285507,0.9387287,0.02593465,-0.021739993,0.7330500988747524
63,0.63,BR,4.0,1.9940180778503418,0.8185829520225525,2.176335334777832,2.177764415740967,2.005981922149658,1.3994433879852295,2.176335334777832,3.138780355453491,0.7477458119392395,,2.176335334777832,0.3372143507003784,0.9387287,0.02593465,-0.021739993,0.7330500988747524
64,0.64,FL,-4.0,-1.765392780303955,-2.1322898864746094,-2.065352201461792,-2.1697168350219727,-2.234607219696045,-1.3026893138885498,-2.065352201461792,-2.909984588623047,-0.7017428874969482,,-2.065352201461792,-0.012616832740604877,0.93879443,0.025645588,-0.021739978,0.7303403456536127
64,0.64,FR,4.0,1.9650193452835083,2.0456433296203613,2.2096827030181885,2.114159345626831,2.0349807739257812,1.3245867490768433,2.2096827030181885,2.967212438583374,0.7126113772392273,,2.2096827030181885,0.16278615593910217,0.93879443,0.025645588,-0.021739978,0.7303403456536127
64,0.64,BL,-4.0,-2.5075366497039795,-2.0143656730651855,-2.4662656784057617,-1.9745535850524902,-1.4924633502960205,-1.3954777717590332,-2.4662656784057617,-3.1394166946411133,-0.7643778920173645,,-2.4662656784057617,-0.4396025240421295,0.93879443,0.025645588,-0.021739978,0.7303403456536127
64,0.64,BR,4.0,0.8185829520225525,2.576897621154785,2.177764415740967,2.6720101833343506,3.1814169883728027,1.4376202821731567,2.177764415740967,3.1864898204803467,0.7793737649917603,,2.177764415740967,0.2142558991909027,0.93879443,0.025645588,-0.021739978,0.7303403456536127
65,0.65,FL,-4.0,-2.1322898864746094,-2.0252809524536133,-2.1697168350219727,-2.0497732162475586,-1.8677101135253906,-1.3251017332077026,-2.1697168350219727,-2.966034173965454,-0.7311248779296875,,-2.1697168350219727,-0.08138493448495865,0.9388456,0.02533478,-0.021739617,0.7276162778113955
65,0.65,FR,4.0,2.0456433296203613,2.1457557678222656,2.114159345626831,2.1063294410705566,1.9543566703796387,1.3480390310287476,2.114159345626831,3.0166609287261963,0.7425323724746704,,2.114159345626831,0.06756164878606796,0.9388456,0.02533478,-0.021739617,0.7276162778113955
65,0.65,BL,-4.0,-2.0143656730651855,-2.523040294647217,-1.9745535850524902,-2.1897315979003906,-1.9856343269348145,-1.419305443763733,-1.9745535850524902,-3.1711652278900146,-0.7959318161010742,,-1.9745535850524902,-0.13820959627628326,0.9388456,0.02533478,-0.021739617,0.7276162778113955
65,0.65,BR,4.0,2.576897621154785,1.2311197519302368,2.6720101833343506,2.0068612098693848,1.4231023788452148,1.454697608947754,2.6720101833343506,3.271087884902954,0.8116644620895386,,2.6720101833343506,0.3625890910625458,0.9388456,0.02533478,-0.021739617,0.7276162778113955
66,0.66,FL,-4.0,-2.0252809524536133,-2.1013200283050537,-2.0497732162475586,-2.1149892807006836,-1.9747190475463867,-1.348798394203186,-2.0497732162475586,-3.010479688644409,-0.7610089182853699,,-2.0497732162475586,-0.0021774638444185257,0.9388711,0.025013981,-0.02173986,0.7248833512765577
66,0.66,FR,4.0,2.1457557678222656,1.6429181098937988,2.1063294410705566,2.0897367000579834,1.8542442321777344,1.370289921760559,2.1063294410705566,3.063556671142578,0.7729350328445435,,2.1063294410705566,0.13530774414539337,0.9388711,0.025013981,-0.02173986,0.7248833512765577
66,0.66,BL,-4.0,-2.523040294647217,-1.1709296703338623,-2.1897315979003906,-2.01008939743042,-1.4769597053527832,-1.4370288848876953,-2.1897315979003906,-3.218543291091919,-0.827881932258606,,-2.1897315979003906,-0.42059412598609924,0.9388711,0.025013981,-0.02173986,0.7248833512765577
66,0.66,BR,4.0,1.2311197519302368,2.293342113494873,2.0068612098693848,2.5622496604919434,2.7688803672790527,1.4879240989685059,2.0068612098693848,3.3002068996429443,0.8445218801498413,,2.0068612098693848,0.169337660074234,0.9388711,0.025013981,-0.02173986,0.7248833512765577
67,0.67,FL,-4.0,-2.1013200283050537,-1.6313964128494263,-2.1149892807006836,-2.1082704067230225,-1.8986799716949463,-1.3715826272964478,-2.1149892807006836,-3.0582969188690186,-0.7913544178009033,,-2.1149892807006836,-0.08581306040287018,0.93887305,0.024694052,-0.021739922,0.72238435937699
67,0.67,FR,4.0,1.6429181098937988,2.059330463409424,2.0897367000579834,2.3131227493286133,2.357081890106201,1.398574948310852,2.0897367000579834,3.1073124408721924,0.803790807723999,,2.0897367000579834,0.077236108481884,0.93887305,0.024694052,-0.021739922,0.72238435937699
67,0.67,BL,-4.0,-1.1709296703338623,-2.9600141048431396,-2.01008939743042,-2.568657159805298,-2.8290703296661377,-1.470977783203125,-2.01008939743042,-3.2499756813049316,-0.8602256178855896,,-2.01008939743042,-0.0931926891207695,0.93887305,0.024694052,-0.021739922,0.72238435937699
67,0.67,BR,4.0,2.293342113494873,0.9323438405990601,2.5622496604919434,2.1705873012542725,1.706657886505127,1.508404016494751,2.5622496604919434,3.3717384338378906,0.877884030342102,,2.5622496604919434,0.38800159096717834,0.93887305,0.024694052,-0.021739922,0.72238435937699
68,0.68,FL,-4.0,-1.6313964128494263,-2.1208224296569824,-2.1082704067230225,-2.319024085998535,-2.3686037063598633,-1.40000581741333,-2.1082704067230225,-3.103712320327759,-0.8221659660339355,,-2.1082704067230225,-0.021703146398067474,0.9388565,0.024373753,-0.021739794,0.7197629900781165
68,0.68,FR,4.0,2.059330463409424,2.09516978263855,2.3131227493286133,2.1748428344726562,1.9406695365905762,1.4218629598617554,2.3131227493286133,3.166870594024658,0.8351637125015259,,2.3131227493286133,0.16140609979629517,0.9388565,0.024373753,-0.021739794,0.7197629900781165
68,0.68,BL,-4.0,-2.9600141048431396,-1.7829687595367432,-2.568657159805298,-1.886972188949585,-1.0399858951568604,-1.4834575653076172,-2.568657159805298,-3.323979377746582,-0.8930978178977966,,-2.568657159805298,-0.5014376044273376,0.9388565,0.024373753,-0.021739794,0.7197629900781165
68,0.68,BR,4.0,0.9323438405990601,1.9950311183929443,2.1705873012542725,2.735466480255127,3.0676560401916504,1.5452158451080322,2.1705873012542725,3.409750461578369,0.9117926955223083,,2.1705873012542725,0.11501028388738632,0.9388565,0.024373753,-0.021739794,0.7197629900781165
69,0.6900000000000001,FL,-4.0,-2.1208224296569824,-2.36572527885437,-2.319024085998535,-2.151676893234253,-1.8791775703430176,-1.422555923461914,-2.319024085998535,-3.163874626159668,-0.8535059094429016,,-2.319024085998535,-0.05468706786632538,0.9388733,0.02402728,-0.021739582,0.7170992545557113
69,0.6900000000000001,FR,4.0,2.09516978263855,1.806082844734192,2.1748428344726562,2.1837949752807617,1.9048302173614502,1.444720983505249,2.1748428344726562,3.213249444961548,0.8670659065246582,,2.1748428344726562,0.0836222767829895,0.9388733,0.02402728,-0.021739582,0.7170992545557113
69,0.6900000000000001,BL,-4.0,-1.7829687595367432,-3.248325824737549,-1.886972188949585,-2.370270013809204,-2.217031240463257,-1.5100619792938232,-1.886972188949585,-3.341622829437256,-0.9264264106750488,,-1.886972188949585,-0.18251146376132965,0.9388733,0.02402728,-0.021739582,0.7170992545557113
69,0.6900000000000001,BR,4.0,1.9950311183929443,0.41580766439437866,2.735466480255127,2.347203493118286,2.0049688816070557,1.5692754983901978,2.735466480255127,3.4905707836151123,0.9462969899177551,,2.735466480255127,0.31414833664894104,0.9388733,0.02402728,-0.021739582,0.7170992545557113
70,0.7000000000000001,FL,-4.0,-2.36572527885437,-2.193012237548828,-2.151676893234253,-2.076265811920166,-1.6342747211456299,-1.4421672821044922,-2.151676893234253,-3.208554267883301,-0.8853695392608643,,-2.151676893234253,0.002519221045076847,0.9388868,0.023692936,-0.02173955,0.7141886661426653
70,0.7000000000000001,FR,4.0,1.806082844734192,1.9086207151412964,2.1837949752807617,2.3222877979278564,2.1939172744750977,1.4710479974746704,2.1837949752807617,3.258511781692505,0.8994262218475342,,2.1837949752807617,0.1360497623682022,0.9388868,0.023692936,-0.02173955,0.7141886661426653
70,0.7000000000000001,BL,-4.0,-3.248325824737549,-1.1674878597259521,-2.370270013809204,-1.8107316493988037,-0.7516741752624512,-1.5190820693969727,-2.370270013809204,-3.396475076675415,-0.9601187705993652,,-2.370270013809204,-0.5019381642341614,0.9388868,0.023692936,-0.02173955,0.7141886661426653
70,0.7000000000000001,BR,4.0,0.41580766439437866,2.243114948272705,2.347203493118286,3.0029523372650146,3.5841922760009766,1.612285852432251,2.347203493118286,3.537773847579956,0.9814403057098389,,2.347203493118286,0.1284710317850113,0.9388868,0.023692936,-0.02173955,0.7141886661426653
71,0.71,FL,-4.0,-2.193012237548828,-1.6602798700332642,-2.076265811920166,-2.1649622917175293,-1.8069877624511719,-1.4638510942459106,-2.076265811920166,-3.245568037033081,-0.9176414012908936,,-2.076265811920166,-0.06693786382675171,0.9389168,0.023351146,-0.021739729,0.7112751089864223
71,0.71,FR,4.0,1.9086207151412964,2.2791364192962646,2.3222877979278564,2.3075997829437256,2.091379165649414,1.4961445331573486,2.3222877979278564,3.3128602504730225,0.9322848916053772,,2.3222877979278564,0.073488250374794,0.9389168,0.023351146,-0.021739729,0.7112751089864223
71,0.71,BL,-4.0,-1.1674878597259521,-3.373265504837036,-1.8107316493988037,-2.6520869731903076,-2.832512140274048,-1.553072214126587,-1.8107316493988037,-3.405297040939331,-0.9941279292106628,,-1.8107316493988037,-0.1528712660074234,0.9389168,0.023351146,-0.021739729,0.7112751089864223
71,0.71,BR,4.0,2.243114948272705,2.08221435546875,3.0029523372650146,2.315039873123169,1.756885051727295,1.6333684921264648,3.0029523372650146,3.6345505714416504,1.0173051357269287,,3.0029523372650146,0.4255666732788086,0.9389168,0.023351146,-0.021739729,0.7112751089864223
72,0.72,FL,-4.0,-1.6602798700332642,-2.1812658309936523,-2.1649622917175293,-2.3997390270233154,-2.3397202491760254,-1.4919277429580688,-2.1649622917175293,-3.288086175918579,-0.9503110647201538,,-2.1649622917175293,-0.008357882499694824,0.9389187,0.023020783,-0.021739423,0.7083812844619657
72,0.72,FR,4.0,2.2791364192962646,2.169354200363159,2.3075997829437256,2.1844899654388428,1.7208635807037354,1.5167949199676514,2.3075997829437256,3.3639256954193115,0.9656704664230347,,2.3075997829437256,0.15010860562324524,0.9389187,0.023020783,-0.021739423,0.7083812844619657
72,0.72,BL,-4.0,-3.373265504837036,-2.841663122177124,-2.6520869731903076,-1.8037660121917725,-0.6267344951629639,-1.5605930089950562,-2.6520869731903076,-3.479753017425537,-1.0285556316375732,,-2.6520869731903076,-0.4932439625263214,0.9389187,0.023020783,-0.021739423,0.7083812844619657
72,0.72,BR,4.0,2.08221435546875,2.574787139892578,2.315039873123169,2.400482654571533,1.91778564453125,1.6563818454742432,2.315039873123169,3.673585891723633,1.0538471937179565,,2.315039873123169,0.10964982211589813,0.9389187,0.023020783,-0.021739423,0.7083812844619657
73,0.73,FL,-4.0,-2.1812658309936523,-2.7843923568725586,-2.3997390270233154,-2.21942138671875,-1.8187341690063477,-1.5137525796890259,-2.3997390270233154,-3.347348690032959,-0.9834902286529541,,-2.3997390270233154,-0.05323239415884018,0.93900067,0.0226862,-0.02173924,0.705416134119075
73,0.73,FR,4.0,2.169354200363159,1.829892635345459,2.1844899654388428,2.2490532398223877,1.8306457996368408,1.5387625694274902,2.1844899654388428,3.403334379196167,0.9995080828666687,,2.1844899654388428,0.07353135198354721,0.93900067,0.0226862,-0.02173924,0.705416134119075
73,0.73,BL,-4.0,-2.841663122177124,-0.2958281338214874,-1.8037660121917725,-2.023927688598633,-1.158336877822876,-1.5744930505752563,-1.8037660121917725,-3.4847633838653564,-1.0633783340454102,,-1.8037660121917725,-0.3053935468196869,0.93900067,0.0226862,-0.02173924,0.705416134119075
73,0.73,BR,4.0,2.574787139892578,1.2579846382141113,2.400482654571533,2.2264671325683594,1.4252128601074219,1.673484444618225,2.400482654571533,3.7177910804748535,1.0908055305480957,,2.400482654571533,0.16301165521144867,0.93900067,0.0226862,-0.02173924,0.705416134119075
74,0.74,FL,-4.0,-2.7843923568725586,-1.6215853691101074,-2.21942138671875,-1.9999955892562866,-1.2156076431274414,-1.5283398628234863,-2.21942138671875,-3.3901469707489014,-1.0171791315078735,,-2.21942138671875,-0.05803262069821358,0.9390766,0.022407927,-0.021740047,0.7024237217206909
74,0.74,FR,4.0,1.829892635345459,2.1226460933685303,2.2490532398223877,2.4068055152893066,2.170107364654541,1.564803957939148,2.2490532398223877,3.446260929107666,1.0337575674057007,,2.2490532398223877,0.06468845903873444,0.9390766,0.022407927,-0.021740047,0.7024237217206909
74,0.74,BL,-4.0,-0.2958281338214874,-2.084714412689209,-2.023927688598633,-3.056161880493164,-3.704171895980835,-1.6189430952072144,-2.023927688598633,-3.5068423748016357,-1.098337173461914,,-2.023927688598633,-0.13101726770401,0.9390766,0.022407927,-0.021740047,0.7024237217206909
74,0.74,BR,4.0,1.2579846382141113,0.9729701280593872,2.2264671325683594,2.7702906131744385,2.7420153617858887,1.7063885927200317,2.2264671325683594,3.7466163635253906,1.1281285285949707,,2.2264671325683594,0.3052070736885071,0.9390766,0.022407927,-0.021740047,0.7024237217206909
75,0.75,FL,-4.0,-1.6215853691101074,-2.036949872970581,-1.9999955892562866,-2.479705572128296,-2.3784146308898926,-1.5568808317184448,-1.9999955892562866,-3.4140591621398926,-1.0512009859085083,,-1.9999955892562866,-0.0030077053233981133,0.9391352,0.022148222,-0.021739973,0.6995848499572465
75,0.75,FR,4.0,2.1226460933685303,2.1725449562072754,2.4068055152893066,2.3157453536987305,1.8773539066314697,1.5873321294784546,2.4068055152893066,3.499875545501709,1.0684900283813477,,2.4068055152893066,0.17941609025001526,0.9391352,0.022148222,-0.021739973,0.6995848499572465
75,0.75,BL,-4.0,-2.084714412689209,-2.2344226837158203,-3.056161880493164,-2.3850574493408203,-1.915285587310791,-1.6419265270233154,-3.056161880493164,-3.6090047359466553,-1.1339198350906372,,-3.056161880493164,-0.5012374520301819,0.9391352,0.022148222,-0.021739973,0.6995848499572465
75,0.75,BR,4.0,0.9729701280593872,3.0140113830566406,2.7702906131744385,2.9172005653381348,3.0270299911499023,1.7427129745483398,2.7702906131744385,3.8169586658477783,1.165948748588562,,2.7702906131744385,0.12142825126647949,0.9391352,0.022148222,-0.021739973,0.6995848499572465
76,0.76,FL,-4.0,-2.036949872970581,-2.1310224533081055,-2.479705572128296,-2.3421008586883545,-1.963050127029419,-1.580437421798706,-2.479705572128296,-3.4746532440185547,-1.0856465101242065,,-2.479705572128296,-0.11631366610527039,0.9392893,0.021857051,-0.021739442,0.6966077155849754
76,0.76,FR,4.0,2.1725449562072754,2.2544565200805664,2.3157453536987305,2.3183140754699707,1.8274550437927246,1.6092616319656372,2.3157453536987305,3.5442469120025635,1.1037120819091797,,2.3157453536987305,0.0799989402294159,0.9392893,0.021857051,-0.021739442,0.6966077155849754
76,0.76,BL,-4.0,-2.2344226837158203,-3.345956802368164,-2.3850574493408203,-2.3481574058532715,-1.7655773162841797,-1.6631134748458862,-2.3850574493408203,-3.6545326709747314,-1.170238971710205,,-2.3850574493408203,-0.26718252897262573,0.9392893,0.021857051,-0.021739442,0.6966077155849754
76,0.76,BR,4.0,3.0140113830566406,2.3756165504455566,2.9172005653381348,2.137108325958252,0.9859886169433594,1.7545448541641235,2.9172005653381348,3.896063804626465,1.2045164108276367,,2.9172005653381348,0.21960791945457458,0.9392893,0.021857051,-0.021739442,0.6966077155849754
77,0.77,FL,-4.0,-2.1310224533081055,-2.410104513168335,-2.3421008586883545,-2.328028440475464,-1.8689775466918945,-1.6028650999069214,-2.3421008586883545,-3.522080421447754,-1.1206318140029907,,-2.3421008586883545,-0.04302456974983215,0.9394163,0.021624854,-0.021739503,0.6934695597193719
77,0.77,FR,4.0,2.2544565200805664,2.0134730339050293,2.3183140754699707,2.307478904724121,1.7455434799194336,1.630208134651184,2.3183140754699707,3.5870797634124756,1.139370083808899,,2.3183140754699707,0.11990521103143692,0.9394163,0.021624854,-0.021739503,0.6934695597193719
77,0.77,BL,-4.0,-3.345956802368164,-1.6335344314575195,-2.3481574058532715,-1.9247307777404785,-0.6540431976318359,-1.6709619760513306,-2.3481574058532715,-3.6953814029693604,-1.2069898843765259,,-2.3481574058532715,-0.33402562141418457,0.9394163,0.021624854,-0.021739503,0.6934695597193719
77,0.77,BR,4.0,2.3756165504455566,1.9428739547729492,2.137108325958252,2.4042983055114746,1.6243834495544434,1.774037480354309,2.137108325958252,3.91089129447937,1.2435517311096191,,2.137108325958252,0.23414166271686554,0.9394163,0.021624854,-0.021739503,0.6934695597193719
78,0.78,FL,-4.0,-2.410104513168335,-1.9573428630828857,-2.328028440475464,-2.238823413848877,-1.589895486831665,-1.6219438314437866,-2.328028440475464,-3.5665442943573,-1.156076431274414,,-2.328028440475464,-0.12179647386074066,0.939585,0.021356015,-0.02173959,0.6904437633349233
78,0.78,FR,4.0,2.0134730339050293,2.241055488586426,2.307478904724121,2.424818992614746,1.9865269660949707,1.6540464162826538,2.307478904724121,3.6273834705352783,1.1754437685012817,,2.307478904724121,0.07725483179092407,0.939585,0.021356015,-0.02173959,0.6904437633349233
78,0.78,BL,-4.0,-1.6335344314575195,-2.6551313400268555,-1.9247307777404785,-2.6175482273101807,-2.3664655685424805,-1.699359655380249,-1.9247307777404785,-3.701423168182373,-1.243974208831787,,-1.9247307777404785,-0.2386847734451294,0.939585,0.021356015,-0.02173959,0.6904437633349233
78,0.78,BR,4.0,1.9428739547729492,1.4946225881576538,2.4042983055114746,2.5968878269195557,2.057126045227051,1.7987229824066162,2.4042983055114746,3.9460909366607666,1.2828378677368164,,2.4042983055114746,0.2272520363330841,0.939585,0.021356015,-0.02173959,0.6904437633349233
79,0.79,FL,-4.0,-1.9573428630828857,-2.2705957889556885,-2.238823413848877,-2.439006805419922,-2.0426571369171143,-1.6464557647705078,-2.238823413848877,-3.602269172668457,-1.191921591758728,,-2.238823413848877,-0.04451877623796463,0.9397254,0.021139134,-0.02173961,0.6871330660091773
79,0.79,FR,4.0,2.241055488586426,2.2960758209228516,2.424818992614746,2.3576242923736572,1.7589445114135742,1.6751538515090942,2.424818992614746,3.6753087043762207,1.211958885192871,,2.424818992614746,0.12090945988893509,0.9397254,0.021139134,-0.02173961,0.6871330660091773
79,0.79,BL,-4.0,-2.6551313400268555,-2.3008663654327393,-2.6175482273101807,-2.237307071685791,-1.3448686599731445,-1.7154980897903442,-2.6175482273101807,-3.761559247970581,-1.281291127204895,,-2.6175482273101807,-0.3490636944770813,0.9397254,0.021139134,-0.02173961,0.6871330660091773
79,0.79,BR,4.0,1.4946225881576538,2.007201671600342,2.5968878269195557,2.8008739948272705,2.5053772926330566,1.8287874460220337,2.5968878269195557,3.9950132369995117,1.3225449323654175,,2.5968878269195557,0.29968640208244324,0.9397254,0.021139134,-0.02173961,0.6871330660091773
80,0.8,FL,-4.0,-2.2705957889556885,-2.7341225147247314,-2.439006805419922,-2.3382174968719482,-1.7294042110443115,-1.6672086715698242,-2.439006805419922,-3.652291774749756,-1.228196144104004,,-2.439006805419922,-0.07488035410642624,0.93994,0.020874383,-0.021739336,0.6837410826254093
80,0.8,FR,4.0,2.2960758209228516,2.226205587387085,2.3576242923736572,2.3567235469818115,1.7039241790771484,1.6956008672714233,2.3576242923736572,3.716085433959961,1.2489172220230103,,2.3576242923736572,0.09149689227342606,0.93994,0.020874383,-0.021739336,0.6837410826254093
80,0.8,BL,-4.0,-2.3008663654327393,-1.9530471563339233,-2.237307071685791,-2.395151376724243,-1.6991336345672607,-1.7358876466751099,-2.237307071685791,-3.7895185947418213,-1.319047451019287,,-2.237307071685791,-0.3519255518913269,0.93994,0.020874383,-0.021739336,0.6837410826254093
80,0.8,BR,4.0,2.007201671600342,3.07114577293396,2.8008739948272705,2.6259067058563232,1.9927983283996582,1.8527010679244995,2.8008739948272705,4.058014392852783,1.3628121614456177,,2.8008739948272705,0.19454124569892883,0.93994,0.020874383,-0.021739336,0.6837410826254093
81,0.81,FL,-4.0,-2.7341225147247314,-1.998942255973816,-2.3382174968719482,-2.1735596656799316,-1.2658774852752686,-1.6823991537094116,-2.3382174968719482,-3.6924490928649902,-1.2649211883544922,,-2.3382174968719482,-0.10987028479576111,0.94015557,0.020610068,-0.0217386,0.6801611017137691
81,0.81,FR,4.0,2.226205587387085,2.3477697372436523,2.3567235469818115,2.405118703842163,1.773794412612915,1.7168864011764526,2.3567235469818115,3.755192518234253,1.2862749099731445,,2.3567235469818115,0.03644776716828346,0.94015557,0.020610068,-0.0217386,0.6801611017137691
81,0.81,BL,-4.0,-1.9530471563339233,-2.28821063041687,-2.395151376724243,-2.554668664932251,-2.046952724456787,-1.760451078414917,-2.395151376724243,-3.8287599086761475,-1.357140064239502,,-2.395151376724243,-0.1452794075012207,0.94015557,0.020610068,-0.0217386,0.6801611017137691
81,0.81,BR,4.0,3.07114577293396,1.7422091960906982,2.6259067058563232,2.224242687225342,0.92885422706604,1.863847255706787,2.6259067058563232,4.104824066162109,1.4036279916763306,,2.6259067058563232,0.4235396385192871,0.94015557,0.020610068,-0.0217386,0.6801611017137691
82,0.8200000000000001,FL,-4.0,-1.998942255973816,-2.2465858459472656,-2.1735596656799316,-2.4828221797943115,-2.0010576248168945,-1.7064118385314941,-2.1735596656799316,-3.718118906021118,-1.301974892616272,,-2.1735596656799316,-0.038673803210258484,0.9403095,0.020319285,-0.02173961,0.6768760327146714
82,0.8200000000000001,FR,4.0,2.3477697372436523,2.1647439002990723,2.405118703842163,2.3777785301208496,1.6522302627563477,1.736713171005249,2.405118703842163,3.7965612411499023,1.3240350484848022,,2.405118703842163,0.11145098507404327,0.9403095,0.020319285,-0.02173961,0.6768760327146714
82,0.8200000000000001,BL,-4.0,-2.28821063041687,-0.8490726947784424,-2.554668664932251,-2.445166826248169,-1.7117893695831299,-1.7809925079345703,-2.554668664932251,-3.878972053527832,-1.3956804275512695,,-2.554668664932251,-0.3166438639163971,0.9403095,0.020319285,-0.02173961,0.6768760327146714
82,0.8200000000000001,BR,4.0,1.7422091960906982,2.596402645111084,2.224242687225342,2.7669637203216553,2.2577908039093018,1.89094078540802,2.224242687225342,4.1182990074157715,1.4447439908981323,,2.224242687225342,0.24533064663410187,0.9403095,0.020319285,-0.02173961,0.6768760327146714
83,0.8300000000000001,FL,-4.0,-2.2465858459472656,-2.0726394653320312,-2.4828221797943115,-2.4077775478363037,-1.7534141540527344,-1.7274528741836548,-2.4828221797943115,-3.7670352458953857,-1.339402198791504,,-2.4828221797943115,-0.11772423982620239,0.94044745,0.02002904,-0.02173927,0.673489805930233
83,0.8300000000000001,FR,4.0,2.1647439002990723,2.3054091930389404,2.3777785301208496,2.470815658569336,1.8352560997009277,1.758736252784729,2.3777785301208496,3.8341641426086426,1.3621898889541626,,2.3777785301208496,0.056603338569402695,0.94044745,0.02002904,-0.02173927,0.673489805930233
83,0.8300000000000001,BL,-4.0,-0.8490726947784424,-2.796285629272461,-2.445166826248169,-3.041363477706909,-3.1509273052215576,-1.8188036680221558,-2.445166826248169,-3.918627977371216,-1.4346697330474854,,-2.445166826248169,-0.16240756213665009,0.94044745,0.02002904,-0.02173927,0.673489805930233
83,0.8300000000000001,BR,4.0,2.596402645111084,1.8191591501235962,2.7669637203216553,2.4523797035217285,1.403597354888916,1.9077839851379395,2.7669637203216553,4.173806667327881,1.4862064123153687,,2.7669637203216553,0.3834075331687927,0.94044745,0.02002904,-0.02173927,0.673489805930233
84,0.84,FL,-4.0,-2.0726394653320312,-2.4263322353363037,-2.4077775478363037,-2.4983971118927,-1.9273605346679688,-1.75058114528656,-2.4077775478363037,-3.808148145675659,-1.37727952003479,,-2.4077775478363037,-0.04573128744959831,0.94051474,0.019701764,-0.021739706,0.6706187979875414
84,0.84,FR,4.0,2.3054091930389404,1.990595817565918,2.470815658569336,2.436572551727295,1.6945908069610596,1.77907133102417,2.470815658569336,3.8775885105133057,1.4007501602172852,,2.470815658569336,0.1498052328824997,0.94051474,0.019701764,-0.021739706,0.6706187979875414
84,0.84,BL,-4.0,-2.796285629272461,-2.0351216793060303,-3.041363477706909,-2.3002893924713135,-1.203714370727539,-1.833248257637024,-3.041363477706909,-4.003483772277832,-1.4742830991744995,,-3.041363477706909,-0.24267958104610443,0.94051474,0.019701764,-0.021739706,0.6706187979875414
84,0.84,BR,4.0,1.8191591501235962,3.3694558143615723,2.4523797035217285,2.780120372772217,2.1808409690856934,1.9339540004730225,2.4523797035217285,4.202467441558838,1.5280886888504028,,2.4523797035217285,0.20728471875190735,0.94051474,0.019701764,-0.021739706,0.6706187979875414
85,0.85,FL,-4.0,-2.4263322353363037,-2.0516862869262695,-2.4983971118927,-2.3800482749938965,-1.5736677646636963,-1.7694652080535889,-2.4983971118927,-3.8547556400299072,-1.4155956506729126,,-2.4983971118927,-0.05764494836330414,0.94051045,0.019386658,-0.021739628,0.6677287525282645
85,0.85,FR,4.0,1.990595817565918,2.3617050647735596,2.436572551727295,2.5828330516815186,2.009404182434082,1.803184151649475,2.436572551727295,3.9166247844696045,1.4397225379943848,,2.436572551727295,0.08324221521615982,0.94051045,0.019386658,-0.021739628,0.6677287525282645
85,0.85,BL,-4.0,-2.0351216793060303,-2.3498151302337646,-2.3002893924713135,-2.619199514389038,-1.9648783206939697,-1.8568267822265625,-2.3002893924713135,-4.026895999908447,-1.5144357681274414,,-2.3002893924713135,-0.12269840389490128,0.94051045,0.019386658,-0.021739628,0.6677287525282645
85,0.85,BR,4.0,3.3694558143615723,1.7747609615325928,2.780120372772217,2.186171770095825,0.6305441856384277,1.9415205717086792,2.780120372772217,4.255706787109375,1.5703814029693604,,2.780120372772217,0.3564400374889374,0.94051045,0.019386658,-0.021739628,0.6677287525282645
86,0.86,FL,-4.0,-2.0516862869262695,-2.3976030349731445,-2.3800482749938965,-2.548790693283081,-1.9483137130737305,-1.7928448915481567,-2.3800482749938965,-3.890254497528076,-1.4543218612670898,,-2.3800482749938965,-0.010196827352046967,0.9404908,0.01907254,-0.021739885,0.664955935427335
86,0.86,FR,4.0,2.3617050647735596,2.0082969665527344,2.5828330516815186,2.4585020542144775,1.6382949352264404,1.8228437900543213,2.5828330516815186,3.9656004905700684,1.479135274887085,,2.5828330516815186,0.14694742858409882,0.9404908,0.01907254,-0.021739885,0.664955935427335
86,0.86,BL,-4.0,-2.3498151302337646,-2.2969188690185547,-2.619199514389038,-2.5169007778167725,-1.6501848697662354,-1.8766289949417114,-2.619199514389038,-4.074399948120117,-1.5549439191818237,,-2.619199514389038,-0.45099809765815735,0.9404908,0.01907254,-0.021739885,0.664955935427335
86,0.86,BR,4.0,1.7747609615325928,2.5260841846466064,2.186171770095825,2.831616163253784,2.2252390384674072,1.9682234525680542,2.186171770095825,4.260280132293701,1.6129614114761353,,2.186171770095825,0.10032764077186584,0.9404908,0.01907254,-0.021739885,0.664955935427335
87,0.87,FL,-4.0,-2.3976030349731445,-2.371259927749634,-2.548790693283081,-2.4338037967681885,-1.6023969650268555,-1.8120737075805664,-2.548790693283081,-3.9375946521759033,-1.4934626817703247,,-2.548790693283081,-0.06326957046985626,0.9405653,0.018728137,-0.021739408,0.6619225435143691
87,0.87,FR,4.0,2.0082969665527344,2.404651641845703,2.4585020542144775,2.6195249557495117,1.9917030334472656,1.846744179725647,2.4585020542144775,4.002905368804932,1.5189790725708008,,2.4585020542144775,0.08664698153734207,0.9405653,0.018728137,-0.021739408,0.6619225435143691
87,0.87,BL,-4.0,-2.2969188690185547,-3.418858289718628,-2.5169007778167725,-2.557861566543579,-1.7030811309814453,-1.8970659971237183,-2.5169007778167725,-4.112018585205078,-1.5958771705627441,,-2.5169007778167725,-0.3046645522117615,0.9405653,0.018728137,-0.021739408,0.6619225435143691
87,0.87,BR,4.0,2.5260841846466064,2.2734267711639404,2.831616163253784,2.5577898025512695,1.4739158153533936,1.985910415649414,2.831616163253784,4.315290451049805,1.6558411121368408,,2.831616163253784,0.2070772349834442,0.9405653,0.018728137,-0.021739408,0.6619225435143691
88,0.88,FL,-4.0,-2.371259927749634,-2.4350192546844482,-2.4338037967681885,-2.4635696411132812,-1.6287400722503662,-1.8316185474395752,-2.4338037967681885,-3.9740610122680664,-1.533022165298462,,-2.4338037967681885,-0.016726359724998474,0.9406015,0.018429209,-0.021739466,0.6586456566197899
88,0.88,FR,4.0,2.404651641845703,2.05241322517395,2.6195249557495117,2.4848835468292236,1.5953483581542969,1.8658883571624756,2.6195249557495117,4.051375389099121,1.5592520236968994,,2.6195249557495117,0.1683133840560913,0.9406015,0.018429209,-0.021739466,0.6586456566197899
88,0.88,BL,-4.0,-3.418858289718628,-1.477349042892456,-2.557861566543579,-2.1295225620269775,-0.5811417102813721,-1.9040396213531494,-2.557861566543579,-4.151374340057373,-1.6371954679489136,,-2.557861566543579,-0.2864503860473633,0.9406015,0.018429209,-0.021739466,0.6586456566197899
88,0.88,BR,4.0,2.2734267711639404,3.2505226135253906,2.5577898025512695,2.676539659500122,1.7265732288360596,2.006629228591919,2.5577898025512695,4.346670627593994,1.6991519927978516,,2.5577898025512695,0.19972746074199677,0.9406015,0.018429209,-0.021739466,0.6586456566197899
89,0.89,FL,-4.0,-2.4350192546844482,-2.399538993835449,-2.4635696411132812,-2.457610845565796,-1.5649807453155518,-1.850398302078247,-2.4635696411132812,-4.011431694030762,-1.572950839996338,,-2.4635696411132812,-0.12677903473377228,0.94064385,0.01813713,-0.021738918,0.655729574473974
89,0.89,FR,4.0,2.05241322517395,2.4761829376220703,2.4848835468292236,2.644922971725464,1.9475867748260498,1.8892593383789062,2.4848835468292236,4.087386131286621,1.5999470949172974,,2.4848835468292236,0.09366579353809357,0.94064385,0.01813713,-0.021738918,0.655729574473974
89,0.89,BL,-4.0,-1.477349042892456,-2.2916009426116943,-2.1295225620269775,-2.913100004196167,-2.522650957107544,-1.9343115091323853,-2.1295225620269775,-4.1555962562561035,-1.6787304878234863,,-2.1295225620269775,-0.27112922072410583,0.94064385,0.01813713,-0.021738918,0.655729574473974
89,0.89,BR,4.0,3.2505226135253906,2.6928043365478516,2.676539659500122,2.30642032623291,0.7494773864746094,2.015623092651367,2.676539659500122,4.38613224029541,1.7428172826766968,,2.676539659500122,0.23621192574501038,0.94064385,0.01813713,-0.021738918,0.655729574473974
90,0.9,FL,-4.0,-2.399538993835449,-2.388023853302002,-2.457610845565796,-2.4905827045440674,-1.6004610061645508,-1.8696038722991943,-2.457610845565796,-4.04686975479126,-1.613243579864502,,-2.457610845565796,-0.07307931780815125,0.9407065,0.017805126,-0.021739561,0.6527025468657194
90,0.9,FR,4.0,2.4761829376220703,2.6592342853546143,2.644922971725464,2.498786211013794,1.5238170623779297,1.9075452089309692,2.644922971725464,4.134535312652588,1.6410582065582275,,2.644922971725464,0.08974171429872513,0.9407065,0.017805126,-0.021739561,0.6527025468657194
90,0.9,BL,-4.0,-2.2916009426116943,-2.263376474380493,-2.913100004196167,-2.617671012878418,-1.7083990573883057,-1.9548122882843018,-2.913100004196167,-4.2211012840271,-1.720616102218628,,-2.913100004196167,-0.20115934312343597,0.9407065,0.017805126,-0.021739561,0.6527025468657194
90,0.9,BR,4.0,2.6928043365478516,2.99421763420105,2.30642032623291,2.538501262664795,1.3071956634521484,2.0313093662261963,2.30642032623291,4.395021438598633,1.7867233753204346,,2.30642032623291,0.24911943078041077,0.9407065,0.017805126,-0.021739561,0.6527025468657194
91,0.91,FL,-4.0,-2.388023853302002,-2.4725306034088135,-2.4905827045440674,-2.5143942832946777,-1.611976146697998,-1.888947606086731,-2.4905827045440674,-4.0835041999816895,-1.653896689414978,,-2.4905827045440674,-0.015013717114925385,0.9407222,0.017479997,-0.021739595,0.6494907243651351
91,0.91,FR,4.0,2.6592342853546143,2.606189250946045,2.498786211013794,2.4438514709472656,1.3407657146453857,1.92363440990448,2.498786211013794,4.168375492095947,1.682573914527893,,2.498786211013794,0.09930353611707687,0.9407222,0.017479997,-0.021739595,0.6494907243651351
91,0.91,BL,-4.0,-2.263376474380493,-3.177518367767334,-2.617671012878418,-2.6494617462158203,-1.7366235256195068,-1.975651741027832,-2.617671012878418,-4.260870456695557,-1.763027310371399,,-2.617671012878418,-0.2322600781917572,0.9407222,0.017479997,-0.021739595,0.6494907243651351
91,0.91,BR,4.0,2.99421763420105,1.8568861484527588,2.538501262664795,2.433622360229492,1.0057823657989502,2.0433788299560547,2.538501262664795,4.421762466430664,1.830808162689209,,2.538501262664795,0.2857743799686432,0.9407222,0.017479997,-0.021739595,0.6494907243651351
92,0.92,FL,-4.0,-2.4725306034088135,-2.569005250930786,-2.5143942832946777,-2.4999353885650635,-1.5274693965911865,-1.907277226448059,-2.5143942832946777,-4.120569229125977,-1.6949182748794556,,-2.5143942832946777,-0.007023019716143608,0.940759,0.017107073,-0.021739211,0.6463273571322712
92,0.92,FR,4.0,2.606189250946045,1.6933796405792236,2.4438514709472656,2.48115873336792,1.393810749053955,1.9403600692749023,2.4438514709472656,4.196580410003662,1.7243996858596802,,2.4438514709472656,0.14199799299240112,0.940759,0.017107073,-0.021739211,0.6463273571322712
92,0.92,BL,-4.0,-3.177518367767334,-1.7898600101470947,-2.6494617462158203,-2.3046443462371826,-0.822481632232666,-1.9855215549468994,-2.6494617462158203,-4.301572799682617,-1.8058409690856934,,-2.6494617462158203,-0.4597962498664856,0.940759,0.017107073,-0.021739211,0.6463273571322712
92,0.92,BR,4.0,1.8568861484527588,2.953709363937378,2.433622360229492,2.9006242752075195,2.143113851547241,2.069096088409424,2.433622360229492,4.439229965209961,1.8751137256622314,,2.433622360229492,0.11257369816303253,0.940759,0.017107073,-0.021739211,0.6463273571322712
93,0.93,FL,-4.0,-2.569005250930786,-1.9283499717712402,-2.4999353885650635,-2.479675054550171,-1.4309947490692139,-1.9244492053985596,-2.4999353885650635,-4.1550469398498535,-1.7362974882125854,,-2.4999353885650635,-0.09678441286087036,0.9407801,0.016781528,-0.02173913,0.6432746985060154
93,0.93,FR,4.0,1.6933796405792236,2.3646156787872314,2.48115873336792,2.8630082607269287,2.3066203594207764,1.9680395126342773,2.48115873336792,4.226605415344238,1.7665165662765503,,2.48115873336792,0.08311884850263596,0.9407801,0.016781528,-0.02173913,0.6432746985060154
93,0.93,BL,-4.0,-1.7898600101470947,-2.385629892349243,-2.3046443462371826,-2.869577646255493,-2.2101399898529053,-2.0120432376861572,-2.3046443462371826,-4.313638687133789,-1.8489173650741577,,-2.3046443462371826,-0.09582763910293579,0.9407801,0.016781528,-0.02173913,0.6432746985060154
93,0.93,BR,4.0,2.953709363937378,1.7737809419631958,2.9006242752075195,2.48761248588562,1.046290636062622,2.0816516876220703,2.9006242752075195,4.492635726928711,1.9197748899459839,,2.9006242752075195,0.3704097867012024,0.9407801,0.016781528,-0.02173913,0.6432746985060154
94,0.9400000000000001,FL,-4.0,-1.9283499717712402,-2.499424457550049,-2.479675054550171,-2.7531092166900635,-2.0716500282287598,-1.94930899143219,-2.479675054550171,-4.186583995819092,-1.778006672859192,,-2.479675054550171,-0.009340811520814896,0.9407777,0.016463608,-0.021739934,0.6402436322844773
94,0.9400000000000001,FR,4.0,2.3646156787872314,2.2186381816864014,2.8630082607269287,2.6221933364868164,1.6353843212127686,1.9876642227172852,2.8630082607269287,4.285398483276367,1.809078574180603,,2.8630082607269287,0.17287036776542664,0.9407777,0.016463608,-0.021739934,0.6402436322844773
94,0.9400000000000001,BL,-4.0,-2.385629892349243,-2.4809234142303467,-2.869577646255493,-2.6577913761138916,-1.6143701076507568,-2.0314157009124756,-2.869577646255493,-4.369534015655518,-1.892335057258606,,-2.869577646255493,-0.468952476978302,0.9407777,0.016463608,-0.021739934,0.6402436322844773
94,0.9400000000000001,BR,4.0,1.7737809419631958,2.951498508453369,2.48761248588562,2.972139358520508,2.2262191772460938,2.1083662509918213,2.48761248588562,4.5115580558776855,1.9647964239120483,,2.48761248588562,0.10504192113876343,0.9407777,0.016463608,-0.021739934,0.6402436322844773
95,0.9500000000000001,FL,-4.0,-2.499424457550049,-2.383075475692749,-2.7531092166900635,-2.549539089202881,-1.5005755424499512,-1.967315912246704,-2.7531092166900635,-4.238327980041504,-1.8201329708099365,,-2.7531092166900635,-0.10222306102514267,0.9408672,0.016116923,-0.021739146,0.6370458665419332
95,0.9500000000000001,FR,4.0,2.2186381816864014,2.5646095275878906,2.6221933364868164,2.700208902359009,1.7813618183135986,2.009040594100952,2.6221933364868164,4.323000907897949,1.8521218299865723,,2.6221933364868164,0.08902127295732498,0.9408672,0.016116923,-0.021739146,0.6370458665419332
95,0.9500000000000001,BL,-4.0,-2.4809234142303467,-3.626145601272583,-2.6577913761138916,-2.6390461921691895,-1.5190765857696533,-2.0496444702148438,-2.6577913761138916,-4.4066290855407715,-1.936217188835144,,-2.6577913761138916,-0.26433753967285156,0.9408672,0.016116923,-0.021739146,0.6370458665419332
95,0.9500000000000001,BR,4.0,2.951498508453369,2.5036919116973877,2.972139358520508,2.5277669429779053,1.0485014915466309,2.120948314666748,2.972139358520508,4.5677361488342285,2.010194778442383,,2.972139358520508,0.22405864298343658,0.9408672,0.016116923,-0.021739146,0.6370458665419332
96,0.96,FL,-4.0,-2.383075475692749,-2.6284327507019043,-2.549539089202881,-2.6140856742858887,-1.616924524307251,-1.9867188930511475,-2.549539089202881,-4.272078514099121,-1.8626861572265625,,-2.549539089202881,-0.0223573949187994,0.9409261,0.015811164,-0.02173937,0.6336626778640452
96,0.96,FR,4.0,2.5646095275878906,2.2822630405426025,2.700208902359009,2.5831966400146484,1.4353904724121094,2.0262651443481445,2.700208902359009,4.365246772766113,1.8955644369125366,,2.700208902359009,0.16745619475841522,0.9409261,0.015811164,-0.02173937,0.6336626778640452
96,0.96,BL,-4.0,-3.626145601272583,-1.8151073455810547,-2.6390461921691895,-2.199186325073242,-0.373854398727417,-2.054130792617798,-2.6390461921691895,-4.440799713134766,-1.9804553985595703,,-2.6390461921691895,-0.39161786437034607,0.9409261,0.015811164,-0.02173937,0.6336626778640452
96,0.96,BR,4.0,2.5036919116973877,2.717695474624634,2.5277669429779053,2.7194714546203613,1.4963080883026123,2.138904094696045,2.5277669429779053,4.586863040924072,2.0559685230255127,,2.5277669429779053,0.17931340634822845,0.9409261,0.015811164,-0.02173937,0.6336626778640452
97,0.97,FL,-4.0,-2.6284327507019043,-2.4773216247558594,-2.6140856742858887,-2.5353457927703857,-1.3715672492980957,-2.0031776428222656,-2.6140856742858887,-4.309567451477051,-1.9055956602096558,,-2.6140856742858887,-0.13524769246578217,0.9410191,0.015477773,-0.021739013,0.6305214697593212
97,0.97,FR,4.0,2.2822630405426025,2.47845458984375,2.5831966400146484,2.713360071182251,1.7177369594573975,2.0468780994415283,2.5831966400146484,4.396660327911377,1.9393750429153442,,2.5831966400146484,0.0833650752902031,0.9410191,0.015477773,-0.021739013,0.6305214697593212
97,0.97,BL,-4.0,-1.8151073455810547,-0.8365116119384766,-2.199186325073242,-2.9280879497528076,-2.1848926544189453,-2.0803494453430176,-2.199186325073242,-4.439136028289795,-2.024855136871338,,-2.199186325073242,-0.1650993824005127,0.9410191,0.015477773,-0.021739013,0.6305214697593212
97,0.97,BR,4.0,2.717695474624634,2.7875115871429443,2.7194714546203613,2.6518259048461914,1.2823045253753662,2.1542916297912598,2.7194714546203613,4.620273113250732,2.1020052433013916,,2.7194714546203613,0.23761476576328278,0.9410191,0.015477773,-0.021739013,0.6305214697593212
98,0.98,FL,-4.0,-2.4773216247558594,-2.091888427734375,-2.5353457927703857,-2.6122491359710693,-1.5226783752441406,-2.0214498043060303,-2.5353457927703857,-4.33941125869751,-1.9488414525985718,,-2.5353457927703857,-0.06229698657989502,0.94105804,0.015183892,-0.021739893,0.6274068868409339
98,0.98,FR,4.0,2.47845458984375,2.651034355163574,2.713360071182251,2.655496120452881,1.52154541015625,2.065136671066284,2.713360071182251,4.437049388885498,1.983544945716858,,2.713360071182251,0.08419448882341385,0.94105804,0.015183892,-0.021739893,0.6274068868409339
98,0.98,BL,-4.0,-0.8365116119384766,-2.921318531036377,-2.9280879497528076,-3.3457448482513428,-3.1634883880615234,-2.1183114051818848,-2.9280879497528076,-4.494699001312256,-2.069526195526123,,-2.9280879497528076,-0.16114206612110138,0.94105804,0.015183892,-0.021739893,0.6274068868409339
98,0.98,BR,4.0,2.7875115871429443,1.6425927877426147,2.6518259048461914,2.639286994934082,1.2124884128570557,2.168841600418091,2.6518259048461914,4.647068977355957,2.1483428478240967,,2.6518259048461914,0.3700740337371826,0.94105804,0.015183892,-0.021739893,0.6274068868409339
99,0.99,FL,-4.0,-2.091888427734375,-2.6531662940979004,-2.6122491359710693,-2.7846944332122803,-1.908111572265625,-2.0443472862243652,-2.6122491359710693,-4.374115943908691,-1.9924103021621704,,-2.6122491359710693,-0.011135876178741455,0.9411065,0.0148563385,-0.02173933,0.6243224841550309
99,0.99,FR,4.0,2.651034355163574,2.599534273147583,2.655496120452881,2.604722738265991,1.3489656448364258,2.0813241004943848,2.655496120452881,4.471317291259766,2.028087854385376,,2.655496120452881,0.17916478216648102,0.9411065,0.0148563385,-0.02173933,0.6243224841550309
99,0.99,BL,-4.0,-2.921318531036377,-2.0279433727264404,-3.3457448482513428,-2.549783945083618,-1.078681468963623,-2.131255626678467,-3.3457448482513428,-4.580836296081543,-2.1149065494537354,,-3.3457448482513428,-0.5023183822631836,0.9411065,0.0148563385,-0.02173933,0.6243224841550309
99,0.99,BR,4.0,1.6425927877426147,2.627244472503662,2.639286994934082,3.111804485321045,2.3574070930480957,2.1971304416656494,2.639286994934082,4.671830654144287,2.1949381828308105,,2.639286994934082,0.106036476790905,0.9411065,0.0148563385,-0.02173933,0.6243224841550309
100,1.0,FL,-4.0,-2.6531662940979004,-2.4589529037475586,-2.7846944332122803,-2.583080768585205,-1.3468337059020996,-2.060509204864502,-2.7846944332122803,-4.42098331451416,-2.0363874435424805,,-2.7846944332122803,-0.11370471864938736,0.9411712,0.014498345,-0.021739256,0.6210795865263516
100,1.0,FR,4.0,2.599534273147583,2.6062052249908447,2.604722738265991,2.641510486602783,1.400465726852417,2.0981297492980957,2.604722738265991,4.500259876251221,2.072946786880493,,2.604722738265991,0.07572080194950104,0.9411712,0.014498345,-0.021739256,0.6210795865263516
100,1.0,BL,-4.0,-2.0279433727264404,-3.330451488494873,-2.549783945083618,-2.9200782775878906,-1.9720566272735596,-2.1549203395843506,-2.549783945083618,-4.6011762619018555,-2.1608173847198486,,-2.549783945083618,-0.14349627494812012,0.9411712,0.014498345,-0.021739256,0.6210795865263516
100,1.0,BR,4.0,2.627244472503662,2.3785970211029053,3.111804485321045,2.746232509613037,1.372755527496338,2.2136034965515137,3.111804485321045,4.732676982879639,2.2419626712799072,,3.111804485321045,0.3620811104774475,0.9411712,0.014498345,-0.021739256,0.6210795865263516
101,1.01,FL,0.0,-2.4589529037475586,-2.6415112018585205,-2.583080768585205,-1.0769281387329102,2.4589529037475586,-2.0310018062591553,-2.583080768585205,-4.450202465057373,-2.0807442665100098,,-2.583080768585205,-0.008016012609004974,0.9412133,0.014128942,-0.021739189,0.6174699840094952
101,1.01,FR,0.0,2.6062052249908447,2.176053285598755,2.641510486602783,1.0556477308273315,-2.6062052249908447,2.0668551921844482,2.641510486602783,4.530952453613281,2.1181037425994873,,2.641510486602783,0.14106924831867218,0.9412133,0.014128942,-0.021739189,0.6174699840094952
101,1.01,BL,0.0,-3.330451488494873,-2.0592844486236572,-2.9200782775878906,-0.8227396607398987,3.330451488494873,-2.114954948425293,-2.9200782775878906,-4.649757385253906,-2.20707368850708,,-2.9200782775878906,-0.4319877624511719,0.9412133,0.014128942,-0.021739189,0.6174699840094952
101,1.01,BR,0.0,2.3785970211029053,3.320016622543335,2.746232509613037,1.26216459274292,-2.3785970211029053,2.1850602626800537,2.746232509613037,4.762468338012695,2.2894394397735596,,2.746232509613037,0.19042840600013733,0.9412133,0.014128942,-0.021739189,0.6174699840094952
102,1.02,FL,0.0,-2.6415112018585205,-0.9455878734588623,-1.0769281387329102,-0.9743973016738892,2.6415112018585205,-1.9993036985397339,-1.0769281387329102,-4.360161304473877,-2.12479305267334,,-1.0769281387329102,-0.012503422796726227,0.94121,0.013891863,-0.02173854,0.6154687266410032
102,1.02,FR,0.0,2.176053285598755,1.0321015119552612,1.0556477308273315,1.1964340209960938,-2.176053285598755,2.0407426357269287,1.0556477308273315,4.4360761642456055,2.162935733795166,,1.0556477308273315,0.003533054143190384,0.94121,0.013891863,-0.02173854,0.6154687266410032
102,1.02,BL,0.0,-2.0592844486236572,-1.6797575950622559,-0.8227396607398987,-1.2912410497665405,2.0592844486236572,-2.090243339538574,-0.8227396607398987,-4.531957626342773,-2.2529783248901367,,-0.8227396607398987,-0.09137881547212601,0.94121,0.013891863,-0.02173854,0.6154687266410032
102,1.02,BR,0.0,3.320016622543335,0.4475632309913635,1.26216459274292,0.8570536375045776,-3.320016622543335,2.1452200412750244,1.26216459274292,4.674709796905518,2.336622476577759,,1.26216459274292,0.09750217199325562,0.94121,0.013891863,-0.02173854,0.6154687266410032
103,1.03,FL,0.0,-0.9455878734588623,-1.111687183380127,-0.9743973016738892,-1.6210684776306152,0.9455878734588623,-1.9879566431045532,-0.9743973016738892,-4.265610218048096,-2.1679186820983887,,-0.9743973016738892,-0.008601903915405273,0.9411809,0.013742985,-0.021740632,0.6142926796193401
103,1.03,FR,0.0,1.0321015119552612,0.8412858247756958,1.1964340209960938,1.6279020309448242,-1.0321015119552612,2.02835750579834,1.1964340209960938,4.355960845947266,2.2068932056427,,1.1964340209960938,0.1187332421541214,0.9411809,0.013742985,-0.021740632,0.6142926796193401
103,1.03,BL,0.0,-1.6797575950622559,-0.13499704003334045,-1.2912410497665405,-1.4183404445648193,1.6797575950622559,-2.0700862407684326,-1.2912410497665405,-4.455517768859863,-2.297913074493408,,-1.2912410497665405,-0.3196861445903778,0.9411809,0.013742985,-0.021740632,0.6142926796193401
103,1.03,BR,0.0,0.4475632309913635,0.9792098999023438,0.8570536375045776,1.966194748878479,-0.4475632309913635,2.1398494243621826,0.8570536375045776,4.55862283706665,2.3827853202819824,,0.8570536375045776,0.06805552542209625,0.9411809,0.013742985,-0.021740632,0.6142926796193401
104,1.04,FL,0.0,-1.111687183380127,-1.4369547367095947,-1.6210684776306152,-1.5432817935943604,1.111687183380127,-1.9746164083480835,-1.6210684776306152,-4.2254791259765625,-2.2103729248046875,,-1.6210684776306152,-0.10307823121547699,0.9412005,0.013554685,-0.02174107,0.6126839256970695
104,1.04,FR,0.0,0.8412858247756958,1.5732477903366089,1.6279020309448242,1.6918431520462036,-0.8412858247756958,2.0182619094848633,1.6279020309448242,4.312823295593262,2.2502357959747314,,1.6279020309448242,0.09889056533575058,0.9412005,0.013554685,-0.02174107,0.6126839256970695
104,1.04,BL,0.0,-0.13499704003334045,-0.9761570692062378,-1.4183404445648193,-2.016087532043457,0.13499704003334045,-2.0684664249420166,-1.4183404445648193,-4.39204216003418,-2.342148780822754,,-1.4183404445648193,-0.2129678726196289,0.9412005,0.013554685,-0.02174107,0.6126839256970695
104,1.04,BR,0.0,0.9792098999023438,3.980501651763916,1.966194748878479,1.7481653690338135,-0.9792098999023438,2.128098726272583,1.966194748878479,4.5340681076049805,2.4282479286193848,,1.966194748878479,0.30754631757736206,0.9412005,0.013554685,-0.02174107,0.6126839256970695
105,1.05,FL,0.0,-1.4369547367095947,-1.5669426918029785,-1.5432817935943604,-1.3998345136642456,1.4369547367095947,-1.9573729038238525,-1.5432817935943604,-4.180821895599365,-2.2524030208587646,,-1.5432817935943604,-0.007938448339700699,0.9411883,0.013361741,-0.021740431,0.6109562896077335
105,1.05,FR,0.0,1.5732477903366089,1.8515033721923828,1.6918431520462036,1.3889628648757935,-1.5732477903366089,1.9993830919265747,1.6918431520462036,4.27639102935791,2.2931807041168213,,1.6918431520462036,0.11841662228107452,0.9411883,0.013361741,-0.021740431,0.6109562896077335
105,1.05,BL,0.0,-0.9761570692062378,-2.6279611587524414,-2.016087532043457,-1.6780035495758057,0.9761570692062378,-2.0567524433135986,-2.016087532043457,-4.377931594848633,-2.385998249053955,,-2.016087532043457,-0.2744893729686737,0.9411883,0.013361741,-0.021740431,0.6109562896077335
105,1.05,BR,0.0,3.980501651763916,0.7296865582466125,1.7481653690338135,0.5358981490135193,-3.980501651763916,2.0803327560424805,1.7481653690338135,4.493377685546875,2.473383665084839,,1.7481653690338135,0.25535133481025696,0.9411883,0.013361741,-0.021740431,0.6109562896077335
106,1.06,FL,0.0,-1.5669426918029785,-1.480540156364441,-1.3998345136642456,-1.330595850944519,1.5669426918029785,-1.9385695457458496,-1.3998345136642456,-4.126666069030762,-2.293938636779785,,-1.3998345136642456,-0.005020584911108017,0.9411806,0.013202732,-0.021740366,0.6095380243280278
106,1.06,FR,0.0,1.8515033721923828,0.8546608090400696,1.3889628648757935,1.2587816715240479,-1.8515033721923828,1.9771649837493896,1.3889628648757935,4.217635631561279,2.335648775100708,,1.3889628648757935,0.13824376463890076,0.9411806,0.013202732,-0.021740366,0.6095380243280278
106,1.06,BL,0.0,-2.6279611587524414,-0.22369910776615143,-1.6780035495758057,-1.005568027496338,2.6279611587524414,-2.025217056274414,-1.6780035495758057,-4.33786153793335,-2.4295759201049805,,-1.6780035495758057,-0.39457207918167114,0.9411806,0.013202732,-0.021740366,0.6095380243280278
106,1.06,BR,0.0,0.7296865582466125,0.515058159828186,0.5358981490135193,1.788458228111267,-0.7296865582466125,2.0715765953063965,0.5358981490135193,4.35921573638916,2.5176422595977783,,0.5358981490135193,0.002462737262248993,0.9411806,0.013202732,-0.021740366,0.6095380243280278
107,1.07,FL,0.0,-1.480540156364441,-1.2822140455245972,-1.330595850944519,-1.346353530883789,1.480540156364441,-1.9208030700683594,-1.330595850944519,-4.069203853607178,-2.33491587638855,,-1.330595850944519,-0.12115426361560822,0.9412192,0.013062329,-0.021740817,0.6082018100250566
107,1.07,FR,0.0,0.8546608090400696,1.244958519935608,1.2587816715240479,1.635300636291504,-0.8546608090400696,1.9669090509414673,1.2587816715240479,4.150974750518799,2.3774895668029785,,1.2587816715240479,0.08533892780542374,0.9412192,0.013062329,-0.021740817,0.6082018100250566
107,1.07,BL,0.0,-0.22369910776615143,-0.26713868975639343,-1.005568027496338,-1.9357372522354126,0.22369910776615143,-2.0225324630737305,-1.005568027496338,-4.246629238128662,-2.4724953174591064,,-1.005568027496338,-0.20326441526412964,0.9412192,0.013062329,-0.021740817,0.6082018100250566
107,1.07,BR,0.0,0.515058159828186,1.5224477052688599,1.788458228111267,1.8655532598495483,-0.515058159828186,2.0653958320617676,1.788458228111267,4.328541278839111,2.561079978942871,,1.788458228111267,0.2060093879699707,0.9412192,0.013062329,-0.021740817,0.6082018100250566
108,1.08,FL,0.0,-1.2822140455245972,-1.0218374729156494,-1.346353530883789,-1.4079174995422363,1.2822140455245972,-1.9054166078567505,-1.346353530883789,-4.015230655670166,-2.3753364086151123,,-1.346353530883789,-0.09022759646177292,0.9412767,0.012898065,-0.02174061,0.6064764733081875
108,1.08,FR,0.0,1.244958519935608,1.6626524925231934,1.635300636291504,1.4689257144927979,-1.244958519935608,1.9519696235656738,1.635300636291504,4.116454601287842,2.418825626373291,,1.635300636291504,0.08728601783514023,0.9412767,0.012898065,-0.02174061,0.6064764733081875
108,1.08,BL,0.0,-0.26713868975639343,-3.007356643676758,-1.9357372522354126,-1.9156770706176758,0.26713868975639343,-2.01932692527771,-1.9357372522354126,-4.231919288635254,-2.514887571334839,,-1.9357372522354126,-0.1755792647600174,0.9412767,0.012898065,-0.02174061,0.6064764733081875
108,1.08,BR,0.0,1.5224477052688599,0.28939807415008545,1.8655532598495483,1.4564167261123657,-1.5224477052688599,2.047126531600952,1.8655532598495483,4.305115222930908,2.604247570037842,,1.8655532598495483,0.3474419116973877,0.9412767,0.012898065,-0.02174061,0.6064764733081875
109,1.09,FL,0.0,-1.0218374729156494,-1.5172406435012817,-1.4079174995422363,-1.496681571006775,1.0218374729156494,-1.893154501914978,-1.4079174995422363,-3.9682016372680664,-2.4152519702911377,,-1.4079174995422363,-0.024710355326533318,0.9412867,0.012717146,-0.021740016,0.6049175542174245
109,1.09,FR,0.0,1.6626524925231934,1.171995759010315,1.4689257144927979,1.2869086265563965,-1.6626524925231934,1.9320176839828491,1.4689257144927979,4.0702409744262695,2.4597575664520264,,1.4689257144927979,0.14482344686985016,0.9412867,0.012717146,-0.021740016,0.6049175542174245
109,1.09,BL,0.0,-3.007356643676758,-3.1132991313934326,-1.9156770706176758,-0.8163842558860779,3.007356643676758,-1.9832385778427124,-1.9156770706176758,-4.216212749481201,-2.5571277141571045,,-1.9156770706176758,-0.37068819999694824,0.9412867,0.012717146,-0.021740016,0.6049175542174245
109,1.09,BR,0.0,0.28939807415008545,-0.5420328378677368,1.4564167261123657,1.93136727809906,-0.28939807415008545,2.043653726577759,1.4564167261123657,4.250523090362549,2.647023916244507,,1.4564167261123657,0.1689358502626419,0.9412867,0.012717146,-0.021740016,0.6049175542174245
110,1.1,FL,0.0,-1.5172406435012817,-1.8183821439743042,-1.496681571006775,-1.2862582206726074,1.5172406435012817,-1.8749476671218872,-1.496681571006775,-3.9299776554107666,-2.4547414779663086,,-1.496681571006775,-0.06955280900001526,0.94127196,0.012531745,-0.021740338,0.6034810504568662
110,1.1,FR,0.0,1.171995759010315,1.1498700380325317,1.2869086265563965,1.463219404220581,-1.171995759010315,1.9179537296295166,1.2869086265563965,4.011565208435059,2.500164747238159,,1.2869086265563965,0.09649307280778885,0.94127196,0.012531745,-0.021740338,0.6034810504568662
110,1.1,BL,0.0,-3.1132991313934326,0.003663167357444763,-0.8163842558860779,-0.7379189729690552,3.1132991313934326,-1.9458789825439453,-0.8163842558860779,-4.114914417266846,-2.5987799167633057,,-0.8163842558860779,-0.1642787754535675,0.94127196,0.012531745,-0.021740338,0.6034810504568662
110,1.1,BR,0.0,-0.5420328378677368,2.3310725688934326,1.93136727809906,2.2604668140411377,0.5420328378677368,2.0501580238342285,1.93136727809906,4.235317707061768,2.689452648162842,,1.93136727809906,0.28090932965278625,0.94127196,0.012531745,-0.021740338,0.6034810504568662
111,1.11,FL,0.0,-1.8183821439743042,-0.9800389409065247,-1.2862582206726074,-1.1475948095321655,1.8183821439743042,-1.8531270027160645,-1.2862582206726074,-3.876750946044922,-2.4937734603881836,,-1.2862582206726074,-0.06290069967508316,0.94118804,0.012329184,-0.021740554,0.602183011732473
111,1.11,FR,0.0,1.1498700380325317,1.4000650644302368,1.463219404220581,1.4580057859420776,-1.1498700380325317,1.9041553735733032,1.463219404220581,3.9690170288085938,2.5400662422180176,,1.463219404220581,0.08634202182292938,0.94118804,0.012329184,-0.021740554,0.602183011732473
111,1.11,BL,0.0,0.003663167357444763,-1.5644482374191284,-0.7379189729690552,-1.9473443031311035,-0.003663167357444763,-1.9459229707717896,-0.7379189729690552,-4.011435031890869,-2.6394081115722656,,-0.7379189729690552,-0.17088794708251953,0.94118804,0.012329184,-0.021740554,0.602183011732473
111,1.11,BR,0.0,2.3310725688934326,1.153323769569397,2.2604668140411377,1.1177290678024292,-2.3310725688934326,2.0221853256225586,2.2604668140411377,4.246517181396484,2.7318620681762695,,2.2604668140411377,0.36413559317588806,0.94118804,0.012329184,-0.021740554,0.602183011732473
112,1.12,FL,0.0,-0.9800389409065247,-1.197314977645874,-1.1475948095321655,-1.4611114263534546,0.9800389409065247,-1.8413665294647217,-1.1475948095321655,-3.81473708152771,-2.532228708267212,,-1.1475948095321655,-0.05245364457368851,0.9411534,0.012144858,-0.021740766,0.6006621999933136
112,1.12,FR,0.0,1.4000650644302368,1.1999835968017578,1.4580057859420776,1.3441293239593506,-1.4000650644302368,1.8873546123504639,1.4580057859420776,3.9277279376983643,2.5795485973358154,,1.4580057859420776,0.08641204982995987,0.9411534,0.012144858,-0.021740766,0.6006621999933136
112,1.12,BL,0.0,-1.5644482374191284,-1.9193730354309082,-1.9473443031311035,-1.320143699645996,1.5644482374191284,-1.9271496534347534,-1.9473443031311035,-4.006857395172119,-2.679499626159668,,-1.9473443031311035,-0.47500360012054443,0.9411534,0.012144858,-0.021740766,0.6006621999933136
112,1.12,BR,0.0,1.153323769569397,1.1148817539215088,1.1177290678024292,1.560855746269226,-1.153323769569397,2.008345365524292,1.1177290678024292,4.167662143707275,2.773930311203003,,1.1177290678024292,0.0733330175280571,0.9411534,0.012144858,-0.021740766,0.6006621999933136
113,1.1300000000000001,FL,0.0,-1.197314977645874,-1.5840851068496704,-1.4611114263534546,-1.362440586090088,1.197314977645874,-1.8269988298416138,-1.4611114263534546,-3.779741048812866,-2.570199966430664,,-1.4611114263534546,-0.05370809882879257,0.9412005,0.011957116,-0.021740505,0.5988667353043176
113,1.1300000000000001,FR,0.0,1.1999835968017578,1.3004581928253174,1.3441293239593506,1.4073611497879028,-1.1999835968017578,1.8729547262191772,1.3441293239593506,3.8791277408599854,2.6185810565948486,,1.3441293239593506,0.08910229802131653,0.9412005,0.011957116,-0.021740505,0.5988667353043176
113,1.1300000000000001,BL,0.0,-1.9193730354309082,-0.5436649322509766,-1.320143699645996,-1.1594003438949585,1.9193730354309082,-1.9041171073913574,-1.320143699645996,-3.953273296356201,-2.7192983627319336,,-1.320143699645996,-0.2261207550764084,0.9412005,0.011957116,-0.021740505,0.5988667353043176
113,1.1300000000000001,BR,0.0,1.1148817539215088,1.2627564668655396,1.560855746269226,1.5623925924301147,-1.1148817539215088,1.994966745376587,1.560855746269226,4.126649856567383,2.8154006004333496,,1.560855746269226,0.2239798903465271,0.9412005,0.011957116,-0.021740505,0.5988667353043176
114,1.1400000000000001,FL,0.0,-1.5840851068496704,-1.394755482673645,-1.362440586090088,-1.1933647394180298,1.5840851068496704,-1.8079897165298462,-1.362440586090088,-3.73837947845459,-2.6077892780303955,,-1.362440586090088,-0.05426834523677826,0.9412159,0.011776372,-0.021740522,0.5971429456878574
114,1.1400000000000001,FR,0.0,1.3004581928253174,1.4419969320297241,1.4073611497879028,1.352771520614624,-1.3004581928253174,1.8573492765426636,1.4073611497879028,3.8373918533325195,2.6571624279022217,,1.4073611497879028,0.06511218845844269,0.9412159,0.011776372,-0.021740522,0.5971429456878574
114,1.1400000000000001,BL,0.0,-0.5436649322509766,-0.7417775392532349,-1.1594003438949585,-1.6866511106491089,0.5436649322509766,-1.8975931406021118,-1.1594003438949585,-3.8891847133636475,-2.7585084438323975,,-1.1594003438949585,-0.2140168845653534,0.9412159,0.011776372,-0.021740522,0.5971429456878574
114,1.1400000000000001,BR,0.0,1.2627564668655396,0.8633107542991638,1.5623925924301147,1.4898642301559448,-1.2627564668655396,1.9798136949539185,1.5623925924301147,4.087366104125977,2.8564693927764893,,1.5623925924301147,0.24196220934391022,0.9412159,0.011776372,-0.021740522,0.5971429456878574
115,1.1500000000000001,FL,0.0,-1.394755482673645,-1.1787230968475342,-1.1933647394180298,-1.2500876188278198,1.394755482673645,-1.7912527322769165,-1.1933647394180298,-3.685380458831787,-2.6449062824249268,,-1.1933647394180298,-0.04111693426966667,0.9412124,0.01159376,-0.021740565,0.5956247638928962
115,1.1500000000000001,FR,0.0,1.4419969320297241,1.2477604150772095,1.352771520614624,1.280550479888916,-1.4419969320297241,1.8400453329086304,1.352771520614624,3.793011426925659,2.695312976837158,,1.352771520614624,0.0864206925034523,0.9412124,0.01159376,-0.021740565,0.5956247638928962
115,1.1500000000000001,BL,0.0,-0.7417775392532349,-2.053572416305542,-1.6866511106491089,-1.6008821725845337,0.7417775392532349,-1.888691782951355,-1.6866511106491089,-3.8689565658569336,-2.7972986698150635,,-1.6866511106491089,-0.17214351892471313,0.9412124,0.01159376,-0.021740565,0.5956247638928962
115,1.1500000000000001,BR,0.0,0.8633107542991638,0.609722375869751,1.4898642301559448,1.6344894170761108,-0.8633107542991638,1.9694539308547974,1.4898642301559448,4.043935298919678,2.8971242904663086,,1.4898642301559448,0.2283979058265686,0.9412124,0.01159376,-0.021740565,0.5956247638928962
116,1.16,FL,0.0,-1.1787230968475342,-1.3415454626083374,-1.2500876188278198,-1.319763422012329,1.1787230968475342,-1.777108073234558,-1.2500876188278198,-3.6389079093933105,-2.6815261840820312,,-1.2500876188278198,-0.005761891603469849,0.94118094,0.011424504,-0.021740627,0.5941912522788859
116,1.16,FR,0.0,1.2477604150772095,0.9797369241714478,1.280550479888916,1.3409411907196045,-1.2477604150772095,1.825072169303894,1.280550479888916,3.7447075843811035,2.732999801635742,,1.280550479888916,0.11283205449581146,0.94118094,0.011424504,-0.021740627,0.5941912522788859
116,1.16,BL,0.0,-2.053572416305542,-0.18793471157550812,-1.6008821725845337,-1.067262887954712,2.053572416305542,-1.864048957824707,-1.6008821725845337,-3.8427956104278564,-2.8358564376831055,,-1.6008821725845337,-0.38869041204452515,0.94118094,0.011424504,-0.021740627,0.5941912522788859
116,1.16,BR,0.0,0.609722375869751,1.6924208402633667,1.6344894170761108,1.725564956665039,-0.609722375869751,1.9621373414993286,1.6344894170761108,4.013548851013184,2.937410831451416,,1.6344894170761108,0.130690336227417,0.94118094,0.011424504,-0.021740627,0.5941912522788859
117,1.17,FL,0.0,-1.3415454626083374,-0.8693833351135254,-1.319763422012329,-1.2404898405075073,1.3415454626083374,-1.7610094547271729,-1.319763422012329,-3.599721670150757,-2.7177181243896484,,-1.319763422012329,-0.10976766049861908,0.94117594,0.011257939,-0.021740623,0.5927993439887314
117,1.17,FR,0.0,0.9797369241714478,1.305803894996643,1.3409411907196045,1.4331773519515991,-0.9797369241714478,1.8133153915405273,1.3409411907196045,3.703033447265625,2.7702372074127197,,1.3409411907196045,0.0816907212138176,0.94117594,0.011257939,-0.021740623,0.5927993439887314
117,1.17,BL,0.0,-0.18793471157550812,-2.303633451461792,-1.067262887954712,-1.7888751029968262,0.18793471157550812,-1.8617937564849854,-1.067262887954712,-3.775813341140747,-2.8739473819732666,,-1.067262887954712,-0.11605622619390488,0.94117594,0.011257939,-0.021740623,0.5927993439887314
117,1.17,BR,0.0,1.6924208402633667,0.4583488404750824,1.725564956665039,1.285169005393982,-1.6924208402633667,1.9418282508850098,1.725564956665039,3.9914958477020264,2.977435350418091,,1.725564956665039,0.3060901165008545,0.94117594,0.011257939,-0.021740623,0.5927993439887314
118,1.18,FL,0.0,-0.8693833351135254,-1.292722225189209,-1.2404898405075073,-1.4132561683654785,0.8693833351135254,-1.7505768537521362,-1.2404898405075073,-3.5558550357818604,-2.7534945011138916,,-1.2404898405075073,-0.011113639920949936,0.9411506,0.011106605,-0.021740722,0.5914455608403468
118,1.18,FR,0.0,1.305803894996643,0.9937740564346313,1.4331773519515991,1.2909938097000122,-1.305803894996643,1.7976456880569458,1.4331773519515991,3.670226812362671,2.8071024417877197,,1.4331773519515991,0.14269708096981049,0.9411506,0.011106605,-0.021740722,0.5914455608403468
118,1.18,BL,0.0,-2.303633451461792,-0.25845545530319214,-1.7888751029968262,-0.9403403401374817,2.303633451461792,-1.8341501951217651,-1.7888751029968262,-3.768047332763672,-2.9116663932800293,,-1.7888751029968262,-0.43567055463790894,0.9411506,0.011106605,-0.021740722,0.5914455608403468
118,1.18,BR,0.0,0.4583488404750824,1.4251219034194946,1.285169005393982,1.758488655090332,-0.4583488404750824,1.9363280534744263,1.285169005393982,3.9357714653015137,3.0170698165893555,,1.285169005393982,0.0836935043334961,0.9411506,0.011106605,-0.021740722,0.5914455608403468
119,1.19,FL,0.0,-1.292722225189209,-1.2344248294830322,-1.4132561683654785,-1.2334879636764526,1.292722225189209,-1.735064148902893,-1.4132561683654785,-3.527257204055786,-2.7889089584350586,,-1.4132561683654785,-0.12303012609481812,0.9411778,0.010944677,-0.021740634,0.5899239104198218
119,1.19,FR,0.0,0.9937740564346313,1.38642156124115,1.2909938097000122,1.400136113166809,-0.9937740564346313,1.7857203483581543,1.2909938097000122,3.627556324005127,2.843590021133423,,1.2909938097000122,0.07153638452291489,0.9411778,0.010944677,-0.021740634,0.5899239104198218
119,1.19,BL,0.0,-0.25845545530319214,-1.450427770614624,-0.9403403401374817,-1.7307679653167725,0.25845545530319214,-1.8310487270355225,-0.9403403401374817,-3.694042444229126,-2.948974370956421,,-0.9403403401374817,-0.18389883637428284,0.9411778,0.010944677,-0.021740634,0.5899239104198218
119,1.19,BR,0.0,1.4251219034194946,0.41624927520751953,1.758488655090332,1.3662792444229126,-1.4251219034194946,1.9192266464233398,1.758488655090332,3.9193503856658936,3.056344747543335,,1.758488655090332,0.32392752170562744,0.9411778,0.010944677,-0.021740634,0.5899239104198218
120,1.2,FL,0.0,-1.2344248294830322,-1.317393183708191,-1.2334879636764526,-1.241294264793396,1.2344248294830322,-1.7202510833740234,-1.2334879636764526,-3.485682964324951,-2.823972463607788,,-1.2334879636764526,-0.026193078607320786,0.94119173,0.0107637895,-0.021740617,0.5883231090363109
120,1.2,FR,0.0,1.38642156124115,1.1127201318740845,1.400136113166809,1.231151819229126,-1.38642156124115,1.7690833806991577,1.400136113166809,3.5951180458068848,2.879702091217041,,1.400136113166809,0.11005230247974396,0.94119173,0.0107637895,-0.021740617,0.5883231090363109
120,1.2,BL,0.0,-1.450427770614624,-1.407822608947754,-1.7307679653167725,-1.2508776187896729,1.450427770614624,-1.8136435747146606,-1.7307679653167725,-3.6849257946014404,-2.9858689308166504,,-1.7307679653167725,-0.23936977982521057,0.94119173,0.0107637895,-0.021740617,0.5883231090363109
120,1.2,BR,0.0,0.41624927520751953,0.762903094291687,1.3662792444229126,1.7527269124984741,-0.41624927520751953,1.9142316579818726,1.3662792444229126,3.8728156089782715,3.095304012298584,,1.3662792444229126,0.19441764056682587,0.94119173,0.0107637895,-0.021740617,0.5883231090363109
121,1.21,FL,0.0,-1.317393183708191,-1.503364086151123,-1.241294264793396,-1.193293809890747,1.317393183708191,-1.7044423818588257,-1.241294264793396,-3.4463510513305664,-2.858631134033203,,-1.241294264793396,-0.025808893144130707,0.941167,0.010578407,-0.021740632,0.5868479022235533
121,1.21,FR,0.0,1.1127201318740845,1.2005079984664917,1.231151819229126,1.3239952325820923,-1.1127201318740845,1.7557307481765747,1.231151819229126,3.5506999492645264,2.9154298305511475,,1.231151819229126,0.08469866961240768,0.941167,0.010578407,-0.021740632,0.5868479022235533
121,1.21,BL,0.0,-1.407822608947754,-0.23815453052520752,-1.2508776187896729,-1.2505145072937012,1.407822608947754,-1.7967497110366821,-1.2508776187896729,-3.638533115386963,-3.022484540939331,,-1.2508776187896729,-0.27401575446128845,0.941167,0.010578407,-0.021740632,0.5868479022235533
121,1.21,BR,0.0,0.762903094291687,1.64328134059906,1.7527269124984741,1.6090704202651978,-0.762903094291687,1.9050767421722412,1.7527269124984741,3.8584110736846924,3.1339597702026367,,1.7527269124984741,0.2764468789100647,0.941167,0.010578407,-0.021740632,0.5868479022235533
122,1.22,FL,0.0,-1.503364086151123,-0.8146542310714722,-1.193293809890747,-1.1030967235565186,1.503364086151123,-1.6864019632339478,-1.193293809890747,-3.404797077178955,-2.892885684967041,,-1.193293809890747,-0.057251013815402985,0.94110423,0.010390892,-0.0217406,0.5855858987834748
122,1.22,FR,0.0,1.2005079984664917,1.2251732349395752,1.3239952325820923,1.2755274772644043,-1.2005079984664917,1.741324543952942,1.3239952325820923,3.5153040885925293,2.950758695602417,,1.3239952325820923,0.07832268625497818,0.94110423,0.010390892,-0.0217406,0.5855858987834748
122,1.22,BL,0.0,-0.23815453052520752,-2.0814695358276367,-1.2505145072937012,-1.7014878988265991,0.23815453052520752,-1.7938917875289917,-1.2505145072937012,-3.593930959701538,-3.058645486831665,,-1.2505145072937012,-0.1144985556602478,0.94110423,0.010390892,-0.0217406,0.5855858987834748
122,1.22,BR,0.0,1.64328134059906,0.4486519396305084,1.6090704202651978,1.247764229774475,-1.64328134059906,1.88535737991333,1.6090704202651978,3.833305835723877,3.172417402267456,,1.6090704202651978,0.25250110030174255,0.94110423,0.010390892,-0.0217406,0.5855858987834748
123,1.23,FL,0.0,-0.8146542310714722,-1.154530644416809,-1.1030967235565186,-1.3605402708053589,0.8146542310714722,-1.676626205444336,-1.1030967235565186,-3.3577992916107178,-2.926697015762329,,-1.1030967235565186,-0.06260189414024353,0.9410535,0.010230342,-0.021740854,0.584307074425961
123,1.23,FR,0.0,1.2251732349395752,0.9707642793655396,1.2755274772644043,1.2512552738189697,-1.2251732349395752,1.7266225814819336,1.2755274772644043,3.4774954319000244,2.9857213497161865,,1.2755274772644043,0.10659080743789673,0.9410535,0.010230342,-0.021740854,0.584307074425961
123,1.23,BL,0.0,-2.0814695358276367,-0.16747114062309265,-1.7014878988265991,-0.9613040089607239,2.0814695358276367,-1.7689142227172852,-1.7014878988265991,-3.5864434242248535,-3.0945470333099365,,-1.7014878988265991,-0.43273770809173584,0.9410535,0.010230342,-0.021740854,0.584307074425961
123,1.23,BR,0.0,0.4486519396305084,1.3367350101470947,1.247764229774475,1.7058966159820557,-0.4486519396305084,1.8799735307693481,1.247764229774475,3.780850887298584,3.210486650466919,,1.247764229774475,0.08972989022731781,0.9410535,0.010230342,-0.021740854,0.584307074425961
124,1.24,FL,0.0,-1.154530644416809,-1.1042490005493164,-1.3605402708053589,-1.2148139476776123,1.154530644416809,-1.6627718210220337,-1.3605402708053589,-3.3328330516815186,-2.9601492881774902,,-1.3605402708053589,-0.10821430385112762,0.94106203,0.010065135,-0.021740714,0.582857991502893
124,1.24,FR,0.0,0.9707642793655396,1.3002301454544067,1.2512552738189697,1.338316798210144,-0.9707642793655396,1.7149733304977417,1.2512552738189697,3.439265727996826,3.020303964614868,,1.2512552738189697,0.07288826256990433,0.94106203,0.010065135,-0.021740714,0.582857991502893
124,1.24,BL,0.0,-0.16747114062309265,-3.435084342956543,-0.9613040089607239,-1.7019257545471191,0.16747114062309265,-1.7669044733047485,-0.9613040089607239,-3.5212035179138184,-3.1300830841064453,,-0.9613040089607239,-0.19114351272583008,0.94106203,0.010065135,-0.021740714,0.582857991502893
124,1.24,BR,0.0,1.3367350101470947,0.4765894412994385,1.7058966159820557,1.345279574394226,-1.3367350101470947,1.863932728767395,1.7058966159820557,3.7663798332214355,3.2482221126556396,,1.7058966159820557,0.30541718006134033,0.94106203,0.010065135,-0.021740714,0.582857991502893
125,1.25,FL,0.0,-1.1042490005493164,-1.3674657344818115,-1.2148139476776123,-1.2210721969604492,1.1042490005493164,-1.6495208740234375,-1.2148139476776123,-3.2974178791046143,-2.9932994842529297,,-1.2148139476776123,-0.017099641263484955,0.94106036,0.009926458,-0.021740178,0.581448307962833
125,1.25,FR,0.0,1.3002301454544067,1.0110985040664673,1.338316798210144,1.1948813199996948,-1.3002301454544067,1.6993706226348877,1.338316798210144,3.409362316131592,3.0545461177825928,,1.338316798210144,0.14271663129329681,0.94106036,0.009926458,-0.021740178,0.581448307962833
125,1.25,BL,0.0,-3.435084342956543,-0.14536184072494507,-1.7019257545471191,-0.39287078380584717,3.435084342956543,-1.725683569908142,-1.7019257545471191,-3.516602039337158,-3.1652719974517822,,-1.7019257545471191,-0.38002699613571167,0.94106036,0.009926458,-0.021740178,0.581448307962833
125,1.25,BR,0.0,0.4765894412994385,1.189976692199707,1.345279574394226,1.6732969284057617,-0.4765894412994385,1.8582136631011963,1.345279574394226,3.724196195602417,3.2856736183166504,,1.345279574394226,0.0787779837846756,0.94106036,0.009926458,-0.021740178,0.581448307962833
126,1.26,FL,0.0,-1.3674657344818115,-0.9129558205604553,-1.2210721969604492,-1.102534532546997,1.3674657344818115,-1.6331112384796143,-1.2210721969604492,-3.2638821601867676,-3.026104688644409,,-1.2210721969604492,-0.1632695198059082,0.9410591,0.009802397,-0.021740848,0.5804021575782324
126,1.26,FR,0.0,1.0110985040664673,1.1742082834243774,1.1948813199996948,1.294931173324585,-1.0110985040664673,1.6872373819351196,1.1948813199996948,3.3693833351135254,3.0884385108947754,,1.1948813199996948,0.0851423442363739,0.9410591,0.009802397,-0.021740848,0.5804021575782324
126,1.26,BL,0.0,-0.14536184072494507,-0.11077576130628586,-0.39287078380584717,-1.6675387620925903,0.14536184072494507,-1.7239391803741455,-0.39287078380584717,-3.4095234870910645,-3.1998989582061768,,-0.39287078380584717,-0.07096445560455322,0.9410591,0.009802397,-0.021740848,0.5804021575782324
126,1.26,BR,0.0,1.189976692199707,2.4487414360046387,1.6732969284057617,1.3822230100631714,-1.189976692199707,1.8439339399337769,1.6732969284057617,3.70939040184021,3.322841167449951,,1.6732969284057617,0.2858763635158539,0.9410591,0.009802397,-0.021740848,0.5804021575782324
127,1.27,FL,0.0,-0.9129558205604553,-1.0613303184509277,-1.102534532546997,-1.2679288387298584,0.9129558205604553,-1.622155785560608,-1.102534532546997,-3.222365617752075,-3.058534622192383,,-1.102534532546997,-0.03257109224796295,0.9410688,0.00967546,-0.021740764,0.5791671679563081
127,1.27,FR,0.0,1.1742082834243774,1.2524574995040894,1.294931173324585,1.2175540924072266,-1.1742082834243774,1.6731469631195068,1.294931173324585,3.338817834854126,3.121978521347046,,1.294931173324585,0.09278488904237747,0.9410688,0.00967546,-0.021740764,0.5791671679563081
127,1.27,BL,0.0,-0.11077576130628586,-4.110467910766602,-1.6675387620925903,-1.679628849029541,0.11077576130628586,-1.7226098775863647,-1.6675387620925903,-3.406604528427124,-3.2339794635772705,,-1.6675387620925903,-0.3138894736766815,0.9410688,0.00967546,-0.021740764,0.5791671679563081
127,1.27,BR,0.0,2.4487414360046387,0.5804740190505981,1.3822230100631714,0.8644374012947083,-2.4487414360046387,1.8145490884780884,1.3822230100631714,3.6723384857177734,3.359748601913452,,1.3822230100631714,0.20839659869670868,0.9410688,0.00967546,-0.021740764,0.5791671679563081
128,1.28,FL,0.0,-1.0613303184509277,-1.4242366552352905,-1.2679288387298584,-1.197623610496521,1.0613303184509277,-1.609419822692871,-1.2679288387298584,-3.1954472064971924,-3.090622901916504,,-1.2679288387298584,-0.03954790532588959,0.94109184,0.00958585,-0.021740371,0.5780353483554116
128,1.28,FR,0.0,1.2524574995040894,1.030440330505371,1.2175540924072266,1.172163963317871,-1.2524574995040894,1.658117413520813,1.2175540924072266,3.3033828735351562,3.1551883220672607,,1.2175540924072266,0.16262438893318176,0.94109184,0.00958585,-0.021740371,0.5780353483554116
128,1.28,BL,0.0,-4.110467910766602,-0.31206774711608887,-1.679628849029541,-0.07842269539833069,4.110467910766602,-1.6732842922210693,-1.679628849029541,-3.40474796295166,-3.268036365509033,,-1.679628849029541,-0.36290425062179565,0.94109184,0.00958585,-0.021740371,0.5780353483554116
128,1.28,BR,0.0,0.5804740190505981,0.9166451692581177,0.8644374012947083,1.5823594331741333,-0.5804740190505981,1.8075833320617676,0.8644374012947083,3.5961341857910156,3.3960883617401123,,0.8644374012947083,0.04851900786161423,0.94109184,0.00958585,-0.021740371,0.5780353483554116
129,1.29,FL,0.0,-1.4242366552352905,-0.6757655143737793,-1.197623610496521,-1.0397251844406128,1.4242366552352905,-1.5923289060592651,-1.197623610496521,-3.1640708446502686,-3.1224193572998047,,-1.197623610496521,-0.20601803064346313,0.9411115,0.009511728,-0.021740885,0.5772965692024796
129,1.29,FR,0.0,1.030440330505371,1.180531620979309,1.172163963317871,1.2459412813186646,-1.030440330505371,1.645752191543579,1.172163963317871,3.265777826309204,3.188032865524292,,1.172163963317871,0.10867567360401154,0.9411115,0.009511728,-0.021740885,0.5772965692024796
129,1.29,BL,0.0,-0.31206774711608887,-0.17767830193042755,-0.07842269539833069,-1.548457145690918,0.31206774711608887,-1.669539451599121,-0.07842269539833069,-3.277395725250244,-3.301442861557007,,-0.07842269539833069,0.0013210289180278778,0.9411115,0.009511728,-0.021740885,0.5772965692024796
129,1.29,BR,0.0,0.9166451692581177,1.246612787246704,1.5823594331741333,1.4409252405166626,-0.9166451692581177,1.796583652496338,1.5823594331741333,3.5792181491851807,3.431964635848999,,1.5823594331741333,0.19756197929382324,0.9411115,0.009511728,-0.021740885,0.5772965692024796
130,1.3,FL,0.0,-0.6757655143737793,-1.147539734840393,-1.0397251844406128,-1.322022795677185,0.6757655143737793,-1.5842198133468628,-1.0397251844406128,-3.12154221534729,-3.153846025466919,,-1.0397251844406128,-0.07434037327766418,0.9411554,0.0094015105,-0.021740869,0.5760958172248946
130,1.3,FR,0.0,1.180531620979309,1.3312656879425049,1.2459412813186646,1.1735395193099976,-1.180531620979309,1.631585717201233,1.2459412813186646,3.2354328632354736,3.2205379009246826,,1.2459412813186646,0.09973408281803131,0.9411554,0.0094015105,-0.021740869,0.5760958172248946
130,1.3,BL,0.0,-0.17767830193042755,-1.3857630491256714,-1.548457145690918,-1.5984680652618408,0.17767830193042755,-1.6674072742462158,-1.548457145690918,-3.2703189849853516,-3.334181070327759,,-1.548457145690918,-0.29138436913490295,0.9411554,0.0094015105,-0.021740869,0.5760958172248946
130,1.3,BR,0.0,1.246612787246704,0.16537675261497498,1.4409252405166626,1.2979384660720825,-1.246612787246704,1.7816243171691895,1.4409252405166626,3.5518739223480225,3.4676191806793213,,1.4409252405166626,0.2837817668914795,0.9411554,0.0094015105,-0.021740869,0.5760958172248946
131,1.31,FL,0.0,-1.147539734840393,-1.4885486364364624,-1.322022795677185,-1.1252038478851318,1.147539734840393,-1.5704492330551147,-1.322022795677185,-3.1028194427490234,-3.184967279434204,,-1.322022795677185,-0.05229176580905914,0.9412192,0.009265866,-0.021740748,0.5745673006106058
131,1.31,FR,0.0,1.3312656879425049,1.077672004699707,1.1735395193099976,1.0990794897079468,-1.3312656879425049,1.6156105995178223,1.1735395193099976,3.2006001472473145,3.2527167797088623,,1.1735395193099976,0.086571604013443,0.9412192,0.009265866,-0.021740748,0.5745673006106058
131,1.31,BL,0.0,-1.3857630491256714,-0.5100807547569275,-1.5984680652618408,-1.1131020784378052,1.3857630491256714,-1.6507781744003296,-1.5984680652618408,-3.267441749572754,-3.3668696880340576,,-1.5984680652618408,-0.3206466734409332,0.9412192,0.009265866,-0.021740748,0.5745673006106058
131,1.31,BR,0.0,0.16537675261497498,0.3747415244579315,1.2979384660720825,1.7154735326766968,-0.16537675261497498,1.779639720916748,1.2979384660720825,3.5143887996673584,3.5029492378234863,,1.2979384660720825,0.2300254851579666,0.9412192,0.009265866,-0.021740748,0.5745673006106058
132,1.32,FL,0.0,-1.4885486364364624,-1.2330583333969116,-1.1252038478851318,-0.9750298261642456,1.4885486364364624,-1.5525866746902466,-1.1252038478851318,-3.0693957805633545,-3.215827226638794,,-1.1252038478851318,-0.06708795577287674,0.94126797,0.009122003,-0.02174075,0.5730551765730055
132,1.32,FR,0.0,1.077672004699707,1.2692387104034424,1.0990794897079468,1.1845418214797974,-1.077672004699707,1.6026785373687744,1.0990794897079468,3.1612937450408936,3.284524917602539,,1.0990794897079468,0.04937904700636864,0.94126797,0.009122003,-0.02174075,0.5730551765730055
132,1.32,BL,0.0,-0.5100807547569275,-0.1458599865436554,-1.1131020784378052,-1.4467458724975586,0.5100807547569275,-1.6446571350097656,-1.1131020784378052,-3.226614236831665,-3.399338722229004,,-1.1131020784378052,-0.21477222442626953,0.94126797,0.009122003,-0.02174075,0.5730551765730055
132,1.32,BR,0.0,0.3747415244579315,1.3112460374832153,1.7154735326766968,1.6297430992126465,-0.3747415244579315,1.7751429080963135,1.7154735326766968,3.5111169815063477,3.538076639175415,,1.7154735326766968,0.33533143997192383,0.94126797,0.009122003,-0.02174075,0.5730551765730055
133,1.33,FL,0.0,-1.2330583333969116,-1.0460329055786133,-0.9750298261642456,-1.0593633651733398,1.2330583333969116,-1.537790060043335,-0.9750298261642456,-3.025506019592285,-3.246300220489502,,-0.9750298261642456,-0.031176410615444183,0.94129723,0.008960594,-0.021740675,0.5714742216246642
133,1.33,FR,0.0,1.2692387104034424,1.2511686086654663,1.1845418214797974,1.0949829816818237,-1.2692387104034424,1.5874476432800293,1.1845418214797974,3.1302309036254883,3.31598162651062,,1.1845418214797974,0.05184793472290039,0.94129723,0.008960594,-0.021740675,0.5714742216246642
133,1.33,BL,0.0,-0.1458599865436554,-1.2130017280578613,-1.4467458724975586,-1.5863131284713745,0.1458599865436554,-1.642906904220581,-1.4467458724975586,-3.213552236557007,-3.4315390586853027,,-1.4467458724975586,-0.2697758674621582,0.94129723,0.008960594,-0.021740675,0.5714742216246642
133,1.33,BR,0.0,1.3112460374832153,0.30481821298599243,1.6297430992126465,1.2506444454193115,-1.3112460374832153,1.759407877922058,1.6297430992126465,3.5012505054473877,3.5731379985809326,,1.6297430992126465,0.2921215295791626,0.94129723,0.008960594,-0.021740675,0.5714742216246642
134,1.34,FL,0.0,-1.0460329055786133,-1.2334961891174316,-1.0593633651733398,-1.1193768978118896,1.0460329055786133,-1.5252375602722168,-1.0593633651733398,-2.989950656890869,-3.276376247406006,,-1.0593633651733398,-0.01820695772767067,0.94132775,0.008808842,-0.021740709,0.569988842294531
134,1.34,FR,0.0,1.2511686086654663,0.9843460321426392,1.0949829816818237,1.0869802236557007,-1.2511686086654663,1.572433590888977,1.0949829816818237,3.09336256980896,3.3470983505249023,,1.0949829816818237,0.07805562019348145,0.94132775,0.008808842,-0.021740709,0.569988842294531
134,1.34,BL,0.0,-1.2130017280578613,-0.4229232966899872,-1.5863131284713745,-1.1577061414718628,1.2130017280578613,-1.628350853919983,-1.5863131284713745,-3.211947441101074,-3.4636666774749756,,-1.5863131284713745,-0.3381589353084564,0.94132775,0.008808842,-0.021740709,0.569988842294531
134,1.34,BR,0.0,0.30481821298599243,0.4628777503967285,1.2506444454193115,1.637480616569519,-0.30481821298599243,1.755750060081482,1.2506444454193115,3.4620413780212402,3.6079533100128174,,1.2506444454193115,0.19989146292209625,0.94132775,0.008808842,-0.021740709,0.569988842294531
135,1.35,FL,0.0,-1.2334961891174316,-1.2643086910247803,-1.1193768978118896,-1.03183913230896,1.2334961891174316,-1.510435700416565,-1.1193768978118896,-2.960495948791504,-3.3061275482177734,,-1.1193768978118896,-0.05882886052131653,0.94135624,0.008658011,-0.02174074,0.5685209420266428
135,1.35,FR,0.0,0.9843460321426392,1.212503433227539,1.0869802236557007,1.1786952018737793,-0.9843460321426392,1.5606215000152588,1.0869802236557007,3.057312250137329,3.3778505325317383,,1.0869802236557007,0.05766419321298599,0.94135624,0.008658011,-0.02174074,0.5685209420266428
135,1.35,BL,0.0,-0.4229232966899872,-0.6443358063697815,-1.1577061414718628,-1.459181547164917,0.4229232966899872,-1.6232757568359375,-1.1577061414718628,-3.1767938137054443,-3.4956090450286865,,-1.1577061414718628,-0.23933199048042297,0.94135624,0.008658011,-0.02174074,0.5685209420266428
135,1.35,BR,0.0,0.4628777503967285,0.3439312279224396,1.637480616569519,1.5705989599227905,-0.4628777503967285,1.7501955032348633,1.637480616569519,3.4547059535980225,3.6425366401672363,,1.637480616569519,0.3082025349140167,0.94135624,0.008658011,-0.02174074,0.5685209420266428
136,1.36,FL,0.0,-1.2643086910247803,-1.2542229890823364,-1.03183913230896,-1.0047122240066528,1.2643086910247803,-1.495263934135437,-1.03183913230896,-2.9253311157226562,-3.3355555534362793,,-1.03183913230896,-0.019234761595726013,0.9413766,0.008485899,-0.021740677,0.5669153449195974
136,1.36,FR,0.0,1.212503433227539,1.201810359954834,1.1786952018737793,1.0756200551986694,-1.212503433227539,1.5460714101791382,1.1786952018737793,3.0298678874969482,3.408285617828369,,1.1786952018737793,0.06948142498731613,0.9413766,0.008485899,-0.021740677,0.5669153449195974
136,1.36,BL,0.0,-0.6443358063697815,-0.8034418225288391,-1.459181547164917,-1.3655414581298828,0.6443358063697815,-1.6155437231063843,-1.459181547164917,-3.1666605472564697,-3.5273261070251465,,-1.459181547164917,-0.29742345213890076,0.9413766,0.008485899,-0.021740677,0.5669153449195974
136,1.36,BR,0.0,0.3439312279224396,0.4689069390296936,1.5705989599227905,1.6126230955123901,-0.3439312279224396,1.7460683584213257,1.5705989599227905,3.442413091659546,3.6770219802856445,,1.5705989599227905,0.26806145906448364,0.9413766,0.008485899,-0.021740677,0.5669153449195974
137,1.37,FL,0.0,-1.2542229890823364,-1.2188504934310913,-1.0047122240066528,-0.9935747385025024,1.2542229890823364,-1.4802132844924927,-1.0047122240066528,-2.889417886734009,-3.3646280765533447,,-1.0047122240066528,-0.015496388077735901,0.9413879,0.008306688,-0.021740697,0.5652926189306798
137,1.37,FR,0.0,1.201810359954834,1.1388081312179565,1.0756200551986694,1.0653473138809204,-1.201810359954834,1.5316497087478638,1.0756200551986694,2.9954164028167725,3.438410758972168,,1.0756200551986694,0.05097423493862152,0.9413879,0.008306688,-0.021740697,0.5652926189306798
137,1.37,BL,0.0,-0.8034418225288391,-0.40271976590156555,-1.3655414581298828,-1.2941670417785645,0.8034418225288391,-1.6059024333953857,-1.3655414581298828,-3.1495814323425293,-3.5589065551757812,,-1.3655414581298828,-0.2820342779159546,0.9413879,0.008306688,-0.021740697,0.5652926189306798
137,1.37,BR,0.0,0.4689069390296936,0.4546872675418854,1.6126230955123901,1.558505654335022,-0.4689069390296936,1.7404414415359497,1.6126230955123901,3.4338977336883545,3.7114031314849854,,1.6126230955123901,0.2718433737754822,0.9413879,0.008306688,-0.021740697,0.5652926189306798
138,1.3800000000000001,FL,0.0,-1.2188504934310913,-1.2048168182373047,-0.9935747385025024,-0.9926730990409851,1.2188504934310913,-1.4655870199203491,-0.9935747385025024,-2.854039430618286,-3.3933441638946533,,-0.9935747385025024,-0.016369760036468506,0.94138867,0.008128335,-0.02174072,0.563731741041694
138,1.3800000000000001,FR,0.0,1.1388081312179565,1.1410350799560547,1.0653473138809204,1.0761264562606812,-1.1388081312179565,1.5179840326309204,1.0653473138809204,2.961510181427002,3.4681942462921143,,1.0653473138809204,0.05023501068353653,0.94138867,0.008128335,-0.02174072,0.563731741041694
138,1.3800000000000001,BL,0.0,-0.40271976590156555,-0.4516294300556183,-1.2941670417785645,-1.4448145627975464,0.40271976590156555,-1.6010698080062866,-1.2941670417785645,-3.1275746822357178,-3.590291738510132,,-1.2941670417785645,-0.28451377153396606,0.94138867,0.008128335,-0.02174072,0.563731741041694
138,1.3800000000000001,BR,0.0,0.4546872675418854,0.5278998613357544,1.558505654335022,1.5585665702819824,-0.4546872675418854,1.7349852323532104,1.558505654335022,3.4214725494384766,3.7456796169281006,,1.558505654335022,0.2605800926685333,0.94138867,0.008128335,-0.02174072,0.563731741041694
139,1.3900000000000001,FL,0.0,-1.2048168182373047,-1.199475884437561,-0.9926730990409851,-0.9836603403091431,1.2048168182373047,-1.4511293172836304,-0.9926730990409851,-2.8199775218963623,-3.42171311378479,,-0.9926730990409851,-0.01205509901046753,0.94139147,0.007949075,-0.021740697,0.562151583911205
139,1.3900000000000001,FR,0.0,1.1410350799560547,1.159304141998291,1.0761264562606812,1.0615699291229248,-1.1410350799560547,1.5042915344238281,1.0761264562606812,2.929778814315796,3.497649669647217,,1.0761264562606812,0.05092622712254524,0.94139147,0.007949075,-0.021740697,0.562151583911205
139,1.3900000000000001,BL,0.0,-0.4516294300556183,-0.6635810136795044,-1.4448145627975464,-1.4204180240631104,0.4516294300556183,-1.5956501960754395,-1.4448145627975464,-3.1182446479797363,-3.621520519256592,,-1.4448145627975464,-0.30186721682548523,0.94139147,0.007949075,-0.021740697,0.562151583911205
139,1.3900000000000001,BR,0.0,0.5278998613357544,0.49269646406173706,1.5585665702819824,1.5238252878189087,-0.5278998613357544,1.728650450706482,1.5585665702819824,3.409539222717285,3.779834270477295,,1.5585665702819824,0.25832119584083557,0.94139147,0.007949075,-0.021740697,0.562151583911205
140,1.4000000000000001,FL,0.0,-1.199475884437561,-1.2016708850860596,-0.9836603403091431,-0.9713389277458191,1.199475884437561,-1.4367355108261108,-0.9836603403091431,-2.7865443229675293,-3.449744701385498,,-0.9836603403091431,-0.010881088674068451,0.94139546,0.0077718734,-0.021740718,0.5605814069083502
140,1.4000000000000001,FR,0.0,1.159304141998291,1.1098754405975342,1.0615699291229248,1.0405699014663696,-1.159304141998291,1.4903799295425415,1.0615699291229248,2.8981499671936035,3.5267882347106934,,1.0615699291229248,0.05323665216565132,0.94139546,0.0077718734,-0.021740718,0.5605814069083502
140,1.4000000000000001,BL,0.0,-0.6635810136795044,-0.32540059089660645,-1.4204180240631104,-1.3302178382873535,0.6635810136795044,-1.5876872539520264,-1.4204180240631104,-3.1073672771453857,-3.6526482105255127,,-1.4204180240631104,-0.30389830470085144,0.94139546,0.0077718734,-0.021740718,0.5605814069083502
140,1.4000000000000001,BR,0.0,0.49269646406173706,0.49172243475914,1.5238252878189087,1.531571865081787,-0.49269646406173706,1.7227380275726318,1.5238252878189087,3.3953492641448975,3.8138582706451416,,1.5238252878189087,0.2505573034286499,0.94139546,0.0077718734,-0.021740718,0.5605814069083502
141,1.41,FL,4.0,-1.2016708850860596,-1.1806538105010986,-0.9713389277458191,0.6439328193664551,5.2016706466674805,-1.3743155002593994,-0.9713389277458191,-2.753455877304077,-3.4774434566497803,,-0.9713389277458191,-0.01621345430612564,0.9413993,0.0075982297,-0.021740733,0.5590419343859998
141,1.41,FR,-4.0,1.1098754405975342,1.121083378791809,1.0405699014663696,-0.5535702705383301,-5.109875679016113,1.4290614128112793,1.0405699014663696,2.866114616394043,3.5556085109710693,,1.0405699014663696,0.04710670933127403,0.9413993,0.0075982297,-0.021740733,0.5590419343859998
141,1.41,BL,4.0,-0.32540059089660645,-0.5457408428192139,-1.3302178382873535,0.1424729824066162,4.325400352478027,-1.5357824563980103,-1.3302178382873535,-3.0898427963256836,-3.68363356590271,,-1.3302178382873535,-0.28967222571372986,0.9413993,0.0075982297,-0.021740733,0.5590419343859998
141,1.41,BR,-4.0,0.49172243475914,0.5759291648864746,1.531571865081787,-0.0739508867263794,-4.491722583770752,1.6688374280929565,1.531571865081787,3.3823232650756836,3.8477461338043213,,1.531571865081787,0.2587375044822693,0.9413993,0.0075982297,-0.021740733,0.5590419343859998
142,1.42,FL,4.0,-1.1806538105010986,0.4352569282054901,0.6439328193664551,0.6979460120201111,5.1806535720825195,-1.312147617340088,0.6439328193664551,-2.5949933528900146,-3.504180431365967,,0.6439328193664551,0.13712309300899506,0.94134325,0.0075627617,-0.021740746,0.5590390548309658
142,1.42,FR,-4.0,1.121083378791809,-0.38807711005210876,-0.5535702705383301,-0.6193719506263733,-5.1210832595825195,1.3676084280014038,-0.5535702705383301,2.7103209495544434,3.5834856033325195,,-0.5535702705383301,-0.15667882561683655,0.94134325,0.0075627617,-0.021740746,0.5590390548309658
142,1.42,BL,4.0,-0.5457408428192139,0.0920565128326416,0.1424729824066162,0.28251388669013977,4.545741081237793,-1.4812335968017578,0.1424729824066162,-2.9575154781341553,-3.7138659954071045,,0.1424729824066162,0.007403526455163956,0.94134325,0.0075627617,-0.021740746,0.5590390548309658
142,1.42,BR,-4.0,0.5759291648864746,0.18645240366458893,-0.0739508867263794,-0.16153424978256226,-4.575929164886475,1.6139262914657593,-0.0739508867263794,3.243901252746582,3.8808727264404297,,-0.0739508867263794,-0.05998781695961952,0.94134325,0.0075627617,-0.021740746,0.5590390548309658
143,1.43,FL,4.0,0.4352569282054901,0.6503803730010986,0.6979460120201111,0.11374956369400024,3.5647430419921875,-1.2693707942962646,0.6979460120201111,-2.4385085105895996,-3.5293426513671875,,0.6979460120201111,0.12940534949302673,0.94130003,0.00754956,-0.021741135,0.5591515928501654
143,1.43,FR,-4.0,-0.38807711005210876,-0.6143660545349121,-0.6193719506263733,-0.07716073095798492,-3.6119229793548584,1.3242653608322144,-0.6193719506263733,2.555475950241089,3.609809398651123,,-0.6193719506263733,-0.1530536413192749,0.94130003,0.00754956,-0.021741135,0.5591515928501654
143,1.43,BL,4.0,0.0920565128326416,0.17140373587608337,0.28251388669013977,0.08194383978843689,3.9079434871673584,-1.4343382120132446,0.28251388669013977,-2.819394588470459,-3.742745876312256,,0.28251388669013977,0.047564588487148285,0.94130003,0.00754956,-0.021741135,0.5591515928501654
143,1.43,BR,-4.0,0.18645240366458893,-0.001652647741138935,-0.16153424978256226,-0.06065469607710838,-4.186452388763428,1.56368887424469,-0.16153424978256226,3.1040384769439697,3.9126076698303223,,-0.16153424978256226,-0.06509611010551453,0.94130003,0.00754956,-0.021741135,0.5591515928501654
144,1.44,FL,4.0,0.6503803730010986,0.029528742656111717,0.11374956369400024,0.07047710567712784,3.3496196269989014,-1.229175329208374,0.11374956369400024,-2.333972930908203,-3.553201675415039,,0.11374956369400024,0.010345406830310822,0.9412783,0.007535434,-0.021741081,0.5591583423583258
144,1.44,FR,-4.0,-0.6143660545349121,0.054845698177814484,-0.07716073095798492,-0.029988229274749756,-3.385633945465088,1.2836377620697021,-0.07716073095798492,2.449223279953003,3.63482928276062,,-0.07716073095798492,-0.03034854680299759,0.9412783,0.007535434,-0.021741081,0.5591583423583258
144,1.44,BL,4.0,0.17140373587608337,0.044127799570560455,0.08194383978843689,0.09710027277469635,3.828596353530884,-1.388395071029663,0.08194383978843689,-2.702418327331543,-3.7703511714935303,,0.08194383978843689,0.0062467604875564575,0.9412783,0.007535434,-0.021741081,0.5591583423583258
144,1.44,BR,-4.0,-0.001652647741138935,0.052267227321863174,-0.06065469607710838,-0.0356501042842865,-3.998347282409668,1.5157086849212646,-0.06065469607710838,2.9775707721710205,3.943011522293091,,-0.06065469607710838,-0.031184256076812744,0.9412783,0.007535434,-0.021741081,0.5591583423583258
145,1.45,FL,4.0,0.029528742656111717,0.02856205403804779,0.07047710567712784,0.3590131998062134,3.970471143722534,-1.1815296411514282,0.07047710567712784,-2.2369296550750732,-3.5760529041290283,,0.07047710567712784,0.009794586338102818,0.94126487,0.0075267605,-0.021741128,0.5591610797256106
145,1.45,FR,-4.0,0.054845698177814484,0.029829807579517365,-0.029988229274749756,-0.33830052614212036,-4.054845809936523,1.2349796295166016,-0.029988229274749756,2.3508362770080566,3.6588263511657715,,-0.029988229274749756,-0.017828144133090973,0.94126487,0.0075267605,-0.021741128,0.5591610797256106
145,1.45,BL,4.0,0.044127799570560455,0.030979420989751816,0.09710027277469635,0.19395379722118378,3.9558722972869873,-1.340924620628357,0.09710027277469635,-2.5888402462005615,-3.7968037128448486,,0.09710027277469635,0.017491290345788002,0.94126487,0.0075267605,-0.021741128,0.5591610797256106
145,1.45,BR,-4.0,0.052267227321863174,0.03553137928247452,-0.0356501042842865,-0.1051982194185257,-4.052267074584961,1.4670814275741577,-0.0356501042842865,2.858022689819336,3.9721856117248535,,-0.0356501042842865,-0.0188656747341156,0.94126487,0.0075267605,-0.021741128,0.5591610797256106
146,1.46,FL,4.0,0.02856205403804779,-0.028922412544488907,0.3590131998062134,0.40704551339149475,3.971437931060791,-1.133872389793396,0.3590131998062134,-2.1210641860961914,-3.597839117050171,,0.3590131998062134,0.08955853432416916,0.94125336,0.0075198724,-0.02174117,0.5591746829329527
146,1.46,FR,-4.0,0.029829807579517365,0.05188477784395218,-0.33830052614212036,-0.37695232033729553,-4.029829978942871,1.1866216659545898,-0.33830052614212036,2.232128620147705,3.681737184524536,,-0.33830052614212036,-0.1009511947631836,0.94125336,0.0075198724,-0.02174117,0.5591746829329527
146,1.46,BL,4.0,0.030979420989751816,0.028820069506764412,0.19395379722118378,0.24668361246585846,3.9690206050872803,-1.2932963371276855,0.19395379722118378,-2.4721202850341797,-3.8221046924591064,,0.19395379722118378,0.04506438598036766,0.94125336,0.0075198724,-0.02174117,0.5591746829329527
146,1.46,BR,-4.0,0.03553137928247452,0.029646996408700943,-0.1051982194185257,-0.147131085395813,-4.035531520843506,1.4186550378799438,-0.1051982194185257,2.737708330154419,4.000160217285156,,-0.1051982194185257,-0.03678113967180252,0.94125336,0.0075198724,-0.02174117,0.5591746829329527
147,1.47,FL,4.0,-0.028922412544488907,-0.004719160497188568,0.40704551339149475,0.47769656777381897,4.0289225578308105,-1.0855252742767334,0.40704551339149475,-2.0059750080108643,-3.6184704303741455,,0.40704551339149475,0.10439340025186539,0.94124186,0.0075128074,-0.021741115,0.5591814882554492
147,1.47,FR,-4.0,0.05188477784395218,0.05819055065512657,-0.37695232033729553,-0.43413227796554565,-4.051884651184082,1.1379990577697754,-0.37695232033729553,2.115044593811035,3.7034690380096436,,-0.37695232033729553,-0.11256036907434464,0.94124186,0.0075128074,-0.021741115,0.5591814882554492
147,1.47,BL,4.0,0.028820069506764412,0.024588018655776978,0.24668361246585846,0.29517561197280884,3.971179962158203,-1.2456421852111816,0.24668361246585846,-2.355841875076294,-3.846240520477295,,0.24668361246585846,0.06029489263892174,0.94124186,0.0075128074,-0.021741115,0.5591814882554492
147,1.47,BR,-4.0,0.029646996408700943,0.034839339554309845,-0.147131085395813,-0.19320371747016907,-4.029646873474121,1.3702993392944336,-0.147131085395813,2.6188230514526367,4.0269389152526855,,-0.147131085395813,-0.048494644463062286,0.94124186,0.0075128074,-0.021741115,0.5591814882554492
148,1.48,FL,4.0,-0.004719160497188568,0.33219456672668457,0.47769656777381897,0.5163623094558716,4.004719257354736,-1.037468671798706,0.47769656777381897,-1.8898581266403198,-3.6379456520080566,,0.47769656777381897,0.10647711157798767,0.9412295,0.0075060213,-0.021741139,0.5592009624244513
148,1.48,FR,-4.0,0.05819055065512657,0.04097003489732742,-0.43413227796554565,-0.4852772057056427,-4.05819034576416,1.0893007516860962,-0.43413227796554565,1.9980673789978027,3.7240307331085205,,-0.43413227796554565,-0.12821340560913086,0.9412295,0.0075060213,-0.021741139,0.5592009624244513
148,1.48,BL,4.0,0.024588018655776978,0.016321884468197823,0.29517561197280884,0.3445225954055786,3.975411891937256,-1.197937250137329,0.29517561197280884,-2.2403199672698975,-3.8692173957824707,,0.29517561197280884,0.07246482372283936,0.9412295,0.0075060213,-0.021741139,0.5592009624244513
148,1.48,BR,-4.0,0.034839339554309845,0.027604475617408752,-0.19320371747016907,-0.24363641440868378,-4.034839153289795,1.3218812942504883,-0.19320371747016907,2.500986337661743,4.052534103393555,,-0.19320371747016907,-0.05873234570026398,0.9412295,0.0075060213,-0.021741139,0.5592009624244513
149,1.49,FL,4.0,0.33219456672668457,0.653774619102478,0.5163623094558716,0.42965346574783325,3.6678054332733154,-0.9934550523757935,0.5163623094558716,-1.7752619981765747,-3.6562674045562744,,0.5163623094558716,0.11174504458904266,0.9412214,0.0075004906,-0.021741092,0.5592054469761757
149,1.49,FR,-4.0,0.04097003489732742,-0.10425496101379395,-0.4852772057056427,-0.5270872712135315,-4.0409698486328125,1.0408090353012085,-0.4852772057056427,1.8816660642623901,3.7434256076812744,,-0.4852772057056427,-0.14085674285888672,0.9412214,0.0075004906,-0.021741092,0.5592054469761757
149,1.49,BL,4.0,0.016321884468197823,-0.028595469892024994,0.3445225954055786,0.3955339789390564,3.983678102493286,-1.1501331329345703,0.3445225954055786,-2.125458002090454,-3.891042470932007,,0.3445225954055786,0.08946261554956436,0.9412214,0.0075004906,-0.021741092,0.5592054469761757
149,1.49,BR,-4.0,0.027604475617408752,0.017238253727555275,-0.24363641440868378,-0.2891605496406555,-4.027604579925537,1.273550033569336,-0.24363641440868378,2.383815050125122,4.076953887939453,,-0.24363641440868378,-0.07364863902330399,0.9412214,0.0075004906,-0.021741092,0.5592054469761757
150,1.5,FL,4.0,0.653774619102478,0.08438695222139359,0.42965346574783325,0.3450351059436798,3.3462252616882324,-0.9533003568649292,0.42965346574783325,-1.6719591617584229,-3.6735000610351562,,0.42965346574783325,0.10502828657627106,0.94121784,0.0075024604,-0.021741118,0.5592412797779069
150,1.5,FR,-4.0,-0.10425496101379395,-0.22697767615318298,-0.5270872712135315,-0.5174888968467712,-3.895745038986206,0.9940601587295532,-0.5270872712135315,1.766550064086914,3.761662721633911,,-0.5270872712135315,-0.14139698445796967,0.94121784,0.0075024604,-0.021741118,0.5592412797779069
150,1.5,BL,4.0,-0.028595469892024994,-0.005121629685163498,0.3955339789390564,0.46130505204200745,4.028595447540283,-1.101789951324463,0.3955339789390564,-2.011099338531494,-3.9117214679718018,,0.3955339789390564,0.10660377144813538,0.94121784,0.0075024604,-0.021741118,0.5592412797779069
150,1.5,BR,-4.0,0.017238253727555275,-0.0028599966317415237,-0.2891605496406555,-0.33334529399871826,-4.017238140106201,1.225343108177185,-0.2891605496406555,2.2676680088043213,4.100207805633545,,-0.2891605496406555,-0.08007413893938065,0.94121784,0.0075024604,-0.021741118,0.5592412797779069
151,1.51,FL,4.0,0.08438695222139359,0.10723352432250977,0.3450351059436798,0.6129449009895325,3.9156129360198975,-0.9063130021095276,0.3450351059436798,-1.5793426036834717,-3.689753532409668,,0.3450351059436798,0.09227398782968521,0.9412171,0.0075059608,-0.021741139,0.5592749240918525
151,1.51,FR,-4.0,-0.22697767615318298,-0.1382649689912796,-0.5174888968467712,-0.5151487588882446,-3.773022413253784,0.9487838745117188,-0.5174888968467712,1.656700611114502,3.778775453567505,,-0.5174888968467712,-0.1347806304693222,0.9412171,0.0075059608,-0.021741139,0.5592749240918525
151,1.51,BL,4.0,-0.005121629685163498,-0.017403818666934967,0.46130505204200745,0.5002586841583252,4.00512170791626,-1.053728461265564,0.46130505204200745,-1.8960670232772827,-3.931253433227539,,0.46130505204200745,0.12654733657836914,0.9412171,0.0075059608,-0.021741139,0.5592749240918525
151,1.51,BR,-4.0,-0.0028599966317415237,-0.0019160714000463486,-0.33334529399871826,-0.373512864112854,-3.9971399307250977,1.177377462387085,-0.33334529399871826,2.1526100635528564,4.122305393218994,,-0.33334529399871826,-0.09033066034317017,0.9412171,0.0075059608,-0.021741139,0.5592749240918525
152,1.52,FL,4.0,0.10723352432250977,0.5751098394393921,0.6129449009895325,0.6507936120033264,3.8927664756774902,-0.859599769115448,0.6129449009895325,-1.4693478345870972,-3.704993486404419,,0.6129449009895325,0.1184830516576767,0.9412096,0.007509095,-0.021741116,0.5593373606823484
152,1.52,FR,-4.0,-0.1382649689912796,-0.0238959938287735,-0.5151487588882446,-0.5959101319313049,-3.8617351055145264,0.9024430513381958,-0.5151487588882446,1.5513418912887573,3.7948122024536133,,-0.5151487588882446,-0.13419869542121887,0.9412096,0.007509095,-0.021741116,0.5593373606823484
152,1.52,BL,4.0,-0.017403818666934967,4.830583930015564e-05,0.5002586841583252,0.5532330274581909,4.017403602600098,-1.0055196285247803,0.5002586841583252,-1.7824902534484863,-3.9496424198150635,,0.5002586841583252,0.13247531652450562,0.9412096,0.007509095,-0.021741116,0.5593373606823484
152,1.52,BR,-4.0,-0.0019160714000463486,-0.0016565462574362755,-0.373512864112854,-0.4218561053276062,-3.9980838298797607,1.1294004917144775,-0.373512864112854,2.0389137268066406,4.143259048461914,,-0.373512864112854,-0.10349699854850769,0.9412096,0.007509095,-0.021741116,0.5593373606823484
153,1.53,FL,4.0,0.5751098394393921,0.5937694311141968,0.6507936120033264,0.5103563070297241,3.4248900413513184,-0.8185011148452759,0.6507936120033264,-1.3606979846954346,-3.71914005279541,,0.6507936120033264,0.1036033034324646,0.94120485,0.0075120544,-0.021741176,0.5594017714966667
153,1.53,FR,-4.0,-0.0238959938287735,-0.04107816517353058,-0.5959101319313049,-0.6879985332489014,-3.9761040210723877,0.8547298312187195,-0.5959101319313049,1.4437810182571411,3.809784173965454,,-0.5959101319313049,-0.15702907741069794,0.94120485,0.0075120544,-0.021741176,0.5594017714966667
153,1.53,BL,4.0,4.830583930015564e-05,0.0716838389635086,0.5532330274581909,0.5944610238075256,3.9999516010284424,-0.9575202465057373,0.5532330274581909,-1.6692126989364624,-3.9668972492218018,,0.5532330274581909,0.1476026177406311,0.94120485,0.0075120544,-0.021741176,0.5594017714966667
153,1.53,BR,-4.0,-0.0016565462574362755,-0.013836227357387543,-0.4218561053276062,-0.46993693709373474,-3.9983434677124023,1.0814203023910522,-0.4218561053276062,1.9258843660354614,4.163079261779785,,-0.4218561053276062,-0.11276731640100479,0.94120485,0.0075120544,-0.021741176,0.5594017714966667
154,1.54,FL,4.0,0.5937694311141968,0.4086900055408478,0.5103563070297241,0.5439911484718323,3.4062304496765137,-0.7776263356208801,0.5103563070297241,-1.2673214673995972,-3.7322769165039062,,0.5103563070297241,0.11422102153301239,0.94120216,0.00752875,-0.021741154,0.5595634863634626
154,1.54,FR,-4.0,-0.04107816517353058,-0.6096821427345276,-0.6879985332489014,-0.7288389205932617,-3.9589219093322754,0.8072227239608765,-0.6879985332489014,1.3332159519195557,3.8236653804779053,,-0.6879985332489014,-0.1465059518814087,0.94120216,0.00752875,-0.021741154,0.5595634863634626
154,1.54,BL,4.0,0.0716838389635086,0.11451409757137299,0.5944610238075256,0.6138061881065369,3.928316116333008,-0.910380482673645,0.5944610238075256,-1.5571436882019043,-3.983025312423706,,0.5944610238075256,0.15831467509269714,0.94120216,0.00752875,-0.021741154,0.5595634863634626
154,1.54,BR,-4.0,-0.013836227357387543,-0.09992986917495728,-0.46993693709373474,-0.5130451917648315,-3.986163854598999,1.0335863828659058,-0.46993693709373474,1.81351637840271,4.181772708892822,,-0.46993693709373474,-0.11889602243900299,0.94120216,0.00752875,-0.021741154,0.5595634863634626
155,1.55,FL,4.0,0.4086900055408478,0.5558115839958191,0.5439911484718323,0.6588976979255676,3.5913100242614746,-0.7345306277275085,0.5439911484718323,-1.1749687194824219,-3.744485378265381,,0.5439911484718323,0.10071466863155365,0.9411942,0.0075513693,-0.021741139,0.5598157875903
155,1.55,FR,-4.0,-0.6096821427345276,-0.5818880796432495,-0.7288389205932617,-0.5489044189453125,-3.390317916870117,0.7665389180183411,-0.7288389205932617,1.2237833738327026,3.836446762084961,,-0.7288389205932617,-0.14354275166988373,0.9411942,0.0075513693,-0.021741139,0.5598157875903
155,1.55,BL,4.0,0.11451409757137299,0.2820720672607422,0.6138061881065369,0.6438139081001282,3.885485887527466,-0.8637546300888062,0.6138061881065369,-1.4479517936706543,-3.998047113418579,,0.6138061881065369,0.15668871998786926,0.9411942,0.0075513693,-0.021741139,0.5598157875903
155,1.55,BR,-4.0,-0.09992986917495728,-0.17424049973487854,-0.5130451917648315,-0.5264416933059692,-3.9000701904296875,0.9867855310440063,-0.5130451917648315,1.7021738290786743,4.199347019195557,,-0.5130451917648315,-0.1205504909157753,0.9411942,0.0075513693,-0.021741139,0.5598157875903
156,1.56,FL,4.0,0.5558115839958191,0.6710981130599976,0.6588976979255676,0.6431447863578796,3.444188356399536,-0.6932003498077393,0.6588976979255676,-1.0772260427474976,-3.7557430267333984,,0.6588976979255676,0.11684580147266388,0.9411766,0.007571724,-0.021741146,0.5600887656085699
156,1.56,FR,-4.0,-0.5818880796432495,-0.43019425868988037,-0.5489044189453125,-0.6007058024406433,-3.418111801147461,0.7255216240882874,-0.5489044189453125,1.1327524185180664,3.848226547241211,,-0.5489044189453125,-0.10526743531227112,0.9411766,0.007571724,-0.021741146,0.5600887656085699
156,1.56,BL,4.0,0.2820720672607422,0.19212457537651062,0.6438139081001282,0.623416543006897,3.717927932739258,-0.8191394805908203,0.6438139081001282,-1.3406882286071777,-4.01198673248291,,0.6438139081001282,0.15729475021362305,0.9411766,0.007571724,-0.021741146,0.5600887656085699
156,1.56,BR,-4.0,-0.17424049973487854,-0.07176333665847778,-0.5264416933059692,-0.5435183048248291,-3.8257594108581543,0.9408764243125916,-0.5264416933059692,1.594146490097046,4.215825080871582,,-0.5264416933059692,-0.13048972189426422,0.9411766,0.007571724,-0.021741146,0.5600887656085699
157,1.57,FL,4.0,0.6710981130599976,0.6088539361953735,0.6431447863578796,0.6383603811264038,3.328901767730713,-0.6532534956932068,0.6431447863578796,-0.9845512509346008,-3.7660489082336426,,0.6431447863578796,0.11605469882488251,0.9411538,0.0075876135,-0.021741165,0.5603606482531857
157,1.57,FR,-4.0,-0.43019425868988037,-0.5415998101234436,-0.6007058024406433,-0.7024006843566895,-3.56980562210083,0.6826839447021484,-0.6007058024406433,1.0412285327911377,3.859093189239502,,-0.6007058024406433,-0.1177457869052887,0.9411538,0.0075876135,-0.021741165,0.5603606482531857
157,1.57,BL,4.0,0.19212457537651062,0.20173849165439606,0.623416543006897,0.7040106654167175,3.807875394821167,-0.7734450101852417,0.623416543006897,-1.2392300367355347,-4.024882793426514,,0.623416543006897,0.14521414041519165,0.9411538,0.0075876135,-0.021741165,0.5603606482531857
157,1.57,BR,-4.0,-0.07176333665847778,-0.1485110968351364,-0.5435183048248291,-0.6304182410240173,-3.928236722946167,0.8937375545501709,-0.5435183048248291,1.489015817642212,4.231237411499023,,-0.5435183048248291,-0.14106988906860352,0.9411538,0.0075876135,-0.021741165,0.5603606482531857
158,1.58,FL,4.0,0.6088539361953735,0.6184293031692505,0.6383603811264038,0.7032049298286438,3.391146183013916,-0.6125597953796387,0.6383603811264038,-0.8958855271339417,-3.7754480838775635,,0.6383603811264038,0.1001773253083229,0.94112635,0.007616528,-0.021741074,0.5607524754295404
158,1.58,FR,-4.0,-0.5415998101234436,-0.7100830674171448,-0.7024006843566895,-0.7006761431694031,-3.458400249481201,0.6411831378936768,-0.7024006843566895,0.9453184008598328,3.869022846221924,,-0.7024006843566895,-0.12011291831731796,0.94112635,0.007616528,-0.021741074,0.5607524754295404
158,1.58,BL,4.0,0.20173849165439606,0.14592674374580383,0.7040106654167175,0.7458596229553223,3.7982614040374756,-0.7278658747673035,0.7040106654167175,-1.135429859161377,-4.036752700805664,,0.7040106654167175,0.16078564524650574,0.94112635,0.007616528,-0.021741074,0.5607524754295404
158,1.58,BR,-4.0,-0.1485110968351364,-0.1452685445547104,-0.6304182410240173,-0.6468579769134521,-3.8514888286590576,0.8475196957588196,-0.6304182410240173,1.3811925649642944,4.245584964752197,,-0.6304182410240173,-0.15827396512031555,0.94112635,0.007616528,-0.021741074,0.5607524754295404
159,1.59,FL,4.0,0.6184293031692505,0.6424035429954529,0.7032049298286438,0.7400684952735901,3.381570816040039,-0.571980893611908,0.7032049298286438,-0.805611252784729,-3.783952474594116,,0.7032049298286438,0.12089958786964417,0.9410973,0.0076399203,-0.02174111,0.561120834803918
159,1.59,FR,-4.0,-0.7100830674171448,-0.7873845100402832,-0.7006761431694031,-0.6747836470603943,-3.2899169921875,0.6017041206359863,-0.7006761431694031,0.8533040881156921,3.8780128955841064,,-0.7006761431694031,-0.10374720394611359,0.9410973,0.0076399203,-0.02174111,0.561120834803918
159,1.59,BL,4.0,0.14592674374580383,0.2046930342912674,0.7458596229553223,0.813763439655304,3.8540732860565186,-0.6816169619560242,0.7458596229553223,-1.0324177742004395,-4.04758882522583,,0.7458596229553223,0.1751202791929245,0.9410973,0.0076399203,-0.02174111,0.561120834803918
159,1.59,BR,-4.0,-0.1452685445547104,-0.0845186859369278,-0.6468579769134521,-0.6943728923797607,-3.854731559753418,0.8012629151344299,-0.6468579769134521,1.2763078212738037,4.258869171142578,,-0.6468579769134521,-0.15223747491836548,0.9410973,0.0076399203,-0.02174111,0.561120834803918
160,1.6,FL,4.0,0.6424035429954529,0.7227583527565002,0.7400684952735901,0.771057665348053,3.3575963973999023,-0.5316897630691528,0.7400684952735901,-0.7159857749938965,-3.791557550430298,,0.7400684952735901,0.10403594374656677,0.9410533,0.007665298,-0.021741036,0.5615827717143028
160,1.6,FR,-4.0,-0.7873845100402832,-0.7731891870498657,-0.6747836470603943,-0.6833420991897583,-3.212615489959717,0.5631527304649353,-0.6747836470603943,0.7669282555580139,3.886111259460449,,-0.6747836470603943,-0.09318353235721588,0.9410533,0.007665298,-0.021741036,0.5615827717143028
160,1.6,BL,4.0,0.2046930342912674,0.12233659625053406,0.813763439655304,0.8365058302879333,3.795306921005249,-0.6360732913017273,0.813763439655304,-0.9281198978424072,-4.057387828826904,,0.813763439655304,0.18130652606487274,0.9410533,0.007665298,-0.021741036,0.5615827717143028
160,1.6,BR,-4.0,-0.0845186859369278,-0.4572713375091553,-0.6943728923797607,-0.7649295926094055,-3.9154813289642334,0.7542771697044373,-0.6943728923797607,1.1718096733093262,4.271106243133545,,-0.6943728923797607,-0.1800026148557663,0.9410533,0.007665298,-0.021741036,0.5615827717143028
161,1.61,FL,4.0,0.7227583527565002,0.6569598913192749,0.771057665348053,0.7792068719863892,3.2772417068481445,-0.4923628568649292,0.771057665348053,-0.6274443864822388,-3.798271656036377,,0.771057665348053,0.11480307579040527,0.9410019,0.007689517,-0.021741027,0.5620748922345298
161,1.61,FR,-4.0,-0.7731891870498657,-0.8197981119155884,-0.6833420991897583,-0.7275716066360474,-3.226810932159424,0.5244309902191162,-0.6833420991897583,0.683268129825592,3.893359422683716,,-0.6833420991897583,-0.07890591025352478,0.9410019,0.007689517,-0.021741027,0.5620748922345298
161,1.61,BL,4.0,0.12233659625053406,0.06255698204040527,0.8365058302879333,0.914992094039917,3.8776633739471436,-0.5895413160324097,0.8365058302879333,-0.8261280655860901,-4.066155433654785,,0.8365058302879333,0.1733526736497879,0.9410019,0.007689517,-0.021741027,0.5620748922345298
161,1.61,BR,-4.0,-0.4572713375091553,-0.7075703144073486,-0.7649295926094055,-0.6628143191337585,-3.5427286624908447,0.711764395236969,-0.7649295926094055,1.0658756494522095,4.282290935516357,,-0.7649295926094055,-0.19971615076065063,0.9410019,0.007689517,-0.021741027,0.5620748922345298
162,1.62,FL,4.0,0.6569598913192749,0.6575436592102051,0.7792068719863892,0.8448531627655029,3.3430399894714355,-0.45224639773368835,0.7792068719863892,-0.5417356491088867,-3.804114818572998,,0.7792068719863892,0.11264314502477646,0.9409382,0.007708666,-0.021741016,0.562587608537729
162,1.62,FR,-4.0,-0.8197981119155884,-0.8122524619102478,-0.7275716066360474,-0.7476497292518616,-3.180202007293701,0.4862685799598694,-0.7275716066360474,0.5994198322296143,3.8997700214385986,,-0.7275716066360474,-0.08066202700138092,0.9409382,0.007708666,-0.021741016,0.562587608537729
162,1.62,BL,4.0,0.06255698204040527,0.15953633189201355,0.914992094039917,0.9854359030723572,3.9374430179595947,-0.5422919988632202,0.914992094039917,-0.7219803929328918,-4.073892593383789,,0.914992094039917,0.19656263291835785,0.9409382,0.007708666,-0.021741016,0.562587608537729
162,1.62,BR,-4.0,-0.7075703144073486,-0.7071005702018738,-0.6628143191337585,-0.6052074432373047,-3.2924296855926514,0.672255277633667,-0.6628143191337585,0.9721034169197083,4.292477607727051,,-0.6628143191337585,-0.17504113912582397,0.9409382,0.007708666,-0.021741016,0.562587608537729
163,1.6300000000000001,FL,4.0,0.6575436592102051,0.6784417629241943,0.8448531627655029,0.884736180305481,3.342456340789795,-0.41213691234588623,0.8448531627655029,-0.45423954725265503,-3.809091806411743,,0.8448531627655029,0.12709340453147888,0.9408538,0.0077065635,-0.021741014,0.5630361291352977
163,1.6300000000000001,FR,-4.0,-0.8122524619102478,-1.009389877319336,-0.7476497292518616,-0.7888304591178894,-3.1877474784851074,0.44801560044288635,-0.7476497292518616,0.5172846913337708,3.905350685119629,,-0.7476497292518616,-0.07041598856449127,0.9408538,0.0077065635,-0.021741014,0.5630361291352977
163,1.6300000000000001,BL,4.0,0.15953633189201355,0.15977388620376587,0.9854359030723572,0.9938934445381165,3.840463638305664,-0.4962064325809479,0.9854359030723572,-0.616392195224762,-4.080581188201904,,0.9854359030723572,0.19189253449440002,0.9408538,0.0077065635,-0.021741014,0.5630361291352977
163,1.6300000000000001,BR,-4.0,-0.7071005702018738,-0.0808122307062149,-0.6052074432373047,-0.6449044942855835,-3.2928993701934814,0.6327404379844666,-0.6052074432373047,0.8865256905555725,4.3017683029174805,,-0.6052074432373047,-0.17833095788955688,0.9408538,0.0077065635,-0.021741014,0.5630361291352977
164,1.6400000000000001,FL,4.0,0.6784417629241943,0.8032621145248413,0.884736180305481,0.916486382484436,3.3215582370758057,-0.37227821350097656,0.884736180305481,-0.3670465648174286,-3.81319522857666,,0.884736180305481,0.12887704372406006,0.940746,0.007680696,-0.02174107,0.5634050456474378
164,1.6400000000000001,FR,-4.0,-1.009389877319336,-1.0097764730453491,-0.7888304591178894,-0.7482284307479858,-2.990610122680664,0.4121282994747162,-0.7888304591178894,0.4351407289505005,3.9101102352142334,,-0.7888304591178894,-0.02854400873184204,0.940746,0.007680696,-0.02174107,0.5634050456474378
164,1.6400000000000001,BL,4.0,0.15977388620376587,0.2686014771461487,0.9938934445381165,1.0398839712142944,3.840226173400879,-0.45012372732162476,0.9938934445381165,-0.5142808556556702,-4.086231231689453,,0.9938934445381165,0.19264720380306244,0.940746,0.007680696,-0.02174107,0.5634050456474378
164,1.6400000000000001,BR,-4.0,-0.0808122307062149,0.0523357167840004,-0.6449044942855835,-0.934934675693512,-3.9191877841949463,0.5857102274894714,-0.6449044942855835,0.8011903762817383,4.310204029083252,,-0.6449044942855835,-0.2168291062116623,0.940746,0.007680696,-0.02174107,0.5634050456474378
165,1.6500000000000001,FL,4.0,0.8032621145248413,0.816777765750885,0.916486382484436,0.9064169526100159,3.196737766265869,-0.3339173495769501,0.916486382484436,-0.280782550573349,-3.8164315223693848,,0.916486382484436,0.13365083932876587,0.940627,0.007651733,-0.021741016,0.563810452183724
165,1.6500000000000001,FR,-4.0,-1.0097764730453491,-0.8473778963088989,-0.7482284307479858,-0.7839611172676086,-2.9902234077453613,0.3762456178665161,-0.7482284307479858,0.3594017028808594,3.9140803813934326,,-0.7482284307479858,-0.040074266493320465,0.940627,0.007651733,-0.021741016,0.563810452183724
165,1.6500000000000001,BL,4.0,0.2686014771461487,0.3295765519142151,1.0398839712142944,1.042435646057129,3.731398582458496,-0.40534695982933044,1.0398839712142944,-0.41256675124168396,-4.090861797332764,,1.0398839712142944,0.19007869064807892,0.940627,0.007651733,-0.021741016,0.563810452183724
165,1.6500000000000001,BR,-4.0,0.0523357167840004,0.0811920166015625,-0.934934675693512,-1.0352240800857544,-4.052335739135742,0.5370821952819824,-0.934934675693512,0.6964566111564636,4.317688465118408,,-0.934934675693512,-0.3029627799987793,0.940627,0.007651733,-0.021741016,0.563810452183724
166,1.6600000000000001,FL,4.0,0.816777765750885,0.8599089980125427,0.9064169526100159,0.9393715262413025,3.1832222938537598,-0.2957186996936798,0.9064169526100159,-0.19869068264961243,-3.818826198577881,,0.9064169526100159,0.12594857811927795,0.94050837,0.007633305,-0.021741014,0.5643044925599918
166,1.6600000000000001,FR,-4.0,-0.8473778963088989,-0.9866182208061218,-0.7839611172676086,-0.8848032355308533,-3.1526222229003906,0.33841413259506226,-0.7839611172676086,0.2838302552700043,3.9172940254211426,,-0.7839611172676086,-0.017037518322467804,0.94050837,0.007633305,-0.021741014,0.5643044925599918
166,1.6600000000000001,BL,4.0,0.3295765519142151,0.34096938371658325,1.042435646057129,1.0628224611282349,3.6704235076904297,-0.36130186915397644,1.042435646057129,-0.3146407902240753,-4.094494819641113,,1.042435646057129,0.1947072148323059,0.94050837,0.007633305,-0.021741014,0.5643044925599918
166,1.6600000000000001,BR,-4.0,0.0811920166015625,0.15198789536952972,-1.0352240800857544,-1.0953946113586426,-4.0811920166015625,0.4881078600883484,-1.0352240800857544,0.5879647135734558,4.3241071701049805,,-1.0352240800857544,-0.3060342073440552,0.94050837,0.007633305,-0.021741014,0.5643044925599918
167,1.67,FL,4.0,0.8599089980125427,0.8749727606773376,0.9393715262413025,0.9603177309036255,3.1400909423828125,-0.25803759694099426,0.9393715262413025,-0.11723334342241287,-3.8204030990600586,,0.9393715262413025,0.11879046261310577,0.94038844,0.00763085,-0.021741008,0.5649465274242365
167,1.67,FR,-4.0,-0.9866182208061218,-1.131211757659912,-0.8848032355308533,-0.866938591003418,-3.0133817195892334,0.3022535741329193,-0.8848032355308533,0.20331384241580963,3.919727087020874,,-0.8848032355308533,-0.016951654106378555,0.94038844,0.00763085,-0.021741008,0.5649465274242365
167,1.67,BL,4.0,0.34096938371658325,0.29889586567878723,1.0628224611282349,1.1023104190826416,3.6590306758880615,-0.3173935115337372,1.0628224611282349,-0.21895582973957062,-4.097159385681152,,1.0628224611282349,0.1842212975025177,0.94038844,0.00763085,-0.021741008,0.5649465274242365
167,1.67,BR,-4.0,0.15198789536952972,-0.29296383261680603,-1.0953946113586426,-1.172687292098999,-4.1519880294799805,0.4382840096950531,-1.0953946113586426,0.4790082275867462,4.329438209533691,,-1.0953946113586426,-0.3149254620075226,0.94038844,0.00763085,-0.021741008,0.5649465274242365
168,1.68,FL,4.0,0.8749727606773376,0.8921492099761963,0.9603177309036255,0.9919732809066772,3.1250271797180176,-0.22053727507591248,0.9603177309036255,-0.037327367812395096,-3.8211731910705566,,0.9603177309036255,0.10110124200582504,0.9402676,0.007651638,-0.02174094,0.5657952825209742
168,1.68,FR,-4.0,-1.131211757659912,-1.0463030338287354,-0.866938591003418,-0.8452617526054382,-2.868788242340088,0.267828106880188,-0.866938591003418,0.12735548615455627,3.9213778972625732,,-0.866938591003418,-0.012860242277383804,0.9402676,0.007651638,-0.02174094,0.5657952825209742
168,1.68,BL,4.0,0.29889586567878723,0.34369659423828125,1.1023104190826416,1.1630481481552124,3.701104164123535,-0.2729802429676056,1.1023104190826416,-0.12392602860927582,-4.098870754241943,,1.1023104190826416,0.20006249845027924,0.9402676,0.007651638,-0.02174094,0.5657952825209742
168,1.68,BR,-4.0,-0.29296383261680603,-1.0445834398269653,-1.172687292098999,-1.0445305109024048,-3.707036256790161,0.3937995731830597,-1.172687292098999,0.3682625889778137,4.3336710929870605,,-1.172687292098999,-0.30017203092575073,0.9402676,0.007651638,-0.02174094,0.5657952825209742
169,1.69,FL,4.0,0.8921492099761963,0.8851538300514221,0.9919732809066772,1.0226030349731445,3.1078507900238037,-0.183243066072464,0.9919732809066772,0.041927918791770935,-3.8211476802825928,,0.9919732809066772,0.11351475119590759,0.94014513,0.0076661455,-0.021740895,0.5666027929656494
169,1.69,FR,-4.0,-1.0463030338287354,-1.116583228111267,-0.8452617526054382,-0.9136506915092468,-2.9536969661712646,0.23238374292850494,-0.8452617526054382,0.056075435131788254,3.922292709350586,,-0.8452617526054382,-0.01889878511428833,0.94014513,0.0076661455,-0.021740895,0.5666027929656494
169,1.69,BL,4.0,0.34369659423828125,0.2715586721897125,1.1630481481552124,1.1895411014556885,3.6563034057617188,-0.22910460829734802,1.1630481481552124,-0.02785927802324295,-4.099626541137695,,1.1630481481552124,0.196946918964386,0.94014513,0.0076661455,-0.021740895,0.5666027929656494
169,1.69,BR,-4.0,-1.0445834398269653,-0.024311915040016174,-1.0445305109024048,-0.7883670330047607,-2.955416679382324,0.35833457112312317,-1.0445305109024048,0.27190956473350525,4.336868762969971,,-1.0445305109024048,-0.2781897187232971,0.94014513,0.0076661455,-0.021740895,0.5666027929656494
170,1.7,FL,4.0,0.8851538300514221,1.0537807941436768,1.0226030349731445,1.0626953840255737,3.1148462295532227,-0.14586490392684937,1.0226030349731445,0.1204775795340538,-3.8203330039978027,,1.0226030349731445,0.10657326877117157,0.9400096,0.0076718614,-0.021740928,0.5674023341437088
170,1.7,FR,-4.0,-1.116583228111267,-1.1438045501708984,-0.9136506915092468,-0.9209829568862915,-2.8834166526794434,0.1977827399969101,-0.9136506915092468,-0.017772825434803963,3.9224817752838135,,-0.9136506915092468,-0.036162830889225006,0.9400096,0.0076718614,-0.021740928,0.5674023341437088
170,1.7,BL,4.0,0.2715586721897125,0.3845437169075012,1.1895411014556885,1.2622718811035156,3.7284412384033203,-0.18436332046985626,1.1895411014556885,0.06651824712753296,-4.099430084228516,,1.1895411014556885,0.21611489355564117,0.9400096,0.0076718614,-0.021740928,0.5674023341437088
170,1.7,BR,-4.0,-0.024311915040016174,0.08521003276109695,-0.7883670330047607,-1.2319406270980835,-3.9756879806518555,0.3106263279914856,-0.7883670330047607,0.19942320883274078,4.3392229080200195,,-0.7883670330047607,-0.22322894632816315,0.9400096,0.0076718614,-0.021740928,0.5674023341437088
171,1.71,FL,4.0,1.0537807941436768,0.9864651560783386,1.0626953840255737,1.0326228141784668,2.9462192058563232,-0.11051027476787567,1.0626953840255737,0.1990913450717926,-3.818732500076294,,1.0626953840255737,0.12115257233381271,0.93986154,0.0076709306,-0.02174095,0.5682177650426682
171,1.71,FR,-4.0,-1.1438045501708984,-1.0229486227035522,-0.9209829568862915,-0.9446954131126404,-2.8561954498291016,0.16350838541984558,-0.9209829568862915,-0.08930046111345291,3.9219439029693604,,-0.9209829568862915,-0.007482357323169708,0.93986154,0.0076709306,-0.02174095,0.5682177650426682
171,1.71,BL,4.0,0.3845437169075012,0.777981162071228,1.2622718811035156,1.2618192434310913,3.6154563426971436,-0.14097784459590912,1.2622718811035156,0.16289880871772766,-4.0982794761657715,,1.2622718811035156,0.22364678978919983,0.93986154,0.0076709306,-0.02174095,0.5682177650426682
171,1.71,BR,-4.0,0.08521003276109695,-1.4655442237854004,-1.2319406270980835,-1.3234577178955078,-4.085209846496582,0.26160380244255066,-1.2319406270980835,0.09499354660511017,4.340691566467285,,-1.2319406270980835,-0.3239798843860626,0.93986154,0.0076709306,-0.02174095,0.5682177650426682
172,1.72,FL,4.0,0.9864651560783386,0.9014204740524292,1.0326228141784668,1.0949037075042725,3.0135347843170166,-0.0743478536605835,1.0326228141784668,0.272264301776886,-3.816373348236084,,1.0326228141784668,0.10065513849258423,0.9397062,0.0076878695,-0.021740802,0.5692300012262337
172,1.72,FR,-4.0,-1.0229486227035522,-1.0372025966644287,-0.9446954131126404,-1.027312159538269,-2.977051258087158,0.12778377532958984,-0.9446954131126404,-0.15988300740718842,3.9206957817077637,,-0.9446954131126404,-0.004999887198209763,0.9397062,0.0076878695,-0.021740802,0.5692300012262337
172,1.72,BL,4.0,0.777981162071228,0.45849335193634033,1.2618192434310913,1.1478296518325806,3.2220187187194824,-0.10231361538171768,1.2618192434310913,0.25546473264694214,-4.096184730529785,,1.2618192434310913,0.19840162992477417,0.9397062,0.0076878695,-0.021740802,0.5692300012262337
172,1.72,BR,-4.0,-1.4655442237854004,-0.5656797885894775,-1.3234577178955078,-0.7521784901618958,-2.5344557762145996,0.23119033873081207,-1.3234577178955078,-0.012518244795501232,4.341100215911865,,-1.3234577178955078,-0.3494109511375427,0.9397062,0.0076878695,-0.021740802,0.5692300012262337
173,1.73,FL,4.0,0.9014204740524292,1.0224111080169678,1.0949037075042725,1.1650840044021606,3.0985794067382812,-0.037164900451898575,1.0949037075042725,0.3474522531032562,-3.81327223777771,,1.0949037075042725,0.1038493812084198,0.9395576,0.007703878,-0.021740846,0.5701944281444682
173,1.73,FR,-4.0,-1.0372025966644287,-1.2271969318389893,-1.027312159538269,-1.0573351383209229,-2.9627974033355713,0.09223020821809769,-1.027312159538269,-0.2341768741607666,3.9187228679656982,,-1.027312159538269,-0.04215081036090851,0.9395576,0.007703878,-0.021740846,0.5701944281444682
173,1.73,BL,4.0,0.45849335193634033,0.6689406037330627,1.1478296518325806,1.3142890930175781,3.541506767272949,-0.059815533459186554,1.1478296518325806,0.33546191453933716,-4.093227386474609,,1.1478296518325806,0.18496282398700714,0.9395576,0.007703878,-0.021740846,0.5701944281444682
173,1.73,BR,-4.0,-0.5656797885894775,-0.002576202154159546,-0.7521784901618958,-1.1425377130508423,-3.4343202114105225,0.1899784952402115,-0.7521784901618958,-0.07101407647132874,4.3406805992126465,,-0.7521784901618958,-0.2003137618303299,0.9395576,0.007703878,-0.021740846,0.5701944281444682
174,1.74,FL,4.0,1.0224111080169678,1.2246813774108887,1.1650840044021606,1.153870701789856,2.9775888919830322,-0.0014338353648781776,1.1650840044021606,0.4251956343650818,-3.809406280517578,,1.1650840044021606,0.10648477077484131,0.93939716,0.0077112983,-0.021740917,0.571155659212809
174,1.74,FR,-4.0,-1.2271969318389893,-1.1548423767089844,-1.0573351383209229,-1.0168910026550293,-2.7728030681610107,0.0589565709233284,-1.0573351383209229,-0.30791208148002625,3.9160099029541016,,-1.0573351383209229,-0.013165038079023361,0.93939716,0.0077112983,-0.021740917,0.571155659212809
174,1.74,BL,4.0,0.6689406037330627,0.6579446792602539,1.3142890930175781,1.2726082801818848,3.331059455871582,-0.01984282210469246,1.3142890930175781,0.425376296043396,-4.089420318603516,,1.3142890930175781,0.2192552089691162,0.93939716,0.0077112983,-0.021740917,0.571155659212809
174,1.74,BR,-4.0,-0.002576202154159546,-1.2254060506820679,-1.1425377130508423,-1.4089909791946411,-3.9974238872528076,0.1420094072818756,-1.1425377130508423,-0.1578286588191986,4.33953332901001,,-1.1425377130508423,-0.2759692668914795,0.93939716,0.0077112983,-0.021740917,0.571155659212809
175,1.75,FL,4.0,1.2246813774108887,1.0087710618972778,1.153870701789856,1.1086935997009277,2.7753186225891113,0.03186998888850212,1.153870701789856,0.4990113079547882,-3.8047828674316406,,1.153870701789856,0.1107926294207573,0.9392295,0.0077282577,-0.021740772,0.5722389898743352
175,1.75,FR,-4.0,-1.1548423767089844,-1.0733822584152222,-1.0168910026550293,-1.0791064500808716,-2.8451576232910156,0.024814678356051445,-1.0168910026550293,-0.3755844235420227,3.912590265274048,,-1.0168910026550293,-0.005423363298177719,0.9392295,0.0077282577,-0.021740772,0.5722389898743352
175,1.75,BL,4.0,0.6579446792602539,0.5185831189155579,1.2726082801818848,1.3169792890548706,3.342055320739746,0.020261840894818306,1.2726082801818848,0.5084964036941528,-4.084748268127441,,1.2726082801818848,0.19284789264202118,0.9392295,0.0077282577,-0.021740772,0.5722389898743352
175,1.75,BR,-4.0,-1.2254060506820679,-0.6324291229248047,-1.4089909791946411,-0.9678281545639038,-2.7745938301086426,0.1087142825126648,-1.4089909791946411,-0.26213476061820984,4.337430000305176,,-1.4089909791946411,-0.3478814363479614,0.9392295,0.0077282577,-0.021740772,0.5722389898743352
176,1.76,FL,4.0,1.0087710618972778,1.111996054649353,1.1086935997009277,1.2283616065979004,2.9912290573120117,0.06776473671197891,1.1086935997009277,0.566389799118042,-3.7994534969329834,,1.1086935997009277,0.09523545205593109,0.9390656,0.0077484944,-0.021740833,0.5733350048554583
176,1.76,FR,-4.0,-1.0733822584152222,-1.2975597381591797,-1.0791064500808716,-1.1458324193954468,-2.9266176223754883,-0.010304735042154789,-1.0791064500808716,-0.4454822838306427,3.908482551574707,,-1.0791064500808716,-0.024303998798131943,0.9390656,0.0077484944,-0.021740833,0.5733350048554583
176,1.76,BL,4.0,0.5185831189155579,0.47573745250701904,1.3169792890548706,1.4128285646438599,3.481416940689087,0.0620388425886631,1.3169792890548706,0.5918369889259338,-4.0792436599731445,,1.3169792890548706,0.20951351523399353,0.9390656,0.0077484944,-0.021740833,0.5733350048554583
176,1.76,BR,-4.0,-0.6324291229248047,0.01091739535331726,-0.9678281545639038,-1.2383140325546265,-3.3675708770751953,0.0683034285902977,-0.9678281545639038,-0.32775449752807617,4.334478378295898,,-0.9678281545639038,-0.2561512589454651,0.9390656,0.0077484944,-0.021740833,0.5733350048554583
177,1.77,FL,4.0,1.111996054649353,1.2590261697769165,1.2283616065979004,1.2229663133621216,2.8880038261413574,0.10242078453302383,1.2283616065979004,0.6405108571052551,-3.7934165000915527,,1.2283616065979004,0.09840349853038788,0.93889064,0.007772948,-0.021740848,0.5745289869222885
177,1.77,FR,-4.0,-1.2975597381591797,-1.2469336986541748,-1.1458324193954468,-1.0912808179855347,-2.7024402618408203,-0.042734019458293915,-1.1458324193954468,-0.517872154712677,3.903663396835327,,-1.1458324193954468,-0.013170327991247177,0.93889064,0.007772948,-0.021740848,0.5745289869222885
177,1.77,BL,4.0,0.47573745250701904,0.6480225324630737,1.4128285646438599,1.4717438220977783,3.5242624282836914,0.10432999581098557,1.4128285646438599,0.6794263124465942,-4.072884559631348,,1.4128285646438599,0.22859087586402893,0.93889064,0.007772948,-0.021740848,0.5745289869222885
177,1.77,BR,-4.0,0.01091739535331726,-1.4713021516799927,-1.2383140325546265,-1.536063551902771,-4.0109171867370605,0.020172420889139175,-1.2383140325546265,-0.4120130240917206,4.330777168273926,,-1.2383140325546265,-0.28034543991088867,0.93889064,0.007772948,-0.021740848,0.5745289869222885
178,1.78,FL,4.0,1.2590261697769165,1.0924527645111084,1.2229663133621216,1.198810338973999,2.740973949432373,0.13531246781349182,1.2229663133621216,0.7113024592399597,-3.7866551876068115,,1.2229663133621216,0.10696940124034882,0.93870556,0.007804528,-0.02174065,0.5758431158525699
178,1.78,FR,-4.0,-1.2469336986541748,-1.1598403453826904,-1.0912808179855347,-1.1439605951309204,-2.753066301345825,-0.07577081024646759,-1.0912808179855347,-0.5831455588340759,3.89815616607666,,-1.0912808179855347,-0.001506749540567398,0.93870556,0.007804528,-0.02174065,0.5758431158525699
178,1.78,BL,4.0,0.6480225324630737,0.5517882108688354,1.4717438220977783,1.445120930671692,3.3519773483276367,0.14455372095108032,1.4717438220977783,0.7682014107704163,-4.065643310546875,,1.4717438220977783,0.22538912296295166,0.93870556,0.007804528,-0.02174065,0.5758431158525699
178,1.78,BR,-4.0,-1.4713021516799927,-0.47586891055107117,-1.536063551902771,-0.991306722164154,-2.528697967529297,-0.010171953588724136,-1.536063551902771,-0.51631760597229,4.326131820678711,,-1.536063551902771,-0.3686567544937134,0.93870556,0.007804528,-0.02174065,0.5758431158525699
179,1.79,FL,4.0,1.0924527645111084,1.2280646562576294,1.198810338973999,1.298331379890442,2.9075472354888916,0.17020303010940552,1.198810338973999,0.7774239182472229,-3.7792093753814697,,1.198810338973999,0.08913156390190125,0.9385205,0.007835874,-0.021740764,0.5771577439560712
179,1.79,FR,-4.0,-1.1598403453826904,-1.344538688659668,-1.1439605951309204,-1.2118346691131592,-2.8401596546173096,-0.10985273122787476,-1.1439605951309204,-0.6499907374382019,3.8919882774353027,,-1.1439605951309204,-0.022550441324710846,0.9385205,0.007835874,-0.021740764,0.5771577439560712
179,1.79,BL,4.0,0.5517882108688354,0.5609383583068848,1.445120930671692,1.5238384008407593,3.448211669921875,0.18593226373195648,1.445120930671692,0.8514078259468079,-4.057542324066162,,1.445120930671692,0.22275471687316895,0.9385205,0.007835874,-0.021740764,0.5771577439560712
179,1.79,BR,-4.0,-0.47586891055107117,-0.016726046800613403,-0.991306722164154,-1.4198243618011475,-3.5241310596466064,-0.05246152728796005,-0.991306722164154,-0.5738118886947632,4.320679187774658,,-0.991306722164154,-0.2548563778400421,0.9385205,0.007835874,-0.021740764,0.5771577439560712
180,1.8,FL,4.0,1.2280646562576294,1.3752257823944092,1.298331379890442,1.2789771556854248,2.77193546295166,0.2034662663936615,1.298331379890442,0.848757266998291,-3.771075963973999,,1.298331379890442,0.08980005234479904,0.9383262,0.00787399,-0.021740785,0.5785850349774609
180,1.8,FR,-4.0,-1.344538688659668,-1.2860063314437866,-1.2118346691131592,-1.1720372438430786,-2.655461311340332,-0.14171826839447021,-1.2118346691131592,-0.7195376753807068,3.8851382732391357,,-1.2118346691131592,-0.009043287485837936,0.9383262,0.00787399,-0.021740785,0.5785850349774609
180,1.8,BL,4.0,0.5609383583068848,0.5545800924301147,1.5238384008407593,1.5615569353103638,3.4390616416931152,0.22720099985599518,1.5238384008407593,0.9375247359275818,-4.048594951629639,,1.5238384008407593,0.23439358174800873,0.9383262,0.00787399,-0.021740785,0.5785850349774609
180,1.8,BR,-4.0,-0.016726046800613403,-1.6820176839828491,-1.4198243618011475,-1.6457711458206177,-3.983273983001709,-0.10026081651449203,-1.4198243618011475,-0.6626566052436829,4.3144941329956055,,-1.4198243618011475,-0.28426870703697205,0.9383262,0.00787399,-0.021740785,0.5785850349774609
181,1.81,FL,4.0,1.3752257823944092,1.0432164669036865,1.2789771556854248,1.2533758878707886,2.624774217605591,0.2349635511636734,1.2789771556854248,0.9157758951187134,-3.762251138687134,,1.2789771556854248,0.10670775175094604,0.93812686,0.007914332,-0.021740628,0.5800677724456823
181,1.81,FR,-4.0,-1.2860063314437866,-1.2352230548858643,-1.1720372438430786,-1.2273157835006714,-2.713993549346924,-0.17428618669509888,-1.1720372438430786,-0.7832366824150085,3.877622365951538,,-1.1720372438430786,-0.0007429718971252441,0.93812686,0.007914332,-0.021740628,0.5800677724456823
181,1.81,BL,4.0,0.5545800924301147,1.4688057899475098,1.5615569353103638,1.605368971824646,3.4454197883605957,0.26854604482650757,1.5615569353103638,1.0232229232788086,-4.038788318634033,,1.5615569353103638,0.2323739230632782,0.93812686,0.007914332,-0.021740628,0.5800677724456823
181,1.81,BR,-4.0,-1.6820176839828491,-0.6065393686294556,-1.6457711458206177,-1.0274537801742554,-2.3179821968078613,-0.12807659804821014,-1.6457711458206177,-0.7657366991043091,4.307348728179932,,-1.6457711458206177,-0.40259864926338196,0.93812686,0.007914332,-0.021740628,0.5800677724456823
182,1.82,FL,4.0,1.0432164669036865,1.322265625,1.2533758878707886,1.4176769256591797,2.9567835330963135,0.27044495940208435,1.2533758878707886,0.9781589508056641,-3.752779483795166,,1.2533758878707886,0.07036620378494263,0.93792695,0.007936956,-0.02174058,0.5813995517598692
182,1.82,FR,-4.0,-1.2352230548858643,-1.144004464149475,-1.2273157835006714,-1.280197024345398,-2.7647769451141357,-0.20746351778507233,-1.2273157835006714,-0.8487730026245117,3.869460105895996,,-1.2273157835006714,-0.05687085911631584,0.93792695,0.007936956,-0.02174058,0.5813995517598692
182,1.82,BL,4.0,1.4688057899475098,0.46703198552131653,1.605368971824646,1.2810237407684326,2.5311942100524902,0.2989203631877899,1.605368971824646,1.1089966297149658,-4.0281243324279785,,1.605368971824646,0.2455103099346161,0.93792695,0.007936956,-0.02174058,0.5813995517598692
182,1.82,BR,-4.0,-0.6065393686294556,-1.2782456874847412,-1.0274537801742554,-1.485460877418518,-3.393460750579834,-0.16879813373088837,-1.0274537801742554,-0.8162857890129089,4.299436569213867,,-1.0274537801742554,-0.1269005835056305,0.93792695,0.007936956,-0.02174058,0.5813995517598692
183,1.83,FL,4.0,1.322265625,1.164139986038208,1.4176769256591797,1.341538667678833,2.677734375,0.30257776379585266,1.4176769256591797,1.050980567932129,-3.742631196975708,,1.4176769256591797,0.1310969889163971,0.9377203,0.0079513965,-0.021740751,0.5826961447941548
183,1.83,FR,-4.0,-1.144004464149475,-1.3118176460266113,-1.280197024345398,-1.349861741065979,-2.8559956550598145,-0.24173545837402344,-1.280197024345398,-0.915886640548706,3.8606345653533936,,-1.280197024345398,-0.016037527471780777,0.9377203,0.0079513965,-0.021740751,0.5826961447941548
183,1.83,BL,4.0,0.46703198552131653,0.6918017864227295,1.2810237407684326,1.712107539176941,3.532968044281006,0.34131598472595215,1.2810237407684326,1.1659715175628662,-4.016747951507568,,1.2810237407684326,0.16417957842350006,0.9377203,0.0079513965,-0.021740751,0.5826961447941548
183,1.83,BR,-4.0,-1.2782456874847412,-0.48642855882644653,-1.485460877418518,-1.2574998140335083,-2.721754312515259,-0.20145918428897858,-1.485460877418518,-0.9007703065872192,4.290848731994629,,-1.485460877418518,-0.3796297311782837,0.9377203,0.0079513965,-0.021740751,0.5826961447941548
184,1.84,FL,4.0,1.164139986038208,1.4097868204116821,1.341538667678833,1.4369217157363892,2.835860013961792,0.33660808205604553,1.341538667678833,1.1149760484695435,-3.731799364089966,,1.341538667678833,0.093248650431633,0.9375129,0.007988845,-0.021740684,0.5842021581977512
184,1.84,FR,-4.0,-1.3118176460266113,-1.4961206912994385,-1.349861741065979,-1.317008376121521,-2.6881823539733887,-0.2739936411380768,-1.349861741065979,-0.9858318567276001,3.851123571395874,,-1.349861741065979,-0.015696760267019272,0.9375129,0.007988845,-0.021740684,0.5842021581977512
184,1.84,BL,4.0,0.6918017864227295,0.5594314336776733,1.712107539176941,1.6645952463150024,3.3081982135772705,0.3810143768787384,1.712107539176941,1.2545185089111328,-4.004642486572266,,1.712107539176941,0.2721494436264038,0.9375129,0.007988845,-0.021740684,0.5842021581977512
184,1.84,BR,-4.0,-0.48642855882644653,-1.1575531959533691,-1.2574998140335083,-1.6068878173828125,-3.5135715007781982,-0.2436220347881317,-1.2574998140335083,-0.9640651345252991,4.281522274017334,,-1.2574998140335083,-0.3011765778064728,0.9375129,0.007988845,-0.021740684,0.5842021581977512
185,1.85,FL,4.0,1.4097868204116821,1.3652219772338867,1.4369217157363892,1.3726933002471924,2.5902132987976074,0.36769065260887146,1.4369217157363892,1.183942198753357,-3.7203025817871094,,1.4369217157363892,0.0991574227809906,0.9372876,0.0080469465,-0.021740612,0.5859869042731441
185,1.85,FR,-4.0,-1.4961206912994385,-1.4074361324310303,-1.317008376121521,-1.275545358657837,-2.5038793087005615,-0.30404019355773926,-1.317008376121521,-1.0504580736160278,3.840939998626709,,-1.317008376121521,0.0007068142294883728,0.9372876,0.0080469465,-0.021740612,0.5859869042731441
185,1.85,BL,4.0,0.5594314336776733,0.6215178966522217,1.6645952463150024,1.7572418451309204,3.440568447113037,0.42230120301246643,1.6645952463150024,1.3358676433563232,-3.991687774658203,,1.6645952463150024,0.23659735918045044,0.9372876,0.0080469465,-0.021740612,0.5859869042731441
185,1.85,BR,-4.0,-1.1575531959533691,-0.6622319221496582,-1.6068878173828125,-1.3806008100509644,-2.842446804046631,-0.27773138880729675,-1.6068878173828125,-1.0522775650024414,4.271437644958496,,-1.6068878173828125,-0.3737550377845764,0.9372876,0.0080469465,-0.021740612,0.5859869042731441
186,1.86,FL,4.0,1.3652219772338867,1.4429388046264648,1.3726933002471924,1.4216018915176392,2.6347780227661133,0.3993079662322998,1.3726933002471924,1.2451672554016113,-3.7081549167633057,,1.3726933002471924,0.07083512842655182,0.9370599,0.008116081,-0.021740528,0.5878894506889767
186,1.86,FR,-4.0,-1.4074361324310303,-1.4280301332473755,-1.275545358657837,-1.341065764427185,-2.5925638675689697,-0.33515095710754395,-1.275545358657837,-1.109298825263977,3.83013916015625,,-1.275545358657837,-0.006872724741697311,0.9370599,0.008116081,-0.021740528,0.5878894506889767
186,1.86,BL,4.0,0.6215178966522217,0.6279649138450623,1.7572418451309204,1.7736940383911133,3.3784821033477783,0.4628429710865021,1.7572418451309204,1.4212924242019653,-3.9778990745544434,,1.7572418451309204,0.2556605637073517,0.9370599,0.008116081,-0.021740528,0.5878894506889767
186,1.86,BR,-4.0,-0.6622319221496582,-0.20989221334457397,-1.3806008100509644,-1.612838625907898,-3.337768077850342,-0.3177846074104309,-1.3806008100509644,-1.1192854642868042,4.26057767868042,,-1.3806008100509644,-0.2995048761367798,0.9370599,0.008116081,-0.021740528,0.5878894506889767
187,1.87,FL,4.0,1.4429388046264648,1.530264973640442,1.4216018915176392,1.4221324920654297,2.557061195373535,0.4299927055835724,1.4216018915176392,1.3078272342681885,-3.695387840270996,,1.4216018915176392,0.06645594537258148,0.93682754,0.008196369,-0.021740578,0.5899265377620305
187,1.87,FR,-4.0,-1.4280301332473755,-1.4665195941925049,-1.341065764427185,-1.3639389276504517,-2.571969985961914,-0.36601459980010986,-1.341065764427185,-1.1709704399108887,3.8187358379364014,,-1.341065764427185,-0.004539228975772858,0.93682754,0.008196369,-0.021740578,0.5899265377620305
187,1.87,BL,4.0,0.6279649138450623,0.8374271988868713,1.7736940383911133,1.8116570711135864,3.372035026550293,0.5033074021339417,1.7736940383911133,1.5046577453613281,-3.963266611099243,,1.7736940383911133,0.2523919641971588,0.93682754,0.008196369,-0.021740578,0.5899265377620305
187,1.87,BR,-4.0,-0.20989221334457397,-1.3100144863128662,-1.612838625907898,-1.8338277339935303,-3.7901077270507812,-0.36326590180397034,-1.612838625907898,-1.2018781900405884,4.248969078063965,,-1.612838625907898,-0.3199188709259033,0.93682754,0.008196369,-0.021740578,0.5899265377620305
188,1.8800000000000001,FL,4.0,1.530264973640442,1.3845583200454712,1.4221324920654297,1.417886734008789,2.4697351455688477,0.45962953567504883,1.4221324920654297,1.3680717945098877,-3.682006359100342,,1.4221324920654297,0.07205402851104736,0.93659127,0.008287124,-0.021740397,0.5920647068058628
188,1.8800000000000001,FR,-4.0,-1.4665195941925049,-1.480922818183899,-1.3639389276504517,-1.3794068098068237,-2.533480405807495,-0.3964163661003113,-1.3639389276504517,-1.2320176362991333,3.8067188262939453,,-1.3639389276504517,-0.0017571784555912018,0.93659127,0.008287124,-0.021740397,0.5920647068058628
188,1.8800000000000001,BL,4.0,0.8374271988868713,0.5125214457511902,1.8116570711135864,1.768336534500122,3.1625728607177734,0.5412582755088806,1.8116570711135864,1.5877314805984497,-3.9478018283843994,,1.8116570711135864,0.2525586187839508,0.93659127,0.008287124,-0.021740397,0.5920647068058628
188,1.8800000000000001,BR,-4.0,-1.3100144863128662,-0.9157800674438477,-1.8338277339935303,-1.4392601251602173,-2.689985513687134,-0.39554575085639954,-1.8338277339935303,-1.29856276512146,4.23646354675293,,-1.8338277339935303,-0.34833240509033203,0.93659127,0.008287124,-0.021740397,0.5920647068058628
189,1.8900000000000001,FL,4.0,1.3845583200454712,1.4591885805130005,1.417886734008789,1.5058062076568604,2.6154417991638184,0.49101483821868896,1.417886734008789,1.4256211519241333,-3.6680359840393066,,1.417886734008789,0.06762717664241791,0.93635744,0.008379318,-0.02174042,0.59420056366763
189,1.8900000000000001,FR,-4.0,-1.480922818183899,-1.517052173614502,-1.3794068098068237,-1.4040472507476807,-2.5190773010253906,-0.42664530873298645,-1.3794068098068237,-1.291884183883667,3.794097423553467,,-1.3794068098068237,-0.00769895501434803,0.93635744,0.008379318,-0.02174042,0.59420056366763
189,1.8900000000000001,BL,4.0,0.5125214457511902,0.7056970596313477,1.768336534500122,1.9362497329711914,3.487478494644165,0.5831080079078674,1.768336534500122,1.664150595664978,-3.93153977394104,,1.768336534500122,0.2476327121257782,0.93635744,0.008379318,-0.02174042,0.59420056366763
189,1.8900000000000001,BR,-4.0,-0.9157800674438477,-0.13185656070709229,-1.4392601251602173,-1.629233717918396,-3.0842199325561523,-0.4325563907623291,-1.4392601251602173,-1.360513687133789,4.223165988922119,,-1.4392601251602173,-0.30021506547927856,0.93635744,0.008379318,-0.02174042,0.59420056366763
190,1.9000000000000001,FL,4.0,1.4591885805130005,1.6144628524780273,1.5058062076568604,1.507339358329773,2.540811538696289,0.5215045809745789,1.5058062076568604,1.4878088235855103,-3.6534667015075684,,1.5058062076568604,0.05744415521621704,0.93611723,0.00847501,-0.021740519,0.5964312883909799
190,1.9000000000000001,FR,-4.0,-1.517052173614502,-1.5077433586120605,-1.4040472507476807,-1.419824481010437,-2.482947826385498,-0.45644065737724304,-1.4040472507476807,-1.3513356447219849,3.780879259109497,,-1.4040472507476807,-0.009434029459953308,0.93611723,0.00847501,-0.021740519,0.5964312883909799
190,1.9000000000000001,BL,4.0,0.7056970596313477,1.4199211597442627,1.9362497329711914,1.9008291959762573,3.2943029403686523,0.6226396560668945,1.9362497329711914,1.7507411241531372,-3.9144625663757324,,1.9362497329711914,0.2834796607494354,0.93611723,0.00847501,-0.021740519,0.5964312883909799
190,1.9000000000000001,BR,-4.0,-0.13185656070709229,-2.3692171573638916,-1.629233717918396,-1.9798136949539185,-3.8681435585021973,-0.4789741039276123,-1.629233717918396,-1.4349335432052612,4.209186553955078,,-1.629233717918396,-0.29218485951423645,0.93611723,0.00847501,-0.021740519,0.5964312883909799
191,1.9100000000000001,FL,4.0,1.6144628524780273,1.2697206735610962,1.507339358329773,1.4757194519042969,2.3855371475219727,0.5501310229301453,1.507339358329773,1.5476782321929932,-3.638287305831909,,1.507339358329773,0.09268166124820709,0.93585575,0.008527793,-0.021740144,0.598347932949078
191,1.9100000000000001,FR,-4.0,-1.5077433586120605,-1.4627214670181274,-1.419824481010437,-1.4533432722091675,-2.4922566413879395,-0.4863477349281311,-1.419824481010437,-1.4096932411193848,3.7670722007751465,,-1.419824481010437,-0.012150652706623077,0.93585575,0.008527793,-0.021740144,0.598347932949078
191,1.9100000000000001,BL,4.0,1.4199211597442627,2.223003625869751,1.9008291959762573,1.6546711921691895,2.5800788402557373,0.6536005735397339,1.9008291959762573,1.8311587572097778,-3.896550416946411,,1.9008291959762573,0.22192101180553436,0.93585575,0.008527793,-0.021740144,0.598347932949078
191,1.9100000000000001,BR,-4.0,-2.3692171573638916,-1.2021903991699219,-1.9798136949539185,-1.1312872171401978,-1.6307828426361084,-0.49854350090026855,-1.9798136949539185,-1.5339282751083374,4.194338798522949,,-1.9798136949539185,-0.20137695968151093,0.93585575,0.008527793,-0.021740144,0.598347932949078
192,1.92,FL,4.0,1.2697206735610962,1.4806902408599854,1.4757194519042969,1.6422427892684937,2.7302794456481934,0.5828943848609924,1.4757194519042969,1.6027204990386963,-3.6225335597991943,,1.4757194519042969,0.07435890287160873,0.9356031,0.008531661,-0.02174044,0.5999020173700415
192,1.92,FR,-4.0,-1.4627214670181274,-1.4666621685028076,-1.4533432722091675,-1.501259207725525,-2.537278652191162,-0.5167950987815857,-1.4533432722091675,-1.4683911800384521,3.7526798248291016,,-1.4533432722091675,-0.01154850423336029,0.9356031,0.008531661,-0.02174044,0.5999020173700415
192,1.92,BL,4.0,2.223003625869751,0.6401889324188232,1.6546711921691895,1.3643991947174072,1.776996374130249,0.6749245524406433,1.6546711921691895,1.8891191482543945,-3.8779470920562744,,1.6546711921691895,0.21039451658725739,0.9356031,0.008531661,-0.02174044,0.5999020173700415
192,1.92,BR,-4.0,-1.2021903991699219,-1.3905949592590332,-1.1312872171401978,-1.617667317390442,-2.797809600830078,-0.5321171879768372,-1.1312872171401978,-1.5624988079071045,4.178855895996094,,-1.1312872171401978,-0.26201820373535156,0.9356031,0.008531661,-0.02174044,0.5999020173700415
193,1.93,FL,4.0,1.4806902408599854,1.434114933013916,1.6422427892684937,1.5906182527542114,2.5193097591400146,0.6131260991096497,1.6422427892684937,1.6686633825302124,-3.6061742305755615,,1.6422427892684937,0.12949079275131226,0.9353625,0.008562715,-0.02174056,0.6015649699064208
193,1.93,FR,-4.0,-1.4666621685028076,-1.5367679595947266,-1.501259207725525,-1.5301302671432495,-2.5333378314971924,-0.5471951365470886,-1.501259207725525,-1.5285451412200928,3.7376930713653564,,-1.501259207725525,-0.008268699049949646,0.9353625,0.008562715,-0.02174056,0.6015649699064208
193,1.93,BL,4.0,0.6401889324188232,0.8403111696243286,1.3643991947174072,2.0188488960266113,3.3598110675811768,0.7152422666549683,1.3643991947174072,1.9220434427261353,-3.8588900566101074,,1.3643991947174072,0.15322351455688477,0.9353625,0.008562715,-0.02174056,0.6015649699064208
193,1.93,BR,-4.0,-1.3905949592590332,-0.5303868055343628,-1.617667317390442,-1.5758792161941528,-2.609405040740967,-0.5634300708770752,-1.617667317390442,-1.6280916929244995,4.162900447845459,,-1.617667317390442,-0.4018094539642334,0.9353625,0.008562715,-0.02174056,0.6015649699064208
194,1.94,FL,4.0,1.434114933013916,1.76192307472229,1.5906182527542114,1.6394801139831543,2.565885066986084,0.6439167261123657,1.5906182527542114,1.7279722690582275,-3.589189291000366,,1.5906182527542114,0.08400612324476242,0.93511534,0.00862821,-0.021740519,0.6035796798644036
194,1.94,FR,-4.0,-1.5367679595947266,-1.6758034229278564,-1.5301302671432495,-1.5324879884719849,-2.4632320404052734,-0.5767539143562317,-1.5301302671432495,-1.5886045694351196,3.7221052646636963,,-1.5301302671432495,-0.01538943499326706,0.93511534,0.00862821,-0.021740519,0.6035796798644036
194,1.94,BL,4.0,0.8403111696243286,1.1689207553863525,2.0188488960266113,1.9791178703308105,3.159688949584961,0.7531585693359375,2.0188488960266113,2.0049993991851807,-3.83925199508667,,2.0188488960266113,0.3086302578449249,0.93511534,0.00862821,-0.021740519,0.6035796798644036
194,1.94,BR,-4.0,-0.5303868055343628,-0.9937779307365417,-1.5758792161941528,-1.95127534866333,-3.4696130752563477,-0.6050654053688049,-1.5758792161941528,-1.687835454940796,4.1463189125061035,,-1.5758792161941528,-0.30136632919311523,0.93511534,0.00862821,-0.021740519,0.6035796798644036
195,1.95,FL,4.0,1.76192307472229,1.742673635482788,1.6394801139831543,1.5391474962234497,2.23807692527771,0.6707736253738403,1.6394801139831543,1.7887873649597168,-3.571603298187256,,1.6394801139831543,0.07624514400959015,0.93484,0.008707208,-0.021740241,0.6058753517730037
195,1.95,FR,-4.0,-1.6758034229278564,-1.6419237852096558,-1.5324879884719849,-1.5064325332641602,-2.3241965770721436,-0.6046442985534668,-1.5324879884719849,-1.646493911743164,3.705927848815918,,-1.5324879884719849,0.0007632039487361908,0.93484,0.008707208,-0.021740241,0.6058753517730037
195,1.95,BL,4.0,1.1689207553863525,0.7652053833007812,1.9791178703308105,1.8855901956558228,2.8310792446136475,0.7871314883232117,1.9791178703308105,2.081587076187134,-3.818816661834717,,1.9791178703308105,0.2678196430206299,0.93484,0.008707208,-0.021740241,0.6058753517730037
195,1.95,BR,-4.0,-0.9937779307365417,-0.8383152484893799,-1.95127534866333,-1.8075542449951172,-3.0062220096588135,-0.6411401033401489,-1.95127534866333,-1.774675726890564,4.129003524780273,,-1.95127534866333,-0.35030287504196167,0.93484,0.008707208,-0.021740241,0.6058753517730037
196,1.96,FL,4.0,1.742673635482788,1.5996893644332886,1.5391474962234497,1.5737041234970093,2.257326364517212,0.6978615522384644,1.5391474962234497,1.8393497467041016,-3.5534610748291016,,1.5391474962234497,0.05881626904010773,0.93456495,0.008811559,-0.021740284,0.6083875271562063
196,1.96,FR,-4.0,-1.6419237852096558,-1.6081817150115967,-1.5064325332641602,-1.5478748083114624,-2.3580760955810547,-0.6329411864280701,-1.5064325332641602,-1.7000701427459717,3.6891932487487793,,-1.5064325332641602,0.002403002232313156,0.93456495,0.008811559,-0.021740284,0.6083875271562063
196,1.96,BL,4.0,0.7652053833007812,0.8164476156234741,1.8855901956558228,2.0810494422912598,3.2347946166992188,0.8259490132331848,1.8855901956558228,2.147836923599243,-3.7976672649383545,,1.8855901956558228,0.23831088840961456,0.93456495,0.008811559,-0.021740284,0.6083875271562063
196,1.96,BR,-4.0,-0.8383152484893799,-0.3157306909561157,-1.8075542449951172,-1.9058139324188232,-3.16168475151062,-0.6790803074836731,-1.8075542449951172,-1.8468401432037354,4.110893726348877,,-1.8075542449951172,-0.3633102476596832,0.93456495,0.008811559,-0.021740284,0.6083875271562063
197,1.97,FL,4.0,1.5996893644332886,1.728622317314148,1.5737041234970093,1.657985806465149,2.400310516357422,0.7266652584075928,1.5737041234970093,1.8906394243240356,-3.5348093509674072,,1.5737041234970093,0.04158525913953781,0.9342951,0.008942321,-0.021740343,0.6111195633126093
197,1.97,FR,-4.0,-1.6081817150115967,-1.6511417627334595,-1.5478748083114624,-1.5896685123443604,-2.3918182849884033,-0.6616430282592773,-1.5478748083114624,-1.7547954320907593,3.671917200088501,,-1.5478748083114624,-0.0025350190699100494,0.9342951,0.008942321,-0.021740343,0.6111195633126093
197,1.97,BL,4.0,0.8164476156234741,1.7253278493881226,2.0810494422912598,2.099370002746582,3.1835522651672363,0.864151656627655,2.0810494422912598,2.2268171310424805,-3.7757914066314697,,2.0810494422912598,0.279315322637558,0.9342951,0.008942321,-0.021740343,0.6111195633126093
197,1.97,BR,-4.0,-0.3157306909561157,-2.1616809368133545,-1.9058139324188232,-2.152787923812866,-3.684269428253174,-0.7232915163040161,-1.9058139324188232,-1.9238805770874023,4.092037200927734,,-1.9058139324188232,-0.3114766776561737,0.9342951,0.008942321,-0.021740343,0.6111195633126093
198,1.98,FL,4.0,1.728622317314148,1.5609610080718994,1.657985806465149,1.6352163553237915,2.2713775634765625,0.7539218068122864,1.657985806465149,1.9465274810791016,-3.5156216621398926,,1.657985806465149,0.07413162291049957,0.934009,0.009038629,-0.021739848,0.613584048221708
198,1.98,FR,-4.0,-1.6511417627334595,-1.6544075012207031,-1.5896685123443604,-1.6011862754821777,-2.34885835647583,-0.6898293495178223,-1.5896685123443604,-1.8106526136398315,3.654088020324707,,-1.5896685123443604,-0.011654512956738472,0.934009,0.009038629,-0.021739848,0.613584048221708
198,1.98,BL,4.0,1.7253278493881226,1.944012999534607,2.099370002746582,1.7740205526351929,2.274672031402588,0.8914477229118347,2.099370002746582,2.3041374683380127,-3.75313401222229,,2.099370002746582,0.24318841099739075,0.934009,0.009038629,-0.021739848,0.613584048221708
198,1.98,BR,-4.0,-2.1616809368133545,-1.5820131301879883,-2.152787923812866,-1.4586191177368164,-1.8383190631866455,-0.7453513741493225,-2.152787923812866,-2.017268180847168,4.072328567504883,,-2.152787923812866,-0.20489300787448883,0.934009,0.009038629,-0.021739848,0.613584048221708
199,1.99,FL,4.0,1.5609610080718994,1.6734791994094849,1.6352163553237915,1.7295373678207397,2.4390389919281006,0.7831902503967285,1.6352163553237915,1.9984385967254639,-3.4958951473236084,,1.6352163553237915,0.07109317928552628,0.93372995,0.009094638,-0.02174018,0.6158112425360238
199,1.99,FR,-4.0,-1.6544075012207031,-1.6630548238754272,-1.6011862754821777,-1.6280663013458252,-2.345592498779297,-0.717976450920105,-1.6011862754821777,-1.865222692489624,3.635706901550293,,-1.6011862754821777,-0.002837006002664566,0.93372995,0.009094638,-0.02174018,0.6158112425360238
199,1.99,BL,4.0,1.944012999534607,2.291592836380005,1.7740205526351929,1.713842511177063,2.0559868812561035,0.9161195755004883,1.7740205526351929,2.3529114723205566,-3.7298471927642822,,1.7740205526351929,0.1971902698278427,0.93372995,0.009094638,-0.02174018,0.6158112425360238
199,1.99,BR,-4.0,-1.5820131301879883,-4.284687519073486,-1.4586191177368164,-1.7125461101531982,-2.4179868698120117,-0.7743672132492065,-1.4586191177368164,-2.0525565147399902,4.05197811126709,,-1.4586191177368164,-0.2704657018184662,0.93372995,0.009094638,-0.02174018,0.6158112425360238
200,2.0,FL,4.0,1.6734791994094849,1.7297451496124268,1.7295373678207397,1.7137986421585083,2.3265209197998047,0.8111085295677185,1.7295373678207397,2.055710792541504,-3.4756224155426025,,1.7295373678207397,0.14140531420707703,0.9334698,0.009157219,-0.021739334,0.6178658687639067
200,2.0,FR,-4.0,-1.6630548238754272,-1.6950913667678833,-1.6280663013458252,-1.652754545211792,-2.336945056915283,-0.7460197806358337,-1.6280663013458252,-1.919761061668396,3.6167800426483154,,-1.6280663013458252,-0.004607727751135826,0.9334698,0.009157219,-0.021739334,0.6178658687639067
200,2.0,BL,4.0,2.291592836380005,1.6602466106414795,1.713842511177063,1.5994824171066284,1.7084071636199951,0.9366204738616943,1.713842511177063,2.3950541019439697,-3.706105947494507,,1.713842511177063,0.08402101695537567,0.9334698,0.009157219,-0.021739334,0.6178658687639067
200,2.0,BR,-4.0,-4.284687519073486,-0.33292242884635925,-1.7125461101531982,-0.6604921817779541,0.28468751907348633,-0.770950973033905,-1.7125461101531982,-2.106374502182007,4.031181812286377,,-1.7125461101531982,-0.39453643560409546,0.9334698,0.009157219,-0.021739334,0.6178658687639067
201,2.0100000000000002,FL,4.0,1.7297451496124268,1.6939420700073242,1.7137986421585083,1.7192105054855347,2.2702548503875732,0.8383516073226929,1.7137986421585083,2.1095032691955566,-3.4547946453094482,,1.7137986421585083,0.08409404754638672,0.9332583,0.009203829,-0.021740345,0.6195714787815685
201,2.0100000000000002,FR,-4.0,-1.6950913667678833,-1.4548527002334595,-1.652754545211792,-1.6679831743240356,-2.3049087524414062,-0.7736786603927612,-1.652754545211792,-1.9740970134735107,3.597309112548828,,-1.652754545211792,-0.08482932299375534,0.9332583,0.009203829,-0.021740345,0.6195714787815685
201,2.0100000000000002,BL,4.0,1.6602466106414795,0.7043684124946594,1.5994824171066284,1.8725218772888184,2.3397533893585205,0.9646974802017212,1.5994824171066284,2.4265758991241455,-3.6819968223571777,,1.5994824171066284,0.22937257587909698,0.9332583,0.009203829,-0.021740345,0.6195714787815685
201,2.0100000000000002,BR,-4.0,-0.33292242884635925,-0.18047964572906494,-0.6604921817779541,-2.2377820014953613,-3.6670775413513184,-0.8149558901786804,-0.6604921817779541,-2.0755789279937744,4.010272979736328,,-0.6604921817779541,-0.12293025106191635,0.9332583,0.009203829,-0.021740345,0.6195714787815685
202,2.02,FL,4.0,1.6939420700073242,1.7110447883605957,1.7192105054855347,1.7607747316360474,2.306057929992676,0.8660242557525635,1.7192105054855347,2.1616108417510986,-3.4334373474121094,,1.7192105054855347,0.11583808064460754,0.93301916,0.009256422,-0.0217407,0.6214457032635611
202,2.02,FR,-4.0,-1.4548527002334595,-1.7122554779052734,-1.6679831743240356,-1.7917375564575195,-2.54514741897583,-0.80422043800354,-1.6679831743240356,-2.027496576309204,3.5772993564605713,,-1.6679831743240356,-0.008826185017824173,0.93301916,0.009256422,-0.0217407,0.6214457032635611
202,2.02,BL,4.0,0.7043684124946594,0.7090222239494324,1.8725218772888184,2.2829501628875732,3.2956316471099854,1.0042450428009033,1.8725218772888184,2.478273630142212,-3.657470703125,,1.8725218772888184,0.2863207161426544,0.93301916,0.009256422,-0.0217407,0.6214457032635611
202,2.02,BR,-4.0,-0.18047964572906494,-2.499619245529175,-2.2377820014953613,-2.342764139175415,-3.8195204734802246,-0.8607901334762573,-2.2377820014953613,-2.1696836948394775,3.989043712615967,,-2.2377820014953613,-0.3172510266304016,0.93301916,0.009256422,-0.0217407,0.6214457032635611
203,2.0300000000000002,FL,4.0,1.7110447883605957,1.5388829708099365,1.7607747316360474,1.7816063165664673,2.2889552116394043,0.8934917449951172,1.7607747316360474,2.214934825897217,-3.411552667617798,,1.7607747316360474,0.13143974542617798,0.9327478,0.009323174,-0.021740064,0.6237300961655047
203,2.0300000000000002,FR,-4.0,-1.7122554779052734,-1.8202155828475952,-1.7917375564575195,-1.7193182706832886,-2.2877445220947266,-0.8316733837127686,-1.7917375564575195,-2.0885074138641357,3.5567171573638916,,-1.7917375564575195,-0.002184370532631874,0.9327478,0.009323174,-0.021740064,0.6237300961655047
203,2.0300000000000002,BL,4.0,0.7090222239494324,3.6436290740966797,2.2829501628875732,2.32063627243042,3.290977716445923,1.0437368154525757,2.2829501628875732,2.5601305961608887,-3.6322760581970215,,2.2829501628875732,0.21246521174907684,0.9327478,0.009323174,-0.021740064,0.6237300961655047
203,2.0300000000000002,BR,-4.0,-2.499619245529175,-1.5558031797409058,-2.342764139175415,-1.4609423875808716,-1.5003807544708252,-0.8787947297096252,-2.342764139175415,-2.268331289291382,3.9668502807617188,,-2.342764139175415,-0.4741995930671692,0.9327478,0.009323174,-0.021740064,0.6237300961655047
204,2.04,FL,4.0,1.5388829708099365,1.7014843225479126,1.7816063165664673,1.8779385089874268,2.4611170291900635,0.9230251312255859,1.7816063165664673,2.267801523208618,-3.3891372680664062,,1.7816063165664673,0.07656510174274445,0.93248725,0.0093731545,-0.021739637,0.6257438041232809
204,2.04,FR,-4.0,-1.8202155828475952,-1.2289146184921265,-1.7193182706832886,-1.7035871744155884,-2.1797842979431152,-0.8578307628631592,-1.7193182706832886,-2.141446828842163,3.5355656147003174,,-1.7193182706832886,-0.1026378720998764,0.93248725,0.0093731545,-0.021739637,0.6257438041232809
204,2.04,BL,4.0,3.6436290740966797,0.5884421467781067,2.32063627243042,1.186285138130188,0.3563709259033203,1.0480132102966309,2.32063627243042,2.641733407974243,-3.6062638759613037,,2.32063627243042,0.360137939453125,0.93248725,0.0093731545,-0.021739637,0.6257438041232809
204,2.04,BR,-4.0,-1.5558031797409058,-1.7918602228164673,-1.4609423875808716,-1.856473445892334,-2.4441967010498047,-0.9081250429153442,-1.4609423875808716,-2.293957471847534,3.944037914276123,,-1.4609423875808716,-0.07636930793523788,0.93248725,0.0093731545,-0.021739637,0.6257438041232809
205,2.05,FL,4.0,1.7014843225479126,1.352676272392273,1.8779385089874268,1.8424314260482788,2.298515796661377,0.9506073594093323,1.8779385089874268,2.3261499404907227,-3.3661656379699707,,1.8779385089874268,0.15075504779815674,0.93223125,0.009398264,-0.021740593,0.627503142705408
205,2.05,FR,-4.0,-1.2289146184921265,-1.7267093658447266,-1.7035871744155884,-1.9662649631500244,-2.771085262298584,-0.891083836555481,-1.7035871744155884,-2.1910767555236816,3.513901472091675,,-1.7035871744155884,-0.032824333757162094,0.93223125,0.009398264,-0.021740593,0.627503142705408
205,2.05,BL,4.0,0.5884421467781067,0.9106174111366272,1.186285138130188,2.4126365184783936,3.411557912826538,1.0889519453048706,1.186285138130188,2.6311793327331543,-3.579899787902832,,1.186285138130188,0.08965074270963669,0.93223125,0.009398264,-0.021740593,0.627503142705408
205,2.05,BR,-4.0,-1.7918602228164673,-0.24136683344841003,-1.856473445892334,-1.7913810014724731,-2.2081398963928223,-0.9346227645874023,-1.856473445892334,-2.3495967388153076,3.920818328857422,,-1.856473445892334,-0.47077476978302,0.93223125,0.009398264,-0.021740593,0.627503142705408
206,2.06,FL,4.0,1.352676272392273,2.251018762588501,1.8424314260482788,2.0095367431640625,2.6473236083984375,0.9823752045631409,1.8424314260482788,2.3794257640838623,-3.3426358699798584,,1.8424314260482788,0.08238789439201355,0.9319729,0.009477278,-0.021740517,0.6297680381455807
206,2.06,FR,-4.0,-1.7267093658447266,-1.9485480785369873,-1.9662649631500244,-1.8004000186920166,-2.2732906341552734,-0.9183633327484131,-1.9662649631500244,-2.2593600749969482,3.4916470050811768,,-1.9662649631500244,-0.04584407061338425,0.9319729,0.009477278,-0.021740517,0.6297680381455807
206,2.06,BL,4.0,0.9106174111366272,2.051480770111084,2.4126365184783936,2.324704885482788,3.0893826484680176,1.126024603843689,2.4126365184783936,2.7172110080718994,-3.553154945373535,,2.4126365184783936,0.35638049244880676,0.9319729,0.009477278,-0.021740517,0.6297680381455807
206,2.06,BR,-4.0,-0.24136683344841003,-2.3807647228240967,-1.7913810014724731,-2.4380760192871094,-3.7586331367492676,-0.9797263145446777,-1.7913810014724731,-2.3979499340057373,3.8970789909362793,,-1.7913810014724731,-0.2653490900993347,0.9319729,0.009477278,-0.021740517,0.6297680381455807
207,2.07,FL,4.0,2.251018762588501,1.7890090942382812,2.0095367431640625,1.6819677352905273,1.748981237411499,1.003363013267517,2.0095367431640625,2.4437172412872314,-3.3185181617736816,,2.0095367431640625,0.12879915535449982,0.93164897,0.009496584,-0.021739969,0.6318580170064823
207,2.07,FR,-4.0,-1.9485480785369873,-1.9074957370758057,-1.8004000186920166,-1.7389440536499023,-2.0514519214630127,-0.9429807066917419,-1.8004000186920166,-2.3119585514068604,3.4687886238098145,,-1.8004000186920166,-0.013736274093389511,0.93164897,0.009496584,-0.021739969,0.6318580170064823
207,2.07,BL,4.0,2.051480770111084,2.1585938930511475,2.324704885482788,1.9054322242736816,1.948519229888916,1.1494067907333374,2.324704885482788,2.792973756790161,-3.525601387023926,,2.324704885482788,0.2700832784175873,0.93164897,0.009496584,-0.021739969,0.6318580170064823
207,2.07,BR,-4.0,-2.3807647228240967,-2.3840255737304688,-2.4380760192871094,-1.627420425415039,-1.6192352771759033,-0.999157190322876,-2.4380760192871094,-2.495121717453003,3.872610330581665,,-2.4380760192871094,-0.17328405380249023,0.93164897,0.009496584,-0.021739969,0.6318580170064823
208,2.08,FL,4.0,1.7890090942382812,1.6605901718139648,1.6819677352905273,1.8877593278884888,2.2109909057617188,1.0298948287963867,1.6819677352905273,2.479799509048462,-3.2938992977142334,,1.6819677352905273,0.0834275484085083,0.93131316,0.009510307,-0.021740101,0.6340546256955308
208,2.08,FR,-4.0,-1.9074957370758057,-1.76278817653656,-1.7389440536499023,-1.7799824476242065,-2.0925042629241943,-0.9680907726287842,-1.7389440536499023,-2.357675313949585,3.445438861846924,,-1.7389440536499023,-0.012781072407960892,0.93131316,0.009510307,-0.021740101,0.6340546256955308
208,2.08,BL,4.0,2.1585938930511475,1.1782283782958984,1.9054322242736816,1.8859692811965942,1.8414061069488525,1.1715036630630493,1.9054322242736816,2.8328857421875,-3.4974708557128906,,1.9054322242736816,0.20401489734649658,0.93131316,0.009510307,-0.021740101,0.6340546256955308
208,2.08,BR,-4.0,-2.3840255737304688,-1.3937702178955078,-1.627420425415039,-1.6455469131469727,-1.6159744262695312,-1.018548846244812,-1.627420425415039,-2.5249106884002686,3.8475091457366943,,-1.627420425415039,-0.35663530230522156,0.93131316,0.009510307,-0.021740101,0.6340546256955308
209,2.09,FL,4.0,1.6605901718139648,1.8299906253814697,1.8877593278884888,1.9656587839126587,2.339409828186035,1.0579677820205688,1.8877593278884888,2.5306055545806885,-3.268845558166504,,1.8877593278884888,0.0962391123175621,0.93098235,0.009566855,-0.021740185,0.6365506578154304
209,2.09,FR,-4.0,-1.76278817653656,-1.831094741821289,-1.7799824476242065,-1.8629754781723022,-2.2372117042541504,-0.9949373006820679,-1.7799824476242065,-2.404817819595337,3.4216248989105225,,-1.7799824476242065,-0.0003202427178621292,0.93098235,0.009566855,-0.021740185,0.6365506578154304
209,2.09,BL,4.0,1.1782283782958984,1.087799310684204,1.8859692811965942,2.3002123832702637,2.8217716217041016,1.2053649425506592,1.8859692811965942,2.869706392288208,-3.468956708908081,,1.8859692811965942,0.2062094360589981,0.93098235,0.009566855,-0.021740185,0.6365506578154304
209,2.09,BR,-4.0,-1.3937702178955078,-1.3681998252868652,-1.6455469131469727,-2.0610408782958984,-2.606229782104492,-1.0498236417770386,-1.6455469131469727,-2.554953098297119,3.8221089839935303,,-1.6455469131469727,-0.3928719758987427,0.93098235,0.009566855,-0.021740185,0.6365506578154304
210,2.1,FL,4.0,1.8299906253814697,1.9929448366165161,1.9656587839126587,1.925971508026123,2.1700093746185303,1.0840078592300415,1.9656587839126587,2.5855281352996826,-3.243263006210327,,1.9656587839126587,0.08286824822425842,0.9306394,0.00967293,-0.02174008,0.6395429937652801
210,2.1,FR,-4.0,-1.831094741821289,-1.945290446281433,-1.8629754781723022,-1.862499475479126,-2.168905258178711,-1.0209641456604004,-1.8629754781723022,-2.456620216369629,3.3973159790039062,,-1.8629754781723022,-0.0003677383065223694,0.9306394,0.00967293,-0.02174008,0.6395429937652801
210,2.1,BL,4.0,1.087799310684204,1.8823374509811401,2.3002123832702637,2.3702452182769775,2.912200689315796,1.2403112649917603,2.3002123832702637,2.9375689029693604,-3.439918041229248,,2.3002123832702637,0.29217225313186646,0.9306394,0.00967293,-0.02174008,0.6395429937652801
210,2.1,BR,-4.0,-1.3681998252868652,-1.0253642797470093,-2.0610408782958984,-2.102543592453003,-2.6318001747131348,-1.0814051628112793,-2.0610408782958984,-2.616401195526123,3.796250104904175,,-2.0610408782958984,-0.34957271814346313,0.9306394,0.00967293,-0.02174008,0.6395429937652801
211,2.11,FL,4.0,1.9929448366165161,1.9480351209640503,1.925971508026123,1.8868299722671509,2.0070552825927734,1.1080925464630127,1.925971508026123,2.6351850032806396,-3.2171578407287598,,1.925971508026123,0.04155796766281128,0.93028116,0.0097868,-0.021739716,0.6427228631940702
211,2.11,FR,-4.0,-1.945290446281433,-1.9303754568099976,-1.862499475479126,-1.8428480625152588,-2.0547094345092773,-1.0456206798553467,-1.862499475479126,-2.5063540935516357,3.372499465942383,,-1.862499475479126,0.0019018761813640594,0.93028116,0.0097868,-0.021739716,0.6427228631940702
211,2.11,BL,4.0,1.8823374509811401,1.0584585666656494,2.3702452182769775,2.087376356124878,2.1176624298095703,1.2657232284545898,2.3702452182769775,3.0082623958587646,-3.410186529159546,,2.3702452182769775,0.2899031639099121,0.93028116,0.0097868,-0.021739716,0.6427228631940702
211,2.11,BR,-4.0,-1.0253642797470093,-2.6132988929748535,-2.102543592453003,-2.2712595462799072,-2.974635601043701,-1.1171008348464966,-2.102543592453003,-2.678694486618042,3.769772529602051,,-2.102543592453003,-0.2896367311477661,0.93028116,0.0097868,-0.021739716,0.6427228631940702
212,2.12,FL,4.0,1.9480351209640503,1.8554863929748535,1.8868299722671509,1.9288785457611084,2.05196475982666,1.132716178894043,1.8868299722671509,2.6798253059387207,-3.1905813217163086,,1.8868299722671509,0.09901441633701324,0.92993927,0.009880462,-0.021739455,0.6456239157535513
212,2.12,FR,-4.0,-1.9303754568099976,-1.8862968683242798,-1.8428480625152588,-1.8734705448150635,-2.069624423980713,-1.0704561471939087,-1.8428480625152588,-2.5525968074798584,3.347203254699707,,-1.8428480625152588,0.003760283812880516,0.92993927,0.009880462,-0.021739455,0.6456239157535513
212,2.12,BL,4.0,1.0584585666656494,1.3882725238800049,2.087376356124878,2.4423398971557617,2.9415414333343506,1.3010218143463135,2.087376356124878,3.0540013313293457,-3.379873752593994,,2.087376356124878,0.2167048156261444,0.92993927,0.009880462,-0.021739455,0.6456239157535513
212,2.12,BR,-4.0,-2.6132988929748535,-1.718043565750122,-2.2712595462799072,-1.671781301498413,-1.3867011070251465,-1.1337412595748901,-2.2712595462799072,-2.7517759799957275,3.7426178455352783,,-2.2712595462799072,-0.4256148338317871,0.92993927,0.009880462,-0.021739455,0.6456239157535513
213,2.13,FL,4.0,1.8554863929748535,1.9434021711349487,1.9288785457611084,1.9905215501785278,2.1445136070251465,1.1584503650665283,1.9288785457611084,2.726012706756592,-3.163550615310669,,1.9288785457611084,0.0810805931687355,0.92959535,0.009969739,-0.02173986,0.648504856455615
213,2.13,FR,-4.0,-1.8862968683242798,-1.990594506263733,-1.8734705448150635,-1.9159374237060547,-2.1137032508850098,-1.095820665359497,-1.8734705448150635,-2.5994277000427246,3.321441411972046,,-1.8734705448150635,-0.006842145696282387,0.92959535,0.009969739,-0.02173986,0.648504856455615
213,2.13,BL,4.0,1.3882725238800049,2.9193413257598877,2.4423398971557617,2.345712661743164,2.611727476119995,1.3323625326156616,2.4423398971557617,3.1257832050323486,-3.3489723205566406,,2.4423398971557617,0.32147157192230225,0.92959535,0.009969739,-0.02173986,0.648504856455615
213,2.13,BR,-4.0,-1.718043565750122,-0.515654981136322,-1.671781301498413,-2.0465238094329834,-2.281956434249878,-1.1611247062683105,-1.671781301498413,-2.774980306625366,3.7149832248687744,,-1.671781301498413,-0.2745840847492218,0.92959535,0.009969739,-0.02173986,0.648504856455615
214,2.14,FL,4.0,1.9434021711349487,1.9040446281433105,1.9905215501785278,1.981089472770691,2.0565977096557617,1.1831295490264893,1.9905215501785278,2.7752230167388916,-3.136042833328247,,1.9905215501785278,0.060880813747644424,0.9292408,0.010008574,-0.021739338,0.6510828021648172
214,2.14,FR,-4.0,-1.990594506263733,-1.7024939060211182,-1.9159374237060547,-1.899582862854004,-2.0094056129455566,-1.1199334859848022,-1.9159374237060547,-2.647752523422241,3.295203924179077,,-1.9159374237060547,-0.02024777978658676,0.9292408,0.010008574,-0.021739338,0.6510828021648172
214,2.14,BL,4.0,2.9193413257598877,1.218185305595398,2.345712661743164,1.7646260261535645,1.0806586742401123,1.3453303575515747,2.345712661743164,3.1871728897094727,-3.3174054622650146,,2.345712661743164,0.29445531964302063,0.9292408,0.010008574,-0.021739338,0.6510828021648172
214,2.14,BR,-4.0,-0.515654981136322,-1.9781177043914795,-2.0465238094329834,-2.5548627376556396,-3.484344959259033,-1.2029368877410889,-2.0465238094329834,-2.826662540435791,3.6869733333587646,,-2.0465238094329834,-0.14883705973625183,0.9292408,0.010008574,-0.021739338,0.6510828021648172
215,2.15,FL,4.0,1.9040446281433105,1.781722068786621,1.981089472770691,2.0215115547180176,2.0959553718566895,1.2082809209823608,1.981089472770691,2.8217642307281494,-3.1080563068389893,,1.981089472770691,0.147333562374115,0.9289082,0.010015302,-0.02174017,0.6532503970247474
215,2.15,FR,-4.0,-1.7024939060211182,-1.9160076379776,-1.899582862854004,-2.038935899734497,-2.297506093978882,-1.1475036144256592,-1.899582862854004,-2.6929001808166504,3.2684991359710693,,-1.899582862854004,-0.03873590752482414,0.9289082,0.010015302,-0.02174017,0.6532503970247474
215,2.15,BL,4.0,1.218185305595398,2.5706372261047363,1.7646260261535645,2.4580562114715576,2.7818145751953125,1.3787121772766113,1.7646260261535645,3.2005860805511475,-3.285466194152832,,1.7646260261535645,0.1518659144639969,0.9289082,0.010015302,-0.02174017,0.6532503970247474
215,2.15,BR,-4.0,-1.9781177043914795,-1.8124568462371826,-2.5548627376556396,-2.0116899013519287,-2.0218822956085205,-1.2271994352340698,-2.5548627376556396,-2.916182518005371,3.6582560539245605,,-2.5548627376556396,-0.4674556851387024,0.9289082,0.010015302,-0.02174017,0.6532503970247474
216,2.16,FL,4.0,1.781722068786621,2.0039002895355225,2.0215115547180176,2.0955920219421387,2.218277931213379,1.2349002361297607,2.0215115547180176,2.8696506023406982,-3.0795977115631104,,2.0215115547180176,0.07416588068008423,0.9285723,0.010069329,-0.02173988,0.6557893722052742
216,2.16,FR,-4.0,-1.9160076379776,-2.067014694213867,-2.038935899734497,-1.9811005592346191,-2.0839924812316895,-1.1725114583969116,-2.038935899734497,-2.7472057342529297,3.2412967681884766,,-2.038935899734497,-0.0056240856647491455,0.9285723,0.010069329,-0.02173988,0.6557893722052742
216,2.16,BL,4.0,2.5706372261047363,1.8245011568069458,2.4580562114715576,1.9504573345184326,1.4293627738952637,1.395864486694336,2.4580562114715576,3.267852783203125,-3.253121852874756,,2.4580562114715576,0.2711316645145416,0.9285723,0.010069329,-0.02173988,0.6557893722052742
216,2.16,BR,-4.0,-1.8124568462371826,-3.006784439086914,-2.0116899013519287,-2.1022167205810547,-2.1875431537628174,-1.2534500360488892,-2.0116899013519287,-2.9595963954925537,3.628875732421875,,-2.0116899013519287,-0.31972911953926086,0.9285723,0.010069329,-0.02173988,0.6557893722052742
217,2.17,FL,4.0,2.0039002895355225,1.7858965396881104,2.0955920219421387,2.0333402156829834,1.9960997104644775,1.2588534355163574,2.0955920219421387,2.921468496322632,-3.050640344619751,,2.0955920219421387,0.13712221384048462,0.9282474,0.010134458,-0.021739898,0.6584266063652877
217,2.17,FR,-4.0,-2.067014694213867,-2.0092275142669678,-1.9811005592346191,-1.9457056522369385,-1.9329853057861328,-1.1957073211669922,-1.9811005592346191,-2.794846296310425,3.2135848999023438,,-1.9811005592346191,0.0004306342452764511,0.9282474,0.010134458,-0.021739898,0.6584266063652877
217,2.17,BL,4.0,1.8245011568069458,2.2511086463928223,1.9504573345184326,2.266064167022705,2.1754989624023438,1.4219704866409302,1.9504573345184326,3.292675495147705,-3.22031831741333,,1.9504573345184326,0.19028958678245544,0.9282474,0.010134458,-0.021739898,0.6584266063652877
217,2.17,BR,-4.0,-3.006784439086914,-0.9902804493904114,-2.1022167205810547,-1.6507362127304077,-0.9932155609130859,-1.2653685808181763,-2.1022167205810547,-3.0084071159362793,3.599034070968628,,-2.1022167205810547,-0.44147562980651855,0.9282474,0.010134458,-0.021739898,0.6584266063652877
218,2.18,FL,4.0,1.7858965396881104,1.9662472009658813,2.0333402156829834,2.1444947719573975,2.2141034603118896,1.285422682762146,2.0333402156829834,2.9663729667663574,-3.0211997032165527,,2.0333402156829834,0.07585566490888596,0.92792547,0.010168951,-0.021739801,0.6607659585931998
218,2.18,FR,-4.0,-2.0092275142669678,-1.5053315162658691,-1.9457056522369385,-1.992016315460205,-1.9907724857330322,-1.2195966243743896,-1.9457056522369385,-2.837843179702759,3.185420036315918,,-1.9457056522369385,-0.06252315640449524,0.92792547,0.010168951,-0.021739801,0.6607659585931998
218,2.18,BL,4.0,2.2511086463928223,0.8317084312438965,2.266064167022705,2.1215269565582275,1.7488913536071777,1.4429571628570557,2.266064167022705,3.341275215148926,-3.1871469020843506,,2.266064167022705,0.3068934381008148,0.92792547,0.010168951,-0.021739801,0.6607659585931998
218,2.18,BR,-4.0,-0.9902804493904114,-2.4596874713897705,-1.6507362127304077,-2.4692564010620117,-3.0097196102142334,-1.3014851808547974,-1.6507362127304077,-3.0198984146118164,3.568892240524292,,-1.6507362127304077,-0.09334661066532135,0.92792547,0.010168951,-0.021739801,0.6607659585931998
219,2.19,FL,4.0,1.9662472009658813,2.152445077896118,2.1444947719573975,2.098923921585083,2.033752918243408,1.3098278045654297,2.1444947719573975,3.01823353767395,-2.991274833679199,,2.1444947719573975,0.15794768929481506,0.92759705,0.010191977,-0.021740103,0.6631339113095774
219,2.19,FR,-4.0,-1.5053315162658691,-2.004511833190918,-1.992016315460205,-2.217463970184326,-2.494668483734131,-1.2495325803756714,-1.992016315460205,-2.8827860355377197,3.156815528869629,,-1.992016315460205,-0.0316825695335865,0.92759705,0.010191977,-0.021740103,0.6631339113095774
219,2.19,BL,4.0,0.8317084312438965,2.15936541557312,2.1215269565582275,2.7102737426757812,3.1682915687561035,1.4809767007827759,2.1215269565582275,3.376634359359741,-3.1535563468933105,,2.1215269565582275,0.15916168689727783,0.92759705,0.010191977,-0.021740103,0.6631339113095774
219,2.19,BR,-4.0,-2.4596874713897705,-2.5242509841918945,-2.4692564010620117,-1.9176101684570312,-1.5403125286102295,-1.3199689388275146,-2.4692564010620117,-3.095128297805786,3.5383145809173584,,-2.4692564010620117,-0.49957025051116943,0.92759705,0.010191977,-0.021740103,0.6631339113095774
220,2.2,FL,4.0,2.152445077896118,1.9761083126068115,2.098923921585083,2.0488498210906982,1.8475549221038818,1.3319984674453735,2.098923921585083,3.0644867420196533,-2.960859775543213,,2.098923921585083,0.12309153378009796,0.9272522,0.010233011,-0.021739695,0.6655244724480226
220,2.2,FR,-4.0,-2.004511833190918,-2.337195873260498,-2.217463970184326,-2.0477278232574463,-1.995488166809082,-1.2734785079956055,-2.217463970184326,-2.943646192550659,3.127681255340576,,-2.217463970184326,-0.024726789444684982,0.9272522,0.010233011,-0.021739695,0.6655244724480226
220,2.2,BL,4.0,2.15936541557312,3.890371799468994,2.7102737426757812,2.2172305583953857,1.8406345844268799,1.5030642747879028,2.7102737426757812,3.456777334213257,-3.119386672973633,,2.7102737426757812,0.26793745160102844,0.9272522,0.010233011,-0.021739695,0.6655244724480226
220,2.2,BR,-4.0,-2.5242509841918945,-1.0734398365020752,-1.9176101684570312,-1.9102685451507568,-1.4757490158081055,-1.3376779556274414,-1.9176101684570312,-3.124147891998291,3.5072171688079834,,-1.9176101684570312,-0.19958198070526123,0.9272522,0.010233011,-0.021739695,0.6655244724480226
221,2.21,FL,0.0,1.9761083126068115,1.9385883808135986,2.0488498210906982,0.5415551066398621,-1.9761083126068115,1.308285117149353,2.0488498210906982,3.1049997806549072,-2.9300107955932617,,2.0488498210906982,0.08085459470748901,0.9269129,0.010204595,-0.021739412,0.667568223642711
221,2.21,FR,0.0,-2.337195873260498,-1.9682767391204834,-2.0477278232574463,-0.3386000990867615,2.337195873260498,-1.2454321384429932,-2.0477278232574463,-2.98880934715271,3.098017454147339,,-2.0477278232574463,-0.020147494971752167,0.9269129,0.010204595,-0.021739412,0.667568223642711
221,2.21,BL,0.0,3.890371799468994,1.0374654531478882,2.2172305583953857,-0.05308438837528229,-3.890371799468994,1.4563798904418945,2.2172305583953857,3.495112895965576,-3.084625720977783,,2.2172305583953857,0.26486751437187195,0.9269129,0.010204595,-0.021739412,0.667568223642711
221,2.21,BR,0.0,-1.0734398365020752,-1.9074428081512451,-1.9102685451507568,-0.9083020091056824,1.0734398365020752,-1.3247966766357422,-1.9102685451507568,-3.151453733444214,3.4758381843566895,,-1.9102685451507568,-0.15932616591453552,0.9269129,0.010204595,-0.021739412,0.667568223642711
222,2.22,FL,0.0,1.9385883808135986,0.3349682092666626,0.5415551066398621,0.5328497886657715,-1.9385883808135986,1.2850220203399658,0.5415551066398621,3.0257203578948975,-2.899359941482544,,0.5415551066398621,0.004586577415466309,0.92671376,0.010130268,-0.0217405,0.6682399737114766
222,2.22,FR,0.0,-1.9682767391204834,-0.3669518232345581,-0.3386000990867615,-0.4581214189529419,1.9682767391204834,-1.2218127250671387,-0.3386000990867615,-2.898169994354248,3.0685856342315674,,-0.3386000990867615,-0.052370961755514145,0.92671376,0.010130268,-0.0217405,0.6682399737114766
222,2.22,BL,0.0,1.0374654531478882,0.5493887066841125,-0.05308438837528229,1.0413936376571655,-1.0374654531478882,1.4439302682876587,-0.05308438837528229,3.3539044857025146,-3.0503854751586914,,-0.05308438837528229,-0.17500516772270203,0.92671376,0.010130268,-0.0217405,0.6682399737114766
222,2.22,BR,0.0,-1.9074428081512451,0.2775101959705353,-0.9083020091056824,-0.5618195533752441,1.9074428081512451,-1.3019073009490967,-0.9083020091056824,-3.0991134643554688,3.444587230682373,,-0.9083020091056824,-0.3064335286617279,0.92671376,0.010130268,-0.0217405,0.6682399737114766
223,2.23,FL,0.0,0.3349682092666626,0.44223296642303467,0.5328497886657715,1.1510348320007324,-0.3349682092666626,1.281002402305603,0.5328497886657715,2.948866844177246,-2.8694896697998047,,0.5328497886657715,0.07428497076034546,0.9266221,0.010070985,-0.021741064,0.6683749114344626
223,2.23,FR,0.0,-0.3669518232345581,-0.6181690692901611,-0.4581214189529419,-1.0750319957733154,0.3669518232345581,-1.217409372329712,-0.4581214189529419,-2.8204574584960938,3.0399951934814453,,-0.4581214189529419,-0.040227945894002914,0.9266221,0.010070985,-0.021741064,0.6683749114344626
223,2.23,BL,0.0,0.5493887066841125,0.06343024969100952,1.0413936376571655,1.2241748571395874,-0.5493887066841125,1.4373376369476318,1.0413936376571655,3.304063320159912,-3.017097234725952,,1.0413936376571655,0.2000499963760376,0.9266221,0.010070985,-0.021741064,0.6683749114344626
223,2.23,BR,0.0,0.2775101959705353,0.3377392888069153,-0.5618195533752441,-1.4129114151000977,-0.2775101959705353,-1.3052375316619873,-0.5618195533752441,-3.021653890609741,3.4139859676361084,,-0.5618195533752441,-0.20155362784862518,0.9266221,0.010070985,-0.021741064,0.6683749114344626
224,2.24,FL,0.0,0.44223296642303467,1.067671298980713,1.1510348320007324,1.104109287261963,-0.44223296642303467,1.2756956815719604,1.1510348320007324,2.9235055446624756,-2.8401286602020264,,1.1510348320007324,0.11178244650363922,0.926503,0.010086197,-0.021741066,0.6692539342556587
224,2.24,FR,0.0,-0.6181690692901611,-1.1251239776611328,-1.0750319957733154,-0.9701417088508606,0.6181690692901611,-1.2099913358688354,-1.0750319957733154,-2.79417085647583,3.011922836303711,,-1.0750319957733154,-0.10317523777484894,0.926503,0.010086197,-0.021741066,0.6692539342556587
224,2.24,BL,0.0,0.06343024969100952,0.27433738112449646,1.2241748571395874,1.4119654893875122,-0.06343024969100952,1.43657648563385,1.2241748571395874,3.27051043510437,-2.9842255115509033,,1.2241748571395874,0.22691598534584045,0.926503,0.010086197,-0.021741066,0.6692539342556587
224,2.24,BR,0.0,0.3377392888069153,-1.3608747720718384,-1.4129114151000977,-1.4403332471847534,-0.3377392888069153,-1.3092902898788452,-1.4129114151000977,-3.0139753818511963,3.383808135986328,,-1.4129114151000977,-0.329837828874588,0.926503,0.010086197,-0.021741066,0.6692539342556587
225,2.25,FL,0.0,1.067671298980713,0.9726116061210632,1.104109287261963,0.8486271500587463,-1.067671298980713,1.2628835439682007,1.104109287261963,2.895458698272705,-2.811034679412842,,1.104109287261963,0.10864280164241791,0.9263702,0.010125515,-0.021740891,0.6704344249954447
225,2.25,FR,0.0,-1.1251239776611328,-1.19267737865448,-0.9701417088508606,-0.7599417567253113,1.1251239776611328,-1.1964898109436035,-0.9701417088508606,-2.7606894969940186,2.984149694442749,,-0.9701417088508606,-0.015258856117725372,0.9263702,0.010125515,-0.021740891,0.6704344249954447
225,2.25,BL,0.0,0.27433738112449646,1.2544373273849487,1.4119654893875122,1.3268414735794067,-0.27433738112449646,1.4332844018936157,1.4119654893875122,3.252999782562256,-2.951608657836914,,1.4119654893875122,0.2434951215982437,0.9263702,0.010125515,-0.021740891,0.6704344249954447
225,2.25,BR,0.0,-1.3608747720718384,-0.19155369699001312,-1.4403332471847534,-0.7649404406547546,1.3608747720718384,-1.2929598093032837,-1.4403332471847534,-3.0087482929229736,3.3536946773529053,,-1.4403332471847534,-0.3499845266342163,0.9263702,0.010125515,-0.021740891,0.6704344249954447
226,2.2600000000000002,FL,0.0,0.9726116061210632,0.9733065366744995,0.8486271500587463,0.8738389611244202,-0.9726116061210632,1.251212239265442,0.8486271500587463,2.8484764099121094,-2.7823164463043213,,0.8486271500587463,0.0557621493935585,0.92624235,0.010135132,-0.021740725,0.6713337162501537
226,2.2600000000000002,FR,0.0,-1.19267737865448,-0.6978241205215454,-0.7599417567253113,-0.7194188833236694,1.19267737865448,-1.1821776628494263,-0.7599417567253113,-2.7120368480682373,2.956787586212158,,-0.7599417567253113,-0.05967429280281067,0.92624235,0.010135132,-0.021740725,0.6713337162501537
226,2.2600000000000002,BL,0.0,1.2544373273849487,0.19967302680015564,1.3268414735794067,0.9315094947814941,-1.2544373273849487,1.4182311296463013,1.3268414735794067,3.2295002937316895,-2.919196844100952,,1.3268414735794067,0.233796164393425,0.92624235,0.010135132,-0.021740725,0.6713337162501537
226,2.2600000000000002,BR,0.0,-0.19155369699001312,-0.9227698445320129,-0.7649404406547546,-1.2163383960723877,0.19155369699001312,-1.2906612157821655,-0.7649404406547546,-2.950761079788208,3.323899030685425,,-0.7649404406547546,-0.12224483489990234,0.92624235,0.010135132,-0.021740725,0.6713337162501537
227,2.27,FL,0.0,0.9733065366744995,0.6806727051734924,0.8738389611244202,0.861889660358429,-0.9733065366744995,1.2395325899124146,0.8738389611244202,2.8053135871887207,-2.754049062728882,,0.8738389611244202,0.10519669950008392,0.92612255,0.010124722,-0.021740966,0.6720191314980944
227,2.27,FR,0.0,-0.6978241205215454,-0.796639084815979,-0.7194188833236694,-0.903048038482666,0.6978241205215454,-1.1738038063049316,-0.7194188833236694,-2.662113904953003,2.9299185276031494,,-0.7194188833236694,-0.009300078265368938,0.92612255,0.010124722,-0.021740966,0.6720191314980944
227,2.27,BL,0.0,0.19967302680015564,0.6220898032188416,0.9315094947814941,1.3383619785308838,-0.19967302680015564,1.4158351421356201,0.9315094947814941,3.175919771194458,-2.887171506881714,,0.9315094947814941,0.15470807254314423,0.92612255,0.010124722,-0.021740966,0.6720191314980944
227,2.27,BR,0.0,-0.9227698445320129,-0.0009252429008483887,-1.2163383960723877,-0.9215532541275024,0.9227698445320129,-1.279587984085083,-1.2163383960723877,-2.9304466247558594,3.2944936752319336,,-1.2163383960723877,-0.3371672034263611,0.92612255,0.010124722,-0.021740966,0.6720191314980944
228,2.2800000000000002,FL,0.0,0.6806727051734924,0.8959691524505615,0.861889660358429,0.9672635197639465,-0.6806727051734924,1.2313644886016846,0.861889660358429,2.7629058361053467,-2.7262094020843506,,0.861889660358429,0.08950676769018173,0.92600733,0.010127175,-0.021740993,0.6727880423198708
228,2.2800000000000002,FR,0.0,-0.796639084815979,-1.1957837343215942,-0.903048038482666,-0.855148196220398,0.796639084815979,-1.1642441749572754,-0.903048038482666,-2.628549098968506,2.90346622467041,,-0.903048038482666,-0.04887627065181732,0.92600733,0.010127175,-0.021740993,0.6727880423198708
228,2.2800000000000002,BL,0.0,0.6220898032188416,0.22850823402404785,1.3383619785308838,1.1669992208480835,-0.6220898032188416,1.408370018005371,1.3383619785308838,3.156345844268799,-2.855510950088501,,1.3383619785308838,0.25680795311927795,0.92600733,0.010127175,-0.021740993,0.6727880423198708
228,2.2800000000000002,BR,0.0,-0.0009252429008483887,0.05170819163322449,-0.9215532541275024,-1.2792178392410278,0.0009252429008483887,-1.2795768976211548,-0.9215532541275024,-2.8878114223480225,3.2654037475585938,,-0.9215532541275024,-0.24999752640724182,0.92600733,0.010127175,-0.021740993,0.6727880423198708
229,2.29,FL,0.0,0.8959691524505615,0.8980042338371277,0.9672635197639465,0.8729768395423889,-0.8959691524505615,1.22061288356781,0.9672635197639465,2.730424642562866,-2.6987438201904297,,0.9672635197639465,0.09583183377981186,0.92588,0.010138786,-0.021740945,0.6737001792747175
229,2.29,FR,0.0,-1.1957837343215942,-1.0174970626831055,-0.855148196220398,-0.6859306693077087,1.1957837343215942,-1.1498947143554688,-0.855148196220398,-2.592543840408325,2.877362012863159,,-0.855148196220398,-0.007531028240919113,0.92588,0.010138786,-0.021740945,0.6737001792747175
229,2.29,BL,0.0,0.22850823402404785,0.7224917411804199,1.1669992208480835,1.3169666528701782,-0.22850823402404785,1.405627965927124,1.1669992208480835,3.124101161956787,-2.8241097927093506,,1.1669992208480835,0.21274647116661072,0.92588,0.010138786,-0.021740945,0.6737001792747175
229,2.29,BR,0.0,0.05170819163322449,-1.539918303489685,-1.2792178392410278,-1.3002601861953735,-0.05170819163322449,-1.2801973819732666,-1.2792178392410278,-2.874896287918091,3.236590623855591,,-1.2792178392410278,-0.32133954763412476,0.92588,0.010138786,-0.021740945,0.6737001792747175
230,2.3000000000000003,FL,0.0,0.8980042338371277,0.8229963779449463,0.8729768395423889,0.8614111542701721,-0.8980042338371277,1.2098368406295776,0.8729768395423889,2.6918230056762695,-2.6716339588165283,,0.8729768395423889,0.08293784409761429,0.9257516,0.010154806,-0.021740744,0.6746581375945434
230,2.3000000000000003,FR,0.0,-1.0174970626831055,-0.877197265625,-0.6859306693077087,-0.7428959012031555,1.0174970626831055,-1.1376848220825195,-0.6859306693077087,-2.544680118560791,2.851677656173706,,-0.6859306693077087,-0.0015929369255900383,0.9257516,0.010154806,-0.021740744,0.6746581375945434
230,2.3000000000000003,BL,0.0,0.7224917411804199,0.5903652906417847,1.3169666528701782,1.116631269454956,-0.7224917411804199,1.3969579935073853,1.3169666528701782,3.104881525039673,-2.7929654121398926,,1.3169666528701782,0.23355893790721893,0.9257516,0.010154806,-0.021740744,0.6746581375945434
230,2.3000000000000003,BR,0.0,-1.539918303489685,-0.1262800395488739,-1.3002601861953735,-0.6642300486564636,1.539918303489685,-1.2617183923721313,-1.3002601861953735,-2.864137887954712,3.2078957557678223,,-1.3002601861953735,-0.331671804189682,0.9257516,0.010154806,-0.021740744,0.6746581375945434
231,2.31,FL,0.0,0.8229963779449463,0.8919650912284851,0.8614111542701721,0.8806382417678833,-0.8229963779449463,1.1999608278274536,0.8614111542701721,2.6538279056549072,-2.644906759262085,,0.8614111542701721,0.0813584253191948,0.92563033,0.010153383,-0.021740885,0.6754307620594246
231,2.31,FR,0.0,-0.877197265625,-0.8690646290779114,-0.7428959012031555,-0.7868058681488037,0.877197265625,-1.1271584033966064,-0.7428959012031555,-2.5031604766845703,2.826439619064331,,-0.7428959012031555,-0.04710583761334419,0.92563033,0.010153383,-0.021740885,0.6754307620594246
231,2.31,BL,0.0,0.5903652906417847,0.5096442699432373,1.116631269454956,1.1608119010925293,-0.5903652906417847,1.3898736238479614,1.116631269454956,3.070704698562622,-2.7620885372161865,,1.116631269454956,0.20328539609909058,0.92563033,0.010153383,-0.021740885,0.6754307620594246
231,2.31,BR,0.0,-0.1262800395488739,0.0849924236536026,-0.6642300486564636,-1.211206316947937,0.1262800395488739,-1.2602030038833618,-0.6642300486564636,-2.8039231300354004,3.1795575618743896,,-0.6642300486564636,-0.1810356080532074,0.92563033,0.010153383,-0.021740885,0.6754307620594246
232,2.32,FL,0.0,0.8919650912284851,0.8393628597259521,0.8806382417678833,0.8431748151779175,-0.8919650912284851,1.189257264137268,0.8806382417678833,2.618830680847168,-2.618544816970825,,0.8806382417678833,0.09545459598302841,0.9255066,0.010146396,-0.021740971,0.6761758449969244
232,2.32,FR,0.0,-0.8690646290779114,-0.890148937702179,-0.7868058681488037,-0.7795325517654419,0.8690646290779114,-1.1167296171188354,-0.7868058681488037,-2.466712474822998,2.801591634750366,,-0.7868058681488037,-0.00869653932750225,0.9255066,0.010146396,-0.021740971,0.6761758449969244
232,2.32,BL,0.0,0.5096442699432373,0.6962619423866272,1.1608119010925293,1.1860159635543823,-0.5096442699432373,1.3837579488754272,1.1608119010925293,3.041332960128784,-2.731529474258423,,1.1608119010925293,0.21494019031524658,0.9255066,0.010146396,-0.021740971,0.6761758449969244
232,2.32,BR,0.0,0.0849924236536026,-1.0866621732711792,-1.211206316947937,-1.2941999435424805,-0.0849924236536026,-1.2612228393554688,-1.211206316947937,-2.788964033126831,3.1515936851501465,,-1.211206316947937,-0.31584516167640686,0.9255066,0.010146396,-0.021740971,0.6761758449969244
233,2.33,FL,0.0,0.8393628597259521,0.8403714299201965,0.8431748151779175,0.853512167930603,-0.8393628597259521,1.179184913635254,0.8431748151779175,2.5822675228118896,-2.5925405025482178,,0.8431748151779175,0.08531024307012558,0.92538404,0.010152291,-0.02174085,0.6770213640458013
233,2.33,FR,0.0,-0.890148937702179,-0.9405037760734558,-0.7795325517654419,-0.7606700658798218,0.890148937702179,-1.1060478687286377,-0.7795325517654419,-2.4311230182647705,2.7771036624908447,,-0.7795325517654419,-0.005538003519177437,0.92538404,0.010152291,-0.02174085,0.6770213640458013
233,2.33,BL,0.0,0.6962619423866272,0.5029349327087402,1.1860159635543823,1.1052531003952026,-0.6962619423866272,1.3754026889801025,1.1860159635543823,3.015089273452759,-2.7012481689453125,,1.1860159635543823,0.21001020073890686,0.92538404,0.010152291,-0.02174085,0.6770213640458013
233,2.33,BR,0.0,-1.0866621732711792,-0.35788196325302124,-1.2941999435424805,-0.826557993888855,1.0866621732711792,-1.2481828927993774,-1.2941999435424805,-2.781099796295166,3.1237435340881348,,-1.2941999435424805,-0.34241220355033875,0.92538404,0.010152291,-0.02174085,0.6770213640458013
234,2.34,FL,0.0,0.8403714299201965,0.839642345905304,0.853512167930603,0.8430363535881042,-0.8403714299201965,1.1691005229949951,0.853512167930603,2.5479485988616943,-2.5668904781341553,,0.853512167930603,0.0828433632850647,0.9252702,0.010160408,-0.021740897,0.6778270221145926
234,2.34,FR,0.0,-0.9405037760734558,-0.9508960843086243,-0.7606700658798218,-0.7298463582992554,0.9405037760734558,-1.094761848449707,-0.7606700658798218,-2.3954498767852783,2.752971887588501,,-0.7606700658798218,-0.04019541293382645,0.9252702,0.010160408,-0.021740897,0.6778270221145926
234,2.34,BL,0.0,0.5029349327087402,0.505079448223114,1.1052531003952026,1.1742287874221802,-0.5029349327087402,1.3693674802780151,1.1052531003952026,2.9835410118103027,-2.6712560653686523,,1.1052531003952026,0.19739745557308197,0.9252702,0.010160408,-0.021740897,0.6778270221145926
234,2.34,BR,0.0,-0.35788196325302124,0.033247873187065125,-0.826557993888855,-1.1050301790237427,0.35788196325302124,-1.2438883781433105,-0.826557993888855,-2.736870765686035,3.0961551666259766,,-0.826557993888855,-0.21556703746318817,0.9252702,0.010160408,-0.021740897,0.6778270221145926
235,2.35,FL,0.0,0.839642345905304,0.8965013027191162,0.8430363535881042,0.8332435488700867,-0.839642345905304,1.159024715423584,0.8430363535881042,2.5141539573669434,-2.541581153869629,,0.8430363535881042,0.08761614561080933,0.92515683,0.010164865,-0.02174093,0.6786005615676626
235,2.35,FR,0.0,-0.9508960843086243,-0.9998080134391785,-0.7298463582992554,-0.7144033908843994,0.9508960843086243,-1.0833510160446167,-0.7298463582992554,-2.3587584495544434,2.7292020320892334,,-0.7298463582992554,-0.017189856618642807,0.92515683,0.010164865,-0.02174093,0.6786005615676626
235,2.35,BL,0.0,0.505079448223114,0.37797269225120544,1.1742287874221802,1.1673357486724854,-0.505079448223114,1.3633065223693848,1.1742287874221802,2.958639144897461,-2.6415460109710693,,1.1742287874221802,0.21677903831005096,0.92515683,0.010164865,-0.02174093,0.6786005615676626
235,2.35,BR,0.0,0.033247873187065125,0.021332114934921265,-1.1050301790237427,-1.2571874856948853,-0.033247873187065125,-1.244287371635437,-1.1050301790237427,-2.716214179992676,3.068890333175659,,-1.1050301790237427,-0.29942184686660767,0.92515683,0.010164865,-0.02174093,0.6786005615676626
236,2.36,FL,0.0,0.8965013027191162,0.8680893778800964,0.8332435488700867,0.8004242181777954,-0.8965013027191162,1.1482667922973633,0.8332435488700867,2.4809165000915527,-2.5166068077087402,,0.8332435488700867,0.07639762759208679,0.92504627,0.010186079,-0.021740958,0.6794895834835105
236,2.36,FR,0.0,-0.9998080134391785,-0.9234877228736877,-0.7144033908843994,-0.6834278702735901,0.9998080134391785,-1.0713533163070679,-0.7144033908843994,-2.3222944736480713,2.7057981491088867,,-0.7144033908843994,-0.012679534032940865,0.92504627,0.010186079,-0.021740958,0.6794895834835105
236,2.36,BL,0.0,0.37797269225120544,0.506026029586792,1.1673357486724854,1.2121175527572632,-0.37797269225120544,1.3587708473205566,1.1673357486724854,2.934173107147217,-2.6120827198028564,,1.1673357486724854,0.21906843781471252,0.92504627,0.010186079,-0.021740958,0.6794895834835105
236,2.36,BR,0.0,0.021332114934921265,-1.2404533624649048,-1.2571874856948853,-1.2528201341629028,-0.021332114934921265,-1.2445433139801025,-1.2571874856948853,-2.7083001136779785,3.0417680740356445,,-1.2571874856948853,-0.3123152554035187,0.92504627,0.010186079,-0.021740958,0.6794895834835105
237,2.37,FL,0.0,0.8680893778800964,0.7540667057037354,0.8004242181777954,0.8010309934616089,-0.8680893778800964,1.1378496885299683,0.8004242181777954,2.44640851020813,-2.491971492767334,,0.8004242181777954,0.0784035325050354,0.9249408,0.01021242,-0.021740831,0.6803852119330449
237,2.37,FR,0.0,-0.9234877228736877,-0.9264481067657471,-0.6834278702735901,-0.7019582986831665,0.9234877228736877,-1.0602715015411377,-0.6834278702735901,-2.2848312854766846,2.6827635765075684,,-0.6834278702735901,-0.013785013929009438,0.9249408,0.01021242,-0.021740831,0.6803852119330449
237,2.37,BL,0.0,0.506026029586792,0.16016468405723572,1.2121175527572632,1.1563605070114136,-0.506026029586792,1.352698564529419,1.2121175527572632,2.9141781330108643,-2.582841634750366,,1.2121175527572632,0.22505877912044525,0.9249408,0.01021242,-0.021740831,0.6803852119330449
237,2.37,BR,0.0,-1.2404533624649048,-0.0856599360704422,-1.2528201341629028,-0.7483619451522827,1.2404533624649048,-1.2296578884124756,-1.2528201341629028,-2.7003536224365234,3.0147252082824707,,-1.2528201341629028,-0.3111201524734497,0.9249408,0.01021242,-0.021740831,0.6803852119330449
238,2.38,FL,0.0,0.7540667057037354,0.7998777627944946,0.8010309934616089,0.8362230062484741,-0.7540667057037354,1.128800868988037,0.8010309934616089,2.4133012294769287,-2.4676740169525146,,0.8010309934616089,0.08002694696187973,0.9248382,0.010221047,-0.02174096,0.6811229506781045
238,2.38,FR,0.0,-0.9264481067657471,-0.8332448601722717,-0.7019582986831665,-0.6896922588348389,0.9264481067657471,-1.0491541624069214,-0.7019582986831665,-2.2502901554107666,2.6600892543792725,,-0.7019582986831665,-0.049311816692352295,0.9248382,0.010221047,-0.02174096,0.6811229506781045
238,2.38,BL,0.0,0.16016468405723572,0.6923708915710449,1.1563605070114136,1.2886327505111694,-0.16016468405723572,1.3507766723632812,1.1563605070114136,2.890594482421875,-2.553818702697754,,1.1563605070114136,0.2313006967306137,0.9248382,0.010221047,-0.02174096,0.6811229506781045
238,2.38,BR,0.0,-0.0856599360704422,-0.0438363291323185,-0.7483619451522827,-1.1953939199447632,0.0856599360704422,-1.2286299467086792,-0.7483619451522827,-2.653158664703369,2.987959146499634,,-0.7483619451522827,-0.19596073031425476,0.9248382,0.010221047,-0.02174096,0.6811229506781045
239,2.39,FL,0.0,0.7998777627944946,0.8308621644973755,0.8362230062484741,0.8088497519493103,-0.7998777627944946,1.1192023754119873,0.8362230062484741,2.384251832962036,-2.4436872005462646,,0.8362230062484741,0.0883600041270256,0.92472273,0.010220336,-0.021740926,0.6818740125726163
239,2.39,FR,0.0,-0.8332448601722717,-0.8544503450393677,-0.6896922588348389,-0.7158561944961548,0.8332448601722717,-1.0391552448272705,-0.6896922588348389,-2.21614146232605,2.637758255004883,,-0.6896922588348389,-0.011233467608690262,0.92472273,0.010220336,-0.021740926,0.6818740125726163
239,2.39,BL,0.0,0.6923708915710449,0.4798615872859955,1.2886327505111694,1.0738282203674316,-0.6923708915710449,1.3424681425094604,1.2886327505111694,2.8783087730407715,-2.5249745845794678,,1.2886327505111694,0.2471490353345871,0.92472273,0.010220336,-0.021740926,0.6818740125726163
239,2.39,BR,0.0,-0.0438363291323185,-1.289358377456665,-1.1953939199447632,-1.2110954523086548,0.0438363291323185,-1.2281038761138916,-1.1953939199447632,-2.6428709030151367,2.9614791870117188,,-1.1953939199447632,-0.30109891295433044,0.92472273,0.010220336,-0.021740926,0.6818740125726163
240,2.4,FL,0.0,0.8308621644973755,0.7177051901817322,0.8088497519493103,0.7868574857711792,-0.8308621644973755,1.109231948852539,0.8088497519493103,2.3541948795318604,-2.4199960231781006,,0.8088497519493103,0.09009400755167007,0.9246084,0.010220011,-0.021740906,0.6826185664815899
240,2.4,FR,0.0,-0.8544503450393677,-0.8725754022598267,-0.7158561944961548,-0.6973750591278076,0.8544503450393677,-1.0289018154144287,-0.7158561944961548,-2.1853835582733154,2.6157515048980713,,-0.7158561944961548,-0.006466011516749859,0.9246084,0.010220011,-0.021740906,0.6826185664815899
240,2.4,BL,0.0,0.4798615872859955,0.3757302761077881,1.0738282203674316,1.1505235433578491,-0.4798615872859955,1.3367098569869995,1.0738282203674316,2.8496594429016113,-2.496335506439209,,1.0738282203674316,0.18721605837345123,0.9246084,0.010220011,-0.021740906,0.6826185664815899
240,2.4,BR,0.0,-1.289358377456665,-0.0043275728821754456,-1.2110954523086548,-0.7123605608940125,1.289358377456665,-1.2126315832138062,-1.2110954523086548,-2.6342179775238037,2.935094118118286,,-1.2110954523086548,-0.3227691054344177,0.9246084,0.010220011,-0.021740906,0.6826185664815899
241,2.41,FL,0.0,0.7177051901817322,0.7953858971595764,0.7868574857711792,0.822149932384491,-0.7177051901817322,1.1006195545196533,0.7868574857711792,2.323591947555542,-2.3966081142425537,,0.7868574857711792,0.08420819044113159,0.92450106,0.01021288,-0.02174095,0.6832616810432884
241,2.41,FR,0.0,-0.8725754022598267,-0.8686522245407104,-0.6973750591278076,-0.6798716187477112,0.8725754022598267,-1.0184308290481567,-0.6973750591278076,-2.1543822288513184,2.5940537452697754,,-0.6973750591278076,-0.048974595963954926,0.92450106,0.01021288,-0.02174095,0.6832616810432884
241,2.41,BL,0.0,0.3757302761077881,0.6168038845062256,1.1505235433578491,1.1864176988601685,-0.3757302761077881,1.3322010040283203,1.1505235433578491,2.828148126602173,-2.467947244644165,,1.1505235433578491,0.22651307284832,0.92450106,0.01021288,-0.02174095,0.6832616810432884
241,2.41,BR,0.0,-0.0043275728821754456,0.10039665549993515,-0.7123605608940125,-1.2109005451202393,0.0043275728821754456,-1.2125797271728516,-0.7123605608940125,-2.5867929458618164,2.9089906215667725,,-0.7123605608940125,-0.1994752287864685,0.92450106,0.01021288,-0.02174095,0.6832616810432884
242,2.42,FL,0.0,0.7953858971595764,0.7814747095108032,0.822149932384491,0.7824651598930359,-0.7953858971595764,1.0910749435424805,0.822149932384491,2.2969565391540527,-2.3735060691833496,,0.822149932384491,0.09196878969669342,0.9243846,0.010201273,-0.021740936,0.6839321235872273
242,2.42,FR,0.0,-0.8686522245407104,-0.7689390778541565,-0.6798716187477112,-0.6709699630737305,0.8686522245407104,-1.0080070495605469,-0.6798716187477112,-2.1232240200042725,2.572666883468628,,-0.6798716187477112,-0.007208600640296936,0.9243846,0.010201273,-0.021740936,0.6839321235872273
242,2.42,BL,0.0,0.6168038845062256,0.5140354037284851,1.1864176988601685,1.085479497909546,-0.6168038845062256,1.3247994184494019,1.1864176988601685,2.8102951049804688,-2.43975567817688,,1.1864176988601685,0.22287467122077942,0.9243846,0.010201273,-0.021740936,0.6839321235872273
242,2.42,BR,0.0,0.10039665549993515,-1.3583030700683594,-1.2109005451202393,-1.252738356590271,-0.10039665549993515,-1.2137844562530518,-1.2109005451202393,-2.5803234577178955,2.883155345916748,,-1.2109005451202393,-0.30950722098350525,0.9243846,0.010201273,-0.021740936,0.6839321235872273
243,2.43,FL,0.0,0.7814747095108032,0.7245267629623413,0.7824651598930359,0.7784850001335144,-0.7814747095108032,1.0816972255706787,0.7824651598930359,2.2682533264160156,-2.3506810665130615,,0.7824651598930359,0.08982285112142563,0.92427176,0.010196519,-0.021740932,0.6846333545096998
243,2.43,FR,0.0,-0.7689390778541565,-0.7865117192268372,-0.6709699630737305,-0.7004314064979553,0.7689390778541565,-0.9987797737121582,-0.6709699630737305,-2.0925893783569336,2.551588773727417,,-0.6709699630737305,-0.0055229514837265015,0.92427176,0.010196519,-0.021740932,0.6846333545096998
243,2.43,BL,0.0,0.5140354037284851,0.3271079957485199,1.085479497909546,1.119185209274292,-0.5140354037284851,1.3186309337615967,1.085479497909546,2.785226345062256,-2.4117789268493652,,1.085479497909546,0.1921771615743637,0.92427176,0.010196519,-0.021740932,0.6846333545096998
243,2.43,BR,0.0,-1.3583030700683594,0.0316995233297348,-1.252738356590271,-0.6704632043838501,1.3583030700683594,-1.1974848508834839,-1.252738356590271,-2.5773887634277344,2.8573668003082275,,-1.252738356590271,-0.3372268080711365,0.92427176,0.010196519,-0.021740932,0.6846333545096998
244,2.44,FL,0.0,0.7245267629623413,0.7563000917434692,0.7784850001335144,0.7918865084648132,-0.7245267629623413,1.0730029344558716,0.7784850001335144,2.240363597869873,-2.328138828277588,,0.7784850001335144,0.08650651574134827,0.9241668,0.0101876035,-0.021740938,0.6852493218971286
244,2.44,FR,0.0,-0.7865117192268372,-0.8708681464195251,-0.7004314064979553,-0.6841750741004944,0.7865117192268372,-0.9893416166305542,-0.7004314064979553,-2.0654664039611816,2.530799388885498,,-0.7004314064979553,-0.05225440114736557,0.9241668,0.0101876035,-0.021740938,0.6852493218971286
244,2.44,BL,0.0,0.3271079957485199,0.5842060446739197,1.119185209274292,1.1877877712249756,-0.3271079957485199,1.314705729484558,1.119185209274292,2.7637836933135986,-2.3840346336364746,,1.119185209274292,0.22026965022087097,0.9241668,0.0101876035,-0.021740938,0.6852493218971286
244,2.44,BR,0.0,0.0316995233297348,0.11476889252662659,-0.6704632043838501,-1.2101646661758423,-0.0316995233297348,-1.1978652477264404,-0.6704632043838501,-2.5289063453674316,2.8318369388580322,,-0.6704632043838501,-0.1898038685321808,0.9241668,0.0101876035,-0.021740938,0.6852493218971286
245,2.45,FL,0.0,0.7563000917434692,0.735928475856781,0.7918865084648132,0.7704828381538391,-0.7563000917434692,1.0639272928237915,0.7918865084648132,2.21461820602417,-2.3058648109436035,,0.7918865084648132,0.09065014868974686,0.92405254,0.010172975,-0.021741008,0.6858811961701333
245,2.45,FR,0.0,-0.8708681464195251,-0.75763338804245,-0.6841750741004944,-0.6409943699836731,0.8708681464195251,-0.9788912534713745,-0.6841750741004944,-2.0381321907043457,2.510282278060913,,-0.6841750741004944,-0.00893491692841053,0.92405254,0.010172975,-0.021741008,0.6858811961701333
245,2.45,BL,0.0,0.5842060446739197,0.44917523860931396,1.1877877712249756,1.0810233354568481,-0.5842060446739197,1.3076952695846558,1.1877877712249756,2.7485618591308594,-2.356473445892334,,1.1877877712249756,0.22568584978580475,0.92405254,0.010172975,-0.021741008,0.6858811961701333
245,2.45,BR,0.0,0.11476889252662659,-1.2920348644256592,-1.2101646661758423,-1.2437727451324463,-0.11476889252662659,-1.1992424726486206,-1.2101646661758423,-2.524648904800415,2.8065693378448486,,-1.2101646661758423,-0.31181859970092773,0.92405254,0.010172975,-0.021741008,0.6858811961701333
246,2.46,FL,0.0,0.735928475856781,0.6450344324111938,0.7704828381538391,0.7695558667182922,-0.735928475856781,1.05509614944458,0.7704828381538391,2.188204050064087,-2.2838516235351562,,0.7704828381538391,0.0920090526342392,0.923942,0.010165084,-0.021740945,0.6865428397557793
246,2.46,FR,0.0,-0.75763338804245,-0.7494810819625854,-0.6409943699836731,-0.6758378744125366,0.75763338804245,-0.9697996377944946,-0.6409943699836731,-2.008483409881592,2.4900503158569336,,-0.6409943699836731,-0.005714069120585918,0.923942,0.010165084,-0.021740945,0.6865428397557793
246,2.46,BL,0.0,0.44917523860931396,0.30817288160324097,1.0810233354568481,1.1280251741409302,-0.44917523860931396,1.3023051023483276,1.0810233354568481,2.7255642414093018,-2.329103469848633,,1.0810233354568481,0.19420669972896576,0.923942,0.010165084,-0.021740945,0.6865428397557793
246,2.46,BR,0.0,-1.2920348644256592,-0.030499175190925598,-1.2437727451324463,-0.6824284791946411,1.2920348644256592,-1.1837379932403564,-1.2437727451324463,-2.5231940746307373,2.781330108642578,,-1.2437727451324463,-0.33875465393066406,0.923942,0.010165084,-0.021740945,0.6865428397557793
247,2.47,FL,0.0,0.6450344324111938,0.723135232925415,0.7695558667182922,0.7970823645591736,-0.6450344324111938,1.0473557710647583,0.7695558667182922,2.162752628326416,-2.2620975971221924,,0.7695558667182922,0.08934096992015839,0.923838,0.010152264,-0.021740967,0.6871211075073913
247,2.47,FR,0.0,-0.7494810819625854,-0.8797296285629272,-0.6758378744125366,-0.6700071692466736,0.7494810819625854,-0.9608058333396912,-0.6758378744125366,-1.9827295541763306,2.470094919204712,,-0.6758378744125366,-0.0488307848572731,0.923838,0.010152264,-0.021740967,0.6871211075073913
247,2.47,BL,0.0,0.30817288160324097,0.5211297273635864,1.1280251741409302,1.179036021232605,-0.30817288160324097,1.2986069917678833,1.1280251741409302,2.7071545124053955,-2.301940441131592,,1.1280251741409302,0.22440296411514282,0.923838,0.010152264,-0.021740967,0.6871211075073913
247,2.47,BR,0.0,-0.030499175190925598,0.14168789982795715,-0.6824284791946411,-1.1715383529663086,0.030499175190925598,-1.1833720207214355,-0.6824284791946411,-2.4777750968933105,2.756326913833618,,-0.6824284791946411,-0.19695378839969635,0.923838,0.010152264,-0.021740967,0.6871211075073913
248,2.48,FL,0.0,0.723135232925415,0.7282499670982361,0.7970823645591736,0.7581016421318054,-0.723135232925415,1.0386780500411987,0.7970823645591736,2.140458106994629,-2.2405824661254883,,0.7970823645591736,0.09385542571544647,0.92372364,0.010133491,-0.021741038,0.6877248625806848
248,2.48,FR,0.0,-0.8797296285629272,-0.7300667762756348,-0.6700071692466736,-0.6089140176773071,0.8797296285629272,-0.9502490758895874,-0.6700071692466736,-1.9575283527374268,2.450394630432129,,-0.6700071692466736,-0.010514555498957634,0.92372364,0.010133491,-0.021741038,0.6877248625806848
248,2.48,BL,0.0,0.5211297273635864,0.4971720576286316,1.179036021232605,1.0901551246643066,-0.5211297273635864,1.2923535108566284,1.179036021232605,2.6934666633605957,-2.274937868118286,,1.179036021232605,0.22513653337955475,0.92372364,0.010133491,-0.021741038,0.6877248625806848
248,2.48,BR,0.0,0.14168789982795715,-1.283997893333435,-1.1715383529663086,-1.2400472164154053,-0.14168789982795715,-1.1850723028182983,-1.1715383529663086,-2.4724934101104736,2.7315757274627686,,-1.1715383529663086,-0.3133888840675354,0.92372364,0.010133491,-0.021741038,0.6877248625806848
249,2.49,FL,0.0,0.7282499670982361,0.6215871572494507,0.7581016421318054,0.7473781108856201,-0.7282499670982361,1.02993905544281,0.7581016421318054,2.115980625152588,-2.2193009853363037,,0.7581016421318054,0.09020861983299255,0.92361265,0.010123632,-0.021740872,0.6883753014689425
249,2.49,FR,0.0,-0.7300667762756348,-0.707194983959198,-0.6089140176773071,-0.6582223773002625,0.7300667762756348,-0.9414883255958557,-0.6089140176773071,-1.9285242557525635,2.4309651851654053,,-0.6089140176773071,-0.005437420681118965,0.92361265,0.010123632,-0.021740872,0.6883753014689425
249,2.49,BL,0.0,0.4971720576286316,0.30160531401634216,1.0901551246643066,1.09348464012146,-0.4971720576286316,1.2863874435424805,1.0901551246643066,2.6733455657958984,-2.2481043338775635,,1.0901551246643066,0.19633932411670685,0.92361265,0.010123632,-0.021740872,0.6883753014689425
249,2.49,BR,0.0,-1.283997893333435,0.005100637674331665,-1.2400472164154053,-0.6714731454849243,1.283997893333435,-1.1696642637252808,-1.2400472164154053,-2.4727914333343506,2.7068493366241455,,-1.2400472164154053,-0.3394801616668701,0.92361265,0.010123632,-0.021740872,0.6883753014689425
250,2.5,FL,0.0,0.6215871572494507,0.6888561844825745,0.7473781108856201,0.7813042402267456,-0.6215871572494507,1.0224800109863281,0.7473781108856201,2.0916221141815186,-2.1982638835906982,,0.7473781108856201,0.08685022592544556,0.92351085,0.010109478,-0.021741005,0.6889304018016645
250,2.5,FR,0.0,-0.707194983959198,-0.8457366824150085,-0.6582223773002625,-0.6586102843284607,0.707194983959198,-0.9330019354820251,-0.6582223773002625,-1.904524326324463,2.4118008613586426,,-0.6582223773002625,-0.0487031489610672,0.92351085,0.010109478,-0.021741005,0.6889304018016645
250,2.5,BL,0.0,0.30160531401634216,0.23271264135837555,1.09348464012146,1.1657452583312988,-0.30160531401634216,1.2827681303024292,1.09348464012146,2.6542744636535645,-2.2214670181274414,,1.09348464012146,0.21681874990463257,0.92351085,0.010109478,-0.021741005,0.6889304018016645
250,2.5,BR,0.0,0.005100637674331665,0.026264220476150513,-0.6714731454849243,-1.1717045307159424,-0.005100637674331665,-1.1697255373001099,-0.6714731454849243,-2.4284896850585938,2.682344436645508,,-0.6714731454849243,-0.1967100203037262,0.92351085,0.010109478,-0.021741005,0.6889304018016645
251,2.5100000000000002,FL,0.0,0.6888561844825745,0.7289391756057739,0.7813042402267456,0.7469375729560852,-0.6888561844825745,1.0142138004302979,0.7813042402267456,2.0708792209625244,-2.1774520874023438,,0.7813042402267456,0.0965084433555603,0.9234017,0.010087005,-0.02174101,0.6894699844705151
251,2.5100000000000002,FR,0.0,-0.8457366824150085,-0.7150523066520691,-0.6586102843284607,-0.5947073101997375,0.8457366824150085,-0.9228531122207642,-0.6586102843284607,-1.881495714187622,2.392871379852295,,-0.6586102843284607,-0.013663506135344505,0.9234017,0.010087005,-0.02174101,0.6894699844705151
251,2.5100000000000002,BL,0.0,0.23271264135837555,0.17683908343315125,1.1657452583312988,1.1896830797195435,-0.23271264135837555,1.2799756526947021,1.1657452583312988,2.641618013381958,-2.1949880123138428,,1.1657452583312988,0.22049051523208618,0.9234017,0.010087005,-0.02174101,0.6894699844705151
251,2.5100000000000002,BR,0.0,0.026264220476150513,-1.224216341972351,-1.1717045307159424,-1.1802312135696411,-0.026264220476150513,-1.1700407266616821,-1.1717045307159424,-2.4251534938812256,2.658076286315918,,-1.1717045307159424,-0.3135547339916229,0.9234017,0.010087005,-0.02174101,0.6894699844705151
252,2.52,FL,0.0,0.7289391756057739,0.6158004999160767,0.7469375729560852,0.7226381301879883,-0.7289391756057739,1.0054664611816406,0.7469375729560852,2.0482544898986816,-2.1568570137023926,,0.7469375729560852,0.08837321400642395,0.92328936,0.010071419,-0.02174096,0.6900887642835629
252,2.52,FR,0.0,-0.7150523066520691,-0.6874822378158569,-0.5947073101997375,-0.6368321776390076,0.7150523066520691,-0.9142724871635437,-0.5947073101997375,-1.8543589115142822,2.3741931915283203,,-0.5947073101997375,-0.006422881968319416,0.92328936,0.010071419,-0.02174096,0.6900887642835629
252,2.52,BL,0.0,0.17683908343315125,0.4813074767589569,1.1896830797195435,1.2092399597167969,-0.17683908343315125,1.2778534889221191,1.1896830797195435,2.6313347816467285,-2.168623447418213,,1.1896830797195435,0.2281084656715393,0.92328936,0.010071419,-0.02174096,0.6900887642835629
252,2.52,BR,0.0,-1.224216341972351,-0.022864162921905518,-1.1802312135696411,-0.6803541779518127,1.224216341972351,-1.1553500890731812,-1.1802312135696411,-2.422616958618164,2.6338374614715576,,-1.1802312135696411,-0.32904428243637085,0.92328936,0.010071419,-0.02174096,0.6900887642835629
253,2.5300000000000002,FL,0.0,0.6158004999160767,0.6502046585083008,0.7226381301879883,0.7591463327407837,-0.6158004999160767,0.9980769157409668,0.7226381301879883,2.024611473083496,-2.136493444442749,,0.7226381301879883,0.0819445550441742,0.9231777,0.01004445,-0.021741014,0.6906097265049842
253,2.5300000000000002,FR,0.0,-0.6874822378158569,-0.8890865445137024,-0.6368321776390076,-0.6392796039581299,0.6874822378158569,-0.9060227274894714,-0.6368321776390076,-1.8315894603729248,2.355764150619507,,-0.6368321776390076,-0.03746863454580307,0.9231777,0.01004445,-0.021741014,0.6906097265049842
253,2.5300000000000002,BL,0.0,0.4813074767589569,0.23975545167922974,1.2092399597167969,1.085330605506897,-0.4813074767589569,1.2720777988433838,1.2092399597167969,2.622988700866699,-2.1423521041870117,,1.2092399597167969,0.23313912749290466,0.9231777,0.01004445,-0.021741014,0.6906097265049842
253,2.5300000000000002,BR,0.0,-0.022864162921905518,-0.07581302523612976,-0.6803541779518127,-1.1462044715881348,0.022864162921905518,-1.1550756692886353,-0.6803541779518127,-2.380979061126709,2.60982084274292,,-0.6803541779518127,-0.212432861328125,0.9231777,0.01004445,-0.021741014,0.6906097265049842
254,2.54,FL,0.0,0.6502046585083008,0.7064212560653687,0.7591463327407837,0.7379950284957886,-0.6502046585083008,0.9902744293212891,0.7591463327407837,2.004758358001709,-2.116347312927246,,0.7591463327407837,0.08851909637451172,0.92306197,0.010021405,-0.021741029,0.6911879040397373
254,2.54,FR,0.0,-0.8890865445137024,-0.6513381600379944,-0.6392796039581299,-0.5503880977630615,0.8890865445137024,-0.8953536748886108,-0.6392796039581299,-1.809904932975769,2.337557315826416,,-0.6392796039581299,-0.02019726298749447,0.92306197,0.010021405,-0.021741029,0.6911879040397373
254,2.54,BL,0.0,0.23975545167922974,0.5357943177223206,1.085330605506897,1.1761757135391235,-0.23975545167922974,1.2692008018493652,1.085330605506897,2.605252742767334,-2.1162116527557373,,1.085330605506897,0.2049715369939804,0.92306197,0.010021405,-0.021741029,0.6911879040397373
254,2.54,BR,0.0,-0.07581302523612976,-1.2896689176559448,-1.1462044715881348,-1.1247504949569702,0.07581302523612976,-1.1541659832000732,-1.1462044715881348,-2.3775060176849365,2.586028575897217,,-1.1462044715881348,-0.3187716603279114,0.92306197,0.010021405,-0.021741029,0.6911879040397373
255,2.5500000000000003,FL,0.0,0.7064212560653687,0.6162363886833191,0.7379950284957886,0.7077059745788574,-0.7064212560653687,0.9817973971366882,0.7379950284957886,1.984025001525879,-2.0964040756225586,,0.7379950284957886,0.0851418524980545,0.92294943,0.01000613,-0.021740926,0.6918107315047145
255,2.5500000000000003,FR,0.0,-0.6513381600379944,-0.6777910590171814,-0.5503880977630615,-0.6348183751106262,0.6513381600379944,-0.8875375986099243,-0.5503880977630615,-1.7820996046066284,2.3195981979370117,,-0.5503880977630615,-0.0051992181688547134,0.92294943,0.01000613,-0.021740926,0.6918107315047145
255,2.5500000000000003,BL,0.0,0.5357943177223206,0.251182496547699,1.1761757135391235,1.0548830032348633,-0.5357943177223206,1.2627712488174438,1.1761757135391235,2.5953361988067627,-2.0902090072631836,,1.1761757135391235,0.21808074414730072,0.92294943,0.01000613,-0.021740926,0.6918107315047145
255,2.5500000000000003,BR,0.0,-1.2896689176559448,-0.07314392924308777,-1.1247504949569702,-0.6382983922958374,1.2896689176559448,-1.1386899948120117,-1.1247504949569702,-2.3724868297576904,2.5622787475585938,,-1.1247504949569702,-0.3133356273174286,0.92294943,0.01000613,-0.021740926,0.6918107315047145
256,2.56,FL,0.0,0.6162363886833191,0.6235754489898682,0.7077059745788574,0.7353028655052185,-0.6162363886833191,0.9744025468826294,0.7077059745788574,1.9617294073104858,-2.0766761302948,,0.7077059745788574,0.08313717693090439,0.92284334,0.009978434,-0.021741018,0.6922888555760075
256,2.56,FR,0.0,-0.6777910590171814,-0.8512300252914429,-0.6348183751106262,-0.6164211630821228,0.6777910590171814,-0.8794041275978088,-0.6348183751106262,-1.7620055675506592,2.3018784523010254,,-0.6348183751106262,-0.03807942196726799,0.92284334,0.009978434,-0.021741018,0.6922888555760075
256,2.56,BL,0.0,0.251182496547699,0.23830439150333405,1.0548830032348633,1.1622982025146484,-0.251182496547699,1.2597570419311523,1.0548830032348633,2.576296806335449,-2.0643513202667236,,1.0548830032348633,0.20483915507793427,0.92284334,0.009978434,-0.021741018,0.6922888555760075
256,2.56,BR,0.0,-0.07314392924308777,-0.40819603204727173,-0.6382983922958374,-1.109432339668274,0.07314392924308777,-1.1378122568130493,-0.6382983922958374,-2.3295164108276367,2.5387701988220215,,-0.6382983922958374,-0.20588211715221405,0.92284334,0.009978434,-0.021741018,0.6922888555760075
257,2.57,FL,0.0,0.6235754489898682,0.662889838218689,0.7353028655052185,0.7249723672866821,-0.6235754489898682,0.9669196605682373,0.7353028655052185,1.942472219467163,-2.0571558475494385,,0.7353028655052185,0.09323374927043915,0.9227343,0.0099503035,-0.02174099,0.6927907367285508
257,2.57,FR,0.0,-0.8512300252914429,-0.662154495716095,-0.6164211630821228,-0.5389121174812317,0.8512300252914429,-0.8691893815994263,-0.6164211630821228,-1.741256833076477,2.28436279296875,,-0.6164211630821228,-0.026766713708639145,0.9227343,0.0099503035,-0.02174099,0.6927907367285508
257,2.57,BL,0.0,0.23830439150333405,0.2074262797832489,1.1622982025146484,1.1644352674484253,-0.23830439150333405,1.2568974494934082,1.1622982025146484,2.56642746925354,-2.038638114929199,,1.1622982025146484,0.22049497067928314,0.9227343,0.0099503035,-0.02174099,0.6927907367285508
257,2.57,BR,0.0,-0.40819603204727173,-0.765377938747406,-1.109432339668274,-0.9745337963104248,0.40819603204727173,-1.1329138278961182,-1.109432339668274,-2.3251776695251465,2.5154967308044434,,-1.109432339668274,-0.32517731189727783,0.9227343,0.0099503035,-0.02174099,0.6927907367285508
258,2.58,FL,0.0,0.662889838218689,0.6535809636116028,0.7249723672866821,0.7017637491226196,-0.662889838218689,0.958965003490448,0.7249723672866821,1.9231599569320679,-2.037828207015991,,0.7249723672866821,0.08469850569963455,0.92262346,0.009929156,-0.021740995,0.6933539088835535
258,2.58,FR,0.0,-0.662154495716095,-0.7186847925186157,-0.5389121174812317,-0.6043275594711304,0.662154495716095,-0.861243486404419,-0.5389121174812317,-1.7152432203292847,2.2670812606811523,,-0.5389121174812317,-0.008592762984335423,0.92262346,0.009929156,-0.021740995,0.6933539088835535
258,2.58,BL,0.0,0.2074262797832489,0.46619269251823425,1.1644352674484253,1.1739269495010376,-0.2074262797832489,1.2544082403182983,1.1644352674484253,2.557112693786621,-2.0130207538604736,,1.1644352674484253,0.22735066711902618,0.92262346,0.009929156,-0.021740995,0.6933539088835535
258,2.58,BR,0.0,-0.765377938747406,-0.15670286118984222,-0.9745337963104248,-0.8267626762390137,0.765377938747406,-1.1237293481826782,-0.9745337963104248,-2.3104302883148193,2.492319345474243,,-0.9745337963104248,-0.2823283076286316,0.92262346,0.009929156,-0.021740995,0.6933539088835535
259,2.59,FL,0.0,0.6535809636116028,0.6265802979469299,0.7017637491226196,0.697532594203949,-0.6535809636116028,0.951121985912323,0.7017637491226196,1.902784824371338,-2.0186991691589355,,0.7017637491226196,0.08068601787090302,0.92250997,0.009895381,-0.02174101,0.6938381015805123
259,2.59,FR,0.0,-0.7186847925186157,-0.806483805179596,-0.6043275594711304,-0.5737695693969727,0.7186847925186157,-0.8526192903518677,-0.6043275594711304,-1.695379614830017,2.2500288486480713,,-0.6043275594711304,-0.01674601621925831,0.92250997,0.009895381,-0.02174101,0.6938381015805123
259,2.59,BL,0.0,0.46619269251823425,0.2998092472553253,1.1739269495010376,1.0679311752319336,-0.46619269251823425,1.2488139867782593,1.1739269495010376,2.548907518386841,-1.9874908924102783,,1.1739269495010376,0.22374676167964935,0.92250997,0.009895381,-0.02174101,0.6938381015805123
259,2.59,BR,0.0,-0.15670286118984222,-0.2603119909763336,-0.8267626762390137,-1.061048150062561,0.15670286118984222,-1.1218489408493042,-0.8267626762390137,-2.284672737121582,2.4693446159362793,,-0.8267626762390137,-0.2620483636856079,0.92250997,0.009895381,-0.02174101,0.6938381015805123
260,2.6,FL,0.0,0.6265802979469299,0.567544162273407,0.697532594203949,0.70048987865448,-0.6265802979469299,0.9436030387878418,0.697532594203949,1.8828768730163574,-1.9997714757919312,,0.697532594203949,0.0948026031255722,0.922405,0.009859159,-0.021740982,0.6942480118586799
260,2.6,FR,0.0,-0.806483805179596,-0.6899456977844238,-0.5737695693969727,-0.5300257802009583,0.806483805179596,-0.8429414629936218,-0.5737695693969727,-1.673898458480835,2.2331831455230713,,-0.5737695693969727,-0.01566954329609871,0.922405,0.009859159,-0.021740982,0.6942480118586799
260,2.6,BL,0.0,0.2998092472553253,0.19651585817337036,1.0679311752319336,1.1288902759552002,-0.2998092472553253,1.2452162504196167,1.0679311752319336,2.532711982727051,-1.962083339691162,,1.0679311752319336,0.20336240530014038,0.922405,0.009859159,-0.021740982,0.6942480118586799
260,2.6,BR,0.0,-0.2603119909763336,0.06735021620988846,-1.061048150062561,-1.0177240371704102,0.2603119909763336,-1.1187251806259155,-1.061048150062561,-2.2782979011535645,2.4465301036834717,,-1.061048150062561,-0.32804471254348755,0.922405,0.009859159,-0.021740982,0.6942480118586799
261,2.61,FL,0.0,0.567544162273407,0.7029558420181274,0.70048987865448,0.7165853977203369,-0.567544162273407,0.9367924928665161,0.70048987865448,1.8639813661575317,-1.9810378551483154,,0.70048987865448,0.0889972373843193,0.9223031,0.009833331,-0.021741062,0.6947170151914528
261,2.61,FR,0.0,-0.6899456977844238,-0.7529270052909851,-0.5300257802009583,-0.5669631958007812,0.6899456977844238,-0.834662139415741,-0.5300257802009583,-1.6498292684555054,2.2165651321411133,,-0.5300257802009583,-0.011757024563848972,0.9223031,0.009833331,-0.021741062,0.6947170151914528
261,2.61,BL,0.0,0.19651585817337036,0.2466588318347931,1.1288902759552002,1.1666098833084106,-0.19651585817337036,1.2428580522537231,1.1288902759552002,2.5219316482543945,-1.9368104934692383,,1.1288902759552002,0.22892174124717712,0.9223031,0.009833331,-0.021741062,0.6947170151914528
261,2.61,BR,0.0,0.06735021620988846,0.16893206536769867,-1.0177240371704102,-1.1456652879714966,-0.06735021620988846,-1.1195333003997803,-1.0177240371704102,-2.268775701522827,2.423794984817505,,-1.0177240371704102,-0.29449865221977234,0.9223031,0.009833331,-0.021741062,0.6947170151914528
262,2.62,FL,0.0,0.7029558420181274,0.6068736910820007,0.7165853977203369,0.655610203742981,-0.7029558420181274,0.9283570647239685,0.7165853977203369,1.8470890522003174,-1.9624830484390259,,0.7165853977203369,0.09537163376808167,0.9222049,0.009809438,-0.021741107,0.6952003143864711
262,2.62,FR,0.0,-0.7529270052909851,-0.8054931163787842,-0.5669631958007812,-0.533491313457489,0.7529270052909851,-0.8256270289421082,-0.5669631958007812,-1.6296004056930542,2.2001688480377197,,-0.5669631958007812,-0.012051805853843689,0.9222049,0.009809438,-0.021741107,0.6952003143864711
262,2.62,BL,0.0,0.2466588318347931,0.3116794228553772,1.1666098833084106,1.1441946029663086,-0.2466588318347931,1.2398982048034668,1.1666098833084106,2.5145320892333984,-1.9116283655166626,,1.1666098833084106,0.22332195937633514,0.9222049,0.009809438,-0.021741107,0.6952003143864711
262,2.62,BR,0.0,0.16893206536769867,-0.6221932172775269,-1.1456652879714966,-1.1871061325073242,-0.16893206536769867,-1.1215605735778809,-1.1456652879714966,-2.269659996032715,2.4011027812957764,,-1.1456652879714966,-0.34432053565979004,0.9222049,0.009809438,-0.021741107,0.6952003143864711
263,2.63,FL,0.0,0.6068736910820007,0.6448205709457397,0.655610203742981,0.6856075525283813,-0.6068736910820007,0.9210745692253113,0.655610203742981,1.8260773420333862,-1.9441179037094116,,0.655610203742981,0.07019533216953278,0.9221103,0.009804277,-0.021740887,0.6957876098942632
263,2.63,FR,0.0,-0.8054931163787842,-0.6947547197341919,-0.533491313457489,-0.5034297704696655,0.8054931163787842,-0.8159610629081726,-0.533491313457489,-1.6075397729873657,2.18398380279541,,-0.533491313457489,-0.00776258297264576,0.9221103,0.009804277,-0.021740887,0.6957876098942632
263,2.63,BL,0.0,0.3116794228553772,0.19992703199386597,1.1441946029663086,1.1152263879776,-0.3116794228553772,1.236158013343811,1.1441946029663086,2.5056650638580322,-1.8865277767181396,,1.1441946029663086,0.23484483361244202,0.9221103,0.009804277,-0.021740887,0.6957876098942632
263,2.63,BR,0.0,-0.6221932172775269,-0.9334713816642761,-1.1871061325073242,-0.8726832270622253,0.6221932172775269,-1.1140942573547363,-1.1871061325073242,-2.273759603500366,2.378385543823242,,-1.1871061325073242,-0.2825388014316559,0.9221103,0.009804277,-0.021740887,0.6957876098942632
264,2.64,FL,0.0,0.6448205709457397,0.5558158159255981,0.6856075525283813,0.6631463170051575,-0.6448205709457397,0.9133366942405701,0.6856075525283813,1.8082419633865356,-1.9259469509124756,,0.6856075525283813,0.09143365919589996,0.92201096,0.009771449,-0.021740997,0.6961870841600222
264,2.64,FR,0.0,-0.6947547197341919,-0.7200431823730469,-0.5034297704696655,-0.5380591750144958,0.6947547197341919,-0.8076240420341492,-0.5034297704696655,-1.583986759185791,2.168026924133301,,-0.5034297704696655,-0.013498366810381413,0.92201096,0.009771449,-0.021740997,0.6961870841600222
264,2.64,BL,0.0,0.19992703199386597,0.22694969177246094,1.1152263879776,1.1561871767044067,-0.19992703199386597,1.2337589263916016,1.1152263879776,2.4948737621307373,-1.8615254163742065,,1.1152263879776,0.21518392860889435,0.92201096,0.009771449,-0.021740997,0.6961870841600222
264,2.64,BR,0.0,-0.9334713816642761,0.08617064356803894,-0.8726832270622253,-0.740705668926239,0.9334713816642761,-1.102892518043518,-0.8726832270622253,-2.2530410289764404,2.3557522296905518,,-0.8726832270622253,-0.26674315333366394,0.92201096,0.009771449,-0.021740997,0.6961870841600222
265,2.65,FL,0.0,0.5558158159255981,0.5654194355010986,0.6631463170051575,0.6910104155540466,-0.5558158159255981,0.9066669344902039,0.6631463170051575,1.7893444299697876,-1.9079596996307373,,0.6631463170051575,0.0892714112997055,0.92190635,0.009720366,-0.021741042,0.6964755870400545
265,2.65,FR,0.0,-0.7200431823730469,-0.7651656270027161,-0.5380591750144958,-0.5196067690849304,0.7200431823730469,-0.7989835143089294,-0.5380591750144958,-1.5640729665756226,2.152287244796753,,-0.5380591750144958,-0.02423049323260784,0.92190635,0.009720366,-0.021741042,0.6964755870400545
265,2.65,BL,0.0,0.22694969177246094,0.4444601237773895,1.1561871767044067,1.1429790258407593,-0.22694969177246094,1.2310354709625244,1.1561871767044067,2.487717866897583,-1.8366127014160156,,1.1561871767044067,0.23714931309223175,0.92190635,0.009720366,-0.021741042,0.6964755870400545
265,2.65,BR,0.0,0.08617064356803894,0.24722321331501007,-0.740705668926239,-1.1373608112335205,-0.08617064356803894,-1.103926658630371,-0.740705668926239,-2.222784996032715,2.3333740234375,,-0.740705668926239,-0.2400760054588318,0.92190635,0.009720366,-0.021741042,0.6964755870400545
266,2.66,FL,0.0,0.5654194355010986,0.6176449060440063,0.6910104155540466,0.6804991364479065,-0.5654194355010986,0.899881899356842,0.6910104155540466,1.7733731269836426,-1.8901466131210327,,0.6910104155540466,0.08247716724872589,0.9217932,0.009694854,-0.021741057,0.6970247779043672
266,2.66,FR,0.0,-0.7651656270027161,-0.5505812764167786,-0.5196067690849304,-0.4929172694683075,0.7651656270027161,-0.7898015379905701,-0.5196067690849304,-1.5434930324554443,2.1367502212524414,,-0.5196067690849304,-0.04220898449420929,0.9217932,0.009694854,-0.021741057,0.6970247779043672
266,2.66,BL,0.0,0.4444601237773895,0.5503206253051758,1.1429790258407593,1.0532515048980713,-0.4444601237773895,1.225701928138733,1.1429790258407593,2.479806661605835,-1.8117753267288208,,1.1429790258407593,0.2197362333536148,0.9217932,0.009694854,-0.021741057,0.6970247779043672
266,2.66,BR,0.0,0.24722321331501007,-1.1944329738616943,-1.1373608112335205,-1.2028158903121948,-0.24722321331501007,-1.1068933010101318,-1.1373608112335205,-2.2248213291168213,2.31113600730896,,-1.1373608112335205,-0.32656264305114746,0.9217932,0.009694854,-0.021741057,0.6970247779043672
267,2.67,FL,0.0,0.6176449060440063,0.6134850382804871,0.6804991364479065,0.6528239250183105,-0.6176449060440063,0.892470121383667,0.6804991364479065,1.7572035789489746,-1.8724942207336426,,0.6804991364479065,0.07866401970386505,0.92169094,0.009686941,-0.021740861,0.6976424996333874
267,2.67,FR,0.0,-0.5505812764167786,-0.6179446578025818,-0.4929172694683075,-0.5695689916610718,0.5505812764167786,-0.7831945419311523,-0.4929172694683075,-1.5216268301010132,2.1214253902435303,,-0.4929172694683075,-0.0034072156995534897,0.92169094,0.009686941,-0.021740861,0.6976424996333874
267,2.67,BL,0.0,0.5503206253051758,0.31649696826934814,1.0532515048980713,1.0055737495422363,-0.5503206253051758,1.2190980911254883,1.0532515048980713,2.4651691913604736,-1.7870509624481201,,1.0532515048980713,0.19350001215934753,0.92169094,0.009686941,-0.021740861,0.6976424996333874
267,2.67,BR,0.0,-1.1944329738616943,-0.030941903591156006,-1.2028158903121948,-0.6291201114654541,1.1944329738616943,-1.092560052871704,-1.2028158903121948,-2.2319111824035645,2.2888519763946533,,-1.2028158903121948,-0.32844457030296326,0.92169094,0.009686941,-0.021740861,0.6976424996333874
268,2.68,FL,0.0,0.6134850382804871,0.6028217673301697,0.6528239250183105,0.6470761299133301,-0.6134850382804871,0.8851083517074585,0.6528239250183105,1.7394979000091553,-1.8550113439559937,,0.6528239250183105,0.07852576673030853,0.92160296,0.009672762,-0.021741025,0.6981128139886318
268,2.68,FR,0.0,-0.6179446578025818,-0.7146252393722534,-0.5695689916610718,-0.5360167026519775,0.6179446578025818,-0.7757791876792908,-0.5695689916610718,-1.506629228591919,2.1062846183776855,,-0.5695689916610718,-0.0529400110244751,0.92160296,0.009672762,-0.021741025,0.6981128139886318
268,2.68,BL,0.0,0.31649696826934814,0.18893039226531982,1.0055737495422363,1.0924993753433228,-0.31649696826934814,1.21530020236969,1.0055737495422363,2.447366714477539,-1.762488842010498,,1.0055737495422363,0.20365124940872192,0.92160296,0.009672762,-0.021741025,0.6981128139886318
268,2.68,BR,0.0,-0.030941903591156006,-0.5868417024612427,-0.6291201114654541,-1.0801832675933838,0.030941903591156006,-1.092188835144043,-0.6291201114654541,-2.193732976913452,2.2667250633239746,,-0.6291201114654541,-0.1917356252670288,0.92160296,0.009672762,-0.021741025,0.6981128139886318
269,2.69,FL,0.0,0.6028217673301697,0.4773397743701935,0.6470761299133301,0.6439796090126038,-0.6028217673301697,0.877874493598938,0.6470761299133301,1.7220356464385986,-1.8377043008804321,,0.6470761299133301,0.10100847482681274,0.9215204,0.009640128,-0.021741072,0.6984159115518206
269,2.69,FR,0.0,-0.7146252393722534,-0.7145821452140808,-0.5360167026519775,-0.48992910981178284,0.7146252393722534,-0.767203688621521,-0.5360167026519775,-1.4895884990692139,2.091304063796997,,-0.5360167026519775,-0.018027838319540024,0.9215204,0.009640128,-0.021741072,0.6984159115518206
269,2.69,BL,0.0,0.18893039226531982,0.42152875661849976,1.0924993753433228,1.13972806930542,-0.18893039226531982,1.2130329608917236,1.0924993753433228,2.4370791912078857,-1.7380669116973877,,1.0924993753433228,0.2213258296251297,0.9215204,0.009640128,-0.021741072,0.6984159115518206
269,2.69,BR,0.0,-0.5868417024612427,0.13271886110305786,-1.0801832675933838,-0.8574520945549011,0.5868417024612427,-1.0851466655731201,-1.0801832675933838,-2.1924245357513428,2.2447943687438965,,-1.0801832675933838,-0.3246106207370758,0.9215204,0.009640128,-0.021741072,0.6984159115518206
270,2.7,FL,0.0,0.4773397743701935,0.5903449058532715,0.6439796090126038,0.6869385838508606,-0.4773397743701935,0.8721463680267334,0.6439796090126038,1.7050151824951172,-1.8205695152282715,,0.6439796090126038,0.09234283864498138,0.92143375,0.009608362,-0.021741014,0.6987424602195822
270,2.7,FR,0.0,-0.7145821452140808,-0.8308046460151672,-0.48992910981178284,-0.48137086629867554,0.7145821452140808,-0.7586287260055542,-0.48992910981178284,-1.4696017503738403,2.0765087604522705,,-0.48992910981178284,-0.023823002353310585,0.92143375,0.009608362,-0.021741014,0.6987424602195822
270,2.7,BL,0.0,0.42152875661849976,0.19250205159187317,1.13972806930542,1.0444215536117554,-0.42152875661849976,1.2079746723175049,1.13972806930542,2.430898666381836,-1.7137272357940674,,1.13972806930542,0.23670291900634766,0.92143375,0.009608362,-0.021741014,0.6987424602195822
270,2.7,BR,0.0,0.13271886110305786,0.14128705859184265,-0.8574520945549011,-1.138234257698059,-0.13271886110305786,-1.0867393016815186,-0.8574520945549011,-2.1737008094787598,2.222964286804199,,-0.8574520945549011,-0.2586418390274048,0.92143375,0.009608362,-0.021741014,0.6987424602195822
271,2.71,FL,0.0,0.5903449058532715,0.634391725063324,0.6869385838508606,0.6360084414482117,-0.5903449058532715,0.8650622367858887,0.6869385838508606,1.6920311450958252,-1.8035848140716553,,0.6869385838508606,0.08901287615299225,0.92133784,0.009587061,-0.021741038,0.6992109538739572
271,2.71,FR,0.0,-0.8308046460151672,-0.5216068029403687,-0.48137086629867554,-0.4263068735599518,0.8308046460151672,-0.748659074306488,-0.48137086629867554,-1.4497274160385132,2.061912775039673,,-0.48137086629867554,-0.013865772634744644,0.92133784,0.009587061,-0.021741038,0.6992109538739572
271,2.71,BL,0.0,0.19250205159187317,0.21650053560733795,1.0444215536117554,1.1309738159179688,-0.19250205159187317,1.2056646347045898,1.0444215536117554,2.4174864292144775,-1.689485788345337,,1.0444215536117554,0.20981810986995697,0.92133784,0.009587061,-0.021741038,0.6992109538739572
271,2.71,BR,0.0,0.14128705859184265,-1.1220176219940186,-1.138234257698059,-1.1432541608810425,-0.14128705859184265,-1.0884346961975098,-1.138234257698059,-2.1777303218841553,2.201207160949707,,-1.138234257698059,-0.31415221095085144,0.92133784,0.009587061,-0.021741038,0.6992109538739572
272,2.72,FL,0.0,0.634391725063324,0.5540136098861694,0.6360084414482117,0.6113055348396301,-0.634391725063324,0.8574495315551758,0.6360084414482117,1.6755621433258057,-1.7867473363876343,,0.6360084414482117,0.08054333925247192,0.9212457,0.009570239,-0.021740975,0.6996942860683315
272,2.72,FR,0.0,-0.5216068029403687,-0.5738272666931152,-0.4263068735599518,-0.5400163531303406,0.5216068029403687,-0.7423998117446899,-0.4263068735599518,-1.4263142347335815,2.0475332736968994,,-0.4263068735599518,-0.005718943662941456,0.9212457,0.009570239,-0.021740975,0.6996942860683315
272,2.72,BL,0.0,0.21650053560733795,0.09409940242767334,1.1309738159179688,1.119064450263977,-0.21650053560733795,1.2030665874481201,1.1309738159179688,2.4113876819610596,-1.6653416156768799,,1.1309738159179688,0.22242335975170135,0.9212457,0.009570239,-0.021740975,0.6996942860683315
272,2.72,BR,0.0,-1.1220176219940186,-0.49981242418289185,-1.1432541608810425,-0.6396276950836182,1.1220176219940186,-1.0749704837799072,-1.1432541608810425,-2.1819956302642822,2.179408311843872,,-1.1432541608810425,-0.3273729085922241,0.9212457,0.009570239,-0.021740975,0.6996942860683315
273,2.73,FL,0.0,0.5540136098861694,0.5307483673095703,0.6113055348396301,0.6358441114425659,-0.5540136098861694,0.850801408290863,0.6113055348396301,1.657801628112793,-1.7700811624526978,,0.6113055348396301,0.07691074907779694,0.92115486,0.00954358,-0.021741016,0.7000868470201888
273,2.73,FR,0.0,-0.5738272666931152,-0.8040985465049744,-0.5400163531303406,-0.5128688812255859,0.5738272666931152,-0.7355138659477234,-0.5400163531303406,-1.412736415863037,2.0333385467529297,,-0.5400163531303406,-0.04155469685792923,0.92115486,0.00954358,-0.021741016,0.7000868470201888
273,2.73,BL,0.0,0.09409940242767334,0.170994833111763,1.119064450263977,1.1654268503189087,-0.09409940242767334,1.2019374370574951,1.119064450263977,2.4045941829681396,-1.6412619352340698,,1.119064450263977,0.235785111784935,0.92115486,0.00954358,-0.021741016,0.7000868470201888
273,2.73,BR,0.0,-0.49981242418289185,0.12152489274740219,-0.6396276950836182,-0.8750455975532532,0.49981242418289185,-1.0689728260040283,-0.6396276950836182,-2.1465985774993896,2.157766580581665,,-0.6396276950836182,-0.19991038739681244,0.92115486,0.00954358,-0.021741016,0.7000868470201888
274,2.74,FL,0.0,0.5307483673095703,0.5558832287788391,0.6358441114425659,0.6385020613670349,-0.5307483673095703,0.8444324135780334,0.6358441114425659,1.6426619291305542,-1.7535792589187622,,0.6358441114425659,0.08722960948944092,0.9210568,0.009496401,-0.021741105,0.7003759079752558
274,2.74,FR,0.0,-0.8040985465049744,-0.6302812695503235,-0.5128688812255859,-0.41387444734573364,0.8040985465049744,-0.7258646488189697,-0.5128688812255859,-1.3975619077682495,2.019287586212158,,-0.5128688812255859,-0.03860705718398094,0.9210568,0.009496401,-0.021741105,0.7003759079752558
274,2.74,BL,0.0,0.170994833111763,0.2917118966579437,1.1654268503189087,1.1335395574569702,-0.170994833111763,1.1998854875564575,1.1654268503189087,2.401702880859375,-1.6172305345535278,,1.1654268503189087,0.23811893165111542,0.9210568,0.009496401,-0.021741105,0.7003759079752558
274,2.74,BR,0.0,0.12152489274740219,0.18658843636512756,-0.8750455975532532,-1.1175827980041504,-0.12152489274740219,-1.070431113243103,-0.8750455975532532,-2.1310513019561768,2.136378765106201,,-0.8750455975532532,-0.27382591366767883,0.9210568,0.009496401,-0.021741105,0.7003759079752558
275,2.75,FL,0.0,0.5558832287788391,0.5886788368225098,0.6385020613670349,0.6220791339874268,-0.5558832287788391,0.8377618193626404,0.6385020613670349,1.628324270248413,-1.737224817276001,,0.6385020613670349,0.0743347555398941,0.9209589,0.009452076,-0.021740971,0.7006755337634241
275,2.75,FR,0.0,-0.6302812695503235,-0.4274054169654846,-0.41387444734573364,-0.4737521708011627,0.6302812695503235,-0.7183012962341309,-0.41387444734573364,-1.3752192258834839,2.0054242610931396,,-0.41387444734573364,-0.03886394947767258,0.9209589,0.009452076,-0.021740971,0.7006755337634241
275,2.75,BL,0.0,0.2917118966579437,0.19754719734191895,1.1335395574569702,1.0832006931304932,-0.2917118966579437,1.1963849067687988,1.1335395574569702,2.3964240550994873,-1.5932401418685913,,1.1335395574569702,0.23474259674549103,0.9209589,0.009452076,-0.021740971,0.7006755337634241
275,2.75,BR,0.0,0.18658843636512756,-1.3570717573165894,-1.1175827980041504,-1.145066499710083,-0.18658843636512756,-1.0726701021194458,-1.1175827980041504,-2.135133743286133,2.1150476932525635,,-1.1175827980041504,-0.21463443338871002,0.9209589,0.009452076,-0.021740971,0.7006755337634241
276,2.7600000000000002,FL,0.0,0.5886788368225098,0.48705700039863586,0.6220791339874268,0.6022902727127075,-0.5886788368225098,0.8306976556777954,0.6220791339874268,1.6132609844207764,-1.7210174798965454,,0.6220791339874268,0.07516849040985107,0.9208527,0.009427942,-0.021741059,0.7011948051997612
276,2.7600000000000002,FR,0.0,-0.4274054169654846,-0.57647705078125,-0.4737521708011627,-0.547339141368866,0.4274054169654846,-0.713172435760498,-0.4737521708011627,-1.3584482669830322,1.991756558418274,,-0.4737521708011627,-0.08674637228250504,0.9208527,0.009427942,-0.021741059,0.7011948051997612
276,2.7600000000000002,BL,0.0,0.19754719734191895,0.21326808631420135,1.0832006931304932,1.117366075515747,-0.19754719734191895,1.1940144300460815,1.0832006931304932,2.3874049186706543,-1.5693212747573853,,1.0832006931304932,0.20393916964530945,0.9208527,0.009427942,-0.021741059,0.7011948051997612
276,2.7600000000000002,BR,0.0,-1.3570717573165894,-0.3662691116333008,-1.145066499710083,-0.529841423034668,1.3570717573165894,-1.0563852787017822,-1.145066499710083,-2.1412112712860107,2.093665838241577,,-1.145066499710083,-0.3300040066242218,0.9208527,0.009427942,-0.021741059,0.7011948051997612
277,2.77,FL,0.0,0.48705700039863586,0.5426768064498901,0.6022902727127075,0.63587486743927,-0.48705700039863586,0.8248530030250549,0.6022902727127075,1.5972363948822021,-1.7049654722213745,,0.6022902727127075,0.06983025372028351,0.9207588,0.009402178,-0.021741014,0.7016183129325736
277,2.77,FR,0.0,-0.57647705078125,-0.726043701171875,-0.547339141368866,-0.48258161544799805,0.57647705078125,-0.7062547206878662,-0.547339141368866,-1.348105788230896,1.9782241582870483,,-0.547339141368866,-0.05415087565779686,0.9207588,0.009402178,-0.021741014,0.7016183129325736
277,2.77,BL,0.0,0.21326808631420135,0.18175680935382843,1.117366075515747,1.1087071895599365,-0.21326808631420135,1.1914551258087158,1.117366075515747,2.381418466567993,-1.5454773902893066,,1.117366075515747,0.2314007580280304,0.9207588,0.009402178,-0.021741014,0.7016183129325736
277,2.77,BR,0.0,-0.3662691116333008,0.1134817972779274,-0.529841423034668,-0.9098776578903198,0.3662691116333008,-1.051990032196045,-0.529841423034668,-2.098803997039795,2.072467088699341,,-0.529841423034668,-0.1701648235321045,0.9207588,0.009402178,-0.021741014,0.7016183129325736
278,2.7800000000000002,FL,0.0,0.5426768064498901,0.5932827591896057,0.63587486743927,0.607782244682312,-0.5426768064498901,0.8183408379554749,0.63587486743927,1.5844738483428955,-1.6890573501586914,,0.63587486743927,0.0877944827079773,0.92066216,0.00935644,-0.021741036,0.7019102733273039
278,2.7800000000000002,FR,0.0,-0.726043701171875,-0.5937368869781494,-0.48258161544799805,-0.41583722829818726,0.726043701171875,-0.6975421905517578,-0.48258161544799805,-1.3330903053283691,1.9648185968399048,,-0.48258161544799805,-0.036245882511138916,0.92066216,0.00935644,-0.021741036,0.7019102733273039
278,2.7800000000000002,BL,0.0,0.18175680935382843,0.309784859418869,1.1087071895599365,1.1187524795532227,-0.18175680935382843,1.1892740726470947,1.1087071895599365,2.374987840652466,-1.5216954946517944,,1.1087071895599365,0.22345218062400818,0.92066216,0.00935644,-0.021741036,0.7019102733273039
278,2.7800000000000002,BR,0.0,0.1134817972779274,0.20675577223300934,-0.9098776578903198,-1.0973827838897705,-0.1134817972779274,-1.053351879119873,-0.9098776578903198,-2.087862253189087,2.0515341758728027,,-0.9098776578903198,-0.2818826138973236,0.92066216,0.00935644,-0.021741036,0.7019102733273039
279,2.79,FL,0.0,0.5932827591896057,0.5247223973274231,0.607782244682312,0.5810277462005615,-0.5932827591896057,0.8112214803695679,0.607782244682312,1.570008635520935,-1.6732853651046753,,0.607782244682312,0.07329307496547699,0.92056376,0.009330641,-0.021741059,0.7023639690424007
279,2.79,FR,0.0,-0.5937368869781494,-0.48046237230300903,-0.41583722829818726,-0.4600474238395691,0.5937368869781494,-0.6904173493385315,-0.41583722829818726,-1.313429594039917,1.9515867233276367,,-0.41583722829818726,-0.012457506731152534,0.92056376,0.009330641,-0.021741059,0.7023639690424007
279,2.79,BL,0.0,0.309784859418869,0.3775520622730255,1.1187524795532227,1.065360188484192,-0.309784859418869,1.1855566501617432,1.1187524795532227,2.3695969581604004,-1.4979727268218994,,1.1187524795532227,0.22740313410758972,0.92056376,0.009330641,-0.021741059,0.7023639690424007
279,2.79,BR,0.0,0.20675577223300934,-0.9862530827522278,-1.0973827838897705,-1.1360541582107544,-0.20675577223300934,-1.055832862854004,-1.0973827838897705,-2.0920541286468506,2.0306344032287598,,-1.0973827838897705,-0.3222971260547638,0.92056376,0.009330641,-0.021741059,0.7023639690424007
280,2.8000000000000003,FL,0.0,0.5247223973274231,0.49842384457588196,0.5810277462005615,0.6013324856758118,-0.5247223973274231,0.8049247860908508,0.5810277462005615,1.554012656211853,-1.6576658487319946,,0.5810277462005615,0.07181192934513092,0.9204748,0.009315816,-0.021741001,0.702842681978736
280,2.8000000000000003,FR,0.0,-0.48046237230300903,-0.5981870889663696,-0.4600474238395691,-0.4982323944568634,0.48046237230300903,-0.684651792049408,-0.4600474238395691,-1.2980066537857056,1.9385300874710083,,-0.4600474238395691,-0.007553065195679665,0.9204748,0.009315816,-0.021741001,0.702842681978736
280,2.8000000000000003,BL,0.0,0.3775520622730255,0.29370081424713135,1.065360188484192,1.0345358848571777,-0.3775520622730255,1.1810261011123657,1.065360188484192,2.3602304458618164,-1.4743239879608154,,1.065360188484192,0.21284642815589905,0.9204748,0.009315816,-0.021741001,0.702842681978736
280,2.8000000000000003,BR,0.0,-0.9862530827522278,-0.5086919665336609,-1.1360541582107544,-0.6613316535949707,0.9862530827522278,-1.043997883796692,-1.1360541582107544,-2.099114179611206,2.009678363800049,,-1.1360541582107544,-0.32441315054893494,0.9204748,0.009315816,-0.021741001,0.702842681978736
281,2.81,FL,0.0,0.49842384457588196,0.5189393758773804,0.6013324856758118,0.6055552363395691,-0.49842384457588196,0.7989436984062195,0.6013324856758118,1.5402361154556274,-1.6421951055526733,,0.6013324856758118,0.08202849328517914,0.9203939,0.009292082,-0.021740997,0.7031973656758284
281,2.81,FR,0.0,-0.5981870889663696,-0.7687740921974182,-0.4982323944568634,-0.4453769624233246,0.5981870889663696,-0.6774735450744629,-0.4982323944568634,-1.2861831188201904,1.9256094694137573,,-0.4982323944568634,-0.04288005083799362,0.9203939,0.009292082,-0.021740997,0.7031973656758284
281,2.81,BL,0.0,0.29370081424713135,0.1540466547012329,1.0345358848571777,1.0635457038879395,-0.29370081424713135,1.1775016784667969,1.0345358848571777,2.348814010620117,-1.4507790803909302,,1.0345358848571777,0.21830424666404724,0.9203939,0.009292082,-0.021740997,0.7031973656758284
281,2.81,BR,0.0,-0.5086919665336609,0.0994957685470581,-0.6613316535949707,-0.8405210971832275,0.5086919665336609,-1.037893533706665,-0.6613316535949707,-2.068669080734253,1.9888404607772827,,-0.6613316535949707,-0.20291855931282043,0.9203939,0.009292082,-0.021740997,0.7031973656758284
282,2.82,FL,0.0,0.5189393758773804,0.5094953775405884,0.6055552363395691,0.5913679599761963,-0.5189393758773804,0.7927164435386658,0.6055552363395691,1.5273308753967285,-1.6268576383590698,,0.6055552363395691,0.09081852436065674,0.9203081,0.009246405,-0.02174108,0.7034144446642092
282,2.82,FR,0.0,-0.7687740921974182,-0.5968453288078308,-0.4453769624233246,-0.3699639141559601,0.7687740921974182,-0.6682482361793518,-0.4453769624233246,-1.2706780433654785,1.9128257036209106,,-0.4453769624233246,-0.028880545869469643,0.9203081,0.009246405,-0.02174108,0.7034144446642092
282,2.82,BL,0.0,0.1540466547012329,0.2990201413631439,1.0635457038879395,1.1158829927444458,-0.1540466547012329,1.175653100013733,1.0635457038879395,2.3401200771331787,-1.4273346662521362,,1.0635457038879395,0.22354619204998016,0.9203081,0.009246405,-0.02174108,0.7034144446642092
282,2.82,BR,0.0,0.0994957685470581,0.27358734607696533,-0.8405210971832275,-1.077691912651062,-0.0994957685470581,-1.0390875339508057,-0.8405210971832275,-2.0534698963165283,1.9682302474975586,,-0.8405210971832275,-0.2636876702308655,0.9203081,0.009246405,-0.02174108,0.7034144446642092
283,2.83,FL,0.0,0.5094953775405884,0.5441843271255493,0.5913679599761963,0.5889182686805725,-0.5094953775405884,0.7866024971008301,0.5913679599761963,1.5138190984725952,-1.6116523742675781,,0.5913679599761963,0.07414133846759796,0.92022234,0.009206437,-0.021741029,0.7036705526838452
283,2.83,FR,0.0,-0.5968453288078308,-0.3406042754650116,-0.3699639141559601,-0.42951011657714844,0.5968453288078308,-0.6610861420631409,-0.3699639141559601,-1.2498670816421509,1.9002236127853394,,-0.3699639141559601,-0.05900713801383972,0.92022234,0.009206437,-0.021741029,0.7036705526838452
283,2.83,BL,0.0,0.2990201413631439,0.14752724766731262,1.1158829927444458,1.0560450553894043,-0.2990201413631439,1.1720647811889648,1.1158829927444458,2.335871458053589,-1.4039548635482788,,1.1158829927444458,0.2390456646680832,0.92022234,0.009206437,-0.021741029,0.7036705526838452
283,2.83,BR,0.0,0.27358734607696533,-1.2582662105560303,-1.077691912651062,-1.1485224962234497,-0.27358734607696533,-1.0423705577850342,-1.077691912651062,-2.0574660301208496,1.9476754665374756,,-1.077691912651062,-0.2134309858083725,0.92022234,0.009206437,-0.021741029,0.7036705526838452
284,2.84,FL,0.0,0.5441843271255493,0.430350661277771,0.5889182686805725,0.5689287781715393,-0.5441843271255493,0.7800722718238831,0.5889182686805725,1.5006450414657593,-1.5965805053710938,,0.5889182686805725,0.08012271672487259,0.9201303,0.009183693,-0.021741074,0.7041125900245471
284,2.84,FR,0.0,-0.3406042754650116,-0.526347279548645,-0.42951011657714844,-0.5248444080352783,0.3406042754650116,-0.656998872756958,-0.42951011657714844,-1.2345417737960815,1.8878021240234375,,-0.42951011657714844,-0.08256945759057999,0.9201303,0.009183693,-0.021741074,0.7041125900245471
284,2.84,BL,0.0,0.14752724766731262,0.2081347405910492,1.0560450553894043,1.1130539178848267,-0.14752724766731262,1.1702945232391357,1.0560450553894043,2.327096939086914,-1.3806403875350952,,1.0560450553894043,0.20945891737937927,0.9201303,0.009183693,-0.021741074,0.7041125900245471
284,2.84,BR,0.0,-1.2582662105560303,-0.5023009777069092,-1.1485224962234497,-0.5390641093254089,1.2582662105560303,-1.0272713899612427,-1.1485224962234497,-2.0668601989746094,1.9270535707473755,,-1.1485224962234497,-0.3320789039134979,0.9201303,0.009183693,-0.021741074,0.7041125900245471
285,2.85,FL,0.0,0.430350661277771,0.5366567969322205,0.5689287781715393,0.6079320311546326,-0.430350661277771,0.7749080657958984,0.5689287781715393,1.486419916152954,-1.5816456079483032,,0.5689287781715393,0.07172708213329315,0.9200467,0.009158912,-0.021740973,0.704478191358034
285,2.85,FR,0.0,-0.526347279548645,-0.7091629505157471,-0.5248444080352783,-0.44645994901657104,0.526347279548645,-0.6506826877593994,-0.5248444080352783,-1.2272934913635254,1.8754931688308716,,-0.5248444080352783,-0.05880597233772278,0.9200467,0.009158912,-0.021740973,0.704478191358034
285,2.85,BL,0.0,0.2081347405910492,0.14674754440784454,1.1130539178848267,1.087040662765503,-0.2081347405910492,1.1677968502044678,1.1130539178848267,2.323137044906616,-1.3573893308639526,,1.1130539178848267,0.23838916420936584,0.9200467,0.009158912,-0.021740973,0.704478191358034
285,2.85,BR,0.0,-0.5023009777069092,0.11090356111526489,-0.5390641093254089,-0.82635098695755,0.5023009777069092,-1.0212438106536865,-0.5390641093254089,-2.0280914306640625,1.9065800905227661,,-0.5390641093254089,-0.16980406641960144,0.9200467,0.009158912,-0.021740973,0.704478191358034
286,2.86,FL,0.0,0.5366567969322205,0.5429096817970276,0.6079320311546326,0.5602453351020813,-0.5366567969322205,0.7684682011604309,0.6079320311546326,1.475811243057251,-1.566834807395935,,0.6079320311546326,0.08786240965127945,0.91995627,0.00911071,-0.0217411,0.7047088987664902
286,2.86,FR,0.0,-0.7091629505157471,-0.5643690824508667,-0.44645994901657104,-0.3670175075531006,0.7091629505157471,-0.6421727538108826,-0.44645994901657104,-1.2141826152801514,1.8632862567901611,,-0.44645994901657104,-0.03774076700210571,0.91995627,0.00911071,-0.0217411,0.7047088987664902
286,2.86,BL,0.0,0.14674754440784454,0.31758901476860046,1.087040662765503,1.1090978384017944,-0.14674754440784454,1.1660358905792236,1.087040662765503,2.3172924518585205,-1.334187388420105,,1.087040662765503,0.22570307552814484,0.91995627,0.00911071,-0.0217411,0.7047088987664902
286,2.86,BR,0.0,0.11090356111526489,0.24697738885879517,-0.82635098695755,-1.0656051635742188,-0.11090356111526489,-1.0225746631622314,-0.82635098695755,-2.0133721828460693,1.8863732814788818,,-0.82635098695755,-0.2620912790298462,0.91995627,0.00911071,-0.0217411,0.7047088987664902
287,2.87,FL,0.0,0.5429096817970276,0.49196627736091614,0.5602453351020813,0.5513043403625488,-0.5429096817970276,0.7619532942771912,0.5602453351020813,1.461879014968872,-1.5521467924118042,,0.5602453351020813,0.06771142780780792,0.91986495,0.009082579,-0.021741016,0.7050990299767167
287,2.87,FR,0.0,-0.5643690824508667,-0.3900257349014282,-0.3670175075531006,-0.41642510890960693,0.5643690824508667,-0.6354002952575684,-0.3670175075531006,-1.1953556537628174,1.8512392044067383,,-0.3670175075531006,-0.03566422313451767,0.91986495,0.009082579,-0.021741016,0.7050990299767167
287,2.87,BL,0.0,0.31758901476860046,0.1716882735490799,1.1090978384017944,1.0390002727508545,-0.31758901476860046,1.1622248888015747,1.1090978384017944,2.3134069442749023,-1.3110339641571045,,1.1090978384017944,0.23067690432071686,0.91986495,0.009082579,-0.021741016,0.7050990299767167
287,2.87,BR,0.0,0.24697738885879517,-1.0894807577133179,-1.0656051635742188,-1.1213655471801758,-0.24697738885879517,-1.0255383253097534,-1.0656051635742188,-2.0179927349090576,1.8662163019180298,,-1.0656051635742188,-0.28796523809432983,0.91986495,0.009082579,-0.021741016,0.7050990299767167
288,2.88,FL,0.0,0.49196627736091614,0.43434399366378784,0.5513043403625488,0.5651667714118958,-0.49196627736091614,0.7560496926307678,0.5513043403625488,1.4477918148040771,-1.537598967552185,,0.5513043403625488,0.07482387125492096,0.9197813,0.0090571195,-0.021740973,0.7054642631668037
288,2.88,FR,0.0,-0.3900257349014282,-0.5001001358032227,-0.41642510890960693,-0.479390025138855,0.3900257349014282,-0.6307200193405151,-0.41642510890960693,-1.1811416149139404,1.8393571376800537,,-0.41642510890960693,-0.019199460744857788,0.9197813,0.0090571195,-0.021740973,0.7054642631668037
288,2.88,BL,0.0,0.1716882735490799,0.12065798044204712,1.0390002727508545,1.0935494899749756,-0.1716882735490799,1.1601645946502686,1.0390002727508545,2.3041763305664062,-1.287946343421936,,1.0390002727508545,0.2087254822254181,0.9197813,0.0090571195,-0.021740973,0.7054642631668037
288,2.88,BR,0.0,-1.0894807577133179,0.040313877165317535,-1.1213655471801758,-0.5897460579872131,1.0894807577133179,-1.0124645233154297,-1.1213655471801758,-2.0268046855926514,1.8459919691085815,,-1.1213655471801758,-0.3270626962184906,0.9197813,0.0090571195,-0.021740973,0.7054642631668037
289,2.89,FL,0.0,0.43434399366378784,0.47490450739860535,0.5651667714118958,0.5823121070861816,-0.43434399366378784,0.7508375644683838,0.5651667714118958,1.4353440999984741,-1.5231837034225464,,0.5651667714118958,0.08186157047748566,0.919704,0.009023964,-0.021741074,0.7057246062627123
289,2.89,FR,0.0,-0.5001001358032227,-0.803685188293457,-0.479390025138855,-0.43067994713783264,0.5001001358032227,-0.6247187852859497,-0.479390025138855,-1.1724227666854858,1.8275896310806274,,-0.479390025138855,-0.05929301679134369,0.919704,0.009023964,-0.021741074,0.7057246062627123
289,2.89,BL,0.0,0.12065798044204712,0.13160397112369537,1.0935494899749756,1.1119014024734497,-0.12065798044204712,1.1587166786193848,1.0935494899749756,2.2995858192443848,-1.2649277448654175,,1.0935494899749756,0.23984192311763763,0.919704,0.009023964,-0.021741074,0.7057246062627123
289,2.89,BR,0.0,0.040313877165317535,0.2512681484222412,-0.5897460579872131,-1.0285900831222534,-0.040313877165317535,-1.0129482746124268,-0.5897460579872131,-1.9935811758041382,1.825891137123108,,-0.5897460579872131,-0.18269002437591553,0.919704,0.009023964,-0.021741074,0.7057246062627123
290,2.9,FL,0.0,0.47490450739860535,0.4158564507961273,0.5823121070861816,0.5608757734298706,-0.47490450739860535,0.7451387047767639,0.5823121070861816,1.4247289896011353,-1.5088837146759033,,0.5823121070861816,0.08875097334384918,0.9196213,0.008987157,-0.021741142,0.7060063426132447
290,2.9,FR,0.0,-0.803685188293457,-0.5395495295524597,-0.43067994713783264,-0.3032447397708893,0.803685188293457,-0.6150745749473572,-0.43067994713783264,-1.160225749015808,1.8159267902374268,,-0.43067994713783264,-0.04706055670976639,0.9196213,0.008987157,-0.021741142,0.7060063426132447
290,2.9,BL,0.0,0.13160397112369537,0.4753844738006592,1.1119014024734497,1.1060750484466553,-0.13160397112369537,1.157137393951416,1.1119014024734497,2.296614170074463,-1.241946816444397,,1.1119014024734497,0.2319374829530716,0.9196213,0.008987157,-0.021741142,0.7060063426132447
290,2.9,BR,0.0,0.2512681484222412,0.1540171504020691,-1.0285900831222534,-1.1134555339813232,-0.2512681484222412,-1.0159635543823242,-1.0285900831222534,-1.996074914932251,1.8059427738189697,,-1.0285900831222534,-0.3199807405471802,0.9196213,0.008987157,-0.021741142,0.7060063426132447
291,2.91,FL,0.0,0.4158564507961273,0.5152888298034668,0.5608757734298706,0.5787960886955261,-0.4158564507961273,0.7401484251022339,0.5608757734298706,1.4128490686416626,-1.4946961402893066,,0.5608757734298706,0.07499124854803085,0.9195424,0.008963493,-0.021740984,0.7063482550849273
291,2.91,FR,0.0,-0.5395495295524597,-0.4614964723587036,-0.3032447397708893,-0.39925476908683777,0.5395495295524597,-0.6085999608039856,-0.3032447397708893,-1.138513445854187,1.804433822631836,,-0.3032447397708893,-0.008334863930940628,0.9195424,0.008963493,-0.021740984,0.7063482550849273
291,2.91,BL,0.0,0.4753844738006592,0.14476081728935242,1.1060750484466553,0.9669836759567261,-0.4753844738006592,1.1514328718185425,1.1060750484466553,2.293302297592163,-1.2189973592758179,,1.1060750484466553,0.23096130788326263,0.9195424,0.008963493,-0.021740984,0.7063482550849273
291,2.91,BR,0.0,0.1540171504020691,-0.910661518573761,-1.1134555339813232,-1.0775704383850098,-0.1540171504020691,-1.0178117752075195,-1.1134555339813232,-2.0051262378692627,1.7859364748001099,,-1.1134555339813232,-0.27668365836143494,0.9195424,0.008963493,-0.021740984,0.7063482550849273
292,2.92,FL,0.0,0.5152888298034668,0.4191671907901764,0.5787960886955261,0.5340328812599182,-0.5152888298034668,0.7339649796485901,0.5787960886955261,1.402840256690979,-1.4806181192398071,,0.5787960886955261,0.08355852961540222,0.9194622,0.008940009,-0.021741021,0.7067029390987092
292,2.92,FR,0.0,-0.4614964723587036,-0.47511330246925354,-0.39925476908683777,-0.42400139570236206,0.4614964723587036,-0.6030620336532593,-0.39925476908683777,-1.125181794166565,1.7931158542633057,,-0.39925476908683777,-0.020633257925510406,0.9194622,0.008940009,-0.021741021,0.7067029390987092
292,2.92,BL,0.0,0.14476081728935242,0.1408804953098297,0.9669836759567261,1.0935285091400146,-0.14476081728935242,1.1496957540512085,0.9669836759567261,2.279212713241577,-1.1961352825164795,,0.9669836759567261,0.20130997896194458,0.9194622,0.008940009,-0.021741021,0.7067029390987092
292,2.92,BR,0.0,-0.910661518573761,0.04645926132798195,-1.0775704383850098,-0.6535471677780151,0.910661518573761,-1.0068838596343994,-1.0775704383850098,-2.0110082626342773,1.7658555507659912,,-1.0775704383850098,-0.3146241307258606,0.9194622,0.008940009,-0.021741021,0.7067029390987092
293,2.93,FL,0.0,0.4191671907901764,0.43866461515426636,0.5340328812599182,0.5662980675697327,-0.4191671907901764,0.7289349436759949,0.5340328812599182,1.3897136449813843,-1.4666557312011719,,0.5340328812599182,0.07903840392827988,0.9193886,0.008904696,-0.021741042,0.7069242621057158
293,2.93,FR,0.0,-0.47511330246925354,-0.7888107299804688,-0.42400139570236206,-0.4130167067050934,0.47511330246925354,-0.5973606705665588,-0.42400139570236206,-1.1143133640289307,1.7819186449050903,,-0.42400139570236206,-0.05402166768908501,0.9193886,0.008904696,-0.021741042,0.7069242621057158
293,2.93,BL,0.0,0.1408804953098297,0.2301981896162033,1.0935285091400146,1.0933434963226318,-0.1408804953098297,1.1480051279067993,1.0935285091400146,2.275599241256714,-1.1733613014221191,,1.0935285091400146,0.23763221502304077,0.9193886,0.008904696,-0.021741042,0.7069242621057158
293,2.93,BR,0.0,0.04645926132798195,0.2525937557220459,-0.6535471677780151,-1.0254675149917603,-0.04645926132798195,-1.0074412822723389,-0.6535471677780151,-1.9834073781967163,1.7458844184875488,,-0.6535471677780151,-0.2026454508304596,0.9193886,0.008904696,-0.021741042,0.7069242621057158
294,2.94,FL,0.0,0.43866461515426636,0.4649837613105774,0.5662980675697327,0.5534691214561462,-0.43866461515426636,0.7236709594726562,0.5662980675697327,1.3796318769454956,-1.4528093338012695,,0.5662980675697327,0.07994267344474792,0.91930586,0.008879875,-0.021741113,0.7072857402645722
294,2.94,FR,0.0,-0.7888107299804688,-0.4982428252696991,-0.4130167067050934,-0.2818363904953003,0.7888107299804688,-0.5878949165344238,-0.4130167067050934,-1.103009819984436,1.7708324193954468,,-0.4130167067050934,-0.04207002371549606,0.91930586,0.008879875,-0.021741113,0.7072857402645722
294,2.94,BL,0.0,0.2301981896162033,0.2555631697177887,1.0933434963226318,1.0559258460998535,-0.2301981896162033,1.1452428102493286,1.0933434963226318,2.2721128463745117,-1.150622844696045,,1.0933434963226318,0.23033754527568817,0.91930586,0.008879875,-0.021741113,0.7072857402645722
294,2.94,BR,0.0,0.2525937557220459,-0.4071037769317627,-1.0254675149917603,-1.1084787845611572,-0.2525937557220459,-1.0104724168777466,-1.0254675149917603,-1.9860552549362183,1.7260370254516602,,-1.0254675149917603,-0.311212420463562,0.91930586,0.008879875,-0.021741113,0.7072857402645722
295,2.95,FL,0.0,0.4649837613105774,0.4605078101158142,0.5534691214561462,0.5376774668693542,-0.4649837613105774,0.7180911898612976,0.5534691214561462,1.3689393997192383,-1.4390668869018555,,0.5534691214561462,0.08298800885677338,0.919235,0.008859511,-0.021741122,0.7076085500117274
295,2.95,FR,0.0,-0.4982428252696991,-0.572332501411438,-0.2818363904953003,-0.3885978162288666,0.4982428252696991,-0.5819160342216492,-0.2818363904953003,-1.0818620920181274,1.7599087953567505,,-0.2818363904953003,-0.00917104259133339,0.919235,0.008859511,-0.021741122,0.7076085500117274
295,2.95,BL,0.0,0.2555631697177887,0.08610609173774719,1.0559258460998535,1.0430175065994263,-0.2555631697177887,1.1421760320663452,1.0559258460998535,2.265828847885132,-1.127933382987976,,1.0559258460998535,0.2254503220319748,0.919235,0.008859511,-0.021741122,0.7076085500117274
295,2.95,BR,0.0,-0.4071037769317627,0.041092753410339355,-1.1084787845611572,-0.8476309180259705,0.4071037769317627,-1.0055872201919556,-1.1084787845611572,-1.9951090812683105,1.7061309814453125,,-1.1084787845611572,-0.32407811284065247,0.919235,0.008859511,-0.021741122,0.7076085500117274
296,2.96,FL,0.0,0.4605078101158142,0.5326944589614868,0.5376774668693542,0.533888041973114,-0.4605078101158142,0.7125650644302368,0.5376774668693542,1.3574278354644775,-1.4254354238510132,,0.5376774668693542,0.07592310011386871,0.91916656,0.008838667,-0.021741055,0.7079065338271128
296,2.96,FR,0.0,-0.572332501411438,-0.7668776512145996,-0.3885978162288666,-0.3529830276966095,0.572332501411438,-0.57504802942276,-0.3885978162288666,-1.0699158906936646,1.749150276184082,,-0.3885978162288666,-0.032870762050151825,0.91916656,0.008838667,-0.021741055,0.7079065338271128
296,2.96,BL,0.0,0.08610609173774719,0.11888988316059113,1.0430175065994263,1.1077336072921753,-0.08610609173774719,1.141142725944519,1.0430175065994263,2.2587790489196777,-1.1053105592727661,,1.0430175065994263,0.23219379782676697,0.91916656,0.008838667,-0.021741055,0.7079065338271128
296,2.96,BR,0.0,0.041092753410339355,0.18630068004131317,-0.8476309180259705,-1.0220242738723755,-0.041092753410339355,-1.0060802698135376,-0.8476309180259705,-1.9833518266677856,1.6862390041351318,,-0.8476309180259705,-0.24448584020137787,0.91916656,0.008838667,-0.021741055,0.7079065338271128
297,2.97,FL,0.0,0.5326944589614868,0.4937974810600281,0.533888041973114,0.4994872808456421,-0.5326944589614868,0.7061727643013,0.533888041973114,1.346070408821106,-1.41191828250885,,0.533888041973114,0.07329590618610382,0.9190894,0.008812174,-0.021741038,0.7082206925446777
297,2.97,FR,0.0,-0.7668776512145996,-0.5052443742752075,-0.3529830276966095,-0.2682969868183136,0.7668776512145996,-0.5658454895019531,-0.3529830276966095,-1.055645227432251,1.738523006439209,,-0.3529830276966095,-0.00815613940358162,0.9190894,0.008812174,-0.021741038,0.7082206925446777
297,2.97,BL,0.0,0.11888988316059113,0.2739408016204834,1.1077336072921753,1.093586802482605,-0.11888988316059113,1.1397160291671753,1.1077336072921753,2.2570807933807373,-1.0827313661575317,,1.1077336072921753,0.23929469287395477,0.9190894,0.008812174,-0.021741038,0.7082206925446777
297,2.97,BR,0.0,0.18630068004131317,-0.2597273290157318,-1.0220242738723755,-1.080600619316101,-0.18630068004131317,-1.008315920829773,-1.0220242738723755,-1.985731840133667,1.666393518447876,,-1.0220242738723755,-0.3099965453147888,0.9190894,0.008812174,-0.021741038,0.7082206925446777
298,2.98,FL,0.0,0.4937974810600281,0.4739169776439667,0.4994872808456421,0.5086537599563599,-0.4937974810600281,0.7002471685409546,0.4994872808456421,1.332460641860962,-1.3985260725021362,,0.4994872808456421,0.06539789587259293,0.91901493,0.008793509,-0.02174107,0.7085778447453458
298,2.98,FR,0.0,-0.5052443742752075,-0.43508172035217285,-0.2682969868183136,-0.3637477457523346,0.5052443742752075,-0.5597825646400452,-0.2682969868183136,-1.0352929830551147,1.7280689477920532,,-0.2682969868183136,-0.0028952257707715034,0.91901493,0.008793509,-0.02174107,0.7085778447453458
298,2.98,BL,0.0,0.2739408016204834,0.12319433689117432,1.093586802482605,1.030139684677124,-0.2739408016204834,1.136428713798523,1.093586802482605,2.2543396949768066,-1.0601743459701538,,1.093586802482605,0.23302190005779266,0.91901493,0.008793509,-0.02174107,0.7085778447453458
298,2.98,BR,0.0,-0.2597273290157318,-0.3343760371208191,-1.080600619316101,-0.9044250249862671,0.2597273290157318,-1.0051991939544678,-1.080600619316101,-1.9926121234893799,1.6465015411376953,,-1.080600619316101,-0.3167213201522827,0.91901493,0.008793509,-0.02174107,0.7085778447453458
299,2.99,FL,0.0,0.4739169776439667,0.45781952142715454,0.5086537599563599,0.5106803774833679,-0.4739169776439667,0.694560170173645,0.5086537599563599,1.3201032876968384,-1.3852636814117432,,0.5086537599563599,0.06856916844844818,0.9189449,0.008777519,-0.02174109,0.7089240808527173
299,2.99,FR,0.0,-0.43508172035217285,-0.6701478362083435,-0.3637477457523346,-0.385749876499176,0.43508172035217285,-0.5545616149902344,-0.3637477457523346,-1.0232239961624146,1.7177767753601074,,-0.3637477457523346,-0.02034093253314495,0.9189449,0.008777519,-0.02174109,0.7089240808527173
299,2.99,BL,0.0,0.12319433689117432,0.3484519422054291,1.030139684677124,1.087151050567627,-0.12319433689117432,1.1349503993988037,1.030139684677124,2.2467305660247803,-1.0376691818237305,,1.030139684677124,0.2262653112411499,0.9189449,0.008777519,-0.02174109,0.7089240808527173
299,2.99,BR,0.0,-0.3343760371208191,0.04656226933002472,-0.9044250249862671,-0.871448814868927,0.3343760371208191,-1.001186728477478,-0.9044250249862671,-1.9854066371917725,1.6266117095947266,,-0.9044250249862671,-0.2649979591369629,0.9189449,0.008777519,-0.02174109,0.7089240808527173
300,3.0,FL,0.0,0.45781952142715454,0.4083053171634674,0.5106803774833679,0.5114323496818542,-0.45781952142715454,0.6890663504600525,0.5106803774833679,1.30838942527771,-1.3721215724945068,,0.5106803774833679,0.0809725821018219,0.91887885,0.008745851,-0.02174108,0.7091273631503807
300,3.0,FR,0.0,-0.6701478362083435,-0.8710958361625671,-0.385749876499176,-0.2865024507045746,0.6701478362083435,-0.5465198159217834,-0.385749876499176,-1.0133538246154785,1.7075942754745483,,-0.385749876499176,-0.03645569831132889,0.91887885,0.008745851,-0.02174108,0.7091273631503807
300,3.0,BL,0.0,0.3484519422054291,0.03563714027404785,1.087151050567627,0.99556964635849,-0.3484519422054291,1.1307690143585205,1.087151050567627,2.2438905239105225,-1.0152162313461304,,1.087151050567627,0.23826991021633148,0.91887885,0.008745851,-0.02174108,0.7091273631503807
300,3.0,BR,0.0,0.04656226933002472,0.22458647191524506,-0.871448814868927,-1.0198116302490234,-0.04656226933002472,-1.0017454624176025,-0.871448814868927,-1.9758977890014648,1.6068055629730225,,-0.871448814868927,-0.2592349052429199,0.91887885,0.008745851,-0.02174108,0.7091273631503807
301,3.0100000000000002,FL,0.0,0.4083053171634674,0.40784016251564026,0.5114323496818542,0.5257441997528076,-0.4083053171634674,0.684166669845581,0.5114323496818542,1.2971937656402588,-1.3590940237045288,,0.5114323496818542,0.07575760781764984,0.9188086,0.008721727,-0.02174107,0.7094118474588618
301,3.0100000000000002,FR,0.0,-0.8710958361625671,-0.36009836196899414,-0.2865024507045746,-0.19808147847652435,0.8710958361625671,-0.5360666513442993,-0.2865024507045746,-0.9960874915122986,1.6975475549697876,,-0.2865024507045746,-0.018816201016306877,0.9188086,0.008721727,-0.02174107,0.7094118474588618
301,3.0100000000000002,BL,0.0,0.03563714027404785,0.10307063162326813,0.99556964635849,1.1165142059326172,-0.03563714027404785,1.1303414106369019,0.99556964635849,2.2339799404144287,-0.9928271770477295,,0.99556964635849,0.21832934021949768,0.9188086,0.008721727,-0.02174107,0.7094118474588618
301,3.0100000000000002,BR,0.0,0.22458647191524506,-0.2962334156036377,-1.0198116302490234,-1.0915800333023071,-0.22458647191524506,-1.004440426826477,-1.0198116302490234,-1.9783964157104492,1.587033987045288,,-1.0198116302490234,-0.3074694573879242,0.9188086,0.008721727,-0.02174107,0.7094118474588618
302,3.02,FL,0.0,0.40784016251564026,0.43588539958000183,0.5257441997528076,0.521030604839325,-0.40784016251564026,0.6792725920677185,0.5257441997528076,1.2875595092773438,-1.3461705446243286,,0.5257441997528076,0.07600295543670654,0.91873956,0.00870105,-0.021741083,0.7097335177445712
302,3.02,FR,0.0,-0.36009836196899414,-0.3540903329849243,-0.19808147847652435,-0.3920273184776306,0.36009836196899414,-0.5317454934120178,-0.19808147847652435,-0.9725641012191772,1.687705159187317,,-0.19808147847652435,-0.001969302073121071,0.91873956,0.00870105,-0.021741083,0.7097335177445712
302,3.02,BL,0.0,0.10307063162326813,0.25421851873397827,1.1165142059326172,1.0891131162643433,-0.10307063162326813,1.129104495048523,1.1165142059326172,2.233942747116089,-0.9704875946044922,,1.1165142059326172,0.2410428375005722,0.91873956,0.00870105,-0.021741083,0.7097335177445712
302,3.02,BR,0.0,-0.2962334156036377,-0.6073980331420898,-1.0915800333023071,-0.8859471082687378,0.2962334156036377,-1.0008857250213623,-1.0915800333023071,-1.9864253997802734,1.5672096014022827,,-1.0915800333023071,-0.31929275393486023,0.91873956,0.00870105,-0.021741083,0.7097335177445712
303,3.0300000000000002,FL,0.0,0.43588539958000183,0.442291259765625,0.521030604839325,0.5049184560775757,-0.43588539958000183,0.6740419864654541,0.521030604839325,1.2779334783554077,-1.333343505859375,,0.521030604839325,0.0749712735414505,0.91866946,0.008680698,-0.02174105,0.7100468290193249
303,3.0300000000000002,FR,0.0,-0.3540903329849243,-0.7351964712142944,-0.3920273184776306,-0.3901093602180481,0.3540903329849243,-0.5274963974952698,-0.3920273184776306,-0.965172529220581,1.6780166625976562,,-0.3920273184776306,-0.023531991988420486,0.91866946,0.008680698,-0.02174105,0.7100468290193249
303,3.0300000000000002,BL,0.0,0.25421851873397827,-0.01628667116165161,1.0891131162643433,1.0274170637130737,-0.25421851873397827,1.1260539293289185,1.0891131162643433,2.2317581176757812,-0.9481591582298279,,1.0891131162643433,0.2343945950269699,0.91866946,0.008680698,-0.02174105,0.7100468290193249
303,3.0300000000000002,BR,0.0,-0.6073980331420898,0.06643632054328918,-0.8859471082687378,-0.7579264640808105,0.6073980331420898,-0.9935969114303589,-0.8859471082687378,-1.978013515472412,1.547387719154358,,-0.8859471082687378,-0.26085957884788513,0.91866946,0.008680698,-0.02174105,0.7100468290193249
304,3.04,FL,0.0,0.442291259765625,0.4241998791694641,0.5049184560775757,0.49712544679641724,-0.442291259765625,0.6687344908714294,0.5049184560775757,1.2674212455749512,-1.3206170797348022,,0.5049184560775757,0.07432234287261963,0.91859657,0.008643216,-0.021741107,0.7102448970152498
304,3.04,FR,0.0,-0.7351964712142944,-0.7380209565162659,-0.3901093602180481,-0.2334178239107132,0.7351964712142944,-0.5186740756034851,-0.3901093602180481,-0.9579203724861145,1.6684014797210693,,-0.3901093602180481,-0.02791629359126091,0.91859657,0.008643216,-0.021741107,0.7102448970152498
304,3.04,BL,0.0,-0.01628667116165161,0.10288235545158386,1.0274170637130737,1.132568597793579,0.01628667116165161,1.1262493133544922,1.0274170637130737,2.224820852279663,-0.9258764982223511,,1.0274170637130737,0.22699809074401855,0.91859657,0.008643216,-0.021741107,0.7102448970152498
304,3.04,BR,0.0,0.06643632054328918,0.2926174998283386,-0.7579264640808105,-1.0201714038848877,-0.06643632054328918,-0.9943941235542297,-0.7579264640808105,-1.95989191532135,1.5276987552642822,,-0.7579264640808105,-0.233807772397995,0.91859657,0.008643216,-0.021741107,0.7102448970152498
305,3.0500000000000003,FL,0.0,0.4241998791694641,0.4530644118785858,0.49712544679641724,0.49905452132225037,-0.4241998791694641,0.6636440753936768,0.49712544679641724,1.2567100524902344,-1.3079967498779297,,0.49712544679641724,0.06623579561710358,0.918518,0.008613723,-0.021741046,0.7105441725788707
305,3.0500000000000003,FR,0.0,-0.7380209565162659,-0.24814195930957794,-0.2334178239107132,-0.2234656661748886,0.7380209565162659,-0.5098177790641785,-0.2334178239107132,-0.9386646747589111,1.6589192152023315,,-0.2334178239107132,-0.048390381038188934,0.918518,0.008613723,-0.021741046,0.7105441725788707
305,3.0500000000000003,BL,0.0,0.10288235545158386,0.11050599813461304,1.132568597793579,1.0850963592529297,-0.10288235545158386,1.1250147819519043,1.132568597793579,2.2264015674591064,-0.9036203026771545,,1.132568597793579,0.25225913524627686,0.918518,0.008613723,-0.021741046,0.7105441725788707
305,3.0500000000000003,BR,0.0,0.2926174998283386,-0.8961557745933533,-1.0201714038848877,-1.1114411354064941,-0.2926174998283386,-0.9979055523872375,-1.0201714038848877,-1.9630464315414429,1.5080839395523071,,-1.0201714038848877,-0.2846970856189728,0.918518,0.008613723,-0.021741046,0.7105441725788707
306,3.06,FL,0.0,0.4530644118785858,0.35282325744628906,0.49905452132225037,0.4824182987213135,-0.4530644118785858,0.6582072973251343,0.49905452132225037,1.246570110321045,-1.295480728149414,,0.49905452132225037,0.07112278044223785,0.9184439,0.008585274,-0.021741102,0.7108368937114152
306,3.06,FR,0.0,-0.24814195930957794,-0.2984936535358429,-0.2234656661748886,-0.4105610251426697,0.24814195930957794,-0.5068401098251343,-0.2234656661748886,-0.9193835258483887,1.6496295928955078,,-0.2234656661748886,-0.017236053943634033,0.9184439,0.008585274,-0.021741102,0.7108368937114152
306,3.06,BL,0.0,0.11050599813461304,0.27185630798339844,1.0850963592529297,1.0808123350143433,-0.11050599813461304,1.1236886978149414,1.0850963592529297,2.2241976261138916,-0.8813673853874207,,1.0850963592529297,0.22648879885673523,0.9184439,0.008585274,-0.021741102,0.7108368937114152
306,3.06,BR,0.0,-0.8961557745933533,0.08646129816770554,-1.1114411354064941,-0.6394432187080383,0.8961557745933533,-0.9871516823768616,-1.1114411354064941,-1.97323477268219,1.488402247428894,,-1.1114411354064941,-0.32610276341438293,0.9184439,0.008585274,-0.021741102,0.7108368937114152
307,3.0700000000000003,FL,0.0,0.35282325744628906,0.390636682510376,0.4824182987213135,0.5170779824256897,-0.35282325744628906,0.653973400592804,0.4824182987213135,1.2355232238769531,-1.2830705642700195,,0.4824182987213135,0.07215836644172668,0.9183763,0.008551924,-0.021741083,0.7110329800431261
307,3.0700000000000003,FR,0.0,-0.2984936535358429,-0.7580941319465637,-0.4105610251426697,-0.38744261860847473,0.2984936535358429,-0.5032581686973572,-0.4105610251426697,-0.9155306220054626,1.6404551267623901,,-0.4105610251426697,-0.05680321529507637,0.9183763,0.008551924,-0.021741083,0.7110329800431261
307,3.0700000000000003,BL,0.0,0.27185630798339844,0.24382740259170532,1.0808123350143433,1.0149461030960083,-0.27185630798339844,1.1204264163970947,1.0808123350143433,2.2217440605163574,-0.859137773513794,,1.0808123350143433,0.24091455340385437,0.9183763,0.008551924,-0.021741083,0.7110329800431261
307,3.0700000000000003,BR,0.0,0.08646129816770554,0.23179630935192108,-0.6394432187080383,-1.0217361450195312,-0.08646129816770554,-0.9881892204284668,-0.6394432187080383,-1.9460089206695557,1.4688068628311157,,-0.6394432187080383,-0.19883453845977783,0.9183763,0.008551924,-0.021741083,0.7110329800431261
308,3.08,FL,0.0,0.390636682510376,0.3979630768299103,0.5170779824256897,0.4977187514305115,-0.390636682510376,0.6492857933044434,0.5170779824256897,1.2276275157928467,-1.2707550525665283,,0.5170779824256897,0.07576555758714676,0.91830283,0.008530089,-0.021741096,0.7113560268022486
308,3.08,FR,0.0,-0.7580941319465637,-0.4641154110431671,-0.38744261860847473,-0.20002052187919617,0.7580941319465637,-0.49416103959083557,-0.38744261860847473,-0.910015881061554,1.6313276290893555,,-0.38744261860847473,-0.04676416516304016,0.91830283,0.008530089,-0.021741096,0.7113560268022486
308,3.08,BL,0.0,0.24382740259170532,0.12364727258682251,1.0149461030960083,1.0228954553604126,-0.24382740259170532,1.1175004243850708,1.0149461030960083,2.214221477508545,-0.8369581699371338,,1.0149461030960083,0.21925193071365356,0.91830283,0.008530089,-0.021741096,0.7113560268022486
308,3.08,BR,0.0,0.23179630935192108,-0.285022497177124,-1.0217361450195312,-1.0809077024459839,-0.23179630935192108,-0.9909707903862,-1.0217361450195312,-1.9498305320739746,1.4493275880813599,,-1.0217361450195312,-0.3069237470626831,0.91830283,0.008530089,-0.021741096,0.7113560268022486
309,3.09,FL,0.0,0.3979630768299103,0.44136327505111694,0.4977187514305115,0.49010053277015686,-0.3979630768299103,0.6445102095603943,0.4977187514305115,1.2185232639312744,-1.2585246562957764,,0.4977187514305115,0.07079128175973892,0.91823816,0.008514796,-0.021741105,0.7116824350728642
309,3.09,FR,0.0,-0.4641154110431671,-0.419101357460022,-0.20002052187919617,-0.30851486325263977,0.4641154110431671,-0.48859164118766785,-0.20002052187919617,-0.8900194764137268,1.6223280429840088,,-0.20002052187919617,-0.001408688724040985,0.91823816,0.008514796,-0.021741105,0.7116824350728642
309,3.09,BL,0.0,0.12364727258682251,0.2038520872592926,1.0228954553604126,1.0680415630340576,-0.12364727258682251,1.1160167455673218,1.0228954553604126,2.2076172828674316,-0.8148491978645325,,1.0228954553604126,0.22226737439632416,0.91823816,0.008514796,-0.021741105,0.7116824350728642
309,3.09,BR,0.0,-0.285022497177124,0.06833024322986603,-1.0809077024459839,-0.8769617676734924,0.285022497177124,-0.9875504970550537,-1.0809077024459839,-1.9581425189971924,1.4297873973846436,,-1.0809077024459839,-0.3123836815357208,0.91823816,0.008514796,-0.021741105,0.7116824350728642
310,3.1,FL,0.0,0.44136327505111694,0.4808652698993683,0.49010053277015686,0.46796491742134094,-0.44136327505111694,0.6392138600349426,0.49010053277015686,1.2091784477233887,-1.2463864088058472,,0.49010053277015686,0.07238297909498215,0.91817874,0.00849793,-0.021741053,0.7119480678813728
310,3.1,FR,0.0,-0.419101357460022,-0.6787892580032349,-0.30851486325263977,-0.32095110416412354,0.419101357460022,-0.4835624396800995,-0.30851486325263977,-0.8793153762817383,1.6134817600250244,,-0.30851486325263977,-0.03635385259985924,0.91817874,0.00849793,-0.021741053,0.7119480678813728
310,3.1,BL,0.0,0.2038520872592926,0.03506770730018616,1.0680415630340576,1.0344759225845337,-0.2038520872592926,1.1135704517364502,1.0680415630340576,2.2048122882843018,-0.7927871346473694,,1.0680415630340576,0.23920290172100067,0.91817874,0.00849793,-0.021741053,0.7119480678813728
310,3.1,BR,0.0,0.06833024322986603,0.08649049699306488,-0.8769617676734924,-1.0148825645446777,-0.06833024322986603,-0.9883704781532288,-0.8769617676734924,-1.9501349925994873,1.4102462530136108,,-0.8769617676734924,-0.25073713064193726,0.91817874,0.00849793,-0.021741053,0.7119480678813728
311,3.11,FL,0.0,0.4808652698993683,0.4252583980560303,0.46796491742134094,0.44686776399612427,-0.4808652698993683,0.6334434747695923,0.46796491742134094,1.198464274406433,-1.2343485355377197,,0.46796491742134094,0.0644117146730423,0.918114,0.008481773,-0.021741102,0.7122602036544791
311,3.11,FR,0.0,-0.6787892580032349,-0.5794470310211182,-0.32095110416412354,-0.21204672753810883,0.6787892580032349,-0.47541695833206177,-0.32095110416412354,-0.870006263256073,1.6047354936599731,,-0.32095110416412354,-0.008626356720924377,0.918114,0.008481773,-0.021741102,0.7122602036544791
311,3.11,BL,0.0,0.03506770730018616,0.07468631863594055,1.0344759225845337,1.0995433330535889,-0.03506770730018616,1.113149642944336,1.0344759225845337,2.1994850635528564,-0.7707658410072327,,1.0344759225845337,0.23233500123023987,0.918114,0.008481773,-0.021741102,0.7122602036544791
311,3.11,BR,0.0,0.08649049699306488,0.07487227022647858,-1.0148825645446777,-1.0229666233062744,-0.08649049699306488,-0.9894083738327026,-1.0148825645446777,-1.9532573223114014,1.3907291889190674,,-1.0148825645446777,-0.29831117391586304,0.918114,0.008481773,-0.021741102,0.7122602036544791
312,3.12,FL,0.0,0.4252583980560303,0.4007505178451538,0.44686776399612427,0.4633401036262512,-0.4252583980560303,0.6283403635025024,0.44686776399612427,1.1865156888961792,-1.222424030303955,,0.44686776399612427,0.0619548037648201,0.9180528,0.008459378,-0.021741088,0.7125040086457423
312,3.12,FR,0.0,-0.5794470310211182,-0.440123975276947,-0.21204672753810883,-0.24363815784454346,0.5794470310211182,-0.46846359968185425,-0.21204672753810883,-0.8525217771530151,1.596123456954956,,-0.21204672753810883,-0.011301960796117783,0.9180528,0.008459378,-0.021741088,0.7125040086457423
312,3.12,BL,0.0,0.07468631863594055,0.46018093824386597,1.0995433330535889,1.0832750797271729,-0.07468631863594055,1.1122534275054932,1.0995433330535889,2.199469566345215,-0.748771071434021,,1.0995433330535889,0.25480976700782776,0.9180528,0.008459378,-0.021741088,0.7125040086457423
312,3.12,BR,0.0,0.07487227022647858,-1.1917681694030762,-1.0229666233062744,-1.0193572044372559,-0.07487227022647858,-0.9903067946434021,-1.0229666233062744,-1.9568912982940674,1.371178388595581,,-1.0229666233062744,-0.2760508060455322,0.9180528,0.008459378,-0.021741088,0.7125040086457423
313,3.13,FL,0.0,0.4007505178451538,0.3697527348995209,0.4633401036262512,0.4680401682853699,-0.4007505178451538,0.6235313415527344,0.4633401036262512,1.1763273477554321,-1.2106101512908936,,0.4633401036262512,0.06850706040859222,0.91798306,0.008434515,-0.021741042,0.7127724412204889
313,3.13,FR,0.0,-0.440123975276947,-0.33401715755462646,-0.24363815784454346,-0.29241400957107544,0.440123975276947,-0.46318212151527405,-0.24363815784454346,-0.8382003307342529,1.5876702070236206,,-0.24363815784454346,-0.01960034668445587,0.91798306,0.008434515,-0.021741042,0.7127724412204889
313,3.13,BL,0.0,0.46018093824386597,0.04380884766578674,1.0832750797271729,0.9281810522079468,-0.46018093824386597,1.1067312955856323,1.0832750797271729,2.198178768157959,-0.7267828583717346,,1.0832750797271729,0.23402395844459534,0.91798306,0.008434515,-0.021741042,0.7127724412204889
313,3.13,BR,0.0,-1.1917681694030762,0.10032131522893906,-1.0193572044372559,-0.5135995149612427,1.1917681694030762,-0.9760056138038635,-1.0193572044372559,-1.9600995779037476,1.351593255996704,,-1.0193572044372559,-0.2960442006587982,0.91798306,0.008434515,-0.021741042,0.7127724412204889
314,3.14,FL,0.0,0.3697527348995209,0.3344758152961731,0.4680401682853699,0.4756302833557129,-0.3697527348995209,0.6190943121910095,0.4680401682853699,1.1669071912765503,-1.1988943815231323,,0.4680401682853699,0.0734223797917366,0.91791767,0.008394028,-0.021741094,0.7128978673856874
314,3.14,FR,0.0,-0.33401715755462646,-0.5623575448989868,-0.29241400957107544,-0.32957524061203003,0.33401715755462646,-0.45917391777038574,-0.29241400957107544,-0.8282654285430908,1.5793383121490479,,-0.29241400957107544,-0.05634918808937073,0.91791767,0.008394028,-0.021741094,0.7128978673856874
314,3.14,BL,0.0,0.04380884766578674,0.06980489194393158,0.9281810522079468,1.0892077684402466,-0.04380884766578674,1.1062055826187134,0.9281810522079468,2.1847758293151855,-0.7048685550689697,,0.9281810522079468,0.20550312101840973,0.91791767,0.008394028,-0.021741094,0.7128978673856874
314,3.14,BR,0.0,0.10032131522893906,0.24000032246112823,-0.5135995149612427,-1.0161341428756714,-0.10032131522893906,-0.9772094488143921,-0.5135995149612427,-1.9235199689865112,1.3321764469146729,,-0.5135995149612427,-0.17162051796913147,0.91791767,0.008394028,-0.021741094,0.7128978673856874
315,3.15,FL,0.0,0.3344758152961731,0.3215186893939972,0.4756302833557129,0.48530399799346924,-0.3344758152961731,0.6150806546211243,0.4756302833557129,1.1584515571594238,-1.187267780303955,,0.4756302833557129,0.07804049551486969,0.91785145,0.008367074,-0.02174108,0.7131437258542088
315,3.15,FR,0.0,-0.5623575448989868,-0.43644261360168457,-0.32957524061203003,-0.2342308908700943,0.5623575448989868,-0.45242562890052795,-0.32957524061203003,-0.8216343522071838,1.5710890293121338,,-0.32957524061203003,-0.08540007472038269,0.91785145,0.008367074,-0.02174108,0.7131437258542088
315,3.15,BL,0.0,0.06980489194393158,0.08607417345046997,1.0892077684402466,1.0782835483551025,-0.06980489194393158,1.10536789894104,1.0892077684402466,2.1845264434814453,-0.6830220222473145,,1.0892077684402466,0.24234730005264282,0.91785145,0.008367074,-0.02174108,0.7131437258542088
315,3.15,BR,0.0,0.24000032246112823,0.0886143147945404,-1.0161341428756714,-1.073209524154663,-0.24000032246112823,-0.9800894260406494,-1.0161341428756714,-1.9277840852737427,1.3129197359085083,,-1.0161341428756714,-0.30812567472457886,0.91785145,0.008367074,-0.02174108,0.7131437258542088
316,3.16,FL,0.0,0.3215186893939972,0.44037726521492004,0.48530399799346924,0.4864731431007385,-0.3215186893939972,0.6112223863601685,0.48530399799346924,1.1510860919952393,-1.1757203340530396,,0.48530399799346924,0.07709178328514099,0.9177946,0.008350219,-0.021741113,0.7134021256745362
316,3.16,FR,0.0,-0.43644261360168457,-0.5921792387962341,-0.2342308908700943,-0.27784857153892517,0.43644261360168457,-0.4471883177757263,-0.2342308908700943,-0.807786226272583,1.562942385673523,,-0.2342308908700943,-0.0170026533305645,0.9177946,0.008350219,-0.021741113,0.7134021256745362
316,3.16,BL,0.0,0.08607417345046997,0.04814739525318146,1.0782835483551025,1.070938229560852,-0.08607417345046997,1.1043349504470825,1.0782835483551025,2.1834301948547363,-0.6611822843551636,,1.0782835483551025,0.25002527236938477,0.9177946,0.008350219,-0.021741113,0.7134021256745362
316,3.16,BR,0.0,0.0886143147945404,0.21614916622638702,-1.073209524154663,-1.0155352354049683,-0.0886143147945404,-0.9811528325080872,-1.073209524154663,-1.9363569021224976,1.2935987710952759,,-1.073209524154663,-0.3056228756904602,0.9177946,0.008350219,-0.021741113,0.7134021256745362
317,3.17,FL,0.0,0.44037726521492004,0.3591965436935425,0.4864731431007385,0.43507149815559387,-0.44037726521492004,0.6059378981590271,0.4864731431007385,1.1441011428833008,-1.1642446517944336,,0.4864731431007385,0.07920493185520172,0.91773874,0.008327534,-0.021741148,0.7136260941879831
317,3.17,FR,0.0,-0.5921792387962341,-0.6436545252799988,-0.27784857153892517,-0.21031661331653595,0.5921792387962341,-0.4400821626186371,-0.27784857153892517,-0.7979016900062561,1.5549142360687256,,-0.27784857153892517,-0.02104889787733555,0.91773874,0.008327534,-0.021741148,0.7136260941879831
317,3.17,BL,0.0,0.04814739525318146,0.2483246624469757,1.070938229560852,1.085076093673706,-0.04814739525318146,1.1037572622299194,1.070938229560852,2.1818008422851562,-0.6393561959266663,,1.070938229560852,0.2366190403699875,0.91773874,0.008327534,-0.021741148,0.7136260941879831
317,3.17,BR,0.0,0.21614916622638702,0.13829044997692108,-1.0155352354049683,-1.0676125288009644,-0.21614916622638702,-0.9837465882301331,-1.0155352354049683,-1.940070629119873,1.2742165327072144,,-1.0155352354049683,-0.3029918074607849,0.91773874,0.008327534,-0.021741148,0.7136260941879831
318,3.18,FL,0.0,0.3591965436935425,0.3841125965118408,0.43507149815559387,0.4622592628002167,-0.3591965436935425,0.60162752866745,0.43507149815559387,1.1333590745925903,-1.152857780456543,,0.43507149815559387,0.06553462147712708,0.91768354,0.00830777,-0.021740997,0.7138494222904379
318,3.18,FR,0.0,-0.6436545252799988,-0.4000389277935028,-0.21031661331653595,-0.1826203465461731,0.6436545252799988,-0.4323582947254181,-0.21031661331653595,-0.7831087708473206,1.5470097064971924,,-0.21031661331653595,-0.009669728577136993,0.91768354,0.00830777,-0.021740997,0.7138494222904379
318,3.18,BL,0.0,0.2483246624469757,0.33336275815963745,1.085076093673706,1.0044273138046265,-0.2483246624469757,1.1007773876190186,1.085076093673706,2.1813440322875977,-0.6175404787063599,,1.085076093673706,0.2501608729362488,0.91768354,0.00830777,-0.021740997,0.7138494222904379
318,3.18,BR,0.0,0.13829044997692108,-0.742988109588623,-1.0676125288009644,-1.039062738418579,-0.13829044997692108,-0.9854061007499695,-1.0676125288009644,-1.9477227926254272,1.2547773122787476,,-1.0676125288009644,-0.2681278586387634,0.91768354,0.00830777,-0.021740997,0.7138494222904379
319,3.19,FL,0.0,0.3841125965118408,0.32123321294784546,0.4622592628002167,0.4479824900627136,-0.3841125965118408,0.5970181822776794,0.4622592628002167,1.125170350074768,-1.1415653228759766,,0.4622592628002167,0.07217353582382202,0.91762096,0.008285589,-0.021741066,0.7141006211842815
319,3.19,FR,0.0,-0.4000389277935028,-0.25416404008865356,-0.1826203465461731,-0.2723427414894104,0.4000389277935028,-0.4275578260421753,-0.1826203465461731,-0.7667239308357239,1.5392611026763916,,-0.1826203465461731,-0.025968950241804123,0.91762096,0.008285589,-0.021741066,0.7141006211842815
319,3.19,BL,0.0,0.33336275815963745,0.3088791072368622,1.0044273138046265,0.9674322605133057,-0.33336275815963745,1.0967769622802734,1.0044273138046265,2.1745808124542236,-0.5957610607147217,,1.0044273138046265,0.2238909751176834,0.91762096,0.008285589,-0.021741066,0.7141006211842815
319,3.19,BR,0.0,-0.742988109588623,0.11650431156158447,-1.039062738418579,-0.6882108449935913,0.742988109588623,-0.9764902591705322,-1.039062738418579,-1.9528359174728394,1.235274314880371,,-1.039062738418579,-0.302049458026886,0.91762096,0.008285589,-0.021741066,0.7141006211842815
320,3.2,FL,0.0,0.32123321294784546,0.33647865056991577,0.4479824900627136,0.46852487325668335,-0.32123321294784546,0.5931633710861206,0.4479824900627136,1.1161830425262451,-1.1303589344024658,,0.4479824900627136,0.0729844719171524,0.9175646,0.008255562,-0.021741096,0.7142519228890775
320,3.2,FR,0.0,-0.25416404008865356,-0.5647316575050354,-0.2723427414894104,-0.32589221000671387,0.25416404008865356,-0.42450785636901855,-0.2723427414894104,-0.7580177187919617,1.5316376686096191,,-0.2723427414894104,-0.04473302885890007,0.9175646,0.008255562,-0.021741096,0.7142519228890775
320,3.2,BL,0.0,0.3088791072368622,0.0385461151599884,0.9674322605133057,0.9732253551483154,-0.3088791072368622,1.093070387840271,0.9674322605133057,2.1651813983917236,-0.5740625858306885,,0.9674322605133057,0.2196861058473587,0.9175646,0.008255562,-0.021741096,0.7142519228890775
320,3.2,BR,0.0,0.11650431156158447,0.21888409554958344,-0.6882108449935913,-1.0230919122695923,-0.11650431156158447,-0.977888286113739,-0.6882108449935913,-1.930234432220459,1.2158597707748413,,-0.6882108449935913,-0.21120940148830414,0.9175646,0.008255562,-0.021741096,0.7142519228890775
321,3.21,FL,0.0,0.33647865056991577,0.32063189148902893,0.46852487325668335,0.4585719108581543,-0.33647865056991577,0.5891256332397461,0.46852487325668335,1.1091591119766235,-1.119232416152954,,0.46852487325668335,0.08282323181629181,0.91751075,0.008238022,-0.021741142,0.714481294265547
321,3.21,FR,0.0,-0.5647316575050354,-0.3967286944389343,-0.32589221000671387,-0.1986152082681656,0.5647316575050354,-0.41773107647895813,-0.32589221000671387,-0.7538522481918335,1.5240784883499146,,-0.32589221000671387,-0.08015850931406021,0.91751075,0.008238022,-0.021741142,0.714481294265547
321,3.21,BL,0.0,0.0385461151599884,0.2823072671890259,0.9732253551483154,1.0776519775390625,-0.0385461151599884,1.092607855796814,0.9732253551483154,2.156604766845703,-0.5524539351463318,,0.9732253551483154,0.22392210364341736,0.91751075,0.008238022,-0.021741142,0.714481294265547
321,3.21,BR,0.0,0.21888409554958344,0.07410165667533875,-1.0230919122695923,-1.0654419660568237,-0.21888409554958344,-0.9805148839950562,-1.0230919122695923,-1.9347808361053467,1.196534514427185,,-1.0230919122695923,-0.30186331272125244,0.91751075,0.008238022,-0.021741142,0.714481294265547
322,3.22,FL,0.0,0.32063189148902893,0.45520666241645813,0.4585719108581543,0.4608728587627411,-0.32063189148902893,0.5852780342102051,0.4585719108581543,1.1016300916671753,-1.108178734779358,,0.4585719108581543,0.06903485953807831,0.9174622,0.008232521,-0.021741105,0.7147666502292035
322,3.22,FR,0.0,-0.3967286944389343,-0.44760918617248535,-0.1986152082681656,-0.25903961062431335,0.3967286944389343,-0.41297033429145813,-0.1986152082681656,-0.7398688793182373,1.5166102647781372,,-0.1986152082681656,-0.016257304698228836,0.9174622,0.008232521,-0.021741105,0.7147666502292035
322,3.22,BL,0.0,0.2823072671890259,0.05196571350097656,1.0776519775390625,0.9796849489212036,-0.2823072671890259,1.0892201662063599,1.0776519775390625,2.1565537452697754,-0.5308881402015686,,1.0776519775390625,0.24944709241390228,0.9174622,0.008232521,-0.021741105,0.7147666502292035
322,3.22,BR,0.0,0.07410165667533875,-1.0419034957885742,-1.0654419660568237,-1.0101555585861206,-0.07410165667533875,-0.9814041256904602,-1.0654419660568237,-1.9424701929092407,1.1771479845046997,,-1.0654419660568237,-0.2790052890777588,0.9174622,0.008232521,-0.021741105,0.7147666502292035
323,3.23,FL,0.0,0.45520666241645813,0.33555254340171814,0.4608728587627411,0.4031953811645508,-0.45520666241645813,0.5798155665397644,0.4608728587627411,1.0945767164230347,-1.0971978902816772,,0.4608728587627411,0.07153318077325821,0.9174078,0.0082195755,-0.021741092,0.7150367425435306
323,3.23,FR,0.0,-0.44760918617248535,-0.5152297616004944,-0.25903961062431335,-0.2339266687631607,0.44760918617248535,-0.4075990319252014,-0.25903961062431335,-0.7311723828315735,1.5092554092407227,,-0.25903961062431335,-0.012518418952822685,0.9174078,0.0082195755,-0.021741092,0.7150367425435306
323,3.23,BL,0.0,0.05196571350097656,0.12021994590759277,0.9796849489212036,1.0684338808059692,-0.05196571350097656,1.0885965824127197,0.9796849489212036,2.148822069168091,-0.5093615055084229,,0.9796849489212036,0.21969763934612274,0.9174078,0.0082195755,-0.021741092,0.7150367425435306
323,3.23,BR,0.0,-1.0419034957885742,0.04510333389043808,-1.0101555585861206,-0.5646427273750305,1.0419034957885742,-0.9689012765884399,-1.0101555585861206,-1.9455223083496094,1.157707929611206,,-1.0101555585861206,-0.28433719277381897,0.9174078,0.0082195755,-0.021741092,0.7150367425435306
324,3.24,FL,0.0,0.33555254340171814,0.29898568987846375,0.4031953811645508,0.44559454917907715,-0.33555254340171814,0.5757889151573181,0.4031953811645508,1.0832767486572266,-1.0863090753555298,,0.4031953811645508,0.06345056742429733,0.91735137,0.008183627,-0.02174107,0.7151405734274786
324,3.24,FR,0.0,-0.5152297616004944,-0.38401171565055847,-0.2339266687631607,-0.20150712132453918,0.5152297616004944,-0.40141627192497253,-0.2339266687631607,-0.720847487449646,1.50199556350708,,-0.2339266687631607,-0.053034570068120956,0.91735137,0.008183627,-0.02174107,0.7151405734274786
324,3.24,BL,0.0,0.12021994590759277,-0.00807654857635498,1.0684338808059692,1.0405086278915405,-0.12021994590759277,1.0871539115905762,1.0684338808059692,2.148353338241577,-0.48787567019462585,,1.0684338808059692,0.24962320923805237,0.91735137,0.008183627,-0.02174107,0.7151405734274786
324,3.24,BR,0.0,0.04510333389043808,0.27027764916419983,-0.5646427273750305,-0.9869425892829895,-0.04510333389043808,-0.9694425463676453,-0.5646427273750305,-1.9135172367095947,1.1384137868881226,,-0.5646427273750305,-0.18042650818824768,0.91735137,0.008183627,-0.02174107,0.7151405734274786
325,3.25,FL,0.0,0.29898568987846375,0.34827589988708496,0.44559454917907715,0.456194669008255,-0.29898568987846375,0.5722010731697083,0.44559454917907715,1.075744867324829,-1.0755141973495483,,0.44559454917907715,0.07055109739303589,0.9172881,0.008154767,-0.021741096,0.7153452749727255
325,3.25,FR,0.0,-0.38401171565055847,-0.22110231220722198,-0.20150712132453918,-0.24781158566474915,0.38401171565055847,-0.3968081474304199,-0.20150712132453918,-0.7083851099014282,1.4948499202728271,,-0.20150712132453918,-0.06503234803676605,0.9172881,0.008154767,-0.021741096,0.7153452749727255
325,3.25,BL,0.0,-0.00807654857635498,0.06710539758205414,1.0405086278915405,1.090384602546692,0.00807654857635498,1.087250828742981,1.0405086278915405,2.1457130908966064,-0.4664054214954376,,1.0405086278915405,0.24073083698749542,0.9172881,0.008154767,-0.021741096,0.7153452749727255
325,3.25,BR,0.0,0.27027764916419983,-0.1377820074558258,-0.9869425892829895,-1.077553629875183,-0.27027764916419983,-0.9726858735084534,-0.9869425892829895,-1.9158843755722046,1.1192667484283447,,-0.9869425892829895,-0.30167120695114136,0.9172881,0.008154767,-0.021741096,0.7153452749727255
326,3.2600000000000002,FL,0.0,0.34827589988708496,0.38259387016296387,0.456194669008255,0.43289074301719666,-0.34827589988708496,0.5680217742919922,0.456194669008255,1.069339632987976,-1.0647889375686646,,0.456194669008255,0.06570345908403397,0.9172289,0.0081389,-0.021741122,0.7156414913874806
326,3.2600000000000002,FR,0.0,-0.22110231220722198,-0.4854932725429535,-0.24781158566474915,-0.30836722254753113,0.22110231220722198,-0.3941549062728882,-0.24781158566474915,-0.7000425457954407,1.4878079891204834,,-0.24781158566474915,-0.009967833757400513,0.9172289,0.0081389,-0.021741122,0.7156414913874806
326,3.2600000000000002,BL,0.0,0.06710539758205414,0.19190260767936707,1.090384602546692,1.0604087114334106,-0.06710539758205414,1.0864455699920654,1.090384602546692,2.147087574005127,-0.44494137167930603,,1.090384602546692,0.24223759770393372,0.9172289,0.0081389,-0.021741122,0.7156414913874806
326,3.2600000000000002,BR,0.0,-0.1377820074558258,-0.3508473038673401,-1.077553629875183,-0.9175730347633362,0.1377820074558258,-0.971032440662384,-1.077553629875183,-1.9252643585205078,1.1000607013702393,,-1.077553629875183,-0.3121345043182373,0.9172289,0.0081389,-0.021741122,0.7156414913874806
327,3.27,FL,0.0,0.38259387016296387,0.2952811121940613,0.43289074301719666,0.41498425602912903,-0.38259387016296387,0.563430666923523,0.43289074301719666,1.0613579750061035,-1.054135799407959,,0.43289074301719666,0.07239416986703873,0.9171782,0.008117827,-0.021741161,0.7158256588921647
327,3.27,FR,0.0,-0.4854932725429535,-0.617983341217041,-0.30836722254753113,-0.19995759427547455,0.4854932725429535,-0.38832899928092957,-0.30836722254753113,-0.6967760324478149,1.4808239936828613,,-0.30836722254753113,-0.037334244698286057,0.9171782,0.008117827,-0.021741161,0.7158256588921647
327,3.27,BL,0.0,0.19190260767936707,0.5952242016792297,1.0604087114334106,1.0096845626831055,-0.19190260767936707,1.084142804145813,1.0604087114334106,2.146057605743408,-0.4234756827354431,,1.0604087114334106,0.24038910865783691,0.9171782,0.008117827,-0.021741161,0.7158256588921647
327,3.27,BR,0.0,-0.3508473038673401,0.07714074105024338,-0.9175730347633362,-0.8306935429573059,0.3508473038673401,-0.9668223261833191,-0.9175730347633362,-1.9217307567596436,1.0808258056640625,,-0.9175730347633362,-0.27016714215278625,0.9171782,0.008117827,-0.021741161,0.7158256588921647
328,3.2800000000000002,FL,0.0,0.2952811121940613,0.37244248390197754,0.41498425602912903,0.44531822204589844,-0.2952811121940613,0.5598872900009155,0.41498425602912903,1.052285075187683,-1.0435678958892822,,0.41498425602912903,0.0694723129272461,0.9171299,0.008096315,-0.0217411,0.7159869165774977
328,3.2800000000000002,FR,0.0,-0.617983341217041,-0.1822020709514618,-0.19995759427547455,-0.14113564789295197,0.617983341217041,-0.3809131979942322,-0.19995759427547455,-0.6851359009742737,1.4739148616790771,,-0.19995759427547455,-0.06250588595867157,0.9171299,0.008096315,-0.0217411,0.7159869165774977
328,3.2800000000000002,BL,0.0,0.5952242016792297,0.16840940713882446,1.0096845626831055,0.8460531234741211,-0.5952242016792297,1.0770001411437988,1.0096845626831055,2.141089916229248,-0.40204012393951416,,1.0096845626831055,0.2330230325460434,0.9171299,0.008096315,-0.0217411,0.7159869165774977
328,3.2800000000000002,BR,0.0,0.07714074105024338,0.1081438884139061,-0.8306935429573059,-0.9976785778999329,-0.07714074105024338,-0.9677479863166809,-0.8306935429573059,-1.911522626876831,1.061659812927246,,-0.8306935429573059,-0.2444831132888794,0.9171299,0.008096315,-0.0217411,0.7159869165774977
329,3.29,FL,0.0,0.37244248390197754,0.4097815454006195,0.44531822204589844,0.41091030836105347,-0.37244248390197754,0.5554179549217224,0.44531822204589844,1.0459468364715576,-1.0330768823623657,,0.44531822204589844,0.07055734097957611,0.91708434,0.008085238,-0.02174114,0.7162102850054601
329,3.29,FR,0.0,-0.1822020709514618,-0.44262710213661194,-0.14113564789295197,-0.308032363653183,0.1822020709514618,-0.3787267506122589,-0.14113564789295197,-0.6693393588066101,1.4671430587768555,,-0.14113564789295197,-0.006460545584559441,0.91708434,0.008085238,-0.02174114,0.7162102850054601
329,3.29,BL,0.0,0.16840940713882446,0.03405259549617767,0.8460531234741211,1.0096362829208374,-0.16840940713882446,1.0749791860580444,0.8460531234741211,2.1234850883483887,-0.38071781396865845,,0.8460531234741211,0.1945171058177948,0.91708434,0.008085238,-0.02174114,0.7162102850054601
329,3.29,BR,0.0,0.1081438884139061,0.10582855343818665,-0.9976785778999329,-1.0110055208206177,-0.1081438884139061,-0.9690456986427307,-0.9976785778999329,-1.9148098230361938,1.0425281524658203,,-0.9976785778999329,-0.28822070360183716,0.91708434,0.008085238,-0.02174114,0.7162102850054601
330,3.3000000000000003,FL,0.0,0.4097815454006195,0.39942866563796997,0.41091030836105347,0.3915053606033325,-0.4097815454006195,0.5505006313323975,0.41091030836105347,1.0371586084365845,-1.0226616859436035,,0.41091030836105347,0.06582793593406677,0.91704416,0.008079256,-0.021741038,0.7164393614741548
330,3.3000000000000003,FR,0.0,-0.44262710213661194,-0.5760414004325867,-0.308032363653183,-0.2016759216785431,0.44262710213661194,-0.3734152317047119,-0.308032363653183,-0.6672504544258118,1.4604601860046387,,-0.308032363653183,-0.035364676266908646,0.91704416,0.008079256,-0.021741038,0.7164393614741548
330,3.3000000000000003,BL,0.0,0.03405259549617767,-0.0016716420650482178,1.0096362829208374,1.061358094215393,-0.03405259549617767,1.0745705366134644,1.0096362829208374,2.119398832321167,-0.35950353741645813,,1.0096362829208374,0.2468792200088501,0.91704416,0.008079256,-0.021741038,0.7164393614741548
330,3.3000000000000003,BR,0.0,0.10582855343818665,-0.7251229286193848,-1.0110055208206177,-1.0113770961761475,-0.10582855343818665,-0.9703156352043152,-1.0110055208206177,-1.9190131425857544,1.0233588218688965,,-1.0110055208206177,-0.27649807929992676,0.91704416,0.008079256,-0.021741038,0.7164393614741548
331,3.31,FL,0.0,0.39942866563796997,0.31251323223114014,0.3915053606033325,0.3907291293144226,-0.39942866563796997,0.5457074642181396,0.3915053606033325,1.0271934270858765,-1.0123401880264282,,0.3915053606033325,0.062293194234371185,0.91699994,0.0080644125,-0.021741072,0.7166460476362478
331,3.31,FR,0.0,-0.5760414004325867,-0.4892718493938446,-0.2016759216785431,-0.14299868047237396,0.5760414004325867,-0.3665027320384979,-0.2016759216785431,-0.6569028496742249,1.453839659690857,,-0.2016759216785431,-0.01297596376389265,0.91699994,0.0080644125,-0.021741072,0.7166460476362478
331,3.31,BL,0.0,-0.0016716420650482178,0.23994950950145721,1.061358094215393,1.0752391815185547,0.0016716420650482178,1.0745905637741089,1.061358094215393,2.1195290088653564,-0.3383089005947113,,1.061358094215393,0.2418682724237442,0.91699994,0.0080644125,-0.021741072,0.7166460476362478
331,3.31,BR,0.0,-0.7251229286193848,0.11694280803203583,-1.0113770961761475,-0.6802664995193481,0.7251229286193848,-0.961614191532135,-1.0113770961761475,-1.9230809211730957,1.004148244857788,,-1.0113770961761475,-0.28661468625068665,0.91699994,0.0080644125,-0.021741072,0.7166460476362478
332,3.3200000000000003,FL,0.0,0.31251323223114014,0.20960268378257751,0.3907291293144226,0.42070215940475464,-0.31251323223114014,0.5419573187828064,0.3907291293144226,1.017557978630066,-1.0021167993545532,,0.3907291293144226,0.06741374731063843,0.9169519,0.008031449,-0.021741109,0.7167169069144257
332,3.3200000000000003,FR,0.0,-0.4892718493938446,-0.17612695693969727,-0.14299868047237396,-0.17079399526119232,0.4892718493938446,-0.36063146591186523,-0.14299868047237396,-0.6423594355583191,1.4473438262939453,,-0.14299868047237396,-0.04056067764759064,0.9169519,0.008031449,-0.021741109,0.7167169069144257
332,3.3200000000000003,BL,0.0,0.23994950950145721,-0.13550949096679688,1.0752391815185547,0.9786108136177063,-0.23994950950145721,1.0717111825942993,1.0752391815185547,2.1207425594329834,-0.31710749864578247,,1.0752391815185547,0.2503665089607239,0.9169519,0.008031449,-0.021741109,0.7167169069144257
332,3.3200000000000003,BR,0.0,0.11694280803203583,0.2754804491996765,-0.6802664995193481,-1.008391261100769,-0.11694280803203583,-0.9630175232887268,-0.6802664995193481,-1.9010231494903564,0.9850284457206726,,-0.6802664995193481,-0.21193312108516693,0.9169519,0.008031449,-0.021741109,0.7167169069144257
333,3.33,FL,0.0,0.20960268378257751,0.10781997442245483,0.42070215940475464,0.45811623334884644,-0.20960268378257751,0.5394420623779297,0.42070215940475464,1.010650873184204,-0.9919759631156921,,0.42070215940475464,0.06469390541315079,0.9169063,0.007987724,-0.02174101,0.7168168610550854
333,3.33,FR,0.0,-0.17612695693969727,0.21944470703601837,-0.17079399526119232,-0.29018068313598633,0.17612695693969727,-0.35851794481277466,-0.17079399526119232,-0.6305660009384155,1.4409795999526978,,-0.17079399526119232,-0.07406814396381378,0.9169063,0.007987724,-0.02174101,0.7168168610550854
333,3.33,BL,0.0,-0.13550949096679688,0.0957488864660263,0.9786108136177063,1.1259150505065918,0.13550949096679688,1.0733373165130615,0.9786108136177063,2.114330768585205,-0.2959323525428772,,0.9786108136177063,0.230295330286026,0.9169063,0.007987724,-0.02174101,0.7168168610550854
333,3.33,BR,0.0,0.2754804491996765,-0.8438394665718079,-1.008391261100769,-1.0732096433639526,-0.2754804491996765,-0.9663232564926147,-1.008391261100769,-1.905562162399292,0.9659953713417053,,-1.008391261100769,-0.19994120299816132,0.9169063,0.007987724,-0.02174101,0.7168168610550854
334,3.34,FL,0.0,0.10781997442245483,0.3593366742134094,0.45811623334884644,0.49631407856941223,-0.10781997442245483,0.5381482243537903,0.45811623334884644,1.006948709487915,-0.9818881154060364,,0.45811623334884644,0.07758967578411102,0.91684926,0.007958359,-0.021741115,0.7169851289511652
334,3.34,FR,0.0,0.21944470703601837,-0.22607611119747162,-0.29018068313598633,-0.446295827627182,-0.21944470703601837,-0.3611512780189514,-0.29018068313598633,-0.6285974383354187,1.434683918952942,,-0.29018068313598633,-0.09307623654603958,0.91684926,0.007958359,-0.021741115,0.7169851289511652
334,3.34,BL,0.0,0.0957488864660263,0.14030328392982483,1.1259150505065918,1.0350377559661865,-0.0957488864660263,1.072188377380371,1.1259150505065918,2.1197221279144287,-0.2747619152069092,,1.1259150505065918,0.2641353905200958,0.91684926,0.007958359,-0.021741115,0.7169851289511652
334,3.34,BR,0.0,-0.8438394665718079,-1.0372041463851929,-1.0732096433639526,-0.6287874579429626,0.8438394665718079,-0.956197202205658,-1.0732096433639526,-1.9150062799453735,0.9468922019004822,,-1.0732096433639526,-0.30308932065963745,0.91684926,0.007958359,-0.021741115,0.7169851289511652
335,3.35,FL,0.0,0.3593366742134094,0.3589303493499756,0.49631407856941223,0.394413560628891,-0.3593366742134094,0.5338361859321594,0.49631407856941223,1.0063871145248413,-0.9718214273452759,,0.49631407856941223,0.07979593425989151,0.9167848,0.007925592,-0.021741044,0.7171669996207247
335,3.35,FR,0.0,-0.22607611119747162,-0.8082519769668579,-0.446295827627182,-0.27072083950042725,0.22607611119747162,-0.3584383726119995,-0.446295827627182,-0.6389487981796265,1.428345799446106,,-0.446295827627182,-0.046472858637571335,0.9167848,0.007925592,-0.021741044,0.7171669996207247
335,3.35,BL,0.0,0.14030328392982483,0.05115312337875366,1.0350377559661865,1.0160670280456543,-0.14030328392982483,1.0705046653747559,1.0350377559661865,2.1177754402160645,-0.2535744905471802,,1.0350377559661865,0.22796058654785156,0.9167848,0.007925592,-0.021741044,0.7171669996207247
335,3.35,BR,0.0,-1.0372041463851929,0.1378660798072815,-0.6287874579429626,-0.5413155555725098,1.0372041463851929,-0.9437507390975952,-0.6287874579429626,-1.8892279863357544,0.9278718829154968,,-0.6287874579429626,-0.1941930502653122,0.9167848,0.007925592,-0.021741044,0.7171669996207247
336,3.36,FL,0.0,0.3589303493499756,0.2535492181777954,0.394413560628891,0.39026403427124023,-0.3589303493499756,0.5295290350914001,0.394413560628891,0.9978564977645874,-0.9618005156517029,,0.394413560628891,0.054188065230846405,0.91671467,0.007876744,-0.021741105,0.7172664500671513
336,3.36,FR,0.0,-0.8082519769668579,-0.30562809109687805,-0.27072083950042725,-0.035137586295604706,0.8082519769668579,-0.348739355802536,-0.27072083950042725,-0.6351255178451538,1.4219756126403809,,-0.27072083950042725,-0.06976347416639328,0.91671467,0.007876744,-0.021741105,0.7172664500671513
336,3.36,BL,0.0,0.05115312337875366,0.030780628323554993,1.0160670280456543,1.0500434637069702,-0.05115312337875366,1.0698908567428589,1.0160670280456543,2.114417552947998,-0.2324136197566986,,1.0160670280456543,0.22561343014240265,0.91671467,0.007876744,-0.021741105,0.7172664500671513
336,3.36,BR,0.0,0.1378660798072815,0.2272903323173523,-0.5413155555725098,-0.9988971948623657,-0.1378660798072815,-0.945405125617981,-0.5413155555725098,-1.8576009273529053,0.9091387987136841,,-0.5413155555725098,-0.1884564757347107,0.91671467,0.007876744,-0.021741105,0.7172664500671513
337,3.37,FL,0.0,0.2535492181777954,0.22526691854000092,0.39026403427124023,0.428109347820282,-0.2535492181777954,0.5264864563941956,0.39026403427124023,0.9893349409103394,-0.9518648386001587,,0.39026403427124023,0.05698712170124054,0.91664743,0.007834444,-0.021741172,0.7173942122414695
337,3.37,FR,0.0,-0.30562809109687805,-0.08884944021701813,-0.035137586295604706,-0.2264881134033203,0.30562809109687805,-0.34507182240486145,-0.035137586295604706,-0.6129773855209351,1.4157358407974243,,-0.035137586295604706,-0.03862430900335312,0.91664743,0.007834444,-0.021741172,0.7173942122414695
337,3.37,BL,0.0,0.030780628323554993,0.20715248584747314,1.0500434637069702,1.0575785636901855,-0.030780628323554993,1.0695215463638306,1.0500434637069702,2.1138556003570557,-0.21127228438854218,,1.0500434637069702,0.23975782096385956,0.91664743,0.007834444,-0.021741172,0.7173942122414695
337,3.37,BR,0.0,0.2272903323173523,-0.010917767882347107,-0.9988971948623657,-1.0363212823867798,-0.2272903323173523,-0.9481326341629028,-0.9988971948623657,-1.863097906112671,0.8905351161956787,,-0.9988971948623657,-0.3142089545726776,0.91664743,0.007834444,-0.021741172,0.7173942122414695
338,3.38,FL,0.0,0.22526691854000092,0.33350664377212524,0.428109347820282,0.43637967109680176,-0.22526691854000092,0.5237832069396973,0.428109347820282,0.9841153621673584,-0.941997766494751,,0.428109347820282,0.06586571782827377,0.91658694,0.007811644,-0.021741144,0.7176310327480189
338,3.38,FR,0.0,-0.08884944021701813,-0.3202435076236725,-0.2264881134033203,-0.3095320463180542,0.08884944021701813,-0.34400561451911926,-0.2264881134033203,-0.6067036986351013,1.4096375703811646,,-0.2264881134033203,-0.0213228240609169,0.91658694,0.007811644,-0.021741144,0.7176310327480189
338,3.38,BL,0.0,0.20715248584747314,0.14402854442596436,1.0575785636901855,0.9866604804992676,-0.20715248584747314,1.0670356750488281,1.0575785636901855,2.1139066219329834,-0.1901334673166275,,1.0575785636901855,0.23795589804649353,0.91658694,0.007811644,-0.021741144,0.7176310327480189
338,3.38,BR,0.0,-0.010917767882347107,-0.14616207778453827,-1.0363212823867798,-0.9437655210494995,0.010917767882347107,-0.9480016231536865,-1.0363212823867798,-1.871314287185669,0.8718627691268921,,-1.0363212823867798,-0.30749011039733887,0.91658694,0.007811644,-0.021741144,0.7176310327480189
339,3.39,FL,0.0,0.33350664377212524,0.37912702560424805,0.43637967109680176,0.3903805613517761,-0.33350664377212524,0.5197811722755432,0.43637967109680176,0.9797490239143372,-0.9321785569190979,,0.43637967109680176,0.06495459377765656,0.9165314,0.007794572,-0.02174108,0.717874059583033
339,3.39,FR,0.0,-0.3202435076236725,-0.5822668671607971,-0.3095320463180542,-0.2159082144498825,0.3202435076236725,-0.3401626944541931,-0.3095320463180542,-0.60718834400177,1.403568148612976,,-0.3095320463180542,-0.0212553720921278,0.9165314,0.007794572,-0.02174108,0.717874059583033
339,3.39,BL,0.0,0.14402854442596436,0.04155565798282623,0.9866604804992676,1.0094242095947266,-0.14402854442596436,1.065307378768921,0.9866604804992676,2.108394145965576,-0.16902214288711548,,0.9866604804992676,0.2260948121547699,0.9165314,0.007794572,-0.02174108,0.717874059583033
339,3.39,BR,0.0,-0.14616207778453827,-0.6845813989639282,-0.9437655210494995,-0.8895367980003357,0.14616207778453827,-0.9462476372718811,-0.9437655210494995,-1.8719501495361328,0.8531464338302612,,-0.9437655210494995,-0.27353039383888245,0.9165314,0.007794572,-0.02174108,0.717874059583033
340,3.4,FL,0.0,0.37912702560424805,0.2905050814151764,0.3903805613517761,0.36813032627105713,-0.37912702560424805,0.5152316093444824,0.3903805613517761,0.9719465970993042,-0.9224203824996948,,0.3903805613517761,0.058755695819854736,0.9164758,0.0077659576,-0.021741068,0.7180337113209648
340,3.4,FR,0.0,-0.5822668671607971,-0.42510128021240234,-0.2159082144498825,-0.1072559580206871,0.5822668671607971,-0.33317551016807556,-0.2159082144498825,-0.6003118753433228,1.3975309133529663,,-0.2159082144498825,-0.013830267824232578,0.9164758,0.0077659576,-0.021741068,0.7180337113209648
340,3.4,BL,0.0,0.04155565798282623,0.2507513165473938,1.0094242095947266,1.048685073852539,-0.04155565798282623,1.0648086071014404,1.0094242095947266,2.1048829555511475,-0.14795587956905365,,1.0094242095947266,0.23406094312667847,0.9164758,0.0077659576,-0.021741068,0.7180337113209648
340,3.4,BR,0.0,-0.6845813989639282,0.20711572468280792,-0.8895367980003357,-0.6724150776863098,0.6845813989639282,-0.9380326867103577,-0.8895367980003357,-1.868308424949646,0.8344452977180481,,-0.8895367980003357,-0.26483890414237976,0.9164758,0.0077659576,-0.021741068,0.7180337113209648
341,3.41,FL,0.0,0.2905050814151764,0.24153828620910645,0.36813032627105713,0.39902958273887634,-0.2905050814151764,0.5117455720901489,0.36813032627105713,0.9627052545547485,-0.9127474427223206,,0.36813032627105713,0.05679794400930405,0.91641974,0.007727985,-0.021741124,0.7181211046360112
341,3.41,FR,0.0,-0.42510128021240234,-0.01453416608273983,-0.1072559580206871,-0.16313499212265015,0.42510128021240234,-0.32807427644729614,-0.1072559580206871,-0.5851844549179077,1.3916038274765015,,-0.1072559580206871,-0.054382819682359695,0.91641974,0.007727985,-0.021741124,0.7181211046360112
341,3.41,BL,0.0,0.2507513165473938,0.15472263097763062,1.048685073852539,0.9645081162452698,-0.2507513165473938,1.0617996454238892,1.048685073852539,2.104588508605957,-0.12690852582454681,,1.048685073852539,0.24299801886081696,0.91641974,0.007727985,-0.021741124,0.7181211046360112
341,3.41,BR,0.0,0.20711572468280792,0.12362731993198395,-0.6724150776863098,-1.0208790302276611,-0.20711572468280792,-0.9405180811882019,-0.6724150776863098,-1.8477826118469238,0.8158655166625977,,-0.6724150776863098,-0.21924155950546265,0.91641974,0.007727985,-0.021741124,0.7181211046360112
342,3.42,FL,0.0,0.24153828620910645,0.25829368829727173,0.39902958273887634,0.41513025760650635,-0.24153828620910645,0.5088471174240112,0.39902958273887634,0.9562493562698364,-0.9031528830528259,,0.39902958273887634,0.06482018530368805,0.91636866,0.007694144,-0.021741096,0.7182028500365082
342,3.42,FR,0.0,-0.01453416608273983,0.0850793644785881,-0.16313499212265015,-0.32226061820983887,0.01453416608273983,-0.32789987325668335,-0.16313499212265015,-0.5750322937965393,1.3858031034469604,,-0.16313499212265015,-0.07087291777133942,0.91636866,0.007694144,-0.021741096,0.7182028500365082
342,3.42,BL,0.0,0.15472263097763062,-0.015027612447738647,0.9645081162452698,0.9999105930328369,-0.15472263097763062,1.0599429607391357,0.9645081162452698,2.0977041721343994,-0.10589729994535446,,0.9645081162452698,0.225216805934906,0.91636866,0.007694144,-0.021741096,0.7182028500365082
342,3.42,BR,0.0,0.12362731993198395,-1.203661561012268,-1.0208790302276611,-0.98996901512146,-0.12362731993198395,-0.9420015811920166,-1.0208790302276611,-1.8553884029388428,0.7973493933677673,,-1.0208790302276611,-0.21417100727558136,0.91636866,0.007694144,-0.021741096,0.7182028500365082
343,3.43,FL,0.0,0.25829368829727173,0.31788569688796997,0.41513025760650635,0.40552961826324463,-0.25829368829727173,0.5057475566864014,0.41513025760650635,0.9513092637062073,-0.8936152458190918,,0.41513025760650635,0.06679856777191162,0.9163121,0.0076729124,-0.021741102,0.7184256221894669
343,3.43,FR,0.0,0.0850793644785881,-0.3773798644542694,-0.32226061820983887,-0.36193162202835083,-0.0850793644785881,-0.32892081141471863,-0.32226061820983887,-0.5777570009231567,1.380039095878601,,-0.32226061820983887,-0.0883384570479393,0.9163121,0.0076729124,-0.021741102,0.7184256221894669
343,3.43,BL,0.0,-0.015027612447738647,0.035078033804893494,0.9999105930328369,1.0659539699554443,0.015027612447738647,1.060123324394226,0.9999105930328369,2.0938661098480225,-0.08493957668542862,,0.9999105930328369,0.23346735537052155,0.9163121,0.0076729124,-0.021741102,0.7184256221894669
343,3.43,BR,0.0,-1.203661561012268,0.07309697568416595,-0.98996901512146,-0.46053698658943176,1.203661561012268,-0.927557647228241,-0.98996901512146,-1.8602720499038696,0.778770923614502,,-0.98996901512146,-0.2835359275341034,0.9163121,0.0076729124,-0.021741102,0.7184256221894669
344,3.44,FL,0.0,0.31788569688796997,0.3546779155731201,0.40552961826324463,0.3785932958126068,-0.31788569688796997,0.5019329786300659,0.40552961826324463,0.9458100199699402,-0.8841298222541809,,0.40552961826324463,0.06243143975734711,0.91625756,0.0076409364,-0.021741126,0.7185615459637545
344,3.44,FR,0.0,-0.3773798644542694,-0.41545212268829346,-0.36193162202835083,-0.17796887457370758,0.3773798644542694,-0.32439225912094116,-0.36193162202835083,-0.5834859013557434,1.3742326498031616,,-0.36193162202835083,-0.08338716626167297,0.91625756,0.0076409364,-0.021741126,0.7185615459637545
344,3.44,BL,0.0,0.035078033804893494,0.1305972933769226,1.0659539699554443,1.0460920333862305,-0.035078033804893494,1.0597023963928223,1.0659539699554443,2.095357656478882,-0.06399340182542801,,1.0659539699554443,0.24557074904441833,0.91625756,0.0076409364,-0.021741126,0.7185615459637545
344,3.44,BR,0.0,0.07309697568416595,0.234191432595253,-0.46053698658943176,-0.9567964673042297,-0.07309697568416595,-0.9284348487854004,-0.46053698658943176,-1.8234456777572632,0.7603535652160645,,-0.46053698658943176,-0.14887939393520355,0.91625756,0.0076409364,-0.021741126,0.7185615459637545
345,3.45,FL,0.0,0.3546779155731201,0.2968299686908722,0.3785932958126068,0.36006179451942444,-0.3546779155731201,0.497676819562912,0.3785932958126068,0.9384139776229858,-0.8747089505195618,,0.3785932958126068,0.05547018349170685,0.91619873,0.007615277,-0.021741075,0.7187549344630579
345,3.45,FR,0.0,-0.41545212268829346,-0.19933514297008514,-0.17796887457370758,-0.15821142494678497,0.41545212268829346,-0.3194068372249603,-0.17796887457370758,-0.5745636224746704,1.3684427738189697,,-0.17796887457370758,-0.060008205473423004,0.91619873,0.007615277,-0.021741075,0.7187549344630579
345,3.45,BL,0.0,0.1305972933769226,-0.04692554473876953,1.0460920333862305,1.0074634552001953,-0.1305972933769226,1.0581351518630981,1.0460920333862305,2.095233201980591,-0.043040454387664795,,1.0460920333862305,0.23643825948238373,0.91619873,0.007615277,-0.021741075,0.7187549344630579
345,3.45,BR,0.0,0.234191432595253,-0.7858037948608398,-0.9567964673042297,-1.022111415863037,-0.234191432595253,-0.9312451481819153,-0.9567964673042297,-1.8269803524017334,0.7421013116836548,,-0.9567964673042297,-0.2899778485298157,0.91619873,0.007615277,-0.021741075,0.7187549344630579
346,3.46,FL,0.0,0.2968299686908722,0.2843562960624695,0.36006179451942444,0.37894484400749207,-0.2968299686908722,0.49411484599113464,0.36006179451942444,0.929854691028595,-0.8653678894042969,,0.36006179451942444,0.05182217061519623,0.9161477,0.007599434,-0.021741105,0.7189809052814449
346,3.46,FR,0.0,-0.19933514297008514,-0.38601088523864746,-0.15821142494678497,-0.23967278003692627,0.19933514297008514,-0.31701481342315674,-0.15821142494678497,-0.5644417405128479,1.3627480268478394,,-0.15821142494678497,-0.006960809230804443,0.9161477,0.007599434,-0.021741105,0.7189809052814449
346,3.46,BL,0.0,-0.04692554473876953,0.018527060747146606,1.0074634552001953,1.076905369758606,0.04692554473876953,1.058698296546936,1.0074634552001953,2.0920844078063965,-0.022103969007730484,,1.0074634552001953,0.23004813492298126,0.9161477,0.007599434,-0.021741105,0.7189809052814449
346,3.46,BR,0.0,-0.7858037948608398,0.09761307388544083,-1.022111415863037,-0.6169236302375793,0.7858037948608398,-0.9218154549598694,-1.022111415863037,-1.835498571395874,0.7237886786460876,,-1.022111415863037,-0.29106640815734863,0.9161477,0.007599434,-0.021741105,0.7189809052814449
347,3.47,FL,0.0,0.2843562960624695,0.23992697894573212,0.37894484400749207,0.3803723454475403,-0.2843562960624695,0.4907025694847107,0.37894484400749207,0.9231118559837341,-0.8561033010482788,,0.37894484400749207,0.06182605028152466,0.9160966,0.0075654155,-0.021741075,0.7190682942951914
347,3.47,FR,0.0,-0.38601088523864746,-0.3377910852432251,-0.23967278003692627,-0.1626104712486267,0.38601088523864746,-0.31238269805908203,-0.23967278003692627,-0.5611050724983215,1.357120394706726,,-0.23967278003692627,-0.05558698624372482,0.9160966,0.0075654155,-0.021741075,0.7190682942951914
347,3.47,BL,0.0,0.018527060747146606,0.16081711649894714,1.076905369758606,1.0512875318527222,-0.018527060747146606,1.0584759712219238,1.076905369758606,2.0945048332214355,-0.0011709427926689386,,1.076905369758606,0.2563062906265259,0.9160966,0.0075654155,-0.021741075,0.7190682942951914
347,3.47,BR,0.0,0.09761307388544083,0.2955079972743988,-0.6169236302375793,-0.9608607292175293,-0.09761307388544083,-0.9229868054389954,-0.6169236302375793,-1.811907410621643,0.7055523991584778,,-0.6169236302375793,-0.19412453472614288,0.9160966,0.0075654155,-0.021741075,0.7190682942951914
348,3.48,FL,0.0,0.23992697894573212,0.2647174298763275,0.3803723454475403,0.3947317898273468,-0.23992697894573212,0.4878234565258026,0.3803723454475403,0.9167453050613403,-0.8469042181968689,,0.3803723454475403,0.061761524528265,0.91604173,0.007536004,-0.021741085,0.7192183116818265
348,3.48,FR,0.0,-0.3377910852432251,-0.16821257770061493,-0.1626104712486267,-0.17726625502109528,0.3377910852432251,-0.30832919478416443,-0.1626104712486267,-0.5518559217453003,1.3515559434890747,,-0.1626104712486267,-0.059566058218479156,0.91604173,0.007536004,-0.021741085,0.7192183116818265
348,3.48,BL,0.0,0.16081711649894714,0.0069046467542648315,1.0512875318527222,0.9941491484642029,-0.16081711649894714,1.0565462112426758,1.0512875318527222,2.0948212146759033,0.019775697961449623,,1.0512875318527222,0.24472248554229736,0.91604173,0.007536004,-0.021741085,0.7192183116818265
348,3.48,BR,0.0,0.2955079972743988,0.1907309889793396,-0.9608607292175293,-1.0411900281906128,-0.2955079972743988,-0.9265329241752625,-0.9608607292175293,-1.8162133693695068,0.6874116659164429,,-0.9608607292175293,-0.29379895329475403,0.91604173,0.007536004,-0.021741085,0.7192183116818265
349,3.49,FL,0.0,0.2647174298763275,0.31638792157173157,0.3947317898273468,0.3819364905357361,-0.2647174298763275,0.48464685678482056,0.3947317898273468,0.9117545485496521,-0.8377618789672852,,0.3947317898273468,0.06345238536596298,0.91599274,0.007517826,-0.021741146,0.7194109948295949
349,3.49,FR,0.0,-0.16821257770061493,-0.4102596640586853,-0.17726625502109528,-0.24104416370391846,0.16821257770061493,-0.30631065368652344,-0.17726625502109528,-0.5441187620162964,1.3460763692855835,,-0.17726625502109528,-0.010293976403772831,0.91599274,0.007517826,-0.021741146,0.7194109948295949
349,3.49,BL,0.0,0.0069046467542648315,0.016531214118003845,0.9941491484642029,1.0537843704223633,-0.0069046467542648315,1.056463360786438,0.9941491484642029,2.090644359588623,0.04070288687944412,,0.9941491484642029,0.23797857761383057,0.91599274,0.007517826,-0.021741146,0.7194109948295949
349,3.49,BR,0.0,0.1907309889793396,0.24020707607269287,-1.0411900281906128,-1.002825379371643,-0.1907309889793396,-0.9288216829299927,-1.0411900281906128,-1.8266499042510986,0.6691970229148865,,-1.0411900281906128,-0.30144163966178894,0.91599274,0.007517826,-0.021741146,0.7194109948295949
350,3.5,FL,0.0,0.31638792157173157,0.25810447335243225,0.3819364905357361,0.35809168219566345,-0.31638792157173157,0.4808501899242401,0.3819364905357361,0.9059560298919678,-0.8286734819412231,,0.3819364905357361,0.06355533003807068,0.9159476,0.0074974983,-0.02174119,0.7195740068218093
350,3.5,FR,0.0,-0.4102596640586853,-0.5087154507637024,-0.24104416370391846,-0.14220677316188812,0.4102596640586853,-0.3013875186443329,-0.24104416370391846,-0.5416865348815918,1.3406473398208618,,-0.24104416370391846,-0.018843194469809532,0.9159476,0.0074974983,-0.02174119,0.7195740068218093
350,3.5,BL,0.0,0.016531214118003845,0.3638499975204468,1.0537843704223633,1.0498508214950562,-0.016531214118003845,1.0562649965286255,1.0537843704223633,2.0913078784942627,0.06161266937851906,,1.0537843704223633,0.24990729987621307,0.9159476,0.0074974983,-0.02174119,0.7195740068218093
350,3.5,BR,0.0,0.24020707607269287,0.1730722337961197,-1.002825379371643,-1.024904489517212,-0.24020707607269287,-0.9317041635513306,-1.002825379371643,-1.83366858959198,0.6508951783180237,,-1.002825379371643,-0.29756829142570496,0.9159476,0.0074974983,-0.02174119,0.7195740068218093
351,3.5100000000000002,FL,0.0,0.25810447335243225,0.3400595188140869,0.35809168219566345,0.37760841846466064,-0.25810447335243225,0.4777529537677765,0.35809168219566345,0.8985149264335632,-0.8196514248847961,,0.35809168219566345,0.061931442469358444,0.9159083,0.0074775917,-0.02174123,0.7197491065057386
351,3.5100000000000002,FR,0.0,-0.5087154507637024,-0.1280534267425537,-0.14220677316188812,-0.097901351749897,0.5087154507637024,-0.29528293013572693,-0.14220677316188812,-0.531598687171936,1.335281252861023,,-0.14220677316188812,-0.04201185703277588,0.9159083,0.0074775917,-0.02174123,0.7197491065057386
351,3.5100000000000002,BL,0.0,0.3638499975204468,0.24935394525527954,1.0498508214950562,0.910724937915802,-0.3638499975204468,1.051898717880249,1.0498508214950562,2.091637134552002,0.08252740651369095,,1.0498508214950562,0.253353089094162,0.9159083,0.0074775917,-0.02174123,0.7197491065057386
351,3.5100000000000002,BR,0.0,0.1730722337961197,-0.46510791778564453,-1.024904489517212,-1.000933051109314,-0.1730722337961197,-0.9337810277938843,-1.024904489517212,-1.8421435356140137,0.6325158476829529,,-1.024904489517212,-0.272502601146698,0.9159083,0.0074775917,-0.02174123,0.7197491065057386
352,3.52,FL,0.0,0.3400595188140869,0.28717678785324097,0.37760841846466064,0.34172913432121277,-0.3400595188140869,0.4736722409725189,0.37760841846466064,0.8928961157798767,-0.8106945157051086,,0.37760841846466064,0.06647081673145294,0.9158706,0.0074607856,-0.021740986,0.719915010825188
352,3.52,FR,0.0,-0.1280534267425537,-0.152665913105011,-0.097901351749897,-0.24406157433986664,0.1280534267425537,-0.29374629259109497,-0.097901351749897,-0.5184319615364075,1.3300315141677856,,-0.097901351749897,-0.035304926335811615,0.9158706,0.0074607856,-0.021740986,0.719915010825188
352,3.52,BL,0.0,0.24935394525527954,0.07800856232643127,0.910724937915802,0.9521571397781372,-0.24935394525527954,1.0489064455032349,0.910724937915802,2.081043004989624,0.10339045524597168,,0.910724937915802,0.21732094883918762,0.9158706,0.0074607856,-0.021740986,0.719915010825188
352,3.52,BR,0.0,-0.46510791778564453,-0.4655293822288513,-1.000933051109314,-0.7477378845214844,0.46510791778564453,-0.9281997680664062,-1.000933051109314,-1.848406434059143,0.6140628457069397,,-1.000933051109314,-0.2842158377170563,0.9158706,0.0074607856,-0.021740986,0.719915010825188
353,3.5300000000000002,FL,0.0,0.28717678785324097,0.27893492579460144,0.34172913432121277,0.3588015139102936,-0.28717678785324097,0.47022610902786255,0.34172913432121277,0.8846839666366577,-0.8018069267272949,,0.34172913432121277,0.05764143541455269,0.9158322,0.0074485578,-0.021741115,0.7200700973067342
353,3.5300000000000002,FR,0.0,-0.152665913105011,-0.4258371591567993,-0.24406157433986664,-0.23267993330955505,0.152665913105011,-0.29191431403160095,-0.24406157433986664,-0.5172435641288757,1.3248531818389893,,-0.24406157433986664,-0.047822505235672,0.9158322,0.0074485578,-0.021741115,0.7200700973067342
353,3.5300000000000002,BL,0.0,0.07800856232643127,-0.0794176459312439,0.9521571397781372,1.0177030563354492,-0.07800856232643127,1.0479704141616821,0.9521571397781372,2.074113368988037,0.12416600435972214,,0.9521571397781372,0.22685638070106506,0.9158322,0.0074485578,-0.021741115,0.7200700973067342
353,3.5300000000000002,BR,0.0,-0.4655293822288513,0.04468236118555069,-0.7477378845214844,-0.7419880032539368,0.4655293822288513,-0.9226133823394775,-0.7477378845214844,-1.8345677852630615,0.595648467540741,,-0.7477378845214844,-0.2156684547662735,0.9158322,0.0074485578,-0.021741115,0.7200700973067342
354,3.54,FL,0.0,0.27893492579460144,0.25248268246650696,0.3588015139102936,0.35865214467048645,-0.27893492579460144,0.46687889099121094,0.3588015139102936,0.8781326413154602,-0.7929930686950684,,0.3588015139102936,0.0599861778318882,0.91578746,0.0074239327,-0.021741122,0.7201811859136397
354,3.54,FR,0.0,-0.4258371591567993,-0.4447093605995178,-0.23267993330955505,-0.12157944589853287,0.4258371591567993,-0.2868042588233948,-0.23267993330955505,-0.5152091383934021,1.3196910619735718,,-0.23267993330955505,-0.03992651402950287,0.91578746,0.0074239327,-0.021741122,0.7201811859136397
354,3.54,BL,0.0,-0.0794176459312439,-0.19718104600906372,1.0177030563354492,1.0797374248504639,0.0794176459312439,1.048923373222351,1.0177030563354492,2.0725955963134766,0.14489950239658356,,1.0177030563354492,0.24026839435100555,0.91578746,0.0074239327,-0.021741122,0.7201811859136397
354,3.54,BR,0.0,0.04468236118555069,0.18014292418956757,-0.7419880032539368,-0.9404863715171814,-0.04468236118555069,-0.923149585723877,-0.7419880032539368,-1.820820927619934,0.5773719549179077,,-0.7419880032539368,-0.22292114794254303,0.91578746,0.0074239327,-0.021741122,0.7201811859136397
355,3.5500000000000003,FL,0.0,0.25248268246650696,0.164995938539505,0.35865214467048645,0.36588582396507263,-0.25248268246650696,0.46384909749031067,0.35865214467048645,0.8718264698982239,-0.7842434644699097,,0.35865214467048645,0.05381391569972038,0.9157418,0.007380935,-0.02174103,0.7202886817674746
355,3.5500000000000003,FR,0.0,-0.4447093605995178,0.18699777126312256,-0.12157944589853287,-0.10892052203416824,0.4447093605995178,-0.2814677655696869,-0.12157944589853287,-0.5045419335365295,1.3145925998687744,,-0.12157944589853287,-0.05689922720193863,0.9157418,0.007380935,-0.02174103,0.7202886817674746
355,3.5500000000000003,BL,0.0,-0.19718104600906372,0.12987148761749268,1.0797374248504639,1.1277958154678345,0.19718104600906372,1.0512895584106445,1.0797374248504639,2.0760021209716797,0.1656426042318344,,1.0797374248504639,0.25897112488746643,0.9157418,0.007380935,-0.02174103,0.7202886817674746
355,3.5500000000000003,BR,0.0,0.18014292418956757,-0.6976642608642578,-0.9404863715171814,-0.9952067732810974,-0.18014292418956757,-0.9253113269805908,-0.9404863715171814,-1.8231794834136963,0.5591518878936768,,-0.9404863715171814,-0.19978788495063782,0.9157418,0.007380935,-0.02174103,0.7202886817674746
356,3.56,FL,0.0,0.164995938539505,0.2714118957519531,0.36588582396507263,0.39785072207450867,-0.164995938539505,0.46186915040016174,0.36588582396507263,0.8663347959518433,-0.7755528092384338,,0.36588582396507263,0.0544436015188694,0.91568327,0.007339262,-0.021741096,0.720380154790588
356,3.56,FR,0.0,0.18699777126312256,-0.013104427605867386,-0.10892052203416824,-0.3562668561935425,-0.18699777126312256,-0.2837117314338684,-0.10892052203416824,-0.493300199508667,1.3096038103103638,,-0.10892052203416824,-0.0622265487909317,0.91568327,0.007339262,-0.021741096,0.720380154790588
356,3.56,BL,0.0,0.12987148761749268,0.08861322700977325,1.1277958154678345,0.9993410110473633,-0.12987148761749268,1.0497311353683472,1.1277958154678345,2.0830440521240234,0.18643806874752045,,1.1277958154678345,0.26419663429260254,0.91568327,0.007339262,-0.021741096,0.720380154790588
356,3.56,BR,0.0,-0.6976642608642578,-0.49812376499176025,-0.9952067732810974,-0.6462455987930298,0.6976642608642578,-0.9169393181800842,-0.9952067732810974,-1.8297368288040161,0.5408871173858643,,-0.9952067732810974,-0.30291980504989624,0.91568327,0.007339262,-0.021741096,0.720380154790588
357,3.5700000000000003,FL,0.0,0.2714118957519531,0.3027952313423157,0.39785072207450867,0.353304386138916,-0.2714118957519531,0.45861220359802246,0.39785072207450867,0.8635652661323547,-0.7669034004211426,,0.39785072207450867,0.0650329440832138,0.91562736,0.0073147314,-0.02174112,0.7205629763166036
357,3.5700000000000003,FR,0.0,-0.013104427605867386,-0.42805516719818115,-0.3562668561935425,-0.2784699499607086,0.013104427605867386,-0.28355446457862854,-0.3562668561935425,-0.5018965005874634,1.304627537727356,,-0.3562668561935425,-0.100033700466156,0.91562736,0.0073147314,-0.02174112,0.7205629763166036
357,3.5700000000000003,BL,0.0,0.08861322700977325,0.03039991855621338,0.9993410110473633,1.0142858028411865,-0.08861322700977325,1.0486677885055542,0.9993410110473633,2.0797359943389893,0.20725186169147491,,0.9993410110473633,0.2270892858505249,0.91562736,0.0073147314,-0.02174112,0.7205629763166036
357,3.5700000000000003,BR,0.0,-0.49812376499176025,0.026591096073389053,-0.6462455987930298,-0.7176898121833801,0.49812376499176025,-0.9109618663787842,-0.6462455987930298,-1.8086711168289185,0.522695779800415,,-0.6462455987930298,-0.19798846542835236,0.91562736,0.0073147314,-0.02174112,0.7205629763166036
358,3.58,FL,0.0,0.3027952313423157,0.2739003300666809,0.353304386138916,0.3374941051006317,-0.3027952313423157,0.4549786448478699,0.353304386138916,0.8574109077453613,-0.7582987546920776,,0.353304386138916,0.04969301447272301,0.91557145,0.0072841775,-0.021741131,0.7207075834074134
358,3.58,FR,0.0,-0.42805516719818115,-0.593616783618927,-0.2784699499607086,-0.11233241111040115,0.42805516719818115,-0.27841782569885254,-0.2784699499607086,-0.5040547847747803,1.2995977401733398,,-0.2784699499607086,-0.040575772523880005,0.91557145,0.0072841775,-0.021741131,0.7207075834074134
358,3.58,BL,0.0,0.03039991855621338,-0.012959271669387817,1.0142858028411865,1.0365078449249268,-0.03039991855621338,1.0483030080795288,1.0142858028411865,2.0777299404144287,0.22803911566734314,,1.0142858028411865,0.23016348481178284,0.91557145,0.0072841775,-0.021741131,0.7207075834074134
358,3.58,BR,0.0,0.026591096073389053,0.24074068665504456,-0.7176898121833801,-0.9215983152389526,-0.026591096073389053,-0.9112809300422668,-0.7176898121833801,-1.7940341234207153,0.504682719707489,,-0.7176898121833801,-0.21880191564559937,0.91557145,0.0072841775,-0.021741131,0.7207075834074134
359,3.59,FL,0.0,0.2739003300666809,0.18205544352531433,0.3374941051006317,0.3454185128211975,-0.2739003300666809,0.4516918659210205,0.3374941051006317,0.8502579927444458,-0.749760627746582,,0.3374941051006317,0.05272672325372696,0.91552013,0.007253163,-0.021741126,0.7208232614152613
359,3.59,FR,0.0,-0.593616783618927,-0.08345219492912292,-0.11233241111040115,-0.04097110033035278,0.593616783618927,-0.27129441499710083,-0.11233241111040115,-0.49309971928596497,1.2946122884750366,,-0.11233241111040115,-0.04647640883922577,0.91552013,0.007253163,-0.021741126,0.7208232614152613
359,3.59,BL,0.0,-0.012959271669387817,-0.041704654693603516,1.0365078449249268,1.053486704826355,0.012959271669387817,1.048458456993103,1.0365078449249268,2.077544927597046,0.24881549179553986,,1.0365078449249268,0.239582359790802,0.91552013,0.007253163,-0.021741126,0.7208232614152613
359,3.59,BR,0.0,0.24074068665504456,0.23750998079776764,-0.9215983152389526,-1.0075771808624268,-0.24074068665504456,-0.9141698479652405,-0.9215983152389526,-1.795961856842041,0.4867326617240906,,-0.9215983152389526,-0.28291672468185425,0.91552013,0.007253163,-0.021741126,0.7208232614152613
360,3.6,FL,0.0,0.18205544352531433,0.34064820408821106,0.3454185128211975,0.3788696825504303,-0.18205544352531433,0.4495071768760681,0.3454185128211975,0.8440070152282715,-0.7412895560264587,,0.3454185128211975,0.056511040776968,0.91547894,0.0072234888,-0.021741172,0.7209599389754756
360,3.6,FR,0.0,-0.08345219492912292,0.02676340937614441,-0.04097110033035278,-0.23791353404521942,0.08345219492912292,-0.2702929973602295,-0.04097110033035278,-0.47697800397872925,1.2897624969482422,,-0.04097110033035278,-0.028609268367290497,0.91547894,0.0072234888,-0.021741172,0.7209599389754756
360,3.6,BL,0.0,-0.041704654693603516,0.25111839175224304,1.053486704826355,1.0651403665542603,0.041704654693603516,1.0489588975906372,1.053486704826355,2.0786988735198975,0.26959675550460815,,1.053486704826355,0.25609466433525085,0.91547894,0.0072234888,-0.021741172,0.7209599389754756
360,3.6,BR,0.0,0.23750998079776764,-0.4016931653022766,-1.0075771808624268,-1.00917387008667,-0.23750998079776764,-0.9170199632644653,-1.0075771808624268,-1.8045564889907837,0.46872979402542114,,-1.0075771808624268,-0.2618291974067688,0.91547894,0.0072234888,-0.021741172,0.7209599389754756
361,3.61,FL,0.0,0.34064820408821106,0.3424147963523865,0.3788696825504303,0.3132479190826416,-0.34064820408821106,0.44541940093040466,0.3788696825504303,0.8406243920326233,-0.7328664660453796,,0.3788696825504303,0.058376945555210114,0.9154315,0.007203884,-0.021741016,0.7211666738712761
361,3.61,FR,0.0,0.02676340937614441,-0.21628323197364807,-0.23791353404521942,-0.2809983491897583,-0.02676340937614441,-0.2706141471862793,-0.23791353404521942,-0.4769328832626343,1.2849929332733154,,-0.23791353404521942,-0.07237441837787628,0.9154315,0.007203884,-0.021741016,0.7211666738712761
361,3.61,BL,0.0,0.25111839175224304,0.07668614387512207,1.0651403665542603,0.9485116004943848,-0.25111839175224304,1.0459455251693726,1.0651403665542603,2.080721378326416,0.2903939187526703,,1.0651403665542603,0.25189271569252014,0.9154315,0.007203884,-0.021741016,0.7211666738712761
361,3.61,BR,0.0,-0.4016931653022766,-0.6514723300933838,-1.00917387008667,-0.7563427090644836,0.4016931653022766,-0.9121996164321899,-1.00917387008667,-1.8129394054412842,0.45064204931259155,,-1.00917387008667,-0.28381016850471497,0.9154315,0.007203884,-0.021741016,0.7211666738712761
362,3.62,FL,0.0,0.3424147963523865,0.27568015456199646,0.3132479190826416,0.3084535002708435,-0.3424147963523865,0.44131043553352356,0.3132479190826416,0.8322283029556274,-0.7245025038719177,,0.3132479190826416,0.04661913216114044,0.9153893,0.0071894275,-0.02174108,0.7213362789579529
362,3.62,FR,0.0,-0.21628323197364807,-0.5309266448020935,-0.2809983491897583,-0.18410085141658783,0.21628323197364807,-0.2680187523365021,-0.2809983491897583,-0.480268269777298,1.2802067995071411,,-0.2809983491897583,-0.046202339231967926,0.9153893,0.0071894275,-0.02174108,0.7213362789579529
362,3.62,BL,0.0,0.07668614387512207,-0.13377033174037933,0.9485116004943848,1.0152710676193237,-0.07668614387512207,1.0450252294540405,0.9485116004943848,2.0735185146331787,0.31116488575935364,,0.9485116004943848,0.22141146659851074,0.9153893,0.0071894275,-0.02174108,0.7213362789579529
362,3.62,BR,0.0,-0.6514723300933838,0.04407190904021263,-0.7563427090644836,-0.6516107320785522,0.6514723300933838,-0.9043819904327393,-0.7563427090644836,-1.801166296005249,0.4325718879699707,,-0.7563427090644836,-0.21816667914390564,0.9153893,0.0071894275,-0.02174108,0.7213362789579529
363,3.63,FL,0.0,0.27568015456199646,0.17973725497722626,0.3084535002708435,0.33103838562965393,-0.27568015456199646,0.43800225853919983,0.3084535002708435,0.8237854242324829,-0.7162227034568787,,0.3084535002708435,0.04707367718219757,0.91534317,0.007158209,-0.021741156,0.721407596071607
363,3.63,FR,0.0,-0.5309266448020935,-0.2379210889339447,-0.18410085141658783,-0.055648088455200195,0.5309266448020935,-0.26164764165878296,-0.18410085141658783,-0.4758740961551666,1.2754261493682861,,-0.18410085141658783,-0.039812374860048294,0.91534317,0.007158209,-0.021741156,0.721407596071607
363,3.63,BL,0.0,-0.13377033174037933,-0.006659328937530518,1.0152710676193237,1.0985333919525146,0.13377033174037933,1.0466305017471313,1.0152710676193237,2.071833372116089,0.33189156651496887,,1.0152710676193237,0.24270904064178467,0.91534317,0.007158209,-0.021741156,0.721407596071607
363,3.63,BR,0.0,0.04407190904021263,0.0950707495212555,-0.6516107320785522,-0.9220107197761536,-0.04407190904021263,-0.9049108028411865,-0.6516107320785522,-1.7816416025161743,0.4146585166454315,,-0.6516107320785522,-0.20505768060684204,0.91534317,0.007158209,-0.021741156,0.721407596071607
364,3.64,FL,0.0,0.17973725497722626,0.2123894989490509,0.33103838562965393,0.36610737442970276,-0.17973725497722626,0.43584543466567993,0.33103838562965393,0.8174447417259216,-0.7080167531967163,,0.33103838562965393,0.050683796405792236,0.915294,0.0071210563,-0.02174123,0.7214959104728791
364,3.64,FR,0.0,-0.2379210889339447,0.04150772839784622,-0.055648088455200195,-0.1664791852235794,0.2379210889339447,-0.25879257917404175,-0.055648088455200195,-0.4615787863731384,1.2707394361495972,,-0.055648088455200195,-0.039007749408483505,0.915294,0.0071210563,-0.02174123,0.7214959104728791
364,3.64,BL,0.0,-0.006659328937530518,0.09263697266578674,1.0985333919525146,1.0492942333221436,0.006659328937530518,1.04671049118042,1.0985333919525146,2.0767438411712646,0.35263463854789734,,1.0985333919525146,0.2637949585914612,0.915294,0.0071210563,-0.02174123,0.7214959104728791
364,3.64,BR,0.0,0.0950707495212555,-0.34173476696014404,-0.9220107197761536,-0.9429391026496887,-0.0950707495212555,-0.9060516953468323,-0.9220107197761536,-1.7840875387191772,0.3968297839164734,,-0.9220107197761536,-0.2704864740371704,0.915294,0.0071210563,-0.02174123,0.7214959104728791
365,3.65,FL,0.0,0.2123894989490509,0.32653573155403137,0.36610737442970276,0.3508896231651306,-0.2123894989490509,0.43329674005508423,0.36610737442970276,0.814102828502655,-0.6998591423034668,,0.36610737442970276,0.05501934140920639,0.9152451,0.0070933728,-0.021741048,0.7216359502799081
365,3.65,FR,0.0,0.04150772839784622,-0.11018329858779907,-0.1664791852235794,-0.2753956615924835,-0.04150772839784622,-0.2592906653881073,-0.1664791852235794,-0.4565354883670807,1.2661490440368652,,-0.1664791852235794,-0.06435554474592209,0.9152451,0.0070933728,-0.021741048,0.7216359502799081
365,3.65,BL,0.0,0.09263697266578674,0.0354791134595871,1.0492942333221436,1.0096555948257446,-0.09263697266578674,1.0455987453460693,1.0492942333221436,2.0776004791259766,0.37340638041496277,,1.0492942333221436,0.24901220202445984,0.9152451,0.0070933728,-0.021741048,0.7216359502799081
365,3.65,BR,0.0,-0.34173476696014404,-0.34426525235176086,-0.9429391026496887,-0.7693578004837036,0.34173476696014404,-0.9019508361816406,-0.9429391026496887,-1.788078784942627,0.3789688050746918,,-0.9429391026496887,-0.2810910940170288,0.9152451,0.0070933728,-0.021741048,0.7216359502799081
366,3.66,FL,0.0,0.32653573155403137,0.18557101488113403,0.3508896231651306,0.30268245935440063,-0.32653573155403137,0.42937833070755005,0.3508896231651306,0.8096985816955566,-0.6917402744293213,,0.3508896231651306,0.057964667677879333,0.91520107,0.0070635024,-0.021741102,0.721726982782214
366,3.66,FR,0.0,-0.11018329858779907,-0.444458544254303,-0.2753956615924835,-0.21521735191345215,0.11018329858779907,-0.2579684555530548,-0.2753956615924835,-0.46023133397102356,1.261565089225769,,-0.2753956615924835,-0.039059873670339584,0.91520107,0.0070635024,-0.021741102,0.721726982782214
366,3.66,BL,0.0,0.0354791134595871,0.09997962415218353,1.0096555948257446,1.031407117843628,-0.0354791134595871,1.0451730489730835,1.0096555948257446,2.075314998626709,0.394170880317688,,1.0096555948257446,0.23874333500862122,0.91520107,0.0070635024,-0.021741102,0.721726982782214
366,3.66,BR,0.0,-0.34426525235176086,0.1423395574092865,-0.7693578004837036,-0.7642447352409363,0.34426525235176086,-0.8978196978569031,-0.7693578004837036,-1.7783011198043823,0.3611372411251068,,-0.7693578004837036,-0.23432037234306335,0.91520107,0.0070635024,-0.021741102,0.721726982782214
367,3.67,FL,0.0,0.18557101488113403,0.12569862604141235,0.30268245935440063,0.35514992475509644,-0.18557101488113403,0.42715147137641907,0.30268245935440063,0.8016865253448486,-0.6836836338043213,,0.30268245935440063,0.047537945210933685,0.91515714,0.0070338403,-0.021741185,0.7218100924765096
367,3.67,FR,0.0,-0.444458544254303,0.0330277681350708,-0.21521735191345215,-0.08018504828214645,0.444458544254303,-0.2526349723339081,-0.21521735191345215,-0.45906299352645874,1.25696861743927,,-0.21521735191345215,-0.0732615739107132,0.91515714,0.0070338403,-0.021741185,0.7218100924765096
367,3.67,BL,0.0,0.09997962415218353,-0.005509689450263977,1.031407117843628,1.0051811933517456,-0.09997962415218353,1.0439733266830444,1.031407117843628,2.074824810028076,0.4149215519428253,,1.031407117843628,0.2484571635723114,0.91515714,0.0070338403,-0.021741185,0.7218100924765096
367,3.67,BR,0.0,0.1423395574092865,-0.044875387102365494,-0.7642447352409363,-0.9547554850578308,-0.1423395574092865,-0.8995277285575867,-0.7642447352409363,-1.7685058116912842,0.34340354800224304,,-0.7642447352409363,-0.23829828202724457,0.91515714,0.0070338403,-0.021741185,0.7218100924765096
368,3.68,FL,0.0,0.12569862604141235,0.23437336087226868,0.35514992475509644,0.3768720328807831,-0.12569862604141235,0.42564308643341064,0.35514992475509644,0.7981032133102417,-0.6756848096847534,,0.35514992475509644,0.06499940156936646,0.9151218,0.006999514,-0.021741094,0.7218852284705858
368,3.68,FR,0.0,0.0330277681350708,0.11931496858596802,-0.08018504828214645,-0.2658460736274719,-0.0330277681350708,-0.25303128361701965,-0.08018504828214645,-0.4473510682582855,1.2524369955062866,,-0.08018504828214645,-0.04435291513800621,0.9151218,0.006999514,-0.021741094,0.7218852284705858
368,3.68,BL,0.0,-0.005509689450263977,0.13242219388484955,1.0051811933517456,1.0461771488189697,0.005509689450263977,1.0440393686294556,1.0051811933517456,2.0722970962524414,0.4356570839881897,,1.0051811933517456,0.24668298661708832,0.9151218,0.006999514,-0.021741094,0.7218852284705858
368,3.68,BR,0.0,-0.044875387102365494,-0.4436291456222534,-0.9547554850578308,-0.8815776109695435,0.044875387102365494,-0.8989892601966858,-0.9547554850578308,-1.7740347385406494,0.3256906569004059,,-0.9547554850578308,-0.2440839260816574,0.9151218,0.006999514,-0.021741094,0.7218852284705858
369,3.69,FL,0.0,0.23437336087226868,0.18778575956821442,0.3768720328807831,0.3318937420845032,-0.23437336087226868,0.42283061146736145,0.3768720328807831,0.796363890171051,-0.6677125096321106,,0.3768720328807831,0.06653539836406708,0.9150791,0.006970213,-0.021741185,0.7219990191799027
369,3.69,FR,0.0,0.11931496858596802,-0.06377287209033966,-0.2658460736274719,-0.3007572889328003,-0.11931496858596802,-0.2544630765914917,-0.2658460736274719,-0.4506581127643585,1.2479467391967773,,-0.2658460736274719,-0.08768590539693832,0.9150791,0.006970213,-0.021741185,0.7219990191799027
369,3.69,BL,0.0,0.13242219388484955,0.09000018239021301,1.0461771488189697,0.9910705089569092,-0.13242219388484955,1.0424503087997437,1.0461771488189697,2.0730836391448975,0.45638400316238403,,1.0461771488189697,0.24825771152973175,0.9150791,0.006970213,-0.021741185,0.7219990191799027
369,3.69,BR,0.0,-0.4436291456222534,0.08827772736549377,-0.8815776109695435,-0.7215375900268555,0.4436291456222534,-0.8936656713485718,-0.8815776109695435,-1.7736080884933472,0.3079524636268616,,-0.8815776109695435,-0.26319998502731323,0.9150791,0.006970213,-0.021741185,0.7219990191799027
370,3.7,FL,0.0,0.18778575956821442,0.28572550415992737,0.3318937420845032,0.3477163016796112,-0.18778575956821442,0.42057716846466064,0.3318937420845032,0.7911654710769653,-0.6597750186920166,,0.3318937420845032,0.06037576496601105,0.91504323,0.006947179,-0.021741243,0.7221066176549922
370,3.7,FR,0.0,-0.06377287209033966,-0.099175825715065,-0.3007572889328003,-0.22895392775535583,0.06377287209033966,-0.25369781255722046,-0.3007572889328003,-0.4565733075141907,1.2434104681015015,,-0.3007572889328003,-0.09217221289873123,0.91504323,0.006947179,-0.021741243,0.7221066176549922
370,3.7,BL,0.0,0.09000018239021301,0.20481476187705994,0.9910705089569092,1.0064502954483032,-0.09000018239021301,1.0413702726364136,0.9910705089569092,2.0695176124572754,0.47709691524505615,,0.9910705089569092,0.24461397528648376,0.91504323,0.006947179,-0.021741243,0.7221066176549922
370,3.7,BR,0.0,0.08827772736549377,0.1138252466917038,-0.7215375900268555,-0.9289767742156982,-0.08827772736549377,-0.8947250247001648,-0.7215375900268555,-1.7606477737426758,0.29028159379959106,,-0.7215375900268555,-0.20919692516326904,0.91504323,0.006947179,-0.021741243,0.7221066176549922
371,3.71,FL,0.0,0.28572550415992737,0.3026335835456848,0.3477163016796112,0.3062869608402252,-0.28572550415992737,0.4171484708786011,0.3477163016796112,0.7874117493629456,-0.6518822908401489,,0.3477163016796112,0.060312654823064804,0.91500515,0.006933798,-0.021741074,0.7222819464194864
371,3.71,FR,0.0,-0.099175825715065,-0.22043107450008392,-0.22895392775535583,-0.21402747929096222,0.099175825715065,-0.25250768661499023,-0.22895392775535583,-0.4566256105899811,1.238844394683838,,-0.22895392775535583,-0.06710212677717209,0.91500515,0.006933798,-0.021741074,0.7222819464194864
371,3.71,BL,0.0,0.20481476187705994,0.0775211900472641,1.0064502954483032,0.9594444036483765,-0.20481476187705994,1.0389125347137451,1.0064502954483032,2.0672976970672607,0.4977809190750122,,1.0064502954483032,0.24571456015110016,0.91500515,0.006933798,-0.021741074,0.7222819464194864
371,3.71,BR,0.0,0.1138252466917038,0.05854018032550812,-0.9289767742156982,-0.9402551054954529,-0.1138252466917038,-0.8960909247398376,-0.9289767742156982,-1.764463186264038,0.2726559340953827,,-0.9289767742156982,-0.2702399790287018,0.91500515,0.006933798,-0.021741074,0.7222819464194864
372,3.72,FL,0.0,0.3026335835456848,0.24936094880104065,0.3062869608402252,0.2960950434207916,-0.3026335835456848,0.4135168790817261,0.3062869608402252,0.7805562615394592,-0.6440426707267761,,0.3062869608402252,0.054645635187625885,0.9149768,0.006926369,-0.021741094,0.7224179549048678
372,3.72,FR,0.0,-0.22043107450008392,-0.3809060752391815,-0.21402747929096222,-0.16433526575565338,0.22043107450008392,-0.24986252188682556,-0.21402747929096222,-0.4555053412914276,1.2342838048934937,,-0.21402747929096222,-0.040444761514663696,0.9149768,0.006926369,-0.021741094,0.7224179549048678
372,3.72,BL,0.0,0.0775211900472641,-0.13056069612503052,0.9594444036483765,1.007904052734375,-0.0775211900472641,1.0379823446273804,0.9594444036483765,2.061478614807129,0.5184245705604553,,0.9594444036483765,0.2340824455022812,0.9149768,0.006926369,-0.021741094,0.7224179549048678
372,3.72,BR,0.0,0.05854018032550812,0.15059231221675873,-0.9402551054954529,-0.9195070266723633,-0.05854018032550812,-0.8967934250831604,-0.9402551054954529,-1.7690134048461914,0.2549883723258972,,-0.9402551054954529,-0.262683629989624,0.9149768,0.006926369,-0.021741094,0.7224179549048678
373,3.73,FL,0.0,0.24936094880104065,0.262443870306015,0.2960950434207916,0.3137724995613098,-0.24936094880104065,0.41052454710006714,0.2960950434207916,0.7731702923774719,-0.6362742781639099,,0.2960950434207916,0.05349743366241455,0.9149496,0.0069173775,-0.021741157,0.7225539695056011
373,3.73,FR,0.0,-0.3809060752391815,-0.12856262922286987,-0.16433526575565338,-0.09750009328126907,0.3809060752391815,-0.24529165029525757,-0.16433526575565338,-0.45053207874298096,1.229753851890564,,-0.16433526575565338,-0.043592631816864014,0.9149496,0.0069173775,-0.021741157,0.7225539695056011
373,3.73,BL,0.0,-0.13056069612503052,0.06181010603904724,1.007904052734375,1.0902066230773926,0.13056069612503052,1.0395489931106567,1.007904052734375,2.059687852859497,0.5390303730964661,,1.007904052734375,0.25580522418022156,0.9149496,0.0069173775,-0.021741157,0.7225539695056011
373,3.73,BR,0.0,0.15059231221675873,-0.2600736618041992,-0.9195070266723633,-0.9570303559303284,-0.15059231221675873,-0.8986005187034607,-0.9195070266723633,-1.7717581987380981,0.23728443682193756,,-0.9195070266723633,-0.2629640996456146,0.9149496,0.0069173775,-0.021741157,0.7225539695056011
374,3.74,FL,0.0,0.262443870306015,0.304638534784317,0.3137724995613098,0.30554699897766113,-0.262443870306015,0.4073752164840698,0.3137724995613098,0.7674602270126343,-0.6285713315010071,,0.3137724995613098,0.05587073788046837,0.9149182,0.0069023184,-0.021741284,0.7226945971810717
374,3.74,FR,0.0,-0.12856262922286987,-0.10115677863359451,-0.09750009328126907,-0.19386659562587738,0.12856262922286987,-0.24374888837337494,-0.09750009328126907,-0.4405125379562378,1.2252988815307617,,-0.09750009328126907,-0.03267233446240425,0.9149182,0.0069023184,-0.021741284,0.7226945971810717
374,3.74,BL,0.0,0.06181010603904724,0.12300342321395874,1.0902066230773926,1.0148249864578247,-0.06181010603904724,1.0388072729110718,1.0902066230773926,2.0644214153289795,0.5596510767936707,,1.0902066230773926,0.27279147505760193,0.9149182,0.0069023184,-0.021741284,0.7226945971810717
374,3.74,BR,0.0,-0.2600736618041992,-0.27916219830513,-0.9570303559303284,-0.794571042060852,0.2600736618041992,-0.8954796195030212,-0.9570303559303284,-1.7773380279541016,0.21953876316547394,,-0.9570303559303284,-0.2610880434513092,0.9149182,0.0069023184,-0.021741284,0.7226945971810717
375,3.75,FL,0.0,0.304638534784317,0.24393995106220245,0.30554699897766113,0.2855198085308075,-0.304638534784317,0.40371954441070557,0.30554699897766113,0.7613290548324585,-0.6209275722503662,,0.30554699897766113,0.050558723509311676,0.9148812,0.0068810936,-0.021741053,0.7228230890750751
375,3.75,FR,0.0,-0.10115677863359451,-0.10938536375761032,-0.19386659562587738,-0.20328618586063385,0.10115677863359451,-0.24253500998020172,-0.19386659562587738,-0.43844303488731384,1.2209042310714722,,-0.19386659562587738,-0.0653623715043068,0.9148812,0.0068810936,-0.021741053,0.7228230890750751
375,3.75,BL,0.0,0.12300342321395874,0.038181573152542114,1.0148249864578247,0.9896059632301331,-0.12300342321395874,1.037331223487854,1.0148249864578247,2.0630581378936768,0.5802884101867676,,1.0148249864578247,0.24794282019138336,0.9148812,0.0068810936,-0.021741053,0.7228230890750751
375,3.75,BR,0.0,-0.27916219830513,0.09974487870931625,-0.794571042060852,-0.7838147878646851,0.27916219830513,-0.8921297192573547,-0.794571042060852,-1.769958734512329,0.20180253684520721,,-0.794571042060852,-0.2344714254140854,0.9148812,0.0068810936,-0.021741053,0.7228230890750751
376,3.7600000000000002,FL,0.0,0.24393995106220245,0.15723614394664764,0.2855198085308075,0.30614355206489563,-0.24393995106220245,0.40079227089881897,0.2855198085308075,0.7538676857948303,-0.6133518218994141,,0.2855198085308075,0.04788385331630707,0.914844,0.0068600583,-0.021741137,0.7228999740064016
376,3.7600000000000002,FR,0.0,-0.10938536375761032,-0.26932576298713684,-0.20328618586063385,-0.1987808644771576,0.10938536375761032,-0.24122239649295807,-0.20328618586063385,-0.437193363904953,1.2165260314941406,,-0.20328618586063385,-0.046854302287101746,0.914844,0.0068600583,-0.021741137,0.7228999740064016
376,3.7600000000000002,BL,0.0,0.038181573152542114,-0.3172038197517395,0.9896059632301331,1.0220586061477661,-0.038181573152542114,1.0368731021881104,0.9896059632301331,2.059770345687866,0.6009024381637573,,0.9896059632301331,0.23865267634391785,0.914844,0.0068600583,-0.021741137,0.7228999740064016
376,3.7600000000000002,BR,0.0,0.09974487870931625,0.10049965977668762,-0.7838147878646851,-0.9320276379585266,-0.09974487870931625,-0.8933266401290894,-0.7838147878646851,-1.762025237083435,0.18414287269115448,,-0.7838147878646851,-0.23780903220176697,0.914844,0.0068600583,-0.021741137,0.7228999740064016
377,3.77,FL,0.0,0.15723614394664764,0.2462228685617447,0.30614355206489563,0.33789780735969543,-0.15723614394664764,0.3989054262638092,0.30614355206489563,0.74831622838974,-0.6058411002159119,,0.30614355206489563,0.05366464704275131,0.9148148,0.006833402,-0.021741085,0.7230185562250091
377,3.77,FR,0.0,-0.26932576298713684,0.002341953106224537,-0.1987808644771576,-0.13349208235740662,0.26932576298713684,-0.23799048364162445,-0.1987808644771576,-0.4356393814086914,1.212161898612976,,-0.1987808644771576,-0.06551936268806458,0.9148148,0.006833402,-0.021741085,0.7230185562250091
377,3.77,BL,0.0,-0.3172038197517395,0.14770124852657318,1.0220586061477661,1.1637545824050903,0.3172038197517395,1.0406795740127563,1.0220586061477661,2.059156656265259,0.6214970946311951,,1.0220586061477661,0.2566317319869995,0.9148148,0.006833402,-0.021741085,0.7230185562250091
377,3.77,BR,0.0,0.10049965977668762,-0.24344006180763245,-0.9320276379585266,-0.9335265159606934,-0.10049965977668762,-0.8945326209068298,-0.9320276379585266,-1.7660259008407593,0.16650249063968658,,-0.9320276379585266,-0.23661726713180542,0.9148148,0.006833402,-0.021741085,0.7230185562250091
378,3.7800000000000002,FL,0.0,0.2462228685617447,0.09235184639692307,0.33789780735969543,0.3004162907600403,-0.2462228685617447,0.3959507644176483,0.33789780735969543,0.7454726696014404,-0.5983722805976868,,0.33789780735969543,0.05942772328853607,0.9147834,0.0068003926,-0.021741103,0.7231390064145499
378,3.7800000000000002,FR,0.0,0.002341953106224537,-0.08024755865335464,-0.13349208235740662,-0.23892726004123688,-0.002341953106224537,-0.23801858723163605,-0.13349208235740662,-0.4290263056755066,1.2078388929367065,,-0.13349208235740662,-0.05456170812249184,0.9147834,0.0068003926,-0.021741103,0.7231390064145499
378,3.7800000000000002,BL,0.0,0.14770124852657318,0.9414620399475098,1.1637545824050903,0.9815990328788757,-0.14770124852657318,1.0389071702957153,1.1637545824050903,2.069678783416748,0.642141580581665,,1.1637545824050903,0.23933793604373932,0.9147834,0.0068003926,-0.021741103,0.7231390064145499
378,3.7800000000000002,BR,0.0,-0.24344006180763245,0.12304225564002991,-0.9335265159606934,-0.7971566319465637,0.24344006180763245,-0.8916113376617432,-0.9335265159606934,-1.7699872255325317,0.14882229268550873,,-0.9335265159606934,-0.27592408657073975,0.9147834,0.0068003926,-0.021741103,0.7231390064145499
379,3.79,FL,0.0,0.09235184639692307,0.191377192735672,0.3004162907600403,0.3590100109577179,-0.09235184639692307,0.3948425352573395,0.3004162907600403,0.7398012280464172,-0.5909460783004761,,0.3004162907600403,0.056463822722435,0.9147631,0.006777013,-0.021741062,0.7232817403075578
379,3.79,FR,0.0,-0.08024755865335464,-0.045709311962127686,-0.23892726004123688,-0.2059195637702942,0.08024755865335464,-0.23705561459064484,-0.23892726004123688,-0.4309408962726593,1.2035388946533203,,-0.23892726004123688,-0.07116194069385529,0.9147631,0.006777013,-0.021741062,0.7232817403075578
379,3.79,BL,0.0,0.9414620399475098,0.14021095633506775,0.9815990328788757,0.6623222827911377,-0.9414620399475098,1.0276095867156982,0.9815990328788757,2.0655035972595215,0.6628173589706421,,0.9815990328788757,0.23753103613853455,0.9147631,0.006777013,-0.021741062,0.7232817403075578
379,3.79,BR,0.0,0.12304225564002991,0.07270219922065735,-0.7971566319465637,-0.940828263759613,-0.12304225564002991,-0.8930878639221191,-0.7971566319465637,-1.763098955154419,0.13115708529949188,,-0.7971566319465637,-0.2145283818244934,0.9147631,0.006777013,-0.021741062,0.7232817403075578
380,3.8000000000000003,FL,0.0,0.191377192735672,0.07744501531124115,0.3590100109577179,0.31829166412353516,-0.191377192735672,0.39254599809646606,0.3590100109577179,0.7389472126960754,-0.583552360534668,,0.3590100109577179,0.08234769105911255,0.914749,0.006767629,-0.021741154,0.7233723214440319
380,3.8000000000000003,FR,0.0,-0.045709311962127686,-0.10581167042255402,-0.2059195637702942,-0.21877188980579376,0.045709311962127686,-0.2365071028470993,-0.2059195637702942,-0.43019190430641174,1.1992332935333252,,-0.2059195637702942,-0.05850403010845184,0.914749,0.006767629,-0.021741154,0.7233723214440319
380,3.8000000000000003,BL,0.0,0.14021095633506775,0.09138903766870499,0.6623222827911377,0.9715251922607422,-0.14021095633506775,1.0259270668029785,0.6623222827911377,2.036454200744629,0.6833261847496033,,0.6623222827911377,0.16662338376045227,0.914749,0.006767629,-0.021741154,0.7233723214440319
380,3.8000000000000003,BR,0.0,0.07270219922065735,0.12250179052352905,-0.940828263759613,-0.9221687316894531,-0.07270219922065735,-0.8939602971076965,-0.940828263759613,-1.7677476406097412,0.11350269615650177,,-0.940828263759613,-0.26565515995025635,0.914749,0.006767629,-0.021741154,0.7233723214440319
381,3.81,FL,0.0,0.07744501531124115,0.1718258261680603,0.31829166412353516,0.36156800389289856,-0.07744501531124115,0.39161667227745056,0.31829166412353516,0.7349334359169006,-0.5761830806732178,,0.31829166412353516,0.0770743116736412,0.91474074,0.0067642774,-0.021741183,0.7234683629098352
381,3.81,FR,0.0,-0.10581167042255402,-0.09289023280143738,-0.21877188980579376,-0.19418244063854218,0.10581167042255402,-0.23523736000061035,-0.21877188980579376,-0.4304801821708679,1.1949299573898315,,-0.21877188980579376,-0.05593229457736015,0.91474074,0.0067642774,-0.021741183,0.7234683629098352
381,3.81,BL,0.0,0.09138903766870499,0.06254340708255768,0.9715251922607422,0.9893714189529419,-0.09138903766870499,1.0248303413391113,0.9715251922607422,2.03279185295105,0.7036722898483276,,0.9715251922607422,0.2566685974597931,0.91474074,0.0067642774,-0.021741183,0.7234683629098352
381,3.81,BR,0.0,0.12250179052352905,0.13554534316062927,-0.9221687316894531,-0.9429609775543213,-0.12250179052352905,-0.895430326461792,-0.9221687316894531,-1.7707507610321045,0.09581010788679123,,-0.9221687316894531,-0.2444058358669281,0.91474074,0.0067642774,-0.021741183,0.7234683629098352
382,3.8200000000000003,FL,0.0,0.1718258261680603,0.28613340854644775,0.36156800389289856,0.3228863477706909,-0.1718258261680603,0.3895547688007355,0.36156800389289856,0.7344708442687988,-0.5688360929489136,,0.36156800389289856,0.07960923761129379,0.91472423,0.006750591,-0.021741336,0.7235680332616783
382,3.8200000000000003,FR,0.0,-0.09289023280143738,-0.07062140852212906,-0.19418244063854218,-0.19808126986026764,0.09289023280143738,-0.23412267863750458,-0.19418244063854218,-0.42882880568504333,1.1906334161758423,,-0.19418244063854218,-0.057629041373729706,0.91472423,0.006750591,-0.021741336,0.7235680332616783
382,3.8200000000000003,BL,0.0,0.06254340708255768,0.18080289661884308,0.9893714189529419,0.9998130202293396,-0.06254340708255768,1.0240797996520996,0.9893714189529419,2.030672550201416,0.7239895462989807,,0.9893714189529419,0.2555083930492401,0.91472423,0.006750591,-0.021741336,0.7235680332616783
382,3.8200000000000003,BR,0.0,0.13554534316062927,-0.29617470502853394,-0.9429609775543213,-0.9496484398841858,-0.13554534316062927,-0.8970568180084229,-0.9429609775543213,-1.7752667665481567,0.07807987183332443,,-0.9429609775543213,-0.24454021453857422,0.91472423,0.006750591,-0.021741336,0.7235680332616783
383,3.83,FL,0.0,0.28613340854644775,0.28831642866134644,0.3228863477706909,0.2751013934612274,-0.28613340854644775,0.38612115383148193,0.3228863477706909,0.7309929728507996,-0.5615088939666748,,0.3228863477706909,0.06047483906149864,0.9146978,0.006736986,-0.021741254,0.7236960742853377
383,3.83,FR,0.0,-0.07062140852212906,-0.09666553884744644,-0.19808126986026764,-0.20587411522865295,0.07062140852212906,-0.23327521979808807,-0.19808126986026764,-0.42754796147346497,1.1863516569137573,,-0.19808126986026764,-0.05906381830573082,0.9146978,0.006736986,-0.021741254,0.7236960742853377
383,3.83,BL,0.0,0.18080289661884308,0.10257256031036377,0.9998130202293396,0.9517586827278137,-0.18080289661884308,1.0219101905822754,0.9998130202293396,2.0294551849365234,0.7442901730537415,,0.9998130202293396,0.2510216236114502,0.9146978,0.006736986,-0.021741254,0.7236960742853377
383,3.83,BR,0.0,-0.29617470502853394,-0.3465959429740906,-0.9496484398841858,-0.7785869836807251,0.29617470502853394,-0.8935027718544006,-0.9496484398841858,-1.7801300287246704,0.060302723199129105,,-0.9496484398841858,-0.25318092107772827,0.9146978,0.006736986,-0.021741254,0.7236960742853377
384,3.84,FL,0.0,0.28831642866134644,0.19616170227527618,0.2751013934612274,0.2707946002483368,-0.28831642866134644,0.382661372423172,0.2751013934612274,0.7239040732383728,-0.5542346239089966,,0.2751013934612274,0.05175638198852539,0.91467077,0.006720533,-0.02174119,0.7237826931596765
384,3.84,FR,0.0,-0.09666553884744644,-0.04425767809152603,-0.20587411522865295,-0.19460900127887726,0.09666553884744644,-0.232115238904953,-0.20587411522865295,-0.42692843079566956,1.1820791959762573,,-0.20587411522865295,-0.06609392166137695,0.91467077,0.006720533,-0.02174119,0.7237826931596765
384,3.84,BL,0.0,0.10257256031036377,0.027671650052070618,0.9517586827278137,0.9808812141418457,-0.10257256031036377,1.0206793546676636,0.9517586827278137,2.024517059326172,0.7645598649978638,,0.9517586827278137,0.23923970758914948,0.91467077,0.006720533,-0.02174119,0.7237826931596765
384,3.84,BR,0.0,-0.3465959429740906,0.15078353881835938,-0.7785869836807251,-0.7548643946647644,0.3465959429740906,-0.8893436193466187,-0.7785869836807251,-1.7713878154754639,0.04254542663693428,,-0.7785869836807251,-0.22510702908039093,0.91467077,0.006720533,-0.02174119,0.7237826931596765
385,3.85,FL,0.0,0.19616170227527618,0.17825748026371002,0.2707946002483368,0.30419668555259705,-0.19616170227527618,0.3803074359893799,0.2707946002483368,0.7167553901672363,-0.547031581401825,,0.2707946002483368,0.05226810276508331,0.9146439,0.0067019067,-0.021741234,0.723848267560704
385,3.85,FR,0.0,-0.04425767809152603,-0.024059303104877472,-0.19460900127887726,-0.2144121676683426,0.04425767809152603,-0.23158414661884308,-0.19460900127887726,-0.42544978857040405,1.1778173446655273,,-0.19460900127887726,-0.06515829265117645,0.9146439,0.0067019067,-0.021741234,0.723848267560704
385,3.85,BL,0.0,0.027671650052070618,0.13770470023155212,0.9808812141418457,1.009610652923584,-0.027671650052070618,1.020347237586975,0.9808812141418457,2.0220563411712646,0.7847926020622253,,0.9808812141418457,0.24997146427631378,0.9146439,0.0067019067,-0.021741234,0.723848267560704
385,3.85,BR,0.0,0.15078353881835938,0.024115145206451416,-0.7548643946647644,-0.9496570229530334,-0.15078353881835938,-0.8911529779434204,-0.7548643946647644,-1.7611279487609863,0.02488318830728531,,-0.7548643946647644,-0.22123809158802032,0.9146439,0.0067019067,-0.021741234,0.723848267560704
386,3.86,FL,0.0,0.17825748026371002,0.27866801619529724,0.30419668555259705,0.30900442600250244,-0.17825748026371002,0.37816834449768066,0.30419668555259705,0.7125064730644226,-0.539885401725769,,0.30419668555259705,0.05866047739982605,0.9146172,0.006685186,-0.021741271,0.7239507336018397
386,3.86,FR,0.0,-0.024059303104877472,-0.10161799937486649,-0.2144121676683426,-0.2219604253768921,0.024059303104877472,-0.23129543662071228,-0.2144121676683426,-0.4255821108818054,1.1735622882843018,,-0.2144121676683426,-0.06732095032930374,0.9146172,0.006685186,-0.021741271,0.7239507336018397
386,3.86,BL,0.0,0.13770470023155212,0.1142982542514801,1.009610652923584,0.9652653932571411,-0.13770470023155212,1.0186948776245117,1.009610652923584,2.0219452381134033,0.8050126433372498,,1.009610652923584,0.2542422413825989,0.9146172,0.006685186,-0.021741271,0.7239507336018397
386,3.86,BR,0.0,0.024115145206451416,-0.6318727135658264,-0.9496570229530334,-0.900799036026001,-0.024115145206451416,-0.8914423584938049,-0.9496570229530334,-1.766546368598938,0.007244635373353958,,-0.9496570229530334,-0.2544516921043396,0.9146172,0.006685186,-0.021741271,0.7239507336018397
387,3.87,FL,0.0,0.27866801619529724,0.2350303679704666,0.30900442600250244,0.2667011320590973,-0.27866801619529724,0.37482431530952454,0.30900442600250244,0.7088011503219604,-0.5327789783477783,,0.30900442600250244,0.05839909613132477,0.91458905,0.0066726604,-0.02174112,0.7240834696574507
387,3.87,FR,0.0,-0.10161799937486649,-0.15025067329406738,-0.2219604253768921,-0.19064822793006897,0.10161799937486649,-0.23007601499557495,-0.2219604253768921,-0.42630118131637573,1.1693028211593628,,-0.2219604253768921,-0.06520421802997589,0.91458905,0.0066726604,-0.02174112,0.7240834696574507
387,3.87,BL,0.0,0.1142982542514801,0.03179256618022919,0.9652653932571411,0.9729755520820618,-0.1142982542514801,1.0173232555389404,0.9652653932571411,2.0183608531951904,0.8252140283584595,,0.9652653932571411,0.24074344336986542,0.91458905,0.0066726604,-0.02174112,0.7240834696574507
387,3.87,BR,0.0,-0.6318727135658264,0.013751894235610962,-0.900799036026001,-0.6386932730674744,0.6318727135658264,-0.8838599324226379,-0.900799036026001,-1.767920732498169,-0.01042774599045515,,-0.900799036026001,-0.25369247794151306,0.91458905,0.0066726604,-0.02174112,0.7240834696574507
388,3.88,FL,0.0,0.2350303679704666,0.17277832329273224,0.2667011320590973,0.28081217408180237,-0.2350303679704666,0.3720039427280426,0.2667011320590973,0.701923668384552,-0.5257256031036377,,0.2667011320590973,0.04654024541378021,0.9145588,0.0066537033,-0.021741113,0.724160919328048
388,3.88,FR,0.0,-0.15025067329406738,-0.07465363293886185,-0.19064822793006897,-0.16997574269771576,0.15025067329406738,-0.22827300429344177,-0.19064822793006897,-0.4245365262031555,1.1650487184524536,,-0.19064822793006897,-0.058497775346040726,0.9145588,0.0066537033,-0.021741113,0.724160919328048
388,3.88,BL,0.0,0.03179256618022919,0.15463079512119293,0.9729755520820618,1.0046062469482422,-0.03179256618022919,1.016941785812378,0.9729755520820618,2.01552152633667,0.84538334608078,,0.9729755520820618,0.24529878795146942,0.9145588,0.0066537033,-0.021741113,0.724160919328048
388,3.88,BR,0.0,0.013751894235610962,0.11920040845870972,-0.6386932730674744,-0.8893606662750244,-0.013751894235610962,-0.8840249180793762,-0.6386932730674744,-1.748686671257019,-0.028010141104459763,,-0.6386932730674744,-0.19277316331863403,0.9145588,0.0066537033,-0.021741113,0.724160919328048
389,3.89,FL,0.0,0.17277832329273224,0.20640674233436584,0.28081217408180237,0.30289262533187866,-0.17277832329273224,0.369930624961853,0.28081217408180237,0.6964224576950073,-0.5187340378761292,,0.28081217408180237,0.050176821649074554,0.9145274,0.0066339606,-0.021741245,0.7242491998884334
389,3.89,FR,0.0,-0.07465363293886185,-0.05186590552330017,-0.16997574269771576,-0.19841155409812927,0.07465363293886185,-0.22737716138362885,-0.16997574269771576,-0.4212198853492737,1.1608200073242188,,-0.16997574269771576,-0.05872426554560661,0.9145274,0.0066339606,-0.021741245,0.7242491998884334
389,3.89,BL,0.0,0.15463079512119293,0.05156584084033966,1.0046062469482422,0.9550894498825073,-0.15463079512119293,1.0150861740112305,1.0046062469482422,2.0152742862701416,0.8655373454093933,,1.0046062469482422,0.24989984929561615,0.9145274,0.0066339606,-0.021741245,0.7242491998884334
389,3.89,BR,0.0,0.11920040845870972,0.18601202964782715,-0.8893606662750244,-0.931705117225647,-0.11920040845870972,-0.885455310344696,-0.8893606662750244,-1.7498643398284912,-0.045502934604883194,,-0.8893606662750244,-0.26212242245674133,0.9145274,0.0066339606,-0.021741245,0.7242491998884334
390,3.9,FL,0.0,0.20640674233436584,0.20689411461353302,0.30289262533187866,0.28736791014671326,-0.20640674233436584,0.3674537241458893,0.30289262533187866,0.6928685307502747,-0.5117877125740051,,0.30289262533187866,0.059597961604595184,0.9145011,0.0066236355,-0.02174123,0.7243723116110332
390,3.9,FR,0.0,-0.05186590552330017,-0.1854066550731659,-0.19841155409812927,-0.20663079619407654,0.05186590552330017,-0.22675476968288422,-0.19841155409812927,-0.42026329040527344,1.1566126346588135,,-0.19841155409812927,-0.05656452104449272,0.9145011,0.0066236355,-0.02174123,0.7243723116110332
390,3.9,BL,0.0,0.05156584084033966,0.16506212949752808,0.9550894498825073,0.9944598078727722,-0.05156584084033966,1.0144673585891724,0.9550894498825073,2.01115345954895,0.8856693506240845,,0.9550894498825073,0.24216227233409882,0.9145011,0.0066236355,-0.02174123,0.7243723116110332
390,3.9,BR,0.0,0.18601202964782715,-0.34338271617889404,-0.931705117225647,-0.9598601460456848,-0.18601202964782715,-0.8876875042915344,-0.931705117225647,-1.7543164491653442,-0.06302398443222046,,-0.931705117225647,-0.26662641763687134,0.9145011,0.0066236355,-0.02174123,0.7243723116110332
391,3.91,FL,0.0,0.20689411461353302,0.25919416546821594,0.28736791014671326,0.2846960723400116,-0.20689411461353302,0.36497101187705994,0.28736791014671326,0.6882364749908447,-0.5048823356628418,,0.28736791014671326,0.055800724774599075,0.9144773,0.0066180546,-0.02174124,0.7245181347912163
391,3.91,FR,0.0,-0.1854066550731659,-0.2024293690919876,-0.20663079619407654,-0.15259210765361786,0.1854066550731659,-0.22452989220619202,-0.20663079619407654,-0.419988751411438,1.1524113416671753,,-0.20663079619407654,-0.052871692925691605,0.9144773,0.0066180546,-0.02174124,0.7245181347912163
391,3.91,BL,0.0,0.16506212949752808,0.09461835026741028,0.9944598078727722,0.9484425187110901,-0.16506212949752808,1.0124865770339966,0.9944598078727722,2.010281562805176,0.9057765007019043,,0.9944598078727722,0.25198641419410706,0.9144773,0.0066180546,-0.02174124,0.7245181347912163
391,3.91,BR,0.0,-0.34338271617889404,-0.28691816329956055,-0.9598601460456848,-0.7503343820571899,0.34338271617889404,-0.8835669159889221,-0.9598601460456848,-1.7608020305633545,-0.08059979975223541,,-0.9598601460456848,-0.2599678337574005,0.9144773,0.0066180546,-0.02174124,0.7245181347912163
392,3.92,FL,0.0,0.25919416546821594,0.20765088498592377,0.2846960723400116,0.26129332184791565,-0.25919416546821594,0.3618606626987457,0.2846960723400116,0.6835765242576599,-0.49802345037460327,,0.2846960723400116,0.053104761987924576,0.91445136,0.006602346,-0.021741025,0.7246078083302544
392,3.92,FR,0.0,-0.2024293690919876,-0.15293018519878387,-0.15259210765361786,-0.14355814456939697,0.2024293690919876,-0.22210073471069336,-0.15259210765361786,-0.4154872000217438,1.1482341289520264,,-0.15259210765361786,-0.04689391329884529,0.91445136,0.006602346,-0.021741025,0.7246078083302544
392,3.92,BL,0.0,0.09461835026741028,-0.018351152539253235,0.9484425187110901,0.9746392965316772,-0.09461835026741028,1.011351227760315,0.9484425187110901,2.0058352947235107,0.92585688829422,,0.9484425187110901,0.23882724344730377,0.91445136,0.006602346,-0.021741025,0.7246078083302544
392,3.92,BR,0.0,-0.28691816329956055,0.13802246749401093,-0.7503343820571899,-0.7687996029853821,0.28691816329956055,-0.8801238536834717,-0.7503343820571899,-1.750602126121521,-0.09815647453069687,,-0.7503343820571899,-0.21695518493652344,0.91445136,0.006602346,-0.021741025,0.7246078083302544
393,3.93,FL,0.0,0.20765088498592377,0.11194852739572525,0.26129332184791565,0.2788003087043762,-0.20765088498592377,0.35936886072158813,0.26129332184791565,0.6772640347480774,-0.4912194609642029,,0.26129332184791565,0.04562748223543167,0.91442025,0.0065831244,-0.021741163,0.7246793486355532
393,3.93,FR,0.0,-0.15293018519878387,0.04393387213349342,-0.14355814456939697,-0.1609286665916443,0.15293018519878387,-0.22026558220386505,-0.14355814456939697,-0.4104537069797516,1.1441045999526978,,-0.14355814456939697,-0.050607483834028244,0.91442025,0.0065831244,-0.021741163,0.7246793486355532
393,3.93,BL,0.0,-0.018351152539253235,-0.042703211307525635,0.9746392965316772,1.0186916589736938,0.018351152539253235,1.0115714073181152,0.9746392965316772,2.003617525100708,0.9459040760993958,,0.9746392965316772,0.24391090869903564,0.91442025,0.0065831244,-0.021741163,0.7246793486355532
393,3.93,BR,0.0,0.13802246749401093,-0.12456800788640976,-0.7687996029853821,-0.9353328347206116,-0.13802246749401093,-0.8817801475524902,-0.7687996029853821,-1.7422500848770142,-0.11562046408653259,,-0.7687996029853821,-0.2315748780965805,0.91442025,0.0065831244,-0.021741163,0.7246793486355532
394,3.94,FL,0.0,0.11194852739572525,0.1769118458032608,0.2788003087043762,0.3145894408226013,-0.11194852739572525,0.3580254912376404,0.2788003087043762,0.6725719571113586,-0.4844704270362854,,0.2788003087043762,0.05159167945384979,0.91439563,0.006557677,-0.021741133,0.7247521970222572
394,3.94,FR,0.0,0.04393387213349342,0.09646186977624893,-0.1609286665916443,-0.23783913254737854,-0.04393387213349342,-0.22079278528690338,-0.1609286665916443,-0.4069797694683075,1.1400175094604492,,-0.1609286665916443,-0.05969948321580887,0.91439563,0.006557677,-0.021741133,0.7247521970222572
394,3.94,BL,0.0,-0.042703211307525635,0.09514833241701126,1.0186916589736938,1.0286526679992676,0.042703211307525635,1.012083888053894,1.0186916589736938,2.004941701889038,0.9659469723701477,,1.0186916589736938,0.25832614302635193,0.91439563,0.006557677,-0.021741133,0.7247521970222572
394,3.94,BR,0.0,-0.12456800788640976,-0.38510581851005554,-0.9353328347206116,-0.8319529294967651,0.12456800788640976,-0.8802853226661682,-0.9353328347206116,-1.7472853660583496,-0.13306830823421478,,-0.9353328347206116,-0.23513570427894592,0.91439563,0.006557677,-0.021741133,0.7247521970222572
395,3.95,FL,0.0,0.1769118458032608,0.23443114757537842,0.3145894408226013,0.2872607409954071,-0.1769118458032608,0.3559025228023529,0.3145894408226013,0.6708704829216003,-0.47775328159332275,,0.3145894408226013,0.05849386379122734,0.91436225,0.0065339427,-0.02174114,0.7248122310569881
395,3.95,FR,0.0,0.09646186977624893,-0.0285579115152359,-0.23783913254737854,-0.25937753915786743,-0.09646186977624893,-0.22195032238960266,-0.23783913254737854,-0.4096734821796417,1.1359342336654663,,-0.23783913254737854,-0.08385922014713287,0.91436225,0.0065339427,-0.02174114,0.7248122310569881
395,3.95,BL,0.0,0.09514833241701126,0.06628765165805817,1.0286526679992676,0.9740245342254639,-0.09514833241701126,1.0109421014785767,1.0286526679992676,2.0069947242736816,0.9860066771507263,,1.0286526679992676,0.2567213475704193,0.91436225,0.0065339427,-0.02174114,0.7248122310569881
395,3.95,BR,0.0,-0.38510581851005554,0.21306681632995605,-0.8319529294967651,-0.7262430191040039,0.38510581851005554,-0.8756640553474426,-0.8319529294967651,-1.7440160512924194,-0.15052470564842224,,-0.8319529294967651,-0.24572014808654785,0.91436225,0.0065339427,-0.02174114,0.7248122310569881
396,3.96,FL,0.0,0.23443114757537842,0.12180180847644806,0.2872607409954071,0.26213008165359497,-0.23443114757537842,0.3530893623828888,0.2872607409954071,0.6670925617218018,-0.4710635840892792,,0.2872607409954071,0.04805028438568115,0.91433597,0.0065080007,-0.021741102,0.7249287766261082
396,3.96,FR,0.0,-0.0285579115152359,0.03534897416830063,-0.25937753915786743,-0.21052716672420502,0.0285579115152359,-0.22160762548446655,-0.25937753915786743,-0.413950651884079,1.1318159103393555,,-0.25937753915786743,-0.0852663666009903,0.91433597,0.0065080007,-0.021741102,0.7249287766261082
396,3.96,BL,0.0,0.06628765165805817,0.08768012374639511,0.9740245342254639,0.9844270348548889,-0.06628765165805817,1.0101466178894043,0.9740245342254639,2.004683494567871,1.006065011024475,,0.9740245342254639,0.24085047841072083,0.91433597,0.0065080007,-0.021741102,0.7249287766261082
396,3.96,BR,0.0,0.21306681632995605,-0.06622427701950073,-0.7262430191040039,-0.9608907699584961,-0.21306681632995605,-0.8782208561897278,-0.7262430191040039,-1.7325849533081055,-0.16790732741355896,,-0.7262430191040039,-0.18706034123897552,0.91433597,0.0065080007,-0.021741102,0.7249287766261082
397,3.97,FL,0.0,0.12180180847644806,0.1738765388727188,0.26213008165359497,0.30436864495277405,-0.12180180847644806,0.35162773728370667,0.26213008165359497,0.6614920496940613,-0.4644208550453186,,0.26213008165359497,0.04822682961821556,0.91431004,0.006489485,-0.02174112,0.7250267321143588
397,3.97,FR,0.0,0.03534897416830063,-0.020497463643550873,-0.21052716672420502,-0.23574721813201904,-0.03534897416830063,-0.22203181684017181,-0.21052716672420502,-0.4142291843891144,1.1276750564575195,,-0.21052716672420502,-0.06632125377655029,0.91431004,0.006489485,-0.02174112,0.7250267321143588
397,3.97,BL,0.0,0.08768012374639511,0.06353050470352173,0.9844270348548889,0.9750745892524719,-0.08768012374639511,1.009094476699829,0.9844270348548889,2.0032787322998047,1.0261048078536987,,0.9844270348548889,0.2421974092721939,0.91431004,0.006489485,-0.02174112,0.7250267321143588
397,3.97,BR,0.0,-0.06622427701950073,0.16827614605426788,-0.9608907699584961,-0.8517311215400696,0.06622427701950073,-0.8774261474609375,-0.9608907699584961,-1.7400034666061401,-0.1852705180644989,,-0.9608907699584961,-0.27757692337036133,0.91431004,0.006489485,-0.02174112,0.7250267321143588
398,3.98,FL,0.0,0.1738765388727188,0.2273952066898346,0.30436864495277405,0.2820771336555481,-0.1738765388727188,0.34954121708869934,0.30436864495277405,0.6594234704971313,-0.45781633257865906,,0.30436864495277405,0.06527067720890045,0.91429365,0.0064745387,-0.021741208,0.7251042376389835
398,3.98,FR,0.0,-0.020497463643550873,0.03583948686718941,-0.23574721813201904,-0.21383284032344818,0.020497463643550873,-0.22178585827350616,-0.23574721813201904,-0.4164745807647705,1.1235214471817017,,-0.23574721813201904,-0.07123582065105438,0.91429365,0.0064745387,-0.021741208,0.7251042376389835
398,3.98,BL,0.0,0.06353050470352173,0.10489042103290558,0.9750745892524719,0.9836822748184204,-0.06353050470352173,1.0083321332931519,0.9750745892524719,2.0011954307556152,1.0461270809173584,,0.9750745892524719,0.2527095377445221,0.91429365,0.0064745387,-0.021741208,0.7251042376389835
398,3.98,BR,0.0,0.16827614605426788,0.036524057388305664,-0.8517311215400696,-0.9447365999221802,-0.16827614605426788,-0.879445493221283,-0.8517311215400696,-1.7385706901550293,-0.2026633471250534,,-0.8517311215400696,-0.2286536693572998,0.91429365,0.0064745387,-0.021741208,0.7251042376389835
399,3.99,FL,0.0,0.2273952066898346,0.21393606066703796,0.2820771336555481,0.258583128452301,-0.2273952066898346,0.34681248664855957,0.2820771336555481,0.6556879281997681,-0.4512408971786499,,0.2820771336555481,0.05780411511659622,0.91427326,0.0064633414,-0.021741146,0.7251780857411255
399,3.99,FR,0.0,0.03583948686718941,-0.0786258801817894,-0.21383284032344818,-0.23612163960933685,-0.03583948686718941,-0.2222159206867218,-0.21383284032344818,-0.41691339015960693,1.119354486465454,,-0.21383284032344818,-0.06609079986810684,0.91427326,0.0064633414,-0.021741146,0.7251780857411255
399,3.99,BL,0.0,0.10489042103290558,0.052792519330978394,0.9836822748184204,0.9663759469985962,-0.10489042103290558,1.0070734024047852,0.9836822748184204,1.9998688697814941,1.0661323070526123,,0.9836822748184204,0.2530425488948822,0.91427326,0.0064633414,-0.021741146,0.7251780857411255
399,3.99,BR,0.0,0.036524057388305664,-0.6058284044265747,-0.9447365999221802,-0.8940551280975342,-0.036524057388305664,-0.8798837661743164,-0.9447365999221802,-1.7444876432418823,-0.22007882595062256,,-0.9447365999221802,-0.2684858739376068,0.91427326,0.0064633414,-0.021741146,0.7251780857411255
400,4.0,FL,0.0,0.21393606066703796,0.21801240742206573,0.258583128452301,0.26123806834220886,-0.21393606066703796,0.3442452549934387,0.258583128452301,0.6502564549446106,-0.4447113573551178,,0.258583128452301,0.05317281186580658,0.914256,0.0064555784,-0.021741267,0.7252792903376698
400,4.0,FR,0.0,-0.0786258801817894,-0.10436595231294632,-0.23612163960933685,-0.19076557457447052,0.0786258801817894,-0.22127240896224976,-0.23612163960933685,-0.419082909822464,1.115174412727356,,-0.23612163960933685,-0.06556327641010284,0.914256,0.0064555784,-0.021741267,0.7252792903376698
400,4.0,BL,0.0,0.052792519330978394,0.2084997147321701,0.9663759469985962,0.9859564304351807,-0.052792519330978394,1.0064399242401123,0.9663759469985962,1.997237205505371,1.0861177444458008,,0.9663759469985962,0.2515837550163269,0.914256,0.0064555784,-0.021741267,0.7252792903376698
400,4.0,BR,0.0,-0.6058284044265747,-0.10564929246902466,-0.8940551280975342,-0.6375523805618286,0.6058284044265747,-0.8726138472557068,-0.8940551280975342,-1.746198058128357,-0.23753231763839722,,-0.8940551280975342,-0.235273078083992,0.914256,0.0064555784,-0.021741267,0.7252792903376698
401,4.01,FL,0.0,0.21801240742206573,0.15367867052555084,0.26123806834220886,0.2570402920246124,-0.21801240742206573,0.3416290879249573,0.26123806834220886,0.6452460885047913,-0.43823403120040894,,0.26123806834220886,0.0495954230427742,0.9142308,0.006436245,-0.021741152,0.725330569513368
401,4.01,FR,0.0,-0.10436595231294632,0.05269494652748108,-0.19076557457447052,-0.17952603101730347,0.10436595231294632,-0.22002002596855164,-0.19076557457447052,-0.4176104664802551,1.1109910011291504,,-0.19076557457447052,-0.06535988301038742,0.9142308,0.006436245,-0.021741152,0.725330569513368
401,4.01,BL,0.0,0.2084997147321701,0.08835028856992722,0.9859564304351807,0.9230400323867798,-0.2084997147321701,1.0039379596710205,0.9859564304351807,1.996244192123413,1.106085181236267,,0.9859564304351807,0.2507454454898834,0.9142308,0.006436245,-0.021741152,0.725330569513368
401,4.01,BR,0.0,-0.10564929246902466,0.18443408608436584,-0.6375523805618286,-0.8303540945053101,0.10564929246902466,-0.8713460564613342,-0.6375523805618286,-1.7277263402938843,-0.25490131974220276,,-0.6375523805618286,-0.18986184895038605,0.9142308,0.006436245,-0.021741152,0.725330569513368
402,4.0200000000000005,FL,0.0,0.15367867052555084,0.10730858147144318,0.2570402920246124,0.2801576256752014,-0.15367867052555084,0.3397849500179291,0.2570402920246124,0.6401030421257019,-0.4318074584007263,,0.2570402920246124,0.048387765884399414,0.91420525,0.0064162607,-0.021741223,0.7253733882935616
402,4.0200000000000005,FR,0.0,0.05269494652748108,0.01517915353178978,-0.17952603101730347,-0.24109800159931183,-0.05269494652748108,-0.22065235674381256,-0.17952603101730347,-0.41531437635421753,1.1068264245986938,,-0.17952603101730347,-0.06496885418891907,0.91420525,0.0064162607,-0.021741223,0.7253733882935616
402,4.0200000000000005,BL,0.0,0.08835028856992722,0.09008090198040009,0.9230400323867798,0.9685978293418884,-0.08835028856992722,1.0028777122497559,0.9230400323867798,1.990356206893921,1.1260179281234741,,0.9230400323867798,0.23500148952007294,0.91420525,0.0064162607,-0.021741223,0.7253733882935616
402,4.0200000000000005,BR,0.0,0.18443408608436584,0.13046447932720184,-0.8303540945053101,-0.9451196789741516,-0.18443408608436584,-0.8735592365264893,-0.8303540945053101,-1.7250984907150269,-0.27216535806655884,,-0.8303540945053101,-0.2461828887462616,0.91420525,0.0064162607,-0.021741223,0.7253733882935616
403,4.03,FL,0.0,0.10730858147144318,0.15952444076538086,0.2801576256752014,0.29686152935028076,-0.10730858147144318,0.33849725127220154,0.2801576256752014,0.6369745135307312,-0.42542216181755066,,0.2801576256752014,0.059119030833244324,0.9141862,0.0064074043,-0.021741226,0.7254689353965719
403,4.03,FR,0.0,0.01517915353178978,-0.12194553762674332,-0.24109800159931183,-0.2267240285873413,-0.01517915353178978,-0.22083450853824615,-0.24109800159931183,-0.4179368317127228,1.102660059928894,,-0.24109800159931183,-0.06784790754318237,0.9141862,0.0064074043,-0.021741226,0.7254689353965719
403,4.03,BL,0.0,0.09008090198040009,0.07039271295070648,0.9685978293418884,0.9668453335762024,-0.09008090198040009,1.0017967224121094,0.9685978293418884,1.988271713256836,1.1459110975265503,,0.9685978293418884,0.25019487738609314,0.9141862,0.0064074043,-0.021741226,0.7254689353965719
403,4.03,BR,0.0,0.13046447932720184,-0.29065075516700745,-0.9451196789741516,-0.9257450103759766,-0.13046447932720184,-0.8751248121261597,-0.9451196789741516,-1.7315737009048462,-0.28944894671440125,,-0.9451196789741516,-0.2644369304180145,0.9141862,0.0064074043,-0.021741226,0.7254689353965719
404,4.04,FL,0.0,0.15952444076538086,0.21741141378879547,0.29686152935028076,0.2746874690055847,-0.15952444076538086,0.3365829586982727,0.29686152935028076,0.635278582572937,-0.41906094551086426,,0.29686152935028076,0.06338488310575485,0.9141679,0.00640268,-0.021741224,0.725583501996572
404,4.04,FR,0.0,-0.12194553762674332,-0.16316501796245575,-0.2267240285873413,-0.17205630242824554,0.12194553762674332,-0.21937116980552673,-0.2267240285873413,-0.4193292558193207,1.0984736680984497,,-0.2267240285873413,-0.06006002426147461,0.9141679,0.00640268,-0.021741224,0.725583501996572
404,4.04,BL,0.0,0.07039271295070648,0.06017780303955078,0.9668453335762024,0.9736396670341492,-0.07039271295070648,1.0009520053863525,0.9668453335762024,1.9861315488815308,1.1657830476760864,,0.9668453335762024,0.24950869381427765,0.9141679,0.00640268,-0.021741224,0.725583501996572
404,4.04,BR,0.0,-0.29065075516700745,-0.2725793719291687,-0.9257450103759766,-0.7588645219802856,0.29065075516700745,-0.8716369867324829,-0.9257450103759766,-1.7362756729125977,-0.3067883253097534,,-0.9257450103759766,-0.25682878494262695,0.9141679,0.00640268,-0.021741224,0.725583501996572
405,4.05,FL,0.0,0.21741141378879547,0.19248372316360474,0.2746874690055847,0.24961839616298676,-0.21741141378879547,0.33397403359413147,0.2746874690055847,0.6319102644920349,-0.4127251207828522,,0.2746874690055847,0.0537143275141716,0.91414475,0.0063910675,-0.021741226,0.7256702131926752
405,4.05,FR,0.0,-0.16316501796245575,-0.04711788147687912,-0.17205630242824554,-0.15410515666007996,0.16316501796245575,-0.21741318702697754,-0.17205630242824554,-0.4163799583911896,1.0942952632904053,,-0.17205630242824554,-0.051832035183906555,0.91414475,0.0063910675,-0.021741226,0.7256702131926752
405,4.05,BL,0.0,0.06017780303955078,0.0634600818157196,0.9736396670341492,0.9768809080123901,-0.06017780303955078,1.0002299547195435,0.9736396670341492,1.9846081733703613,1.1856366395950317,,0.9736396670341492,0.24925315380096436,0.91414475,0.0063910675,-0.021741226,0.7256702131926752
405,4.05,BR,0.0,-0.2725793719291687,0.14248766005039215,-0.7588645219802856,-0.7626052498817444,0.2725793719291687,-0.8683660626411438,-0.7588645219802856,-1.7277064323425293,-0.32410797476768494,,-0.7588645219802856,-0.21667276322841644,0.91414475,0.0063910675,-0.021741226,0.7256702131926752
406,4.0600000000000005,FL,0.0,0.19248372316360474,0.13294221460819244,0.24961839616298676,0.2569805383682251,-0.19248372316360474,0.33166420459747314,0.24961839616298676,0.6267080307006836,-0.40643221139907837,,0.24961839616298676,0.04444373399019241,0.9141164,0.006372448,-0.021741208,0.7257390701374717
406,4.0600000000000005,FR,0.0,-0.04711788147687912,0.010400470346212387,-0.15410515666007996,-0.1985660344362259,0.04711788147687912,-0.21684777736663818,-0.15410515666007996,-0.41213858127593994,1.0901528596878052,,-0.15410515666007996,-0.05400673300027847,0.9141164,0.006372448,-0.021741208,0.7257390701374717
406,4.0600000000000005,BL,0.0,0.0634600818157196,0.11362949013710022,0.9768809080123901,0.9748458862304688,-0.0634600818157196,0.9994683861732483,0.9768809080123901,1.983398675918579,1.2054766416549683,,0.9768809080123901,0.2475348263978958,0.9141164,0.006372448,-0.021741208,0.7257390701374717
406,4.0600000000000005,BR,0.0,0.14248766005039215,0.18576250970363617,-0.7626052498817444,-0.9253610968589783,-0.14248766005039215,-0.8700758814811707,-0.7626052498817444,-1.71976637840271,-0.34134507179260254,,-0.7626052498817444,-0.2263188362121582,0.9141164,0.006372448,-0.021741208,0.7257390701374717
407,4.07,FL,0.0,0.13294221460819244,0.14202803373336792,0.2569805383682251,0.27848732471466064,-0.13294221460819244,0.3300689160823822,0.2569805383682251,0.6222871541976929,-0.4001873731613159,,0.2569805383682251,0.04886312782764435,0.9140921,0.006358844,-0.021741249,0.7258305752121202
407,4.07,FR,0.0,0.010400470346212387,-0.098072350025177,-0.1985660344362259,-0.22100795805454254,-0.010400470346212387,-0.21697257459163666,-0.1985660344362259,-0.4115501642227173,1.0860344171524048,,-0.1985660344362259,-0.06091402843594551,0.9140921,0.006358844,-0.021741249,0.7258305752121202
407,4.07,BL,0.0,0.11362949013710022,0.10259559750556946,0.9748458862304688,0.9540165662765503,-0.11362949013710022,0.9981048107147217,0.9748458862304688,1.9820770025253296,1.2253040075302124,,0.9748458862304688,0.2484005242586136,0.9140921,0.006358844,-0.021741249,0.7258305752121202
407,4.07,BR,0.0,0.18576250970363617,-0.31651514768600464,-0.9253610968589783,-0.9443809390068054,-0.18576250970363617,-0.8723050355911255,-0.9253610968589783,-1.7249011993408203,-0.35856857895851135,,-0.9253610968589783,-0.26667144894599915,0.9140921,0.006358844,-0.021741249,0.7258305752121202
408,4.08,FL,0.0,0.14202803373336792,0.1917216032743454,0.27848732471466064,0.27325770258903503,-0.14202803373336792,0.3283645808696747,0.27848732471466064,0.6197262406349182,-0.39397740364074707,,0.27848732471466064,0.058147795498371124,0.9140729,0.0063529625,-0.021741249,0.7259454727575749
408,4.08,FR,0.0,-0.098072350025177,-0.15862761437892914,-0.22100795805454254,-0.17774364352226257,0.098072350025177,-0.21579571068286896,-0.22100795805454254,-0.4127447307109833,1.081912875175476,,-0.22100795805454254,-0.05893579497933388,0.9140729,0.0063529625,-0.021741249,0.7259454727575749
408,4.08,BL,0.0,0.10259559750556946,0.10033963620662689,0.9540165662765503,0.9570665955543518,-0.10259559750556946,0.996873676776886,0.9540165662765503,1.9791736602783203,1.2451101541519165,,0.9540165662765503,0.24592524766921997,0.9140729,0.0063529625,-0.021741249,0.7259454727575749
408,4.08,BR,0.0,-0.31651514768600464,-0.3047361671924591,-0.9443809390068054,-0.7456989884376526,0.31651514768600464,-0.8685068488121033,-0.9443809390068054,-1.7313263416290283,-0.3758499324321747,,-0.9443809390068054,-0.2587529420852661,0.9140729,0.0063529625,-0.021741249,0.7259454727575749
409,4.09,FL,0.0,0.1917216032743454,0.17978186905384064,0.27325770258903503,0.25167593359947205,-0.1917216032743454,0.3260639011859894,0.27325770258903503,0.6168556213378906,-0.3877945840358734,,0.27325770258903503,0.054874859750270844,0.91405034,0.0063404404,-0.021741215,0.726020185193469
409,4.09,FR,0.0,-0.15862761437892914,-0.029644690454006195,-0.17774364352226257,-0.15234465897083282,0.15862761437892914,-0.21389217674732208,-0.17774364352226257,-0.410499632358551,1.0777966976165771,,-0.17774364352226257,-0.05486161261796951,0.91405034,0.0063404404,-0.021741215,0.726020185193469
409,4.09,BL,0.0,0.10033963620662689,0.04180000722408295,0.9570665955543518,0.9567378163337708,-0.10033963620662689,0.9956696033477783,0.9570665955543518,1.9766234159469604,1.2648890018463135,,0.9570665955543518,0.24482376873493195,0.91405034,0.0063404404,-0.021741215,0.726020185193469
409,4.09,BR,0.0,-0.3047361671924591,0.1247345358133316,-0.7456989884376526,-0.7466124296188354,0.3047361671924591,-0.8648500442504883,-0.7456989884376526,-1.7219185829162598,-0.3931158483028412,,-0.7456989884376526,-0.213636577129364,0.91405034,0.0063404404,-0.021741215,0.726020185193469
410,4.1,FL,0.0,0.17978186905384064,0.1352647989988327,0.25167593359947205,0.2541511654853821,-0.17978186905384064,0.3239065408706665,0.25167593359947205,0.6124050617218018,-0.3816484212875366,,0.25167593359947205,0.04553692042827606,0.9140229,0.0063216407,-0.021741183,0.7260839812307681
410,4.1,FR,0.0,-0.029644690454006195,0.030612386763095856,-0.15234465897083282,-0.20203429460525513,0.029644690454006195,-0.21353644132614136,-0.15234465897083282,-0.4063507616519928,1.0737125873565674,,-0.15234465897083282,-0.054109662771224976,0.9140229,0.0063216407,-0.021741183,0.7260839812307681
410,4.1,BL,0.0,0.04180000722408295,0.11659974604845047,0.9567378163337708,0.9789496064186096,-0.04180000722408295,0.9951679706573486,0.9567378163337708,1.9741473197937012,1.2846428155899048,,0.9567378163337708,0.24262303113937378,0.9140229,0.0063216407,-0.021741183,0.7260839812307681
410,4.1,BR,0.0,0.1247345358133316,0.1913379728794098,-0.7466124296188354,-0.9147438406944275,-0.1247345358133316,-0.8663468360900879,-0.7466124296188354,-1.712951421737671,-0.4102898836135864,,-0.7466124296188354,-0.22190584242343903,0.9140229,0.0063216407,-0.021741183,0.7260839812307681
411,4.11,FL,0.0,0.1352647989988327,0.12859956920146942,0.2541511654853821,0.26980060338974,-0.1352647989988327,0.3222833573818207,0.2541511654853821,0.6083231568336487,-0.3755449056625366,,0.2541511654853821,0.04835283011198044,0.9139988,0.006307757,-0.021741232,0.7261702436014825
411,4.11,FR,0.0,0.030612386763095856,-0.0786944329738617,-0.20203429460525513,-0.2257813960313797,-0.030612386763095856,-0.2139037847518921,-0.20203429460525513,-0.40626126527786255,1.069649577140808,,-0.20203429460525513,-0.062371257692575455,0.9139988,0.006307757,-0.021741232,0.7261702436014825
411,4.11,BL,0.0,0.11659974604845047,0.08659180998802185,0.9789496064186096,0.9485281109809875,-0.11659974604845047,0.9937688112258911,0.9789496064186096,1.9735102653503418,1.304381012916565,,0.9789496064186096,0.24983961880207062,0.9139988,0.006307757,-0.021741232,0.7261702436014825
411,4.11,BR,0.0,0.1913379728794098,-0.3212287425994873,-0.9147438406944275,-0.9428820610046387,-0.1913379728794098,-0.8686429262161255,-0.9147438406944275,-1.717520833015442,-0.42744240164756775,,-0.9147438406944275,-0.26445722579956055,0.9139988,0.006307757,-0.021741232,0.7261702436014825
412,4.12,FL,0.0,0.12859956920146942,0.17505529522895813,0.26980060338974,0.2708435356616974,-0.12859956920146942,0.3207401633262634,0.26980060338974,0.605628490447998,-0.36947524547576904,,0.26980060338974,0.05650528520345688,0.91398007,0.0063019698,-0.021741264,0.7262807193288845
412,4.12,FR,0.0,-0.0786944329738617,-0.16017431020736694,-0.2257813960313797,-0.18242602050304413,0.0786944329738617,-0.21295945346355438,-0.2257813960313797,-0.40803757309913635,1.0655779838562012,,-0.2257813960313797,-0.06037157028913498,0.91398007,0.0063019698,-0.021741264,0.7262807193288845
412,4.12,BL,0.0,0.08659180998802185,0.10452254116535187,0.9485281109809875,0.9591320753097534,-0.08659180998802185,0.9927297234535217,0.9485281109809875,1.9705123901367188,1.3241010904312134,,0.9485281109809875,0.24540123343467712,0.91398007,0.0063019698,-0.021741264,0.7262807193288845
412,4.12,BR,0.0,-0.3212287425994873,-0.3180416524410248,-0.9428820610046387,-0.7401514053344727,0.3212287425994873,-0.8647881746292114,-0.9428820610046387,-1.7241177558898926,-0.444650799036026,,-0.9428820610046387,-0.2593083679676056,0.91398007,0.0063019698,-0.021741264,0.7262807193288845
413,4.13,FL,0.0,0.17505529522895813,0.15309400856494904,0.2708435356616974,0.25071802735328674,-0.17505529522895813,0.31863948702812195,0.2708435356616974,0.6031213402748108,-0.36343157291412354,,0.2708435356616974,0.05428716540336609,0.91395783,0.0062902384,-0.021741217,0.7263585426895801
413,4.13,FR,0.0,-0.16017431020736694,-0.01784968376159668,-0.18242602050304413,-0.14888973534107208,0.16017431020736694,-0.21103736758232117,-0.18242602050304413,-0.4063442349433899,1.0615061521530151,,-0.18242602050304413,-0.054889507591724396,0.91395783,0.0062902384,-0.021741217,0.7263585426895801
413,4.13,BL,0.0,0.10452254116535187,0.06002482771873474,0.9591320753097534,0.9509207010269165,-0.10452254116535187,0.9914754033088684,0.9591320753097534,1.9684637784957886,1.343795895576477,,0.9591320753097534,0.2461666464805603,0.91395783,0.0062902384,-0.021741217,0.7263585426895801
413,4.13,BR,0.0,-0.3180416524410248,0.1418873816728592,-0.7401514053344727,-0.7375715374946594,0.3180416524410248,-0.8609716892242432,-0.7401514053344727,-1.7145576477050781,-0.461843878030777,,-0.7401514053344727,-0.21107783913612366,0.91395783,0.0062902384,-0.021741217,0.7263585426895801
414,4.14,FL,0.0,0.15309400856494904,0.1347043663263321,0.25071802735328674,0.25740188360214233,-0.15309400856494904,0.31680238246917725,0.25071802735328674,0.5991342067718506,-0.3574204444885254,,0.25071802735328674,0.0457005649805069,0.9139306,0.006270889,-0.021741185,0.7264172001844161
414,4.14,FR,0.0,-0.01784968376159668,0.006597163155674934,-0.14888973534107208,-0.20389749109745026,0.01784968376159668,-0.2108231633901596,-0.14888973534107208,-0.40208736062049866,1.0574641227722168,,-0.14888973534107208,-0.05380195379257202,0.9139306,0.006270889,-0.021741185,0.7264172001844161
414,4.14,BL,0.0,0.06002482771873474,0.08165963739156723,0.9509207010269165,0.9674655199050903,-0.06002482771873474,0.9907551407814026,0.9509207010269165,1.9658514261245728,1.3634673357009888,,0.9509207010269165,0.24106217920780182,0.9139306,0.006270889,-0.021741185,0.7264172001844161
414,4.14,BR,0.0,0.1418873816728592,0.18065975606441498,-0.7375715374946594,-0.9177266359329224,-0.1418873816728592,-0.8626742959022522,-0.7375715374946594,-1.7051700353622437,-0.4789421856403351,,-0.7375715374946594,-0.2200564593076706,0.9139306,0.006270889,-0.021741185,0.7264172001844161
415,4.15,FL,0.0,0.1347043663263321,0.13382099568843842,0.25740188360214233,0.262920618057251,-0.1347043663263321,0.31518590450286865,0.25740188360214233,0.5958275198936462,-0.351445734500885,,0.25740188360214233,0.049707625061273575,0.9139069,0.006257053,-0.02174125,0.7264987578724342
415,4.15,FR,0.0,0.006597163155674934,-0.05550709366798401,-0.20389749109745026,-0.21346203982830048,-0.006597163155674934,-0.21090233325958252,-0.20389749109745026,-0.40231114625930786,1.053442120552063,,-0.20389749109745026,-0.06322145462036133,0.9139069,0.006257053,-0.02174125,0.7264987578724342
415,4.15,BL,0.0,0.08165963739156723,0.0019021779298782349,0.9674655199050903,0.9580912590026855,-0.08165963739156723,0.9897752404212952,0.9674655199050903,1.9646390676498413,1.383119821548462,,0.9674655199050903,0.24600853025913239,0.9139069,0.006257053,-0.02174125,0.7264987578724342
415,4.15,BR,0.0,0.18065975606441498,0.19259485602378845,-0.9177266359329224,-0.9349381923675537,-0.18065975606441498,-0.8648422360420227,-0.9177266359329224,-1.7102785110473633,-0.4960196018218994,,-0.9177266359329224,-0.26543527841567993,0.9139069,0.006257053,-0.02174125,0.7264987578724342
416,4.16,FL,0.0,0.13382099568843842,0.16936157643795013,0.262920618057251,0.2616575062274933,-0.13382099568843842,0.31358006596565247,0.262920618057251,0.5930833220481873,-0.34550127387046814,,0.262920618057251,0.05548910051584244,0.91388947,0.006251715,-0.021741226,0.7266047974799643
416,4.16,FR,0.0,-0.05550709366798401,-0.14239318668842316,-0.21346203982830048,-0.18869949877262115,0.05550709366798401,-0.21023625135421753,-0.21346203982830048,-0.4032762348651886,1.0494141578674316,,-0.21346203982830048,-0.057464879006147385,0.91388947,0.006251715,-0.021741226,0.7266047974799643
416,4.16,BL,0.0,0.0019021779298782349,0.09827099740505219,0.9580912590026855,0.9890143275260925,-0.0019021779298782349,0.9897524118423462,0.9580912590026855,1.9627389907836914,1.4027565717697144,,0.9580912590026855,0.24968242645263672,0.91388947,0.006251715,-0.021741226,0.7266047974799643
416,4.16,BR,0.0,0.19259485602378845,-0.32960009574890137,-0.9349381923675537,-0.9418801665306091,-0.19259485602378845,-0.8671533465385437,-0.9349381923675537,-1.7165364027023315,-0.5131539106369019,,-0.9349381923675537,-0.2621927559375763,0.91388947,0.006251715,-0.021741226,0.7266047974799643
417,4.17,FL,0.0,0.16936157643795013,0.2128465175628662,0.2616575062274933,0.24583543837070465,-0.16936157643795013,0.31154772639274597,0.2616575062274933,0.5903477072715759,-0.33958420157432556,,0.2616575062274933,0.054337166249752045,0.91387206,0.0062477076,-0.021741264,0.7267178273654522
417,4.17,FR,0.0,-0.14239318668842316,-0.13096389174461365,-0.18869949877262115,-0.15327897667884827,0.14239318668842316,-0.20852753520011902,-0.18869949877262115,-0.4022615849971771,1.045386552810669,,-0.18869949877262115,-0.049403976649045944,0.91387206,0.0062477076,-0.021741264,0.7267178273654522
417,4.17,BL,0.0,0.09827099740505219,0.049456045031547546,0.9890143275260925,0.9504439830780029,-0.09827099740505219,0.9885731339454651,0.9890143275260925,1.9633384943008423,1.4223870038986206,,0.9890143275260925,0.25605499744415283,0.91387206,0.0062477076,-0.021741264,0.7267178273654522
417,4.17,BR,0.0,-0.32960009574890137,-0.20275962352752686,-0.9418801665306091,-0.735313355922699,0.32960009574890137,-0.8631981611251831,-0.9418801665306091,-1.7230933904647827,-0.5303522348403931,,-0.9418801665306091,-0.2601996660232544,0.91387206,0.0062477076,-0.021741264,0.7267178273654522
418,4.18,FL,0.0,0.2128465175628662,0.11600665748119354,0.24583543837070465,0.22640912234783173,-0.2128465175628662,0.3089935779571533,0.24583543837070465,0.5864785313606262,-0.3337002098560333,,0.24583543837070465,0.047061800956726074,0.91385037,0.006235618,-0.021741217,0.7267896400731368
418,4.18,FR,0.0,-0.13096389174461365,-0.01614856719970703,-0.15327897667884827,-0.1561419665813446,0.13096389174461365,-0.20695596933364868,-0.15327897667884827,-0.3985089957714081,1.0413827896118164,,-0.15327897667884827,-0.04797061160206795,0.91385037,0.006235618,-0.021741217,0.7267896400731368
418,4.18,BL,0.0,0.049456045031547546,0.0769808292388916,0.9504439830780029,0.9687907099723816,-0.049456045031547546,0.9879796504974365,0.9504439830780029,1.9608898162841797,1.442008137702942,,0.9504439830780029,0.2450777143239975,0.91385037,0.006235618,-0.021741217,0.7267896400731368
418,4.18,BR,0.0,-0.20275962352752686,0.13539578020572662,-0.735313355922699,-0.7820942997932434,0.20275962352752686,-0.8607650399208069,-0.735313355922699,-1.7131940126419067,-0.547533392906189,,-0.735313355922699,-0.2110738754272461,0.91385037,0.006235618,-0.021741217,0.7267896400731368
419,4.19,FL,0.0,0.11600665748119354,0.12767142057418823,0.22640912234783173,0.2625909149646759,-0.11600665748119354,0.3076014816761017,0.22640912234783173,0.5812376141548157,-0.32786181569099426,,0.22640912234783173,0.0407245010137558,0.9138251,0.006218223,-0.021741183,0.7268507299188554
419,4.19,FR,0.0,-0.01614856719970703,0.01903141289949417,-0.1561419665813446,-0.20049653947353363,0.01614856719970703,-0.2067621797323227,-0.1561419665813446,-0.395128071308136,1.0374146699905396,,-0.1561419665813446,-0.054070062935352325,0.9138251,0.006218223,-0.021741183,0.7268507299188554
419,4.19,BL,0.0,0.0769808292388916,0.1083054393529892,0.9687907099723816,0.9571873545646667,-0.0769808292388916,0.9870558977127075,0.9687907099723816,1.9599758386611938,1.461612343788147,,0.9687907099723816,0.2472463995218277,0.9138251,0.006218223,-0.021741183,0.7268507299188554
419,4.19,BR,0.0,0.13539578020572662,0.18838612735271454,-0.7820942997932434,-0.914923369884491,-0.13539578020572662,-0.8623898029327393,-0.7820942997932434,-1.7073514461517334,-0.5646358728408813,,-0.7820942997932434,-0.23045095801353455,0.9138251,0.006218223,-0.021741183,0.7268507299188554
420,4.2,FL,0.0,0.12767142057418823,0.12018467485904694,0.2625909149646759,0.2565329074859619,-0.12767142057418823,0.30606943368911743,0.2625909149646759,0.5790396332740784,-0.3220604956150055,,0.2625909149646759,0.05251176655292511,0.9138038,0.0062062563,-0.021741232,0.7269349140020663
420,4.2,FR,0.0,0.01903141289949417,-0.06173696368932724,-0.20049653947353363,-0.21437475085258484,-0.01903141289949417,-0.2069905549287796,-0.20049653947353363,-0.39535802602767944,1.0334622859954834,,-0.20049653947353363,-0.06047600507736206,0.9138038,0.0062062563,-0.021741232,0.7269349140020663
420,4.2,BL,0.0,0.1083054393529892,0.10401839762926102,0.9571873545646667,0.9437336921691895,-0.1083054393529892,0.9857562184333801,0.9571873545646667,1.9581878185272217,1.4812030792236328,,0.9571873545646667,0.2456650286912918,0.9138038,0.0062062563,-0.021741232,0.7269349140020663
420,4.2,BR,0.0,0.18838612735271454,-0.22874236106872559,-0.914923369884491,-0.9377442598342896,-0.18838612735271454,-0.8646504282951355,-0.914923369884491,-1.712154507637024,-0.5817335844039917,,-0.914923369884491,-0.26301684975624084,0.9138038,0.0062062563,-0.021741232,0.7269349140020663
421,4.21,FL,0.0,0.12018467485904694,0.153220072388649,0.2565329074859619,0.2579955458641052,-0.12018467485904694,0.3046272099018097,0.2565329074859619,0.5764527916908264,-0.31628310680389404,,0.2565329074859619,0.05490933358669281,0.9137876,0.006201151,-0.021741187,0.7270338931407679
421,4.21,FR,0.0,-0.06173696368932724,-0.1332024484872818,-0.21437475085258484,-0.1822957694530487,0.06173696368932724,-0.20624971389770508,-0.21437475085258484,-0.39666733145713806,1.0295021533966064,,-0.21437475085258484,-0.05763263627886772,0.9137876,0.006201151,-0.021741187,0.7270338931407679
421,4.21,BL,0.0,0.10401839762926102,0.10313700139522552,0.9437336921691895,0.9441488981246948,-0.10401839762926102,0.9845080375671387,0.9437336921691895,1.955414891242981,1.5007710456848145,,0.9437336921691895,0.24608398973941803,0.9137876,0.006201151,-0.021741187,0.7270338931407679
421,4.21,BR,0.0,-0.22874236106872559,-0.3409201502799988,-0.9377442598342896,-0.7731534838676453,0.22874236106872559,-0.8619055151939392,-0.9377442598342896,-1.7185590267181396,-0.5988873839378357,,-0.9377442598342896,-0.25904524326324463,0.9137876,0.006201151,-0.021741187,0.7270338931407679
422,4.22,FL,0.0,0.153220072388649,0.14448456466197968,0.2579955458641052,0.2433391809463501,-0.153220072388649,0.3027885854244232,0.2579955458641052,0.5740820169448853,-0.31053051352500916,,0.2579955458641052,0.054196424782276154,0.91377,0.006190072,-0.021741183,0.7270980596466148
422,4.22,FR,0.0,-0.1332024484872818,-0.014488205313682556,-0.1822957694530487,-0.15296873450279236,0.1332024484872818,-0.20465128123760223,-0.1822957694530487,-0.39540961384773254,1.0255417823791504,,-0.1822957694530487,-0.0553085021674633,0.91377,0.006190072,-0.021741183,0.7270980596466148
422,4.22,BL,0.0,0.10313700139522552,0.08686789870262146,0.9441488981246948,0.943253219127655,-0.10313700139522552,0.9832703471183777,0.9441488981246948,1.9527831077575684,1.520311951637268,,0.9441488981246948,0.24561624228954315,0.91377,0.006190072,-0.021741183,0.7270980596466148
422,4.22,BR,0.0,-0.3409201502799988,-0.12687641382217407,-0.7731534838676453,-0.7255374789237976,0.3409201502799988,-0.8578144907951355,-0.7731534838676453,-1.7118048667907715,-0.616038978099823,,-0.7731534838676453,-0.2176569700241089,0.91377,0.006190072,-0.021741183,0.7270980596466148
423,4.23,FL,0.0,0.14448456466197968,0.09340299665927887,0.2433391809463501,0.24499474465847015,-0.14448456466197968,0.3010547459125519,0.2433391809463501,0.5706548690795898,-0.3048069477081299,,0.2433391809463501,0.046473778784275055,0.9137464,0.006171415,-0.021741195,0.7271341448179017
423,4.23,FR,0.0,-0.014488205313682556,-0.009438367560505867,-0.15296873450279236,-0.19885599613189697,0.014488205313682556,-0.2044774293899536,-0.15296873450279236,-0.3919013738632202,1.021605372428894,,-0.15296873450279236,-0.05729411542415619,0.9137464,0.006171415,-0.021741195,0.7271341448179017
423,4.23,BL,0.0,0.08686789870262146,-0.026569023728370667,0.943253219127655,0.948523223400116,-0.08686789870262146,0.9822279214859009,0.943253219127655,1.9501844644546509,1.53982675075531,,0.943253219127655,0.24049006402492523,0.9137464,0.006171415,-0.021741195,0.7271341448179017
423,4.23,BR,0.0,-0.12687641382217407,0.2318374216556549,-0.7255374789237976,-0.8070639371871948,0.12687641382217407,-0.8562919497489929,-0.7255374789237976,-1.7015814781188965,-0.6331055760383606,,-0.7255374789237976,-0.21336427330970764,0.9137464,0.006171415,-0.021741195,0.7271341448179017
424,4.24,FL,0.0,0.09340299665927887,0.1218128651380539,0.24499474465847015,0.26369357109069824,-0.09340299665927887,0.29993391036987305,0.24499474465847015,0.5674919486045837,-0.299116313457489,,0.24499474465847015,0.047481343150138855,0.9137234,0.0061543053,-0.021741206,0.727188444656121
424,4.24,FR,0.0,-0.009438367560505867,0.024900536984205246,-0.19885599613189697,-0.20070208609104156,0.009438367560505867,-0.20436416566371918,-0.19885599613189697,-0.39212921261787415,1.0176851749420166,,-0.19885599613189697,-0.06551912426948547,0.9137234,0.0061543053,-0.021741206,0.727188444656121
424,4.24,BL,0.0,-0.026569023728370667,0.058492764830589294,0.948523223400116,0.9928555488586426,0.026569023728370667,0.9825468063354492,0.948523223400116,1.9481008052825928,1.5593180656433105,,0.948523223400116,0.24386584758758545,0.9137234,0.0061543053,-0.021741206,0.727188444656121
424,4.24,BR,0.0,0.2318374216556549,0.18437765538692474,-0.8070639371871948,-0.9490269422531128,-0.2318374216556549,-0.8590739965438843,-0.8070639371871948,-1.6981524229049683,-0.6501041054725647,,-0.8070639371871948,-0.23764240741729736,0.9137234,0.0061543053,-0.021741206,0.727188444656121
425,4.25,FL,0.0,0.1218128651380539,0.15563197433948517,0.26369357109069824,0.2512087821960449,-0.1218128651380539,0.29847216606140137,0.26369357109069824,0.5659193992614746,-0.2934493124485016,,0.26369357109069824,0.054138150066137314,0.9137034,0.006144631,-0.021741224,0.7272786229764789
425,4.25,FR,0.0,0.024900536984205246,-0.07679756730794907,-0.20070208609104156,-0.21432438492774963,-0.024900536984205246,-0.2046629786491394,-0.20070208609104156,-0.3924928903579712,1.0137619972229004,,-0.20070208609104156,-0.05874618887901306,0.9137034,0.006144631,-0.021741224,0.7272786229764789
425,4.25,BL,0.0,0.058492764830589294,0.004534780979156494,0.9928555488586426,0.9591496586799622,-0.058492764830589294,0.9818448424339294,0.9928555488586426,1.9495755434036255,1.5788065195083618,,0.9928555488586426,0.2556915283203125,0.9137034,0.006144631,-0.021741224,0.7272786229764789
425,4.25,BR,0.0,0.18437765538692474,0.17467446625232697,-0.9490269422531128,-0.9328250885009766,-0.18437765538692474,-0.8612865805625916,-0.9490269422531128,-1.7059906721115112,-0.6671251058578491,,-0.9490269422531128,-0.2706480622291565,0.9137034,0.006144631,-0.021741224,0.7272786229764789
426,4.26,FL,0.0,0.15563197433948517,0.16666655242443085,0.2512087821960449,0.2362193763256073,-0.15563197433948517,0.29660457372665405,0.2512087821960449,0.5634294748306274,-0.28780266642570496,,0.2512087821960449,0.05333474278450012,0.91368705,0.0061413837,-0.02174121,0.7273878383281432
426,4.26,FR,0.0,-0.07679756730794907,-0.14828532934188843,-0.21432438492774963,-0.17394395172595978,0.07679756730794907,-0.2037414014339447,-0.21432438492774963,-0.39391055703163147,1.0098299980163574,,-0.21432438492774963,-0.05572287738323212,0.91368705,0.0061413837,-0.02174121,0.7273878383281432
426,4.26,BL,0.0,0.004534780979156494,0.055607229471206665,0.9591496586799622,0.9800309538841248,-0.004534780979156494,0.9817904233932495,0.9591496586799622,1.9483492374420166,1.598296046257019,,0.9591496586799622,0.25038841366767883,0.91368705,0.0061413837,-0.02174121,0.7273878383281432
426,4.26,BR,0.0,0.17467446625232697,-0.2907715141773224,-0.9328250885009766,-0.9311563372612,-0.17467446625232697,-0.8633826375007629,-0.9328250885009766,-1.7122509479522705,-0.6842164993286133,,-0.9328250885009766,-0.2614189386367798,0.91368705,0.0061413837,-0.02174121,0.7273878383281432
427,4.2700000000000005,FL,0.0,0.16666655242443085,0.18688270449638367,0.2362193763256073,0.22993795573711395,-0.16666655242443085,0.2946045994758606,0.2362193763256073,0.5598616600036621,-0.2821863293647766,,0.2362193763256073,0.04857591912150383,0.91367155,0.0061381697,-0.021741254,0.7274939474076899
427,4.2700000000000005,FR,0.0,-0.14828532934188843,-0.12221105396747589,-0.17394395172595978,-0.14442726969718933,0.14828532934188843,-0.20196197926998138,-0.17394395172595978,-0.39210599660873413,1.0058999061584473,,-0.17394395172595978,-0.04482433199882507,0.91367155,0.0061381697,-0.021741254,0.7274939474076899
427,4.2700000000000005,BL,0.0,0.055607229471206665,0.029673025012016296,0.9800309538841248,0.9595475792884827,-0.055607229471206665,0.981123149394989,0.9800309538841248,1.9488084316253662,1.6177818775177002,,0.9800309538841248,0.2555365562438965,0.91367155,0.0061381697,-0.021741254,0.7274939474076899
427,4.2700000000000005,BR,0.0,-0.2907715141773224,-0.3141430616378784,-0.9311563372612,-0.7470740675926208,0.2907715141773224,-0.8598933815956116,-0.9311563372612,-1.7181349992752075,-0.7013686299324036,,-0.9311563372612,-0.25675252079963684,0.91367155,0.0061381697,-0.021741254,0.7274939474076899
428,4.28,FL,0.0,0.18688270449638367,0.12954695522785187,0.22993795573711395,0.2198515087366104,-0.18688270449638367,0.2923620045185089,0.22993795573711395,0.5559411644935608,-0.2766074240207672,,0.22993795573711395,0.04454640671610832,0.9136516,0.006126025,-0.0217412,0.7275570003400064
428,4.28,FR,0.0,-0.12221105396747589,0.006164565682411194,-0.14442726969718933,-0.15307755768299103,0.12221105396747589,-0.20049545168876648,-0.14442726969718933,-0.3880574405193329,1.0019992589950562,,-0.14442726969718933,-0.04604874551296234,0.9136516,0.006126025,-0.0217412,0.7275570003400064
428,4.28,BL,0.0,0.029673025012016296,0.05770915746688843,0.9595475792884827,0.9692539572715759,-0.029673025012016296,0.9807670712471008,0.9595475792884827,1.9476433992385864,1.6372641324996948,,0.9595475792884827,0.2488032579421997,0.9136516,0.006126025,-0.0217412,0.7275570003400064
428,4.28,BR,0.0,-0.3141430616378784,0.16383187472820282,-0.7470740675926208,-0.7342361807823181,0.3141430616378784,-0.856123685836792,-0.7470740675926208,-1.7093523740768433,-0.7185057997703552,,-0.7470740675926208,-0.2128838151693344,0.9136516,0.006126025,-0.0217412,0.7275570003400064
429,4.29,FL,0.0,0.12954695522785187,0.1453353613615036,0.2198515087366104,0.2405432164669037,-0.12954695522785187,0.29080742597579956,0.2198515087366104,0.5513834357261658,-0.2710709571838379,,0.2198515087366104,0.039243318140506744,0.9136264,0.006107135,-0.021741223,0.7276072201266117
429,4.29,FR,0.0,0.006164565682411194,0.059701450169086456,-0.15307755768299103,-0.202961266040802,-0.006164565682411194,-0.20056942105293274,-0.15307755768299103,-0.3848460018634796,0.9981348514556885,,-0.15307755768299103,-0.055174946784973145,0.9136264,0.006107135,-0.021741223,0.7276072201266117
429,4.29,BL,0.0,0.05770915746688843,0.10411694645881653,0.9692539572715759,0.9576834440231323,-0.05770915746688843,0.9800745844841003,0.9692539572715759,1.9472851753234863,1.6567387580871582,,0.9692539572715759,0.24753546714782715,0.9136264,0.006107135,-0.021741223,0.7276072201266117
429,4.29,BR,0.0,0.16383187472820282,0.19839626550674438,-0.7342361807823181,-0.9216564297676086,-0.16383187472820282,-0.8580896258354187,-0.7342361807823181,-1.6999073028564453,-0.7355517745018005,,-0.7342361807823181,-0.21855303645133972,0.9136264,0.006107135,-0.021741223,0.7276072201266117
430,4.3,FL,0.0,0.1453353613615036,0.09191735088825226,0.2405432164669037,0.2326732873916626,-0.1453353613615036,0.28906339406967163,0.2405432164669037,0.5486270189285278,-0.2655709981918335,,0.2405432164669037,0.04652785509824753,0.9136049,0.0060946695,-0.021741167,0.7276858838555077
430,4.3,FR,0.0,0.059701450169086456,-0.05322067812085152,-0.202961266040802,-0.2244500070810318,-0.059701450169086456,-0.20128583908081055,-0.202961266040802,-0.3856724202632904,0.9942822456359863,,-0.202961266040802,-0.06212138384580612,0.9136049,0.0060946695,-0.021741167,0.7276858838555077
430,4.3,BL,0.0,0.10411694645881653,0.10259230434894562,0.9576834440231323,0.9384278059005737,-0.10411694645881653,0.9788251519203186,0.9576834440231323,1.9460335969924927,1.6762052774429321,,0.9576834440231323,0.24613085389137268,0.9136049,0.0060946695,-0.021741167,0.7276858838555077
430,4.3,BR,0.0,0.19839626550674438,-0.24107304215431213,-0.9216564297676086,-0.9374481439590454,-0.19839626550674438,-0.8604704141616821,-0.9216564297676086,-1.7055302858352661,-0.7525791525840759,,-0.9216564297676086,-0.2653444707393646,0.9136049,0.0060946695,-0.021741167,0.7276858838555077
431,4.3100000000000005,FL,0.0,0.09191735088825226,0.12437238544225693,0.2326732873916626,0.25229647755622864,-0.09191735088825226,0.287960410118103,0.2326732873916626,0.5453615784645081,-0.26010116934776306,,0.2326732873916626,0.05017904192209244,0.91359097,0.006090793,-0.021741223,0.7277792891125835
431,4.3100000000000005,FR,0.0,-0.05322067812085152,-0.13168850541114807,-0.2244500070810318,-0.17999756336212158,0.05322067812085152,-0.20064719021320343,-0.2244500070810318,-0.388151615858078,0.9904130697250366,,-0.2244500070810318,-0.05935889855027199,0.91359097,0.006090793,-0.021741223,0.7277792891125835
431,4.3100000000000005,BL,0.0,0.10259230434894562,0.10134262591600418,0.9384278059005737,0.9377882480621338,-0.10259230434894562,0.9775940775871277,0.9384278059005737,1.9433211088180542,1.6956520080566406,,0.9384278059005737,0.24613416194915771,0.91359097,0.006090793,-0.021741223,0.7277792891125835
431,4.3100000000000005,BR,0.0,-0.24107304215431213,-0.36135923862457275,-0.9374481439590454,-0.7640411853790283,0.24107304215431213,-0.8575775623321533,-0.9374481439590454,-1.712171196937561,-0.7696678638458252,,-0.9374481439590454,-0.258844256401062,0.91359097,0.006090793,-0.021741223,0.7277792891125835
432,4.32,FL,0.0,0.12437238544225693,0.112611785531044,0.25229647755622864,0.23821143805980682,-0.12437238544225693,0.28646793961524963,0.25229647755622864,0.5437629818916321,-0.2546555995941162,,0.25229647755622864,0.05426350235939026,0.91357446,0.006082183,-0.021741182,0.7278457314283199
432,4.32,FR,0.0,-0.13168850541114807,-0.01840316876769066,-0.17999756336212158,-0.14797179400920868,0.13168850541114807,-0.1990669220685959,-0.17999756336212158,-0.38704758882522583,0.9865370988845825,,-0.17999756336212158,-0.052402645349502563,0.91357446,0.006082183,-0.021741182,0.7278457314283199
432,4.32,BL,0.0,0.10134262591600418,0.08901993930339813,0.9377882480621338,0.9370570182800293,-0.10134262591600418,0.9763779640197754,0.9377882480621338,1.9406648874282837,1.7150717973709106,,0.9377882480621338,0.24496816098690033,0.91357446,0.006082183,-0.021741182,0.7278457314283199
432,4.32,BR,0.0,-0.36135923862457275,0.15091900527477264,-0.7640411853790283,-0.7130338549613953,0.36135923862457275,-0.8532412052154541,-0.7640411853790283,-1.7049530744552612,-0.786753237247467,,-0.7640411853790283,-0.21424101293087006,0.91357446,0.006082183,-0.021741182,0.7278457314283199
433,4.33,FL,0.0,0.112611785531044,0.10684120655059814,0.23821143805980682,0.24142321944236755,-0.112611785531044,0.285116583108902,0.23821143805980682,0.541122555732727,-0.2492312639951706,,0.23821143805980682,0.045977167785167694,0.91355175,0.006064437,-0.021741202,0.7278864786152094
433,4.33,FR,0.0,-0.01840316876769066,0.029435131698846817,-0.14797179400920868,-0.19170565903186798,0.01840316876769066,-0.19884608685970306,-0.14797179400920868,-0.3834753632545471,0.9826846122741699,,-0.14797179400920868,-0.05331677198410034,0.91355175,0.006064437,-0.021741202,0.7278864786152094
433,4.33,BL,0.0,0.08901993930339813,0.08615382760763168,0.9370570182800293,0.9407699704170227,-0.08901993930339813,0.9753097295761108,0.9370570182800293,1.938055396080017,1.7344653606414795,,0.9370570182800293,0.2403963953256607,0.91355175,0.006064437,-0.021741202,0.7278864786152094
433,4.33,BR,0.0,0.15091900527477264,0.13242197036743164,-0.7130338549613953,-0.9136088490486145,-0.15091900527477264,-0.8550522327423096,-0.7130338549613953,-1.694017767906189,-0.8037477135658264,,-0.7130338549613953,-0.2128228098154068,0.91355175,0.006064437,-0.021741202,0.7278864786152094
434,4.34,FL,0.0,0.10684120655059814,0.1021699458360672,0.24142321944236755,0.24238009750843048,-0.10684120655059814,0.2838344871997833,0.24142321944236755,0.5388374924659729,-0.2438315451145172,,0.24142321944236755,0.047863394021987915,0.91353124,0.006051747,-0.021741211,0.7279575383176107
434,4.34,FR,0.0,0.029435131698846817,-0.026146389544010162,-0.19170565903186798,-0.21062013506889343,-0.029435131698846817,-0.19919930398464203,-0.19170565903186798,-0.38347283005714417,0.9788498282432556,,-0.19170565903186798,-0.05952443927526474,0.91353124,0.006051747,-0.021741211,0.7279575383176107
434,4.34,BL,0.0,0.08615382760763168,0.05236656963825226,0.9407699704170227,0.940848171710968,-0.08615382760763168,0.9742758870124817,0.9407699704170227,1.935839295387268,1.7538347244262695,,0.9407699704170227,0.24234765768051147,0.91353124,0.006051747,-0.021741211,0.7279575383176107
434,4.34,BR,0.0,0.13242197036743164,-0.16382484138011932,-0.9136088490486145,-0.9080210328102112,-0.13242197036743164,-0.8566412925720215,-0.9136088490486145,-1.6992405652999878,-0.8207141757011414,,-0.9136088490486145,-0.2625681459903717,0.91353124,0.006051747,-0.021741211,0.7279575383176107
435,4.3500000000000005,FL,0.0,0.1021699458360672,0.11293301731348038,0.24238009750843048,0.24296651780605316,-0.1021699458360672,0.2826084494590759,0.24238009750843048,0.5367171168327332,-0.23845383524894714,,0.24238009750843048,0.05255866050720215,0.9135163,0.0060458556,-0.021741241,0.7280373031006536
435,4.3500000000000005,FR,0.0,-0.026146389544010162,-0.05470095947384834,-0.21062013506889343,-0.18874076008796692,0.026146389544010162,-0.19888556003570557,-0.21062013506889343,-0.38495373725891113,0.9750076532363892,,-0.21062013506889343,-0.05844978243112564,0.9135163,0.0060458556,-0.021741241,0.7280373031006536
435,4.3500000000000005,BL,0.0,0.05236656963825226,-0.01647643744945526,0.940848171710968,0.9533292651176453,-0.05236656963825226,0.9736474752426147,0.940848171710968,1.9337164163589478,1.7731823921203613,,0.940848171710968,0.24537386000156403,0.9135163,0.0060458556,-0.021741241,0.7280373031006536
435,4.3500000000000005,BR,0.0,-0.16382484138011932,0.16212797164916992,-0.9080210328102112,-0.7911113500595093,0.16382484138011932,-0.8546754121780396,-0.9080210328102112,-1.7038204669952393,-0.8377296328544617,,-0.9080210328102112,-0.25327232480049133,0.9135163,0.0060458556,-0.021741241,0.7280373031006536
436,4.36,FL,0.0,0.11293301731348038,0.1114116907119751,0.24296651780605316,0.2374352514743805,-0.11293301731348038,0.28125324845314026,0.24296651780605316,0.5347258448600769,-0.23309668898582458,,0.24296651780605316,0.051906004548072815,0.9135002,0.006037573,-0.021741226,0.7281053000963298
436,4.36,FR,0.0,-0.05470095947384834,-0.014018498361110687,-0.18874076008796692,-0.17700517177581787,0.05470095947384834,-0.19822914898395538,-0.18874076008796692,-0.3846607208251953,0.9711595773696899,,-0.18874076008796692,-0.054989930242300034,0.9135002,0.006037573,-0.021741226,0.7281053000963298
436,4.36,BL,0.0,-0.01647643744945526,0.061309173703193665,0.9533292651176453,0.9802380204200745,0.01647643744945526,0.9738451838493347,0.9533292651176453,1.9326554536819458,1.7925142049789429,,0.9533292651176453,0.2504739463329315,0.9135002,0.006037573,-0.021741226,0.7281053000963298
436,4.36,BR,0.0,0.16212797164916992,0.15744711458683014,-0.7911113500595093,-0.9195265769958496,-0.16212797164916992,-0.8566209673881531,-0.7911113500595093,-1.6990525722503662,-0.8547438383102417,,-0.7911113500595093,-0.22575582563877106,0.9135002,0.006037573,-0.021741226,0.7281053000963298
437,4.37,FL,0.0,0.1114116907119751,0.10355399549007416,0.2374352514743805,0.23668858408927917,-0.1114116907119751,0.27991631627082825,0.2374352514743805,0.5323788523674011,-0.22776123881340027,,0.2374352514743805,0.048855118453502655,0.913483,0.006028514,-0.02174123,0.7281846498626706
437,4.37,FR,0.0,-0.014018498361110687,-0.06347422301769257,-0.17700517177581787,-0.19262173771858215,0.014018498361110687,-0.19806091487407684,-0.17700517177581787,-0.3834589123725891,0.9673190712928772,,-0.17700517177581787,-0.0519740954041481,0.913483,0.006028514,-0.02174123,0.7281846498626706
437,4.37,BL,0.0,0.061309173703193665,-0.004562556743621826,0.9802380204200745,0.9493215084075928,-0.061309173703193665,0.9731094837188721,0.9802380204200745,1.9337462186813354,1.8118462562561035,,0.9802380204200745,0.25440892577171326,0.913483,0.006028514,-0.02174123,0.7281846498626706
437,4.37,BR,0.0,0.15744711458683014,-0.26383286714553833,-0.9195265769958496,-0.9195997714996338,-0.15744711458683014,-0.8585103154182434,-0.9195265769958496,-1.7045420408248901,-0.8717620372772217,,-0.9195265769958496,-0.26143354177474976,0.913483,0.006028514,-0.02174123,0.7281846498626706
438,4.38,FL,0.0,0.10355399549007416,0.10605905205011368,0.23668858408927917,0.23849472403526306,-0.10355399549007416,0.2786736786365509,0.23668858408927917,0.5300654172897339,-0.22244909405708313,,0.23668858408927917,0.05055433511734009,0.91346806,0.006022253,-0.021741211,0.7282668586837847
438,4.38,FR,0.0,-0.06347422301769257,-0.08810178190469742,-0.19262173771858215,-0.17267122864723206,0.06347422301769257,-0.19729922711849213,-0.19262173771858215,-0.3835288882255554,0.9634841084480286,,-0.19262173771858215,-0.05353532359004021,0.91346806,0.006022253,-0.021741211,0.7282668586837847
438,4.38,BL,0.0,-0.004562556743621826,0.06414037942886353,0.9493215084075928,0.9749345183372498,0.004562556743621826,0.9731642007827759,0.9493215084075928,1.9323698282241821,1.8311768770217896,,0.9493215084075928,0.2495199292898178,0.91346806,0.006022253,-0.021741211,0.7282668586837847
438,4.38,BR,0.0,-0.26383286714553833,-0.3132607340812683,-0.9195997714996338,-0.752977192401886,0.26383286714553833,-0.855344295501709,-0.9195997714996338,-1.7098220586776733,-0.8888339996337891,,-0.9195997714996338,-0.2556968033313751,0.91346806,0.006022253,-0.021741211,0.7282668586837847
439,4.39,FL,0.0,0.10605905205011368,0.12590482831001282,0.23849472403526306,0.23625004291534424,-0.10605905205011368,0.2774009704589844,0.23849472403526306,0.5279842615127563,-0.21715891361236572,,0.23849472403526306,0.04846856743097305,0.91344887,0.0060101342,-0.0217412,0.7283283787357748
439,4.39,FR,0.0,-0.08810178190469742,0.00040858611464500427,-0.17267122864723206,-0.1620585173368454,0.08810178190469742,-0.19624200463294983,-0.17267122864723206,-0.3820315897464752,0.9596563577651978,,-0.17267122864723206,-0.053652357310056686,0.91344887,0.0060101342,-0.0217412,0.7283283787357748
439,4.39,BL,0.0,0.06414037942886353,0.01879577338695526,0.9749345183372498,0.9475080966949463,-0.06414037942886353,0.9723945260047913,0.9749345183372498,1.9330559968948364,1.8505040407180786,,0.9749345183372498,0.25251659750938416,0.91344887,0.0060101342,-0.0217412,0.7283283787357748
439,4.39,BR,0.0,-0.3132607340812683,0.15792353451251984,-0.752977192401886,-0.7300400137901306,0.3132607340812683,-0.8515852093696594,-0.752977192401886,-1.7018282413482666,-0.905892014503479,,-0.752977192401886,-0.21421018242835999,0.91344887,0.0060101342,-0.0217412,0.7283283787357748
440,4.4,FL,0.0,0.12590482831001282,0.1330694854259491,0.23625004291534424,0.22703902423381805,-0.12590482831001282,0.2758901119232178,0.23625004291534424,0.5258086919784546,-0.21189002692699432,,0.23625004291534424,0.043981581926345825,0.91342396,0.0059920745,-0.02174123,0.7283812589982137
440,4.4,FR,0.0,0.00040858611464500427,0.0542563870549202,-0.1620585173368454,-0.19640544056892395,-0.00040858611464500427,-0.1962469071149826,-0.1620585173368454,-0.3797607123851776,0.955847442150116,,-0.1620585173368454,-0.056588221341371536,0.91342396,0.0059920745,-0.02174123,0.7283812589982137
440,4.4,BL,0.0,0.01879577338695526,0.06591196358203888,0.9475080966949463,0.9648762345314026,-0.01879577338695526,0.9721689820289612,0.9475080966949463,1.931564450263977,1.8698270320892334,,0.9475080966949463,0.24212853610515594,0.91342396,0.0059920745,-0.02174123,0.7283812589982137
440,4.4,BR,0.0,0.15792353451251984,0.18124784529209137,-0.7300400137901306,-0.9147546291351318,-0.15792353451251984,-0.8534802794456482,-0.7300400137901306,-1.6923491954803467,-0.9228625893592834,,-0.7300400137901306,-0.21694493293762207,0.91342396,0.0059920745,-0.02174123,0.7283812589982137
441,4.41,FL,0.0,0.1330694854259491,0.11341650784015656,0.22703902423381805,0.2226623147726059,-0.1330694854259491,0.27429327368736267,0.22703902423381805,0.5229960680007935,-0.20664609968662262,,0.22703902423381805,0.04334734007716179,0.91340274,0.0059794844,-0.021741267,0.7284543431311743
441,4.41,FR,0.0,0.0542563870549202,-0.03722252696752548,-0.19640544056892395,-0.21794946491718292,-0.0542563870549202,-0.1968979835510254,-0.19640544056892395,-0.38027241826057434,0.9520472884178162,,-0.19640544056892395,-0.060922231525182724,0.91340274,0.0059794844,-0.021741267,0.7284543431311743
441,4.41,BL,0.0,0.06591196358203888,-0.013665542006492615,0.9648762345314026,0.9458041787147522,-0.06591196358203888,0.9713780283927917,0.9648762345314026,1.9314934015274048,1.8891422748565674,,0.9648762345314026,0.24743770062923431,0.91340274,0.0059794844,-0.021741267,0.7284543431311743
441,4.41,BR,0.0,0.18124784529209137,0.18294750154018402,-0.9147546291351318,-0.9259794354438782,-0.18124784529209137,-0.8556552529335022,-0.9147546291351318,-1.6977273225784302,-0.9398131370544434,,-0.9147546291351318,-0.26350581645965576,0.91340274,0.0059794844,-0.021741267,0.7284543431311743
442,4.42,FL,0.0,0.11341650784015656,0.10844123363494873,0.2226623147726059,0.2289266586303711,-0.11341650784015656,0.2729322612285614,0.2226623147726059,0.5199505686759949,-0.20143146812915802,,0.2226623147726059,0.04787490516901016,0.9133893,0.0059757214,-0.021741174,0.7285421974854962
442,4.42,FR,0.0,-0.03722252696752548,-0.10613536834716797,-0.21794946491718292,-0.18200898170471191,0.03722252696752548,-0.1964513212442398,-0.21794946491718292,-0.3824535608291626,0.9482336044311523,,-0.21794946491718292,-0.058283731341362,0.9133893,0.0059757214,-0.021741174,0.7285421974854962
442,4.42,BL,0.0,-0.013665542006492615,0.07436247169971466,0.9458041787147522,0.9768442511558533,0.013665542006492615,0.9715420603752136,0.9458041787147522,1.929929494857788,1.908449411392212,,0.9458041787147522,0.24984443187713623,0.9133893,0.0059757214,-0.021741174,0.7285421974854962
442,4.42,BR,0.0,0.18294750154018402,-0.19147422909736633,-0.9259794354438782,-0.9288342595100403,-0.18294750154018402,-0.8578506112098694,-0.9259794354438782,-1.7037748098373413,-0.9568208456039429,,-0.9259794354438782,-0.2596442997455597,0.9133893,0.0059757214,-0.021741174,0.7285421974854962
443,4.43,FL,0.0,0.10844123363494873,0.14285805821418762,0.2289266586303711,0.22955577075481415,-0.10844123363494873,0.2716309726238251,0.2289266586303711,0.5175156593322754,-0.19624421000480652,,0.2289266586303711,0.05086912214756012,0.9133776,0.0059729014,-0.021741249,0.7286288543298511
443,4.43,FR,0.0,-0.10613536834716797,-0.08173802495002747,-0.18200898170471191,-0.15399716794490814,0.10613536834716797,-0.19517768919467926,-0.18200898170471191,-0.38173070549964905,0.9444127082824707,,-0.18200898170471191,-0.048041775822639465,0.9133776,0.0059729014,-0.021741249,0.7286288543298511
443,4.43,BL,0.0,0.07436247169971466,-0.00733475387096405,0.9768442511558533,0.9417970180511475,-0.07436247169971466,0.9706496596336365,0.9768442511558533,1.9308611154556274,1.9277533292770386,,0.9768442511558533,0.2570740878582001,0.9133776,0.0059729014,-0.021741249,0.7286288543298511
443,4.43,BR,0.0,-0.19147422909736633,0.08819666504859924,-0.9288342595100403,-0.7812609076499939,0.19147422909736633,-0.8555529117584229,-0.9288342595100403,-1.7098090648651123,-0.9738889932632446,,-0.9288342595100403,-0.25632861256599426,0.9133776,0.0059729014,-0.021741249,0.7286288543298511
444,4.44,FL,0.0,0.14285805821418762,0.10820791870355606,0.22955577075481415,0.21448774635791779,-0.14285805821418762,0.26991668343544006,0.22955577075481415,0.5152256488800049,-0.19108058512210846,,0.22955577075481415,0.048089735209941864,0.9133615,0.0059640533,-0.02174121,0.7286921088890685
444,4.44,FR,0.0,-0.08173802495002747,-0.001168329268693924,-0.15399716794490814,-0.16248248517513275,0.08173802495002747,-0.19419683516025543,-0.15399716794490814,-0.3788394629955292,0.9406099319458008,,-0.15399716794490814,-0.04633172228932381,0.9133615,0.0059640533,-0.02174121,0.7286921088890685
444,4.44,BL,0.0,-0.00733475387096405,0.08228091895580292,0.9417970180511475,0.9735835790634155,0.00733475387096405,0.9707376956939697,0.9417970180511475,1.9290077686309814,1.9470527172088623,,0.9417970180511475,0.24727007746696472,0.9133615,0.0059640533,-0.02174121,0.7286921088890685
444,4.44,BR,0.0,0.08819666504859924,0.16078785061836243,-0.7812609076499939,-0.8908315896987915,-0.08819666504859924,-0.8566113114356995,-0.7812609076499939,-1.7040338516235352,-0.9909579753875732,,-0.7812609076499939,-0.22293545305728912,0.9133615,0.0059640533,-0.02174121,0.7286921088890685
445,4.45,FL,0.0,0.10820791870355606,0.1071743592619896,0.21448774635791779,0.22663350403308868,-0.10820791870355606,0.2686181962490082,0.21448774635791779,0.5118436813354492,-0.18594534695148468,,0.21448774635791779,0.042656973004341125,0.9133444,0.0059535885,-0.02174125,0.728760089013928
445,4.45,FR,0.0,-0.001168329268693924,-0.008246272802352905,-0.16248248517513275,-0.19372950494289398,0.001168329268693924,-0.19418281316757202,-0.16248248517513275,-0.37672701478004456,0.9368321895599365,,-0.16248248517513275,-0.049966152757406235,0.9133444,0.0059535885,-0.02174125,0.728760089013928
445,4.45,BL,0.0,0.08228091895580292,0.018282204866409302,0.9735835790634155,0.9378253221511841,-0.08228091895580292,0.9697503447532654,0.9735835790634155,1.9297198057174683,1.966346263885498,,0.9735835790634155,0.25318294763565063,0.9133444,0.0059535885,-0.02174125,0.728760089013928
445,4.45,BR,0.0,0.16078785061836243,0.12467032670974731,-0.8908315896987915,-0.9209264516830444,-0.16078785061836243,-0.8585407733917236,-0.8908315896987915,-1.7070777416229248,-1.0080136060714722,,-0.8908315896987915,-0.254695326089859,0.9133444,0.0059535885,-0.02174125,0.728760089013928
446,4.46,FL,0.0,0.1071743592619896,0.08605534583330154,0.22663350403308868,0.2257484346628189,-0.1071743592619896,0.2673320770263672,0.22663350403308868,0.5095468759536743,-0.180838480591774,,0.22663350403308868,0.04875488579273224,0.91333073,0.0059482064,-0.021741193,0.7288385035755588
446,4.46,FR,0.0,-0.008246272802352905,-0.04528404027223587,-0.19372950494289398,-0.1908843070268631,0.008246272802352905,-0.19408386945724487,-0.19372950494289398,-0.3771478235721588,0.9330627918243408,,-0.19372950494289398,-0.05368676781654358,0.91333073,0.0059482064,-0.021741193,0.7288385035755588
446,4.46,BL,0.0,0.018282204866409302,0.06617660820484161,0.9378253221511841,0.9624374508857727,-0.018282204866409302,0.9695309400558472,0.9378253221511841,1.9275996685028076,1.9856328964233398,,0.9378253221511841,0.2471170723438263,0.91333073,0.0059482064,-0.021741193,0.7288385035755588
446,4.46,BR,0.0,0.12467032670974731,-0.09554649144411087,-0.9209264516830444,-0.9084088802337646,-0.12467032670974731,-0.8600367903709412,-0.9209264516830444,-1.7123624086380005,-1.0251110792160034,,-0.9209264516830444,-0.25884491205215454,0.91333073,0.0059482064,-0.021741193,0.7288385035755588
447,4.47,FL,0.0,0.08605534583330154,0.09018760919570923,0.2257484346628189,0.2329099476337433,-0.08605534583330154,0.26629942655563354,0.2257484346628189,0.5072706937789917,-0.17575445771217346,,0.2257484346628189,0.04997873306274414,0.9133189,0.0059442087,-0.021741262,0.7289175170560572
447,4.47,FR,0.0,-0.04528404027223587,-0.0610838457942009,-0.1908843070268631,-0.17597024142742157,0.04528404027223587,-0.19354045391082764,-0.1908843070268631,-0.3773289918899536,0.9292904138565063,,-0.1908843070268631,-0.051553819328546524,0.9133189,0.0059442087,-0.021741262,0.7289175170560572
447,4.47,BL,0.0,0.06617660820484161,0.010602325201034546,0.9624374508857727,0.9430602788925171,-0.06617660820484161,0.9687368273735046,0.9624374508857727,1.9274928569793701,2.004908323287964,,0.9624374508857727,0.2541182339191437,0.9133189,0.0059442087,-0.021741262,0.7289175170560572
447,4.47,BR,0.0,-0.09554649144411087,-0.19015052914619446,-0.9084088802337646,-0.8218181729316711,0.09554649144411087,-0.8588902354240417,-0.9084088802337646,-1.7164580821990967,-1.0422552824020386,,-0.9084088802337646,-0.25216588377952576,0.9133189,0.0059442087,-0.021741262,0.7289175170560572
448,4.48,FL,0.0,0.09018760919570923,0.09678024053573608,0.2329099476337433,0.2302243858575821,-0.09018760919570923,0.2652171850204468,0.2329099476337433,0.5056453943252563,-0.17068994045257568,,0.2329099476337433,0.05034559220075607,0.9133047,0.005936424,-0.02174119,0.7289817936317701
448,4.48,FR,0.0,-0.0610838457942009,-0.01780736818909645,-0.17597024142742157,-0.16910691559314728,0.0610838457942009,-0.19280745089054108,-0.17597024142742157,-0.3763335049152374,0.9255220890045166,,-0.17597024142742157,-0.051395487040281296,0.9133047,0.005936424,-0.02174119,0.7289817936317701
448,4.48,BL,0.0,0.010602325201034546,0.09149204194545746,0.9430602788925171,0.9644958972930908,-0.010602325201034546,0.9686095714569092,0.9430602788925171,1.925870656967163,2.0241751670837402,,0.9430602788925171,0.24838973581790924,0.9133047,0.005936424,-0.02174119,0.7289817936317701
448,4.48,BR,0.0,-0.19015052914619446,0.16528862714767456,-0.8218181729316711,-0.782829999923706,0.19015052914619446,-0.8566084504127502,-0.8218181729316711,-1.7136027812957764,-1.0594054460525513,,-0.8218181729316711,-0.2305947244167328,0.9133047,0.005936424,-0.02174119,0.7289817936317701
449,4.49,FL,0.0,0.09678024053573608,0.11535235494375229,0.2302243858575821,0.2265050858259201,-0.09678024053573608,0.2640558183193207,0.2302243858575821,0.5038732290267944,-0.1656423956155777,,0.2302243858575821,0.046478889882564545,0.9132858,0.0059238393,-0.021741185,0.7290385719518168
449,4.49,FR,0.0,-0.01780736818909645,-0.0056259892880916595,-0.16910691559314728,-0.18568450212478638,0.01780736818909645,-0.1925937533378601,-0.16910691559314728,-0.37483879923820496,0.9217662811279297,,-0.16910691559314728,-0.05373643338680267,0.9132858,0.0059238393,-0.021741185,0.7290385719518168
449,4.49,BL,0.0,0.09149204194545746,0.06544576585292816,0.9644958972930908,0.9320127964019775,-0.09149204194545746,0.9675117135047913,0.9644958972930908,1.9259929656982422,2.0434343814849854,,0.9644958972930908,0.25046640634536743,0.9132858,0.0059238393,-0.021741185,0.7290385719518168
449,4.49,BR,0.0,0.16528862714767456,0.16753678023815155,-0.782829999923706,-0.9227238893508911,-0.16528862714767456,-0.8585919141769409,-0.782829999923706,-1.7078018188476562,-1.076512336730957,,-0.782829999923706,-0.22669176757335663,0.9132858,0.0059238393,-0.021741185,0.7290385719518168
450,4.5,FL,0.0,0.11535235494375229,0.08900778740644455,0.2265050858259201,0.2179148644208908,-0.11535235494375229,0.2626715898513794,0.2265050858259201,0.5018788576126099,-0.16061371564865112,,0.2265050858259201,0.04652055352926254,0.91326934,0.0059147514,-0.021741256,0.7291103321191523
450,4.5,FR,0.0,-0.0056259892880916595,-0.03170138597488403,-0.18568450212478638,-0.19034336507320404,0.0056259892880916595,-0.19252625107765198,-0.18568450212478638,-0.3747027516365051,0.9180185794830322,,-0.18568450212478638,-0.05479377880692482,0.91326934,0.0059147514,-0.021741256,0.7291103321191523
450,4.5,BL,0.0,0.06544576585292816,0.04715191200375557,0.9320127964019775,0.9413334131240845,-0.06544576585292816,0.9667263627052307,0.9320127964019775,1.9235632419586182,2.0626821517944336,,0.9320127964019775,0.24299605190753937,0.91326934,0.0059147514,-0.021741256,0.7291103321191523
450,4.5,BR,0.0,0.16753678023815155,-0.15261441469192505,-0.9227238893508911,-0.9256066083908081,-0.16753678023815155,-0.8606023192405701,-0.9227238893508911,-1.7131990194320679,-1.0936174392700195,,-0.9227238893508911,-0.26244738698005676,0.91326934,0.0059147514,-0.021741256,0.7291103321191523
451,4.51,FL,0.0,0.08900778740644455,0.07943136990070343,0.2179148644208908,0.2270684689283371,-0.08900778740644455,0.2616035044193268,0.2179148644208908,0.49928900599479675,-0.15560795366764069,,0.2179148644208908,0.048267170786857605,0.913258,0.0059107756,-0.02174118,0.7291849835314658
451,4.51,FR,0.0,-0.03170138597488403,-0.06380441784858704,-0.19034336507320404,-0.1798456907272339,0.03170138597488403,-0.19214582443237305,-0.19034336507320404,-0.37493738532066345,0.9142704010009766,,-0.19034336507320404,-0.05177544802427292,0.913258,0.0059107756,-0.02174118,0.7291849835314658
451,4.51,BL,0.0,0.04715191200375557,0.05720297992229462,0.9413334131240845,0.9478656053543091,-0.04715191200375557,0.9661605358123779,0.9413334131240845,1.921959638595581,2.081909656524658,,0.9413334131240845,0.2496040016412735,0.913258,0.0059107756,-0.02174118,0.7291849835314658
451,4.51,BR,0.0,-0.15261441469192505,-0.26372191309928894,-0.9256066083908081,-0.7995565533638,0.15261441469192505,-0.8587709665298462,-0.9256066083908081,-1.7186106443405151,-1.110776662826538,,-0.9256066083908081,-0.25630924105644226,0.913258,0.0059107756,-0.02174118,0.7291849835314658
452,4.5200000000000005,FL,0.0,0.07943136990070343,0.10768947005271912,0.2270684689283371,0.22983093559741974,-0.07943136990070343,0.26065030694007874,0.2270684689283371,0.4975185692310333,-0.15062397718429565,,0.2270684689283371,0.04987055063247681,0.9132446,0.0059028156,-0.021741256,0.7292390410524172
452,4.5200000000000005,FR,0.0,-0.06380441784858704,-0.012735042721033096,-0.1798456907272339,-0.1666240692138672,0.06380441784858704,-0.19138017296791077,-0.1798456907272339,-0.37433958053588867,0.9105240106582642,,-0.1798456907272339,-0.05303310230374336,0.9132446,0.0059028156,-0.021741256,0.7292390410524172
452,4.5200000000000005,BL,0.0,0.05720297992229462,-0.01789870858192444,0.9478656053543091,0.9432793259620667,-0.05720297992229462,0.9654740691184998,0.9478656053543091,1.9209312200546265,2.1011240482330322,,0.9478656053543091,0.24906852841377258,0.9132446,0.0059028156,-0.021741256,0.7292390410524172
452,4.5200000000000005,BR,0.0,-0.26372191309928894,0.1524328589439392,-0.7995565533638,-0.7532821893692017,0.26372191309928894,-0.8556063175201416,-0.7995565533638,-1.7139250040054321,-1.127939224243164,,-0.7995565533638,-0.22403882443904877,0.9132446,0.0059028156,-0.021741256,0.7292390410524172
453,4.53,FL,0.0,0.10768947005271912,0.10808347165584564,0.22983093559741974,0.21757452189922333,-0.10768947005271912,0.2593580484390259,0.22983093559741974,0.4960342049598694,-0.1456562578678131,,0.22983093559741974,0.046312205493450165,0.9132255,0.005889083,-0.02174115,0.7292879553778645
453,4.53,FR,0.0,-0.012735042721033096,0.03710640221834183,-0.1666240692138672,-0.18628616631031036,0.012735042721033096,-0.19122736155986786,-0.1666240692138672,-0.3727283775806427,0.90678870677948,,-0.1666240692138672,-0.05453425645828247,0.9132255,0.005889083,-0.02174115,0.7292879553778645
453,4.53,BL,0.0,-0.01789870858192444,0.05246509611606598,0.9432793259620667,0.9726335406303406,0.01789870858192444,0.9656888842582703,0.9432793259620667,1.9195834398269653,2.120326519012451,,0.9432793259620667,0.24561278522014618,0.9132255,0.005889083,-0.02174115,0.7292879553778645
453,4.53,BR,0.0,0.1524328589439392,0.1793273687362671,-0.7532821893692017,-0.9165794253349304,-0.1524328589439392,-0.8574354648590088,-0.7532821893692017,-1.705794334411621,-1.1450375318527222,,-0.7532821893692017,-0.21934449672698975,0.9132255,0.005889083,-0.02174115,0.7292879553778645
454,4.54,FL,0.0,0.10808347165584564,0.11019193381071091,0.21757452189922333,0.21612465381622314,-0.10808347165584564,0.2580610513687134,0.21757452189922333,0.49364686012268066,-0.14070793986320496,,0.21757452189922333,0.04411644488573074,0.91320884,0.0058766254,-0.021741241,0.7293382739630658
454,4.54,FR,0.0,0.03710640221834183,-0.031462546437978745,-0.18628616631031036,-0.2060699164867401,-0.03710640221834183,-0.19167263805866241,-0.18628616631031036,-0.37272223830223083,0.9030615091323853,,-0.18628616631031036,-0.059313300997018814,0.91320884,0.0058766254,-0.021741241,0.7293382739630658
454,4.54,BL,0.0,0.05246509611606598,-0.04127027094364166,0.9726335406303406,0.9447028040885925,-0.05246509611606598,0.9650592803955078,0.9726335406303406,1.9205905199050903,2.1395275592803955,,0.9726335406303406,0.25318944454193115,0.91320884,0.0058766254,-0.021741241,0.7293382739630658
454,4.54,BR,0.0,0.1793273687362671,-0.5376372933387756,-0.9165794253349304,-0.9291664361953735,-0.1793273687362671,-0.8595874309539795,-0.9165794253349304,-1.710788369178772,-1.1621206998825073,,-0.9165794253349304,-0.25600606203079224,0.91320884,0.0058766254,-0.021741241,0.7293382739630658
455,4.55,FL,0.0,0.11019193381071091,0.1021217629313469,0.21612465381622314,0.21398426592350006,-0.11019193381071091,0.25673872232437134,0.21612465381622314,0.49123942852020264,-0.1357835829257965,,0.21612465381622314,0.04623084515333176,0.9131956,0.0058699152,-0.02174123,0.7294061671671624
455,4.55,FR,0.0,-0.031462546437978745,-0.07824988663196564,-0.2060699164867401,-0.17908760905265808,0.031462546437978745,-0.1912950873374939,-0.2060699164867401,-0.3742678463459015,0.899326503276825,,-0.2060699164867401,-0.05846453458070755,0.9131956,0.0058699152,-0.02174123,0.7294061671671624
455,4.55,BL,0.0,-0.04127027094364166,-0.013054504990577698,0.9447028040885925,0.9815673828125,0.04127027094364166,0.9655545353889465,0.9447028040885925,1.919367790222168,2.1587271690368652,,0.9447028040885925,0.24856264889240265,0.9131956,0.0058699152,-0.02174123,0.7294061671671624
455,4.55,BR,0.0,-0.5376372933387756,0.1407710164785385,-0.9291664361953735,-0.6445325016975403,0.5376372933387756,-0.8531357645988464,-0.9291664361953735,-1.716573715209961,-1.1792576313018799,,-0.9291664361953735,-0.25627556443214417,0.9131956,0.0058699152,-0.02174123,0.7294061671671624
456,4.5600000000000005,FL,0.0,0.1021217629313469,0.13151048123836517,0.21398426592350006,0.215890035033226,-0.1021217629313469,0.2555132806301117,0.21398426592350006,0.48875853419303894,-0.13088367879390717,,0.21398426592350006,0.04271317273378372,0.91317683,0.0058560763,-0.02174114,0.7294504604427849
456,4.5600000000000005,FR,0.0,-0.07824988663196564,0.036405764520168304,-0.17908760905265808,-0.15999512374401093,0.07824988663196564,-0.1903560906648636,-0.17908760905265808,-0.3736368417739868,0.8955869674682617,,-0.17908760905265808,-0.057768311351537704,0.91317683,0.0058560763,-0.02174114,0.7294504604427849
456,4.5600000000000005,BL,0.0,-0.013054504990577698,0.010806620121002197,0.9815673828125,0.9707763195037842,0.013054504990577698,0.9657111763954163,0.9815673828125,1.9210838079452515,2.177929639816284,,0.9815673828125,0.25593292713165283,0.91317683,0.0058560763,-0.02174114,0.7294504604427849
456,4.5600000000000005,BR,0.0,0.1407710164785385,0.08218114823102951,-0.6445325016975403,-0.9094441533088684,-0.1407710164785385,-0.8548250198364258,-0.6445325016975403,-1.6998107433319092,-1.1963390111923218,,-0.6445325016975403,-0.19057010114192963,0.91317683,0.0058560763,-0.02174114,0.7294504604427849
457,4.57,FL,0.0,0.13151048123836517,0.13810409605503082,0.215890035033226,0.20290908217430115,-0.13151048123836517,0.25393515825271606,0.215890035033226,0.486524373292923,-0.1260073333978653,,0.215890035033226,0.0401187539100647,0.9131551,0.0058413926,-0.021741224,0.7295151423104727
457,4.57,FR,0.0,0.036405764520168304,-0.00416981428861618,-0.15999512374401093,-0.20491838455200195,-0.036405764520168304,-0.19079294800758362,-0.15999512374401093,-0.3715333044528961,0.8918612003326416,,-0.15999512374401093,-0.052711371332407,0.9131551,0.0058413926,-0.021741224,0.7295151423104727
457,4.57,BL,0.0,0.010806620121002197,0.0832647979259491,0.9707763195037842,0.9613885283470154,-0.010806620121002197,0.9655815362930298,0.9707763195037842,1.9218864440917969,2.1971445083618164,,0.9707763195037842,0.25077590346336365,0.9131551,0.0058413926,-0.021741224,0.7295151423104727
457,4.57,BR,0.0,0.08218114823102951,-0.07529228925704956,-0.9094441533088684,-0.8876974582672119,-0.08218114823102951,-0.8558111786842346,-0.9094441533088684,-1.7044799327850342,-1.2133606672286987,,-0.9094441533088684,-0.255098432302475,0.9131551,0.0058413926,-0.021741224,0.7295151423104727
458,4.58,FL,0.0,0.13810409605503082,0.11785706877708435,0.20290908217430115,0.19869351387023926,-0.13810409605503082,0.2522779107093811,0.20290908217430115,0.48335984349250793,-0.12115802615880966,,0.20290908217430115,0.04105622321367264,0.9131399,0.005830186,-0.021741236,0.7295642642532137
458,4.58,FR,0.0,-0.00416981428861618,-0.027453603222966194,-0.20491838455200195,-0.18912503123283386,0.00416981428861618,-0.19074290990829468,-0.20491838455200195,-0.3730352222919464,0.8881382942199707,,-0.20491838455200195,-0.0633750855922699,0.9131399,0.005830186,-0.021741236,0.7295642642532137
458,4.58,BL,0.0,0.0832647979259491,-0.030281387269496918,0.9613885283470154,0.9322755932807922,-0.0832647979259491,0.9645823240280151,0.9613885283470154,1.9219213724136353,2.2163634300231934,,0.9613885283470154,0.2504977285861969,0.9131399,0.005830186,-0.021741236,0.7295642642532137
458,4.58,BR,0.0,-0.07529228925704956,-0.465366929769516,-0.8876974582672119,-0.8256942629814148,0.07529228925704956,-0.8549076914787292,-0.8876974582672119,-1.7072604894638062,-1.230419397354126,,-0.8876974582672119,-0.24885421991348267,0.9131399,0.005830186,-0.021741236,0.7295642642532137
459,4.59,FL,0.0,0.11785706877708435,0.10090730339288712,0.19869351387023926,0.20513507723808289,-0.11785706877708435,0.25086361169815063,0.19869351387023926,0.47998881340026855,-0.11634138971567154,,0.19869351387023926,0.041463740170001984,0.913126,0.0058211917,-0.021741262,0.729614663780522
459,4.59,FR,0.0,-0.027453603222966194,0.010781615972518921,-0.18912503123283386,-0.17976146936416626,0.027453603222966194,-0.1904134750366211,-0.18912503123283386,-0.3732396960258484,0.8844069242477417,,-0.18912503123283386,-0.05692249909043312,0.913126,0.0058211917,-0.021741262,0.729614663780522
459,4.59,BL,0.0,-0.030281387269496918,-0.006984114646911621,0.9322755932807922,0.9766948819160461,0.030281387269496918,0.9649457335472107,0.9322755932807922,1.919671893119812,2.2355713844299316,,0.9322755932807922,0.2454722672700882,0.913126,0.0058211917,-0.021741262,0.729614663780522
459,4.59,BR,0.0,-0.465366929769516,0.16542334854602814,-0.8256942629814148,-0.6687608957290649,0.465366929769516,-0.8493232727050781,-0.8256942629814148,-1.7050697803497314,-1.2474809885025024,,-0.8256942629814148,-0.23018325865268707,0.913126,0.0058211917,-0.021741262,0.729614663780522
460,4.6000000000000005,FL,0.0,0.10090730339288712,0.14579170942306519,0.20513507723808289,0.21050068736076355,-0.10090730339288712,0.24965272843837738,0.20513507723808289,0.47725510597229004,-0.11155526340007782,,0.20513507723808289,0.03959967568516731,0.913106,0.0058063013,-0.021741139,0.7296568831920729
460,4.6000000000000005,FR,0.0,0.010781615972518921,0.04909936338663101,-0.17976146936416626,-0.1947261244058609,-0.010781615972518921,-0.19054284691810608,-0.17976146936416626,-0.37270185351371765,0.8806772232055664,,-0.17976146936416626,-0.05954311788082123,0.913106,0.0058063013,-0.021741139,0.7296568831920729
460,4.6000000000000005,BL,0.0,-0.006984114646911621,0.03816059231758118,0.9766948819160461,0.9677393436431885,0.006984114646911621,0.9650295376777649,0.9766948819160461,1.9209939241409302,2.254774808883667,,0.9766948819160461,0.2544562518596649,0.913106,0.0058063013,-0.021741139,0.7296568831920729
460,4.6000000000000005,BR,0.0,0.16542334854602814,0.1093062087893486,-0.6687608957290649,-0.915492594242096,-0.16542334854602814,-0.8513083457946777,-0.6687608957290649,-1.6906579732894897,-1.2644591331481934,,-0.6687608957290649,-0.1983303278684616,0.913106,0.0058063013,-0.021741139,0.7296568831920729
461,4.61,FL,0.0,0.14579170942306519,0.10147158801555634,0.21050068736076355,0.19133605062961578,-0.14579170942306519,0.2479032278060913,0.21050068736076355,0.47504934668540955,-0.10679381340742111,,0.21050068736076355,0.04027764871716499,0.91308725,0.005793727,-0.021741234,0.7297187111674165
461,4.61,FR,0.0,0.04909936338663101,-0.00966065376996994,-0.1947261244058609,-0.21018259227275848,-0.04909936338663101,-0.19113203883171082,-0.1947261244058609,-0.3733586370944977,0.8769469261169434,,-0.1947261244058609,-0.061193808913230896,0.91308725,0.005793727,-0.021741234,0.7297187111674165
461,4.61,BL,0.0,0.03816059231758118,-0.001211598515510559,0.9677393436431885,0.9497652649879456,-0.03816059231758118,0.9645715951919556,0.9677393436431885,1.9215619564056396,2.2739875316619873,,0.9677393436431885,0.250641793012619,0.91308725,0.005793727,-0.021741234,0.7297187111674165
461,4.61,BR,0.0,0.1093062087893486,0.1777937263250351,-0.915492594242096,-0.8950308561325073,-0.1093062087893486,-0.8526200652122498,-0.915492594242096,-1.6961603164672852,-1.2813934087753296,,-0.915492594242096,-0.2626218795776367,0.91308725,0.005793727,-0.021741234,0.7297187111674165
462,4.62,FL,0.0,0.10147158801555634,0.062488313764333725,0.19133605062961578,0.207314595580101,-0.10147158801555634,0.24668556451797485,0.19133605062961578,0.47142720222473145,-0.10206155478954315,,0.19133605062961578,0.040240153670310974,0.9130753,0.0057893465,-0.021741215,0.7297937651790537
462,4.62,FR,0.0,-0.00966065376996994,-0.05503156781196594,-0.21018259227275848,-0.18726778030395508,0.00966065376996994,-0.19101612269878387,-0.21018259227275848,-0.3752017915248871,0.8732040524482727,,-0.21018259227275848,-0.05753934383392334,0.9130753,0.0057893465,-0.021741215,0.7297937651790537
462,4.62,BL,0.0,-0.001211598515510559,0.048579081892967224,0.9497652649879456,0.9650562405586243,0.001211598515510559,0.9645861387252808,0.9497652649879456,1.9206980466842651,2.293198823928833,,0.9497652649879456,0.25175032019615173,0.9130753,0.0057893465,-0.021741215,0.7297937651790537
462,4.62,BR,0.0,0.1777937263250351,0.14951573312282562,-0.8950308561325073,-0.9237375259399414,-0.1777937263250351,-0.8547535538673401,-0.8950308561325073,-1.6998422145843506,-1.2983735799789429,,-0.8950308561325073,-0.2512461841106415,0.9130753,0.0057893465,-0.021741215,0.7297937651790537
463,4.63,FL,0.0,0.062488313764333725,0.07678796350955963,0.207314595580101,0.22169023752212524,-0.062488313764333725,0.24593570828437805,0.207314595580101,0.46920010447502136,-0.09735848754644394,,0.207314595580101,0.04673802852630615,0.91306555,0.0057872524,-0.021741193,0.7298717875739942
463,4.63,FR,0.0,-0.05503156781196594,-0.06355755031108856,-0.18726778030395508,-0.16900348663330078,0.05503156781196594,-0.19035573303699493,-0.18726778030395508,-0.37517568469047546,0.869452178478241,,-0.18726778030395508,-0.04907221719622612,0.91306555,0.0057872524,-0.021741193,0.7298717875739942
463,4.63,BL,0.0,0.048579081892967224,-0.028762251138687134,0.9650562405586243,0.9451544880867004,-0.048579081892967224,0.9640032052993774,0.9650562405586243,1.921067237854004,2.3124077320098877,,0.9650562405586243,0.2561013996601105,0.91306555,0.0057872524,-0.021741193,0.7298717875739942
463,4.63,BR,0.0,0.14951573312282562,-0.15049943327903748,-0.9237375259399414,-0.9145598411560059,-0.14951573312282562,-0.8565477728843689,-0.9237375259399414,-1.7056310176849365,-1.3154010772705078,,-0.9237375259399414,-0.2568758726119995,0.91306555,0.0057872524,-0.021741193,0.7298717875739942
464,4.64,FL,0.0,0.07678796350955963,0.08803077787160873,0.22169023752212524,0.21522052586078644,-0.07678796350955963,0.2450142502784729,0.22169023752212524,0.46818771958351135,-0.09267158806324005,,0.22169023752212524,0.05025554075837135,0.9130557,0.0057841535,-0.021741224,0.729945016025877
464,4.64,FR,0.0,-0.06355755031108856,-0.03234443813562393,-0.16900348663330078,-0.1649327129125595,0.06355755031108856,-0.18959304690361023,-0.16900348663330078,-0.37371826171875,0.8657077550888062,,-0.16900348663330078,-0.045178674161434174,0.9130557,0.0057841535,-0.021741224,0.729945016025877
464,4.64,BL,0.0,-0.028762251138687134,0.011669814586639404,0.9451544880867004,0.9755080938339233,0.028762251138687134,0.964348316192627,0.9451544880867004,1.9198611974716187,2.3316123485565186,,0.9451544880867004,0.25174325704574585,0.9130557,0.0057841535,-0.021741224,0.729945016025877
464,4.64,BR,0.0,-0.15049943327903748,-0.02563057653605938,-0.9145598411560059,-0.796347975730896,0.15049943327903748,-0.8547417521476746,-0.9145598411560059,-1.7104730606079102,-1.332481861114502,,-0.9145598411560059,-0.252578467130661,0.9130557,0.0057841535,-0.021741224,0.729945016025877
465,4.65,FL,0.0,0.08803077787160873,0.10449887067079544,0.21522052586078644,0.20980194211006165,-0.08803077787160873,0.24395787715911865,0.21522052586078644,0.46670764684677124,-0.08799716085195541,,0.21522052586078644,0.04552188515663147,0.9130413,0.0057749613,-0.021741211,0.7299998305138392
465,4.65,FR,0.0,-0.03234443813562393,0.00635761022567749,-0.1649327129125595,-0.17665527760982513,0.03234443813562393,-0.18920491635799408,-0.1649327129125595,-0.37199878692626953,0.8619791865348816,,-0.1649327129125595,-0.050071194767951965,0.9130413,0.0057749613,-0.021741211,0.7299998305138392
465,4.65,BL,0.0,0.011669814586639404,0.010266080498695374,0.9755080938339233,0.9596803784370422,-0.011669814586639404,0.9642083048820496,0.9755080938339233,1.9210827350616455,2.3508169651031494,,0.9755080938339233,0.25684309005737305,0.9130413,0.0057749613,-0.021741211,0.7299998305138392
465,4.65,BR,0.0,-0.02563057653605938,0.16640233993530273,-0.796347975730896,-0.8444895148277283,0.02563057653605938,-0.8544341921806335,-0.796347975730896,-1.705854892730713,-1.3495632410049438,,-0.796347975730896,-0.22588402032852173,0.9130413,0.0057749613,-0.021741211,0.7299998305138392
466,4.66,FL,0.0,0.10449887067079544,0.10069607198238373,0.20980194211006165,0.20215833187103271,-0.10449887067079544,0.2427038997411728,0.20980194211006165,0.4648606777191162,-0.0833393782377243,,0.20980194211006165,0.04173357039690018,0.9130239,0.00576423,-0.021741219,0.7300618052941767
466,4.66,FR,0.0,0.00635761022567749,0.0037523657083511353,-0.17665527760982513,-0.19174796342849731,-0.00635761022567749,-0.18928121030330658,-0.17665527760982513,-0.3712660074234009,0.8582628965377808,,-0.17665527760982513,-0.054422829300165176,0.9130239,0.00576423,-0.021741219,0.7300618052941767
466,4.66,BL,0.0,0.010266080498695374,0.0555366575717926,0.9596803784370422,0.960101842880249,-0.010266080498695374,0.9640851020812988,0.9596803784370422,1.9210152626037598,2.370027542114258,,0.9596803784370422,0.2508111894130707,0.9130239,0.00576423,-0.021741219,0.7300618052941767
466,4.66,BR,0.0,0.16640233993530273,0.175620898604393,-0.8444895148277283,-0.9209951162338257,-0.16640233993530273,-0.8564310073852539,-0.8444895148277283,-1.705193281173706,-1.3666185140609741,,-0.8444895148277283,-0.2422800213098526,0.9130239,0.00576423,-0.021741219,0.7300618052941767
467,4.67,FL,0.0,0.10069607198238373,0.08241911977529526,0.20215833187103271,0.20242546498775482,-0.10069607198238373,0.2414955496788025,0.20215833187103271,0.46248671412467957,-0.07870271801948547,,0.20215833187103271,0.04215848445892334,0.9130103,0.0057581323,-0.0217412,0.7301351082553066
467,4.67,FR,0.0,0.0037523657083511353,-0.04394222050905228,-0.19174796342849731,-0.19078214466571808,-0.0037523657083511353,-0.1893262267112732,-0.19174796342849731,-0.3717455267906189,0.8545478582382202,,-0.19174796342849731,-0.05404643341898918,0.9130103,0.0057581323,-0.0217412,0.7301351082553066
467,4.67,BL,0.0,0.0555366575717926,0.014129459857940674,0.960101842880249,0.9418704509735107,-0.0555366575717926,0.9634186625480652,0.960101842880249,1.9209834337234497,2.389237403869629,,0.960101842880249,0.25268495082855225,0.9130103,0.0057581323,-0.0217412,0.7301351082553066
467,4.67,BR,0.0,0.175620898604393,-0.11018895357847214,-0.9209951162338257,-0.9266793727874756,-0.175620898604393,-0.8585384488105774,-0.9209951162338257,-1.7105571031570435,-1.3836973905563354,,-0.9209951162338257,-0.25965017080307007,0.9130103,0.0057581323,-0.0217412,0.7301351082553066
468,4.68,FL,0.0,0.08241911977529526,0.07040220499038696,0.20242546498775482,0.20852789282798767,-0.08241911977529526,0.24050651490688324,0.20242546498775482,0.46022677421569824,-0.07408922910690308,,0.20242546498775482,0.045206956565380096,0.9130009,0.0057558673,-0.02174125,0.730210496783078
468,4.68,FR,0.0,-0.04394222050905228,-0.03858061879873276,-0.19078214466571808,-0.17174933850765228,0.04394222050905228,-0.1887989342212677,-0.19078214466571808,-0.37213054299354553,0.8508284687995911,,-0.19078214466571808,-0.05042317509651184,0.9130009,0.0057558673,-0.02174125,0.730210496783078
468,4.68,BL,0.0,0.014129459857940674,0.025456950068473816,0.9418704509735107,0.9577668905258179,-0.014129459857940674,0.9632490873336792,0.9418704509735107,1.9195231199264526,2.408439874649048,,0.9418704509735107,0.25111642479896545,0.9130009,0.0057558673,-0.02174125,0.730210496783078
468,4.68,BR,0.0,-0.11018895357847214,-0.0705343633890152,-0.9266793727874756,-0.8144629001617432,0.11018895357847214,-0.8572161793708801,-0.9266793727874756,-1.7161564826965332,-1.4008312225341797,,-0.9266793727874756,-0.25561919808387756,0.9130009,0.0057558673,-0.02174125,0.730210496783078
469,4.69,FL,0.0,0.07040220499038696,0.09842943400144577,0.20852789282798767,0.21234562993049622,-0.07040220499038696,0.23966169357299805,0.20852789282798767,0.45853403210639954,-0.06949547678232193,,0.20852789282798767,0.045828063040971756,0.91298884,0.005749731,-0.02174119,0.7302692993990926
469,4.69,FR,0.0,-0.03858061879873276,-0.004224985837936401,-0.17174933850765228,-0.17336668074131012,0.03858061879873276,-0.18833595514297485,-0.17174933850765228,-0.37100785970687866,0.847112774848938,,-0.17174933850765228,-0.04923010617494583,0.91298884,0.005749731,-0.02174119,0.7302692993990926
469,4.69,BL,0.0,0.025456950068473816,0.009437993168830872,0.9577668905258179,0.953066349029541,-0.025456950068473816,0.9629436135292053,0.9577668905258179,1.919366717338562,2.4276344776153564,,0.9577668905258179,0.2537737786769867,0.91298884,0.005749731,-0.02174119,0.7302692993990926
469,4.69,BR,0.0,-0.0705343633890152,0.15517756342887878,-0.8144629001617432,-0.8290024399757385,0.0705343633890152,-0.8563697934150696,-0.8144629001617432,-1.7127361297607422,-1.4179755449295044,,-0.8144629001617432,-0.228152334690094,0.91298884,0.005749731,-0.02174119,0.7302692993990926
470,4.7,FL,0.0,0.09842943400144577,0.10255571454763412,0.21234562993049622,0.20028991997241974,-0.09842943400144577,0.23848053812980652,0.21234562993049622,0.4572070240974426,-0.06491681933403015,,0.21234562993049622,0.043877795338630676,0.9129732,0.005740388,-0.021741236,0.7303292340523888
470,4.7,FR,0.0,-0.004224985837936401,-0.0002422332763671875,-0.17336668074131012,-0.186645969748497,0.004224985837936401,-0.18828526139259338,-0.17336668074131012,-0.37005606293678284,0.8434075117111206,,-0.17336668074131012,-0.05235229432582855,0.9129732,0.005740388,-0.021741236,0.7303292340523888
470,4.7,BL,0.0,0.009437993168830872,0.04814830422401428,0.953066349029541,0.9591684341430664,-0.009437993168830872,0.9628303647041321,0.953066349029541,1.9188477993011475,2.4468255043029785,,0.953066349029541,0.250404417514801,0.9129732,0.005740388,-0.021741236,0.7303292340523888
470,4.7,BR,0.0,0.15517756342887878,0.163251131772995,-0.8290024399757385,-0.9184408187866211,-0.15517756342887878,-0.8582319021224976,-0.8290024399757385,-1.7105900049209595,-1.4350920915603638,,-0.8290024399757385,-0.23680023849010468,0.9129732,0.005740388,-0.021741236,0.7303292340523888
471,4.71,FL,0.0,0.10255571454763412,0.09045497328042984,0.20028991997241974,0.19745825231075287,-0.10255571454763412,0.23724986612796783,0.20028991997241974,0.4549866318702698,-0.06035592406988144,,0.20028991997241974,0.04182115197181702,0.9129601,0.0057341186,-0.021741182,0.7303996528472454
471,4.71,FR,0.0,-0.0002422332763671875,-0.028009500354528427,-0.186645969748497,-0.1881883591413498,0.0002422332763671875,-0.18828235566616058,-0.186645969748497,-0.37018293142318726,0.839706301689148,,-0.186645969748497,-0.05288296937942505,0.9129601,0.0057341186,-0.021741182,0.7303996528472454
471,4.71,BL,0.0,0.04814830422401428,0.03043772280216217,0.9591684341430664,0.9435710310935974,-0.04814830422401428,0.9622525572776794,0.9591684341430664,1.918827772140503,2.4660139083862305,,0.9591684341430664,0.25295746326446533,0.9129601,0.0057341186,-0.021741182,0.7303996528472454
471,4.71,BR,0.0,0.163251131772995,-0.09470890462398529,-0.9184408187866211,-0.9235323667526245,-0.163251131772995,-0.8601909279823303,-0.9184408187866211,-1.715541958808899,-1.4522229433059692,,-0.9184408187866211,-0.2589079439640045,0.9129601,0.0057341186,-0.021741182,0.7303996528472454
472,4.72,FL,0.0,0.09045497328042984,0.0767231434583664,0.19745825231075287,0.20106787979602814,-0.09045497328042984,0.2361644059419632,0.19745825231075287,0.45263126492500305,-0.05581791326403618,,0.19745825231075287,0.04397088289260864,0.9129506,0.005731255,-0.021741264,0.7304700286845517
472,4.72,FR,0.0,-0.028009500354528427,-0.04241764545440674,-0.1881883591413498,-0.17707855999469757,0.028009500354528427,-0.18794624507427216,-0.1881883591413498,-0.3704257905483246,0.8360032439231873,,-0.1881883591413498,-0.05062837153673172,0.9129506,0.005731255,-0.021741264,0.7304700286845517
472,4.72,BL,0.0,0.03043772280216217,0.02780655026435852,0.9435710310935974,0.950077474117279,-0.03043772280216217,0.9618873596191406,0.9435710310935974,1.9175853729248047,2.4851958751678467,,0.9435710310935974,0.2517770826816559,0.9129506,0.005731255,-0.021741264,0.7304700286845517
472,4.72,BR,0.0,-0.09470890462398529,-0.13833092153072357,-0.9235323667526245,-0.8223073482513428,0.09470890462398529,-0.859054446220398,-0.9235323667526245,-1.7206990718841553,-1.4694043397903442,,-0.9235323667526245,-0.2552984058856964,0.9129506,0.005731255,-0.021741264,0.7304700286845517
473,4.73,FL,0.0,0.0767231434583664,0.08980182558298111,0.20106787979602814,0.20547515153884888,-0.0767231434583664,0.23524372279644012,0.20106787979602814,0.45065128803253174,-0.051301565021276474,,0.20106787979602814,0.04443054273724556,0.9129396,0.0057258424,-0.021741217,0.7305277118821815
473,4.73,FR,0.0,-0.04241764545440674,-0.005780115723609924,-0.17707855999469757,-0.17097918689250946,0.04241764545440674,-0.18743722140789032,-0.17707855999469757,-0.36978790163993835,0.8323022127151489,,-0.17707855999469757,-0.05006791651248932,0.9129396,0.0057258424,-0.021741217,0.7305277118821815
473,4.73,BL,0.0,0.02780655026435852,0.022753208875656128,0.950077474117279,0.9507647156715393,-0.02780655026435852,0.9615536332130432,0.950077474117279,1.9169018268585205,2.504368305206299,,0.950077474117279,0.2527090609073639,0.9129396,0.0057258424,-0.021741217,0.7305277118821815
473,4.73,BR,0.0,-0.13833092153072357,0.15550783276557922,-0.8223073482513428,-0.803722083568573,0.13833092153072357,-0.8573944568634033,-0.8223073482513428,-1.7177157402038574,-1.4865962266921997,,-0.8223073482513428,-0.2291334867477417,0.9129396,0.0057258424,-0.021741217,0.7305277118821815
474,4.74,FL,0.0,0.08980182558298111,0.10321183502674103,0.20547515153884888,0.19932299852371216,-0.08980182558298111,0.23416610062122345,0.20547515153884888,0.44909459352493286,-0.04680288955569267,,0.20547515153884888,0.0427873358130455,0.91292477,0.0057163527,-0.021741165,0.7305813426137734
474,4.74,FR,0.0,-0.005780115723609924,0.023702912032604218,-0.17097918689250946,-0.1851251870393753,0.005780115723609924,-0.18736787140369415,-0.17097918689250946,-0.3686966896057129,0.828609824180603,,-0.17097918689250946,-0.0520288348197937,0.91292477,0.0057163527,-0.021741165,0.7305813426137734
474,4.74,BL,0.0,0.022753208875656128,0.058296605944633484,0.9507647156715393,0.9524523615837097,-0.022753208875656128,0.9612805843353271,0.9507647156715393,1.9162991046905518,2.5235342979431152,,0.9507647156715393,0.25019538402557373,0.91292477,0.0057163527,-0.021741165,0.7305813426137734
474,4.74,BR,0.0,0.15550783276557922,0.16963313519954681,-0.803722083568573,-0.9195975661277771,-0.15550783276557922,-0.8592605590820312,-0.803722083568573,-1.7133920192718506,-1.5037516355514526,,-0.803722083568573,-0.22972169518470764,0.91292477,0.0057163527,-0.021741165,0.7305813426137734
475,4.75,FL,0.0,0.10321183502674103,0.08326921612024307,0.19932299852371216,0.19288137555122375,-0.10321183502674103,0.23292756080627441,0.19932299852371216,0.447116494178772,-0.04232189804315567,,0.19932299852371216,0.041584983468055725,0.9129116,0.0057100034,-0.021741241,0.7306507379248428
475,4.75,FR,0.0,0.023702912032604218,-0.030382782220840454,-0.1851251870393753,-0.1968490332365036,-0.023702912032604218,-0.18765230476856232,-0.1851251870393753,-0.36875760555267334,0.8249225616455078,,-0.1851251870393753,-0.053005460649728775,0.9129116,0.0057100034,-0.021741241,0.7306507379248428
475,4.75,BL,0.0,0.058296605944633484,0.04427175223827362,0.9524523615837097,0.937961995601654,-0.058296605944633484,0.9605810642242432,0.9524523615837097,1.9158523082733154,2.5426950454711914,,0.9524523615837097,0.2512180507183075,0.9129116,0.0057100034,-0.021741241,0.7306507379248428
475,4.75,BR,0.0,0.16963313519954681,-0.07546422630548477,-0.9195975661277771,-0.9271138310432434,-0.16963313519954681,-0.8612961769104004,-0.9195975661277771,-1.7183247804641724,-1.520910382270813,,-0.9195975661277771,-0.2593393325805664,0.9129116,0.0057100034,-0.021741241,0.7306507379248428
476,4.76,FL,0.0,0.08326921612024307,0.07430410385131836,0.19288137555122375,0.19961987435817719,-0.08326921612024307,0.23192833364009857,0.19288137555122375,0.44471076130867004,-0.03786284476518631,,0.19288137555122375,0.04351945221424103,0.91290337,0.005707957,-0.021741189,0.7307201031253476
476,4.76,FR,0.0,-0.030382782220840454,-0.054551370441913605,-0.1968490332365036,-0.17549918591976166,0.030382782220840454,-0.18728770315647125,-0.1968490332365036,-0.3697355389595032,0.8212300539016724,,-0.1968490332365036,-0.05225535109639168,0.91290337,0.005707957,-0.021741189,0.7307201031253476
476,4.76,BL,0.0,0.04427175223827362,0.04957987368106842,0.937961995601654,0.9428723454475403,-0.04427175223827362,0.9600498080253601,0.937961995601654,1.914286732673645,2.5618457794189453,,0.937961995601654,0.2508792281150818,0.91290337,0.005707957,-0.021741189,0.7307201031253476
476,4.76,BR,0.0,-0.07546422630548477,-0.18005453050136566,-0.9271138310432434,-0.8311104774475098,0.07546422630548477,-0.8603906035423279,-0.9271138310432434,-1.7236535549163818,-1.5381205081939697,,-0.9271138310432434,-0.25573092699050903,0.91290337,0.005707957,-0.021741189,0.7307201031253476
477,4.7700000000000005,FL,0.0,0.07430410385131836,0.08007344603538513,0.19961987435817719,0.20220668613910675,-0.07430410385131836,0.23103667795658112,0.19961987435817719,0.44292783737182617,-0.03342470899224281,,0.19961987435817719,0.045153047889471054,0.9128938,0.0057034516,-0.021741198,0.7307750081200718
477,4.7700000000000005,FR,0.0,-0.054551370441913605,0.008901149034500122,-0.17549918591976166,-0.16546715795993805,0.054551370441913605,-0.18663309514522552,-0.17549918591976166,-0.3690008223056793,0.8175364136695862,,-0.17549918591976166,-0.04897506535053253,0.9128938,0.0057034516,-0.021741198,0.7307750081200718
477,4.7700000000000005,BL,0.0,0.04957987368106842,0.04765644669532776,0.9428723454475403,0.9402178525924683,-0.04957987368106842,0.9594548344612122,0.9428723454475403,1.9131675958633423,2.5809829235076904,,0.9428723454475403,0.25190967321395874,0.9128938,0.0057034516,-0.021741198,0.7307750081200718
477,4.7700000000000005,BR,0.0,-0.18005453050136566,0.15973243117332458,-0.8311104774475098,-0.7883687615394592,0.18005453050136566,-0.85822993516922,-0.8311104774475098,-1.7212448120117188,-1.5553449392318726,,-0.8311104774475098,-0.23022954165935516,0.9128938,0.0057034516,-0.021741198,0.7307750081200718
478,4.78,FL,0.0,0.08007344603538513,0.09797987341880798,0.20220668613910675,0.1990073025226593,-0.08007344603538513,0.23007580637931824,0.20220668613910675,0.4414176642894745,-0.02900303341448307,,0.20220668613910675,0.043006137013435364,0.9128799,0.005694222,-0.021741198,0.7308231276956463
478,4.78,FR,0.0,0.008901149034500122,0.029065832495689392,-0.16546715795993805,-0.1901935487985611,-0.008901149034500122,-0.18673990666866302,-0.16546715795993805,-0.3675082325935364,0.813853919506073,,-0.16546715795993805,-0.050872016698122025,0.9128799,0.005694222,-0.021741198,0.7308231276956463
478,4.78,BL,0.0,0.04765644669532776,0.0570017546415329,0.9402178525924683,0.940392255783081,-0.04765644669532776,0.9588829278945923,0.9402178525924683,1.9118841886520386,2.6001081466674805,,0.9402178525924683,0.24799318611621857,0.9128799,0.005694222,-0.021741198,0.7308231276956463
478,4.78,BR,0.0,0.15973243117332458,0.17245499789714813,-0.7883687615394592,-0.9221228957176208,-0.15973243117332458,-0.860146701335907,-0.7883687615394592,-1.715578556060791,-1.5725288391113281,,-0.7883687615394592,-0.22527945041656494,0.9128799,0.005694222,-0.021741198,0.7308231276956463
479,4.79,FL,0.0,0.09797987341880798,0.07671896368265152,0.1990073025226593,0.19088385999202728,-0.09797987341880798,0.22890004515647888,0.1990073025226593,0.43971580266952515,-0.024597423151135445,,0.1990073025226593,0.042210325598716736,0.9128675,0.0056883534,-0.021741228,0.7308896438764552
479,4.79,FR,0.0,0.029065832495689392,-0.018049173057079315,-0.1901935487985611,-0.19836623966693878,-0.029065832495689392,-0.18708869814872742,-0.1901935487985611,-0.3680132031440735,0.8101762533187866,,-0.1901935487985611,-0.053944025188684464,0.9128675,0.0056883534,-0.021741228,0.7308896438764552
479,4.79,BL,0.0,0.0570017546415329,0.06348038464784622,0.940392255783081,0.9360822439193726,-0.0570017546415329,0.9581989645957947,0.940392255783081,1.910664677619934,2.619220733642578,,0.940392255783081,0.24857529997825623,0.9128675,0.0056883534,-0.021741228,0.7308896438764552
479,4.79,BR,0.0,0.17245499789714813,-0.015448184683918953,-0.9221228957176208,-0.9291287064552307,-0.17245499789714813,-0.8622161746025085,-0.9221228957176208,-1.7206237316131592,-1.589709997177124,,-0.9221228957176208,-0.25964218378067017,0.9128675,0.0056883534,-0.021741228,0.7308896438764552
480,4.8,FL,0.0,0.07671896368265152,0.07044203579425812,0.19088385999202728,0.19821245968341827,-0.07671896368265152,0.22797942161560059,0.19088385999202728,0.4374436140060425,-0.020211700350046158,,0.19088385999202728,0.04387162998318672,0.91286045,0.0056875623,-0.021741226,0.7309600693920995
480,4.8,FR,0.0,-0.018049173057079315,-0.04465531185269356,-0.19836623966693878,-0.17986902594566345,0.018049173057079315,-0.18687210977077484,-0.19836623966693878,-0.36913931369781494,0.8064904808998108,,-0.19836623966693878,-0.05172353982925415,0.91286045,0.0056875623,-0.021741226,0.7309600693920995
480,4.8,BL,0.0,0.06348038464784622,0.04017156362533569,0.9360822439193726,0.9328067898750305,-0.06348038464784622,0.9574371576309204,0.9360822439193726,1.9091551303863525,2.638319969177246,,0.9360822439193726,0.2510581612586975,0.91286045,0.0056875623,-0.021741226,0.7309600693920995
480,4.8,BR,0.0,-0.015448184683918953,-0.1293288916349411,-0.9291287064552307,-0.856036901473999,0.015448184683918953,-0.8620308041572571,-0.9291287064552307,-1.726020336151123,-1.6069433689117432,,-0.9291287064552307,-0.2558726668357849,0.91286045,0.0056875623,-0.021741226,0.7309600693920995
481,4.8100000000000005,FL,0.0,0.07044203579425812,0.07688970863819122,0.19821245968341827,0.19980260729789734,-0.07044203579425812,0.227134108543396,0.19821245968341827,0.43583524227142334,-0.01584536023437977,,0.19821245968341827,0.04604259878396988,0.91285294,0.00568524,-0.021741202,0.7310188931664613
481,4.8100000000000005,FR,0.0,-0.04465531185269356,-0.030525144189596176,-0.17986902594566345,-0.1690099835395813,0.04465531185269356,-0.1863362342119217,-0.17986902594566345,-0.36877068877220154,0.8028009533882141,,-0.17986902594566345,-0.04830724373459816,0.91285294,0.00568524,-0.021741202,0.7310188931664613
481,4.8100000000000005,BL,0.0,0.04017156362533569,0.025722652673721313,0.9328067898750305,0.9413685202598572,-0.04017156362533569,0.9569551348686218,0.9328067898750305,1.9074478149414062,2.657402753829956,,0.9328067898750305,0.25044211745262146,0.91285294,0.00568524,-0.021741202,0.7310188931664613
481,4.8100000000000005,BR,0.0,-0.1293288916349411,0.14485731720924377,-0.856036901473999,-0.8102992177009583,0.1293288916349411,-0.8604788184165955,-0.856036901473999,-1.7254735231399536,-1.6242008209228516,,-0.856036901473999,-0.23595906794071198,0.91285294,0.00568524,-0.021741202,0.7310188931664613
482,4.82,FL,0.0,0.07688970863819122,0.08718705177307129,0.19980260729789734,0.19637823104858398,-0.07688970863819122,0.22621144354343414,0.19980260729789734,0.43441465497016907,-0.011494157835841179,,0.19980260729789734,0.04385159909725189,0.91284174,0.00567849,-0.021741211,0.7310699209040613
482,4.82,FR,0.0,-0.030525144189596176,-0.005625717341899872,-0.1690099835395813,-0.17412617802619934,0.030525144189596176,-0.18596993386745453,-0.1690099835395813,-0.3675649166107178,0.7991192936897278,,-0.1690099835395813,-0.04953111708164215,0.91284174,0.00567849,-0.021741211,0.7310699209040613
482,4.82,BL,0.0,0.025722652673721313,0.03929220139980316,0.9413685202598572,0.9466660618782043,-0.025722652673721313,0.9566464424133301,0.9413685202598572,1.9064788818359375,2.6764724254608154,,0.9413685202598572,0.250138521194458,0.91284174,0.00567849,-0.021741211,0.7310699209040613
482,4.82,BR,0.0,0.14485731720924377,0.17265768349170685,-0.8102992177009583,-0.918421745300293,-0.14485731720924377,-0.862217128276825,-0.8102992177009583,-1.7213612794876099,-1.641434907913208,,-0.8102992177009583,-0.22926372289657593,0.91284174,0.00567849,-0.021741211,0.7310699209040613
483,4.83,FL,0.0,0.08718705177307129,0.08061592280864716,0.19637823104858398,0.19133661687374115,-0.08718705177307129,0.22516518831253052,0.19637823104858398,0.4327812194824219,-0.007158233318477869,,0.19637823104858398,0.04235247150063515,0.91283,0.0056733456,-0.02174122,0.7311355845027147
483,4.83,FR,0.0,-0.005625717341899872,-0.016338936984539032,-0.17412617802619934,-0.18371964991092682,0.005625717341899872,-0.1859024316072464,-0.17412617802619934,-0.3668076694011688,0.7954474687576294,,-0.17412617802619934,-0.04903525114059448,0.91283,0.0056733456,-0.02174122,0.7311355845027147
483,4.83,BL,0.0,0.03929220139980316,0.00958070158958435,0.9466660618782043,0.9409295320510864,-0.03929220139980316,0.956174910068512,0.9466660618782043,1.90596342086792,2.6955347061157227,,0.9466660618782043,0.25110578536987305,0.91283,0.0056733456,-0.02174122,0.7311355845027147
483,4.83,BR,0.0,0.17265768349170685,0.16924265027046204,-0.918421745300293,-0.9312801957130432,-0.17265768349170685,-0.8642890453338623,-0.918421745300293,-1.7258894443511963,-1.658671259880066,,-0.918421745300293,-0.25800997018814087,0.91283,0.0056733456,-0.02174122,0.7311355845027147
484,4.84,FL,0.0,0.08061592280864716,0.07654222846031189,0.19133661687374115,0.1929188221693039,-0.08061592280864716,0.22419780492782593,0.19133661687374115,0.4308164417743683,-0.0028403105679899454,,0.19133661687374115,0.04368087649345398,0.91282266,0.0056718052,-0.021741241,0.7312039759535482
484,4.84,FR,0.0,-0.016338936984539032,-0.05503830686211586,-0.18371964991092682,-0.1793668568134308,0.016338936984539032,-0.18570636212825775,-0.18371964991092682,-0.366832435131073,0.7917792797088623,,-0.18371964991092682,-0.048532456159591675,0.91282266,0.0056718052,-0.021741241,0.7312039759535482
484,4.84,BL,0.0,0.00958070158958435,0.0352601557970047,0.9409295320510864,0.9523426294326782,-0.00958070158958435,0.956059992313385,0.9409295320510864,1.9050182104110718,2.7145895957946777,,0.9409295320510864,0.2525106966495514,0.91282266,0.0056718052,-0.021741241,0.7312039759535482
484,4.84,BR,0.0,0.16924265027046204,-0.15936152637004852,-0.9312801957130432,-0.9319860935211182,-0.16924265027046204,-0.8663199543952942,-0.9312801957130432,-1.731248378753662,-1.675957202911377,,-0.9312801957130432,-0.2585587799549103,0.91282266,0.0056718052,-0.021741241,0.7312039759535482
485,4.8500000000000005,FL,0.0,0.07654222846031189,0.083808034658432,0.1929188221693039,0.19358091056346893,-0.07654222846031189,0.22327929735183716,0.1929188221693039,0.42905279994010925,0.0014589769998565316,,0.1929188221693039,0.04499826580286026,0.9128161,0.005671369,-0.021741217,0.7312738814125649
485,4.8500000000000005,FR,0.0,-0.05503830686211586,-0.053460706025362015,-0.1793668568134308,-0.16369104385375977,0.05503830686211586,-0.18504589796066284,-0.1793668568134308,-0.3665148913860321,0.7881125211715698,,-0.1793668568134308,-0.04593127220869064,0.9128161,0.005671369,-0.021741217,0.7312738814125649
485,4.8500000000000005,BL,0.0,0.0352601557970047,-0.03588278591632843,0.9523426294326782,0.9419559240341187,-0.0352601557970047,0.9556368589401245,0.9523426294326782,1.9050052165985107,2.733639717102051,,0.9523426294326782,0.25511637330055237,0.9128161,0.005671369,-0.021741217,0.7312738814125649
485,4.8500000000000005,BR,0.0,-0.15936152637004852,-0.12566106021404266,-0.9319860935211182,-0.8025753498077393,0.15936152637004852,-0.8644075989723206,-0.9319860935211182,-1.736452579498291,-1.6932958364486694,,-0.9319860935211182,-0.25502797961235046,0.9128161,0.005671369,-0.021741217,0.7312738814125649
486,4.86,FL,0.0,0.083808034658432,0.08830718696117401,0.19358091056346893,0.18975608050823212,-0.083808034658432,0.22227360308170319,0.19358091056346893,0.4274102449417114,0.005741237662732601,,0.19358091056346893,0.043202824890613556,0.9128063,0.005665696,-0.021741208,0.7313237123380508
486,4.86,FR,0.0,-0.053460706025362015,0.013670839369297028,-0.16369104385375977,-0.16366161406040192,0.053460706025362015,-0.1844043731689453,-0.16369104385375977,-0.36498045921325684,0.7844551205635071,,-0.16369104385375977,-0.04697097837924957,0.9128063,0.005665696,-0.021741208,0.7313237123380508
486,4.86,BL,0.0,-0.03588278591632843,0.03754231333732605,0.9419559240341187,0.9699899554252625,0.03588278591632843,0.9560674428939819,0.9419559240341187,1.9041781425476074,2.752685546875,,0.9419559240341187,0.2519295811653137,0.9128063,0.005665696,-0.021741208,0.7313237123380508
486,4.86,BR,0.0,-0.12566106021404266,0.17027603089809418,-0.8025753498077393,-0.814143180847168,0.12566106021404266,-0.862899661064148,-0.8025753498077393,-1.7313041687011719,-1.710634469985962,,-0.8025753498077393,-0.22380658984184265,0.9128063,0.005665696,-0.021741208,0.7313237123380508
487,4.87,FL,0.0,0.08830718696117401,0.12273183465003967,0.18975608050823212,0.18695072829723358,-0.08830718696117401,0.2212139070034027,0.18975608050823212,0.42553213238716125,0.010005886666476727,,0.18975608050823212,0.03872579336166382,0.9127911,0.0056559467,-0.021741234,0.7313760480703171
487,4.87,FR,0.0,0.013670839369297028,0.02591470628976822,-0.16366161406040192,-0.18987271189689636,-0.013670839369297028,-0.18456842005252838,-0.16366161406040192,-0.36350390315055847,0.7808127403259277,,-0.16366161406040192,-0.05057079717516899,0.9127911,0.0056559467,-0.021741234,0.7313760480703171
487,4.87,BL,0.0,0.03754231333732605,0.0016832947731018066,0.9699899554252625,0.9410505294799805,-0.03754231333732605,0.9556169509887695,0.9699899554252625,1.9055819511413574,2.7717342376708984,,0.9699899554252625,0.2550481855869293,0.9127911,0.0056559467,-0.021741234,0.7313760480703171
487,4.87,BR,0.0,0.17027603089809418,0.17849810421466827,-0.814143180847168,-0.9310100674629211,-0.17027603089809418,-0.8649429678916931,-0.814143180847168,-1.7272647619247437,-1.7279272079467773,,-0.814143180847168,-0.23290017247200012,0.9127911,0.0056559467,-0.021741234,0.7313760480703171
488,4.88,FL,0.0,0.12273183465003967,0.07823468744754791,0.18695072829723358,0.17212118208408356,-0.12273183465003967,0.21974113583564758,0.18695072829723358,0.4235076606273651,0.014251017943024635,,0.18695072829723358,0.03902145475149155,0.9127794,0.0056504994,-0.021741185,0.7314432438084442
488,4.88,FR,0.0,0.02591470628976822,-0.03953169286251068,-0.18987271189689636,-0.19493430852890015,-0.02591470628976822,-0.18487940728664398,-0.18987271189689636,-0.36414074897766113,0.7771744728088379,,-0.18987271189689636,-0.053598061203956604,0.9127794,0.0056504994,-0.021741185,0.7314432438084442
488,4.88,BL,0.0,0.0016832947731018066,0.07329048961400986,0.9410505294799805,0.9549435973167419,-0.0016832947731018066,0.9555967450141907,0.9410505294799805,1.9046611785888672,2.790785551071167,,0.9410505294799805,0.24956172704696655,0.9127794,0.0056504994,-0.021741185,0.7314432438084442
488,4.88,BR,0.0,0.17849810421466827,-0.1340157389640808,-0.9310100674629211,-0.9363422393798828,-0.17849810421466827,-0.8670849800109863,-0.9310100674629211,-1.7325485944747925,-1.7452263832092285,,-0.9310100674629211,-0.26178890466690063,0.9127794,0.0056504994,-0.021741185,0.7314432438084442
489,4.89,FL,0.0,0.07823468744754791,0.08026907593011856,0.17212118208408356,0.1884472519159317,-0.07823468744754791,0.2188023179769516,0.17212118208408356,0.42039963603019714,0.01847045123577118,,0.17212118208408356,0.03927067294716835,0.91277295,0.0056501236,-0.021741249,0.7315131548536625
489,4.89,FR,0.0,-0.03953169286251068,-0.05741597339510918,-0.19493430852890015,-0.16906672716140747,0.03953169286251068,-0.18440502882003784,-0.19493430852890015,-0.3651495575904846,0.773527979850769,,-0.19493430852890015,-0.05013670772314072,0.91277295,0.0056501236,-0.021741249,0.7315131548536625
489,4.89,BL,0.0,0.07329048961400986,-0.031261757016181946,0.9549435973167419,0.9262805581092834,-0.07329048961400986,0.954717218875885,0.9549435973167419,1.904866099357605,2.809833288192749,,0.9549435973167419,0.2557292580604553,0.91277295,0.0056501236,-0.021741249,0.7315131548536625
489,4.89,BR,0.0,-0.1340157389640808,-0.18893088400363922,-0.9363422393798828,-0.8134786486625671,0.1340157389640808,-0.8654767870903015,-0.9363422393798828,-1.7380434274673462,-1.7625795602798462,,-0.9363422393798828,-0.2564552426338196,0.91277295,0.0056501236,-0.021741249,0.7315131548536625
490,4.9,FL,0.0,0.08026907593011856,0.08780048042535782,0.1884472519159317,0.1866946816444397,-0.08026907593011856,0.2178390771150589,0.1884472519159317,0.41869375109672546,0.022665860131382942,,0.1884472519159317,0.04329031705856323,0.9127647,0.0056464532,-0.021741182,0.7315642227415224
490,4.9,FR,0.0,-0.05741597339510918,-0.0022074468433856964,-0.16906672716140747,-0.16143862903118134,0.05741597339510918,-0.1837160289287567,-0.16906672716140747,-0.364090234041214,0.7698818445205688,,-0.16906672716140747,-0.04673270881175995,0.9127647,0.0056464532,-0.021741182,0.7315642227415224
490,4.9,BL,0.0,-0.031261757016181946,0.045215144753456116,0.9262805581092834,0.9672219753265381,0.031261757016181946,0.9550923705101013,0.9262805581092834,1.9028152227401733,2.828871488571167,,0.9262805581092834,0.24895237386226654,0.9127647,0.0056464532,-0.021741182,0.7315642227415224
490,4.9,BR,0.0,-0.18893088400363922,0.16019999980926514,-0.8134786486625671,-0.7899044156074524,0.18893088400363922,-0.86320960521698,-0.8134786486625671,-1.7336876392364502,-1.7799381017684937,,-0.8134786486625671,-0.2246733456850052,0.9127647,0.0056464532,-0.021741182,0.7315642227415224
491,4.91,FL,0.0,0.08780048042535782,0.12288583815097809,0.1866946816444397,0.182718887925148,-0.08780048042535782,0.2167854756116867,0.1866946816444397,0.4169173538684845,0.026843857020139694,,0.1866946816444397,0.03851570188999176,0.91275096,0.0056372136,-0.021741232,0.7316143762930248
491,4.91,FR,0.0,-0.0022074468433856964,0.030161025002598763,-0.16143862903118134,-0.18283304572105408,0.0022074468433856964,-0.18368953466415405,-0.16143862903118134,-0.362474262714386,0.7662490606307983,,-0.16143862903118134,-0.04931170120835304,0.91275096,0.0056372136,-0.021741232,0.7316143762930248
491,4.91,BL,0.0,0.045215144753456116,0.004262223839759827,0.9672219753265381,0.9370063543319702,-0.045215144753456116,0.9545497894287109,0.9672219753265381,1.9040553569793701,2.8479058742523193,,0.9672219753265381,0.2548515796661377,0.91275096,0.0056372136,-0.021741232,0.7316143762930248
491,4.91,BR,0.0,0.16019999980926514,0.1706520915031433,-0.7899044156074524,-0.927289605140686,-0.16019999980926514,-0.8651319742202759,-0.7899044156074524,-1.727653980255127,-1.7972445487976074,,-0.7899044156074524,-0.22555163502693176,0.91275096,0.0056372136,-0.021741232,0.7316143762930248
492,4.92,FL,0.0,0.12288583815097809,0.077436164021492,0.182718887925148,0.1676311492919922,-0.12288583815097809,0.21531084179878235,0.182718887925148,0.4148988127708435,0.031002871692180634,,0.182718887925148,0.03801717609167099,0.91273934,0.005631171,-0.021741183,0.7316766705515774
492,4.92,FR,0.0,0.030161025002598763,-0.027425818145275116,-0.18283304572105408,-0.19575394690036774,-0.030161025002598763,-0.18405146896839142,-0.18283304572105408,-0.3625994026660919,0.76262366771698,,-0.18283304572105408,-0.05245456099510193,0.91273934,0.005631171,-0.021741183,0.7316766705515774
492,4.92,BL,0.0,0.004262223839759827,0.0777852013707161,0.9370063543319702,0.9528449177742004,-0.004262223839759827,0.9544986486434937,0.9370063543319702,1.9028774499893188,2.866940498352051,,0.9370063543319702,0.24853746592998505,0.91273934,0.005631171,-0.021741183,0.7316766705515774
492,4.92,BR,0.0,0.1706520915031433,-0.08845360577106476,-0.927289605140686,-0.9333928227424622,-0.1706520915031433,-0.867179811000824,-0.927289605140686,-1.732630729675293,-1.8145461082458496,,-0.927289605140686,-0.26106005907058716,0.91273934,0.005631171,-0.021741183,0.7316766705515774
493,4.93,FL,0.0,0.077436164021492,0.06970858573913574,0.1676311492919922,0.18433637917041779,-0.077436164021492,0.2143816202878952,0.1676311492919922,0.41177621483802795,0.0351361408829689,,0.1676311492919922,0.03811217099428177,0.91273314,0.0056307735,-0.021741241,0.7317449662766772
493,4.93,FR,0.0,-0.027425818145275116,-0.04392842948436737,-0.19575394690036774,-0.1730811446905136,0.027425818145275116,-0.1837223619222641,-0.19575394690036774,-0.3637329339981079,0.7589920163154602,,-0.19575394690036774,-0.050706278532743454,0.91273314,0.0056307735,-0.021741241,0.7317449662766772
493,4.93,BL,0.0,0.0777852013707161,-0.028279542922973633,0.9528449177742004,0.9233845472335815,-0.0777852013707161,0.953565239906311,0.9528449177742004,1.9029877185821533,2.885969877243042,,0.9528449177742004,0.25551071763038635,0.91273314,0.0056307735,-0.021741241,0.7317449662766772
493,4.93,BR,0.0,-0.08845360577106476,-0.1208597719669342,-0.9333928227424622,-0.8317983746528625,0.08845360577106476,-0.8661183714866638,-0.9333928227424622,-1.7378910779953003,-1.8318989276885986,,-0.9333928227424622,-0.2560262084007263,0.91273314,0.0056307735,-0.021741241,0.7317449662766772
494,4.94,FL,0.0,0.06970858573913574,0.07957452535629272,0.18433637917041779,0.18649818003177643,-0.06970858573913574,0.21354511380195618,0.18433637917041779,0.41008609533309937,0.039245396852493286,,0.18433637917041779,0.04305543750524521,0.9127263,0.005628304,-0.021741195,0.7317975572780664
494,4.94,FR,0.0,-0.04392842948436737,-0.013804156333208084,-0.1730811446905136,-0.1661509871482849,0.04392842948436737,-0.18319521844387054,-0.1730811446905136,-0.36304396390914917,0.7553581595420837,,-0.1730811446905136,-0.04682192951440811,0.9127263,0.005628304,-0.021741195,0.7317975572780664
494,4.94,BL,0.0,-0.028279542922973633,0.04687038064002991,0.9233845472335815,0.9648770689964294,0.028279542922973633,0.9539045691490173,0.9233845472335815,1.9007833003997803,2.9049887657165527,,0.9233845472335815,0.24895240366458893,0.9127263,0.005628304,-0.021741195,0.7317975572780664
494,4.94,BR,0.0,-0.1208597719669342,0.15343105792999268,-0.8317983746528625,-0.8177744746208191,0.1208597719669342,-0.864668071269989,-0.8317983746528625,-1.7349779605865479,-1.8492631912231445,,-0.8317983746528625,-0.22929534316062927,0.9127263,0.005628304,-0.021741195,0.7317975572780664
495,4.95,FL,0.0,0.07957452535629272,0.1016981452703476,0.18649818003177643,0.18171529471874237,-0.07957452535629272,0.21259021759033203,0.18649818003177643,0.4086318016052246,0.04333893954753876,,0.18649818003177643,0.040306076407432556,0.91271484,0.0056211604,-0.021741219,0.7318474668303103
495,4.95,FR,0.0,-0.013804156333208084,0.016911514103412628,-0.1661509871482849,-0.1776735633611679,0.013804156333208084,-0.18302957713603973,-0.1661509871482849,-0.36183854937553406,0.7517337799072266,,-0.1661509871482849,-0.04909379035234451,0.91271484,0.0056211604,-0.021741219,0.7318474668303103
495,4.95,BL,0.0,0.04687038064002991,0.006205394864082336,0.9648770689964294,0.9351564645767212,-0.04687038064002991,0.9533421397209167,0.9648770689964294,1.9019192457199097,2.924002170562744,,0.9648770689964294,0.25624188780784607,0.91271484,0.0056211604,-0.021741219,0.7318474668303103
495,4.95,BR,0.0,0.15343105792999268,0.1726795732975006,-0.8177744746208191,-0.9260404706001282,-0.15343105792999268,-0.8665092587471008,-0.8177744746208191,-1.731079339981079,-1.866593360900879,,-0.8177744746208191,-0.231527641415596,0.91271484,0.0056211604,-0.021741219,0.7318474668303103
496,4.96,FL,0.0,0.1016981452703476,0.07326185703277588,0.18171529471874237,0.17191095650196075,-0.1016981452703476,0.2113698422908783,0.18171529471874237,0.406859427690506,0.047416336834430695,,0.18171529471874237,0.03922070562839508,0.9127049,0.0056164786,-0.02174123,0.7319081450794489
496,4.96,FR,0.0,0.016911514103412628,-0.022048767656087875,-0.1776735633611679,-0.18979418277740479,-0.016911514103412628,-0.18323251605033875,-0.1776735633611679,-0.36158403754234314,0.748116672039032,,-0.1776735633611679,-0.049970414489507675,0.9127049,0.0056164786,-0.02174123,0.7319081450794489
496,4.96,BL,0.0,0.006205394864082336,0.0667148306965828,0.9351564645767212,0.9508599638938904,-0.006205394864082336,0.9532676935195923,0.9351564645767212,1.9006799459457397,2.9430150985717773,,0.9351564645767212,0.2493576854467392,0.9127049,0.0056164786,-0.02174123,0.7319081450794489
496,4.96,BR,0.0,0.1726795732975006,-0.042033061385154724,-0.9260404706001282,-0.9355810880661011,-0.1726795732975006,-0.8685814142227173,-0.9260404706001282,-1.7358238697052002,-1.8839280605316162,,-0.9260404706001282,-0.2596118152141571,0.9127049,0.0056164786,-0.02174123,0.7319081450794489
497,4.97,FL,0.0,0.07326185703277588,0.07279200106859207,0.17191095650196075,0.18206509947776794,-0.07326185703277588,0.21049070358276367,0.17191095650196075,0.4043876826763153,0.051472488790750504,,0.17191095650196075,0.03976333886384964,0.9126988,0.0056162756,-0.021741176,0.731974602559763
497,4.97,FR,0.0,-0.022048767656087875,-0.05242567136883736,-0.18979418277740479,-0.17441299557685852,0.022048767656087875,-0.1829679310321808,-0.18979418277740479,-0.36228999495506287,0.7444972395896912,,-0.18979418277740479,-0.04906433820724487,0.9126988,0.0056162756,-0.021741176,0.731974602559763
497,4.97,BL,0.0,0.0667148306965828,-0.0147780179977417,0.9508599638938904,0.9265817403793335,-0.0667148306965828,0.9524670839309692,0.9508599638938904,1.9007207155227661,2.962022066116333,,0.9508599638938904,0.2557402551174164,0.9126988,0.0056162756,-0.021741176,0.731974602559763
497,4.97,BR,0.0,-0.042033061385154724,-0.17894823849201202,-0.9355810880661011,-0.8517681956291199,0.042033061385154724,-0.8680769801139832,-0.9355810880661011,-1.7411304712295532,-1.9013129472732544,,-0.9355810880661011,-0.2567653954029083,0.9126988,0.0056162756,-0.021741176,0.731974602559763
498,4.98,FL,0.0,0.07279200106859207,0.07072523236274719,0.18206509947776794,0.18137389421463013,-0.07279200106859207,0.20961719751358032,0.18206509947776794,0.40280917286872864,0.05550841987133026,,0.18206509947776794,0.04256021976470947,0.9126924,0.0056144083,-0.021741213,0.7320287550523077
498,4.98,FR,0.0,-0.05242567136883736,-0.014818526804447174,-0.17441299557685852,-0.16199766099452972,0.05242567136883736,-0.18233881890773773,-0.17441299557685852,-0.36176204681396484,0.7408770322799683,,-0.17441299557685852,-0.04669594764709473,0.9126924,0.0056144083,-0.021741213,0.7320287550523077
498,4.98,BL,0.0,-0.0147780179977417,0.03736409544944763,0.9265817403793335,0.9583783149719238,0.0147780179977417,0.9526444673538208,0.9265817403793335,1.8988560438156128,2.981019973754883,,0.9265817403793335,0.25008976459503174,0.9126924,0.0056144083,-0.021741213,0.7320287550523077
498,4.98,BR,0.0,-0.17894823849201202,0.15831395983695984,-0.8517681956291199,-0.7964977025985718,0.17894823849201202,-0.8659296035766602,-0.8517681956291199,-1.7396564483642578,-1.9187169075012207,,-0.8517681956291199,-0.23381440341472626,0.9126924,0.0056144083,-0.021741213,0.7320287550523077
499,4.99,FL,0.0,0.07072523236274719,0.1207912266254425,0.18137389421463013,0.18132710456848145,-0.07072523236274719,0.20876848697662354,0.18137389421463013,0.401238352060318,0.05952860414981842,,0.18137389421463013,0.03926324099302292,0.91268104,0.0056074993,-0.021741198,0.7320770792435954
499,4.99,FR,0.0,-0.014818526804447174,0.017522044479846954,-0.16199766099452972,-0.17641140520572662,0.014818526804447174,-0.18216098845005035,-0.16199766099452972,-0.36028119921684265,0.7372668385505676,,-0.16199766099452972,-0.04769301787018776,0.91268104,0.0056074993,-0.021741198,0.7320770792435954
499,4.99,BL,0.0,0.03736409544944763,0.0033935457468032837,0.9583783149719238,0.9376987814903259,-0.03736409544944763,0.9521960616111755,0.9583783149719238,1.8995579481124878,3.000012159347534,,0.9583783149719238,0.2548482120037079,0.91268104,0.0056074993,-0.021741198,0.7320770792435954
499,4.99,BR,0.0,0.15831395983695984,0.16458486020565033,-0.7964977025985718,-0.9292551875114441,-0.15831395983695984,-0.8678293824195862,-0.7964977025985718,-1.7339057922363281,-1.936084508895874,,-0.7964977025985718,-0.2255242019891739,0.91268104,0.0056074993,-0.021741198,0.7320770792435954
500,5.0,FL,0.0,0.1207912266254425,0.07189248502254486,0.18132710456848145,0.1604519933462143,-0.1207912266254425,0.2073189914226532,0.18132710456848145,0.39972543716430664,0.06353337317705154,,0.18132710456848145,0.038718581199645996,0.91267073,0.005602558,-0.021741202,0.7321380799982639
500,5.0,FR,0.0,0.017522044479846954,-0.020229384303092957,-0.17641140520572662,-0.18916980922222137,-0.017522044479846954,-0.18237125873565674,-0.17641140520572662,-0.3599887490272522,0.7336655259132385,,-0.17641140520572662,-0.049877315759658813,0.91267073,0.005602558,-0.021741202,0.7321380799982639
500,5.0,BL,0.0,0.0033935457468032837,0.04174720495939255,0.9376987814903259,0.9508386254310608,-0.0033935457468032837,0.952155351638794,0.9376987814903259,1.8986105918884277,3.019002914428711,,0.9376987814903259,0.24978365004062653,0.91267073,0.005602558,-0.021741202,0.7321380799982639
500,5.0,BR,0.0,0.16458486020565033,-0.02278762124478817,-0.9292551875114441,-0.9336633086204529,-0.16458486020565033,-0.8698043823242188,-0.9292551875114441,-1.738791584968567,-1.9534481763839722,,-0.9292551875114441,-0.2607034146785736,0.91267073,0.005602558,-0.021741202,0.7321380799982639
