t_s,x_m,y_m,yaw_rad,left_distance_m,right_distance_m,step_status,FL_command_V,FL_omega_rad_s,FL_theta_rad,FR_command_V,FR_omega_rad_s,FR_theta_rad,BL_command_V,BL_omega_rad_s,BL_theta_rad,BR_command_V,BR_omega_rad_s,BR_theta_rad
0.01,0.0,0.0,0.0,0.0,0.0,ok,0.0,0.0,0.0,0.0,0.0,0.0,0.0,0.0,0.0,0.0,0.0,0.0
0.02,0.0,0.0,0.0,0.0,0.0,ok,0.0,0.0,0.0,0.0,0.0,0.0,0.0,0.0,0.0,0.0,0.0,0.0
0.03,0.0,0.0,0.0,0.0,0.0,ok,0.0,0.0,0.0,0.0,0.0,0.0,0.0,0.0,0.0,0.0,0.0,0.0
0.04,0.0,0.0,0.0,0.0,0.0,ok,0.0,0.0,0.0,0.0,0.0,0.0,0.0,0.0,0.0,0.0,0.0,0.0
0.05,0.0,0.0,0.0,0.0,0.0,ok,0.0,0.0,0.0,0.0,0.0,0.0,0.0,0.0,0.0,0.0,0.0,0.0
0.06,0.0,0.0,0.0,0.0,0.0,ok,0.0,0.0,0.0,0.0,0.0,0.0,0.0,0.0,0.0,0.0,0.0,0.0
0.07,0.0,0.0,0.0,0.0,0.0,ok,0.0,0.0,0.0,0.0,0.0,0.0,0.0,0.0,0.0,0.0,0.0,0.0
0.08,0.0,0.0,0.0,0.0,0.0,ok,0.0,0.0,0.0,0.0,0.0,0.0,0.0,0.0,0.0,0.0,0.0,0.0
0.09,0.0,0.0,0.0,0.0,0.0,ok,0.0,0.0,0.0,0.0,0.0,0.0,0.0,0.0,0.0,0.0,0.0,0.0
0.10,0.0,0.0,0.0,0.0,0.0,ok,0.0,0.0,0.0,0.0,0.0,0.0,0.0,0.0,0.0,0.0,0.0,0.0
0.11,0.0,0.0,0.0,0.0,0.0,ok,0.0,0.0,0.0,0.0,0.0,0.0,0.0,0.0,0.0,0.0,0.0,0.0
0.12,0.0,0.0,0.0,0.0,0.0,ok,0.0,0.0,0.0,0.0,0.0,0.0,0.0,0.0,0.0,0.0,0.0,0.0
0.13,0.0,0.0,0.0,0.0,0.0,ok,0.0,0.0,0.0,0.0,0.0,0.0,0.0,0.0,0.0,0.0,0.0,0.0
0.14,0.0,0.0,0.0,0.0,0.0,ok,0.0,0.0,0.0,0.0,0.0,0.0,0.0,0.0,0.0,0.0,0.0,0.0
0.15,0.0,0.0,0.0,0.0,0.0,ok,0.0,0.0,0.0,0.0,0.0,0.0,0.0,0.0,0.0,0.0,0.0,0.0
0.16,0.0,0.0,0.0,0.0,0.0,ok,0.0,0.0,0.0,0.0,0.0,0.0,0.0,0.0,0.0,0.0,0.0,0.0
0.17,0.0,0.0,0.0,0.0,0.0,ok,0.0,0.0,0.0,0.0,0.0,0.0,0.0,0.0,0.0,0.0,0.0,0.0
0.18,0.0,0.0,0.0,0.0,0.0,ok,0.0,0.0,0.0,0.0,0.0,0.0,0.0,0.0,0.0,0.0,0.0,0.0
0.19,0.0,0.0,0.0,0.0,0.0,ok,0.0,0.0,0.0,0.0,0.0,0.0,0.0,0.0,0.0,0.0,0.0,0.0
0.20,0.0,0.0,0.0,0.0,0.0,ok,0.0,0.0,0.0,0.0,0.0,0.0,0.0,0.0,0.0,0.0,0.0,0.0
0.21,0.0,0.0,-0.0003345984366692494,2.8817290796898767e-05,-2.8817290796898767e-05,ok,1.5,0.11763168126344681,0.0005920793628320098,-1.5,-0.11763168126344681,-0.0005920793628320098,1.5,0.11763168126344681,0.0005920793628320098,-1.5,-0.11763168126344681,-0.0005920793628320098
0.22,0.0,0.0,-0.0013208422600877651,8.494025058518335e-05,-8.494025058518335e-05,ok,1.5,0.23065096139907837,0.002337259706109762,-1.5,-0.23065096139907837,-0.002337259706109762,1.5,0.23065096139907837,0.002337259706109762,-1.5,-0.23065096139907837,-0.002337259706109762
0.23,0.0,0.0,-0.0029331803547087395,0.00013886262051349387,-0.00013886262051349387,ok,1.5,0.339238703250885,0.005190327763557434,-1.5,-0.339238703250885,-0.005190327763557434,1.5,0.339238703250885,0.005190327763557434,-1.5,-0.339238703250885,-0.005190327763557434
0.24,0.0,0.0,-0.005147062915505816,0.0001906706384517173,-0.0001906706384517173,ok,1.5,0.4435686469078064,0.009107842110097408,-1.5,-0.4435686469078064,-0.009107842110097408,1.5,0.4435686469078064,0.009107842110097408,-1.5,-0.4435686469078064,-0.009107842110097408
0.25,0.0,0.0,-0.007938902961333507,0.00024044722760785585,-0.00024044722760785585,ok,1.5,0.5438077449798584,0.014048065058887005,-1.5,-0.5438077449798584,-0.014048065058887005,1.5,0.5438077449798584,0.014048065058887005,-1.5,-0.5438077449798584,-0.014048065058887005
0.26,0.0,0.0,-0.011286038506178882,0.0002882720531889141,-0.0002882720531889141,ok,1.5,0.6401163935661316,0.01997089572250843,-1.5,-0.6401163935661316,-0.01997089572250843,1.5,0.6401163935661316,0.01997089572250843,-1.5,-0.6401163935661316,-0.01997089572250843
0.27,0.0,0.0,-0.015166695980406684,0.00033422163005658416,-0.00033422163005658416,ok,1.5,0.7326487898826599,0.026837805286049843,-1.5,-0.7326487898826599,-0.026837805286049843,1.5,0.7326487898826599,0.026837805286049843,-1.5,-0.7326487898826599,-0.026837805286049843
0.28,0.0,0.0,-0.019559956020413036,0.0003783695267064384,-0.0003783695267064384,ok,1.5,0.8215528726577759,0.034611776471138,-1.5,-0.8215528726577759,-0.034611776471138,1.5,0.8215528726577759,0.034611776471138,-1.5,-0.8215528726577759,-0.034611776471138
0.29,0.0,0.0,-0.02444571978459215,0.00042078641059663897,-0.00042078641059663897,ok,1.5,0.9069710373878479,0.04325724393129349,-1.5,-0.9069710373878479,-0.04325724393129349,1.5,0.9069710373878479,0.04325724393129349,-1.5,-0.9069710373878479,-0.04325724393129349
0.30,0.0,0.0,-0.02980467474299005,0.00046154000281922855,-0.00046154000281922855,ok,1.5,0.9890398383140564,0.052740033715963364,-1.5,-0.9890398383140564,-0.052740033715963364,1.5,0.9890398383140564,0.052740033715963364,-1.5,-0.9890398383140564,-0.052740033715963364
0.31,0.0,0.0,-0.03561826730902752,0.000500695667373354,-0.000500695667373354,ok,1.5,1.0678907632827759,0.06302731484174728,-1.5,-1.0678907632827759,-0.06302731484174728,1.5,1.0678907632827759,0.06302731484174728,-1.5,-1.0678907632827759,-0.06302731484174728
0.32,0.0,0.0,-0.04186867231334496,0.0005383161391930092,-0.0005383161391930092,ok,1.5,1.1436498165130615,0.07408754527568817,-1.5,-1.1436498165130615,-0.07408754527568817,1.5,1.1436498165130615,0.07408754527568817,-1.5,-1.1436498165130615,-0.07408754527568817
0.33,0.0,0.0,-0.04853875931976909,0.000574461252174778,-0.000574461252174778,ok,1.5,1.2164384126663208,0.08589041233062744,-1.5,-1.2164384126663208,-0.08589041233062744,1.5,1.2164384126663208,0.08589041233062744,-1.5,-1.2164384126663208,-0.08589041233062744
0.34,0.0,0.0,-0.05561207367804425,0.000609189208381701,-0.000609189208381701,ok,1.5,1.2863727807998657,0.09840679913759232,-1.5,-1.2863727807998657,-0.09840679913759232,1.5,1.2863727807998657,0.09840679913759232,-1.5,-1.2863727807998657,-0.09840679913759232
0.35,0.0,0.0,-0.0630728049450512,0.0006425554901542469,-0.0006425554901542469,ok,1.5,1.3535650968551636,0.11160872876644135,-1.5,-1.3535650968551636,-0.11160872876644135,1.5,1.3535650968551636,0.11160872876644135,-1.5,-1.3535650968551636,-0.11160872876644135
0.36,0.0,0.0,-0.070905757411278,0.0006746130414251504,-0.0006746130414251504,ok,1.5,1.4181227684020996,0.12546931207180023,-1.5,-1.4181227684020996,-0.12546931207180023,1.5,1.4181227684020996,0.12546931207180023,-1.5,-1.4181227684020996,-0.12546931207180023
0.37,0.0,0.0,-0.07909635010081999,0.0007054148061271464,-0.0007054148061271464,ok,1.5,1.4801490306854248,0.13996274769306183,-1.5,-1.4801490306854248,-0.13996274769306183,1.5,1.4801490306854248,0.13996274769306183,-1.5,-1.4801490306854248,-0.13996274769306183
0.38,0.0,0.0,-0.08763054519280912,0.000735007563488473,-0.000735007563488473,ok,1.5,1.539743185043335,0.155064195394516,-1.5,-1.539743185043335,-0.155064195394516,1.5,1.539743185043335,0.155064195394516,-1.5,-1.539743185043335,-0.155064195394516
0.39,0.0,0.0,-0.09649486907393472,0.0007634399058857497,-0.0007634399058857497,ok,1.5,1.5970007181167603,0.17074981331825256,-1.5,-1.5970007181167603,-0.17074981331825256,1.5,1.5970007181167603,0.17074981331825256,-1.5,-1.5970007181167603,-0.17074981331825256
0.40,0.0,0.0,-0.10567639549642685,0.0007907589751768913,-0.0007907589751768913,ok,1.5,1.6520130634307861,0.186996728181839,-1.5,-1.6520130634307861,-0.186996728181839,1.5,1.6520130634307861,0.186996728181839,-1.5,-1.6520130634307861,-0.186996728181839
0.41,0.0,0.0,-0.11516266136797315,0.0008170046606262868,-0.0008170046606262868,ok,1.5,1.7048684358596802,0.20378288626670837,-1.5,-1.7048684358596802,-0.20378288626670837,1.5,1.7048684358596802,0.20378288626670837,-1.5,-1.7048684358596802,-0.20378288626670837
0.42,0.0,0.0,-0.12494174254079368,0.0008422233788324984,-0.0008422233788324984,ok,1.5,1.7556512355804443,0.22108718752861023,-1.5,-1.7556512355804443,-0.22108718752861023,1.5,1.7556512355804443,0.22108718752861023,-1.5,-1.7556512355804443,-0.22108718752861023
0.43,0.0,0.0,-0.13500213591752444,0.0008664513927631524,-0.0008664513927631524,ok,1.5,1.8044428825378418,0.23888927698135376,-1.5,-1.8044428825378418,-0.23888927698135376,1.5,1.8044428825378418,0.23888927698135376,-1.5,-1.8044428825378418,-0.23888927698135376
0.44,0.0,0.0,-0.14533282681928394,0.0008897307674606957,-0.0008897307674606957,ok,1.5,1.8513213396072388,0.2571696639060974,-1.5,-1.8513213396072388,-0.2571696639060974,1.5,1.8513213396072388,0.2571696639060974,-1.5,-1.8513213396072388,-0.2571696639060974
0.45,0.0,0.0,-0.15592320477559005,0.0009120963153740498,-0.0009120963153740498,ok,1.5,1.8963617086410522,0.27590957283973694,-1.5,-1.8963617086410522,-0.27590957283973694,1.5,1.8963617086410522,0.27590957283973694,-1.5,-1.8963617086410522,-0.27590957283973694
0.46,0.0,0.0,-0.1667630972083932,0.0009335857499895464,-0.0009335857499895464,ok,1.5,1.939635992050171,0.29509100317955017,-1.5,-1.939635992050171,-0.29509100317955017,1.5,1.939635992050171,0.29509100317955017,-1.5,-1.939635992050171,-0.29509100317955017
0.47,0.0,0.0,-0.17784271890602651,0.0009542324332374019,-0.0009542324332374019,ok,1.5,1.9812134504318237,0.31469663977622986,-1.5,-1.9812134504318237,-0.31469663977622986,1.5,1.9812134504318237,0.31469663977622986,-1.5,-1.9812134504318237,-0.31469663977622986
0.48,0.0,0.0,-0.1891526720232058,0.0009740697270478325,-0.0009740697270478325,ok,1.5,2.02116060256958,0.33470985293388367,-1.5,-2.02116060256958,-0.33470985293388367,1.5,2.02116060256958,0.33470985293388367,-1.5,-2.02116060256958,-0.33470985293388367
0.49,0.0,0.0,-0.20068391239699626,0.0009931280923136448,-0.0009931280923136448,ok,1.5,2.0595414638519287,0.3551146388053894,-1.5,-2.0595414638519287,-0.3551146388053894,1.5,2.0595414638519287,0.3551146388053894,-1.5,-2.0595414638519287,-0.3551146388053894
0.50,0.0,0.0,-0.21242776638882915,0.00101143944044635,-0.00101143944044635,ok,1.5,2.0964174270629883,0.3758956491947174,-1.5,-2.0964174270629883,-0.3758956491947174,1.5,2.0964174270629883,0.3758956491947174,-1.5,-2.0964174270629883,-0.3758956491947174
0.51,0.0,0.0,-0.22437591404248514,0.0010290342323387546,-0.0010290342323387546,ok,1.5,2.131847381591797,0.39703816175460815,-1.5,-2.131847381591797,-0.39703816175460815,1.5,2.131847381591797,0.39703816175460815,-1.5,-2.131847381591797,-0.39703816175460815
0.52,0.0,0.0,-0.23652032171602774,0.0010459371268088445,-0.0010459371268088445,ok,1.5,2.1658880710601807,0.4185279607772827,-1.5,-2.1658880710601807,-0.4185279607772827,1.5,2.1658880710601807,0.4185279607772827,-1.5,-2.1658880710601807,-0.4185279607772827
0.53,0.0,0.0,-0.2488533262918865,0.001062180035268131,-0.001062180035268131,ok,1.5,2.198594093322754,0.4403514862060547,-1.5,-2.198594093322754,-0.4403514862060547,1.5,2.198594093322754,0.4403514862060547,-1.5,-2.198594093322754,-0.4403514862060547
0.54,0.0,0.0,-0.2613675004407239,0.0010777832649784852,-0.0010777832649784852,ok,1.5,2.23001766204834,0.4624955952167511,-1.5,-2.23001766204834,-0.4624955952167511,1.5,2.23001766204834,0.4624955952167511,-1.5,-2.23001766204834,-0.4624955952167511
0.55,0.0,0.0,-0.27405573683151857,0.0010927743757953032,-0.0010927743757953032,ok,1.5,2.260209083557129,0.48494771122932434,-1.5,-2.260209083557129,-0.48494771122932434,1.5,2.260209083557129,0.48494771122932434,-1.5,-2.260209083557129,-0.48494771122932434
0.56,0.0,0.0,-0.2869112312895486,0.001107179477055276,-0.001107179477055276,ok,1.5,2.2892167568206787,0.5076957941055298,-1.5,-2.2892167568206787,-0.5076957941055298,1.5,2.2892167568206787,0.5076957941055298,-1.5,-2.2892167568206787,-0.5076957941055298
0.57,0.0,0.0,-0.29992744911235836,0.0011210217770576845,-0.0011210217770576845,ok,1.5,2.317086935043335,0.530728280544281,-1.5,-2.317086935043335,-0.530728280544281,1.5,2.317086935043335,0.530728280544281,-1.5,-2.317086935043335,-0.530728280544281
0.58,0.0,0.0,-0.31309804085967513,0.0011343172315082847,-0.0011343172315082847,ok,1.5,2.3438644409179688,0.5540339350700378,-1.5,-2.3438644409179688,-0.5540339350700378,1.5,2.3438644409179688,0.5540339350700378,-1.5,-2.3438644409179688,-0.5540339350700378
0.59,0.0,0.0,-0.32641694340550914,0.0011470904992250625,-0.0011470904992250625,ok,1.5,2.36959171295166,0.5776020288467407,-1.5,-2.36959171295166,-0.5776020288467407,1.5,2.36959171295166,0.5776020288467407,-1.5,-2.36959171295166,-0.5776020288467407
0.60,0.0,0.0,-0.3398783967801701,0.001159367689544709,-0.001159367689544709,ok,1.5,2.394310474395752,0.6014223694801331,-1.5,-2.394310474395752,-0.6014223694801331,1.5,2.394310474395752,0.6014223694801331,-1.5,-2.394310474395752,-0.6014223694801331
0.61,0.0,0.0,-0.35347677575010084,0.0011711604066168646,-0.0011711604066168646,ok,1.5,2.418059825897217,0.6254850029945374,-1.5,-2.418059825897217,-0.6254850029945374,1.5,2.418059825897217,0.6254850029945374,-1.5,-2.418059825897217,-0.6254850029945374
0.62,0.0,0.0,-0.36720672455401027,0.0011824918587408106,-0.0011824918587408106,ok,1.5,2.44087815284729,0.6497804522514343,-1.5,-2.44087815284729,-0.6497804522514343,1.5,2.44087815284729,0.6497804522514343,-1.5,-2.44087815284729,-0.6497804522514343
0.63,0.0,0.0,-0.38106308953480705,0.0011933794521410074,-0.0011933794521410074,ok,1.5,2.462801456451416,0.6742995977401733,-1.5,-2.462801456451416,-0.6742995977401733,1.5,2.462801456451416,0.6742995977401733,-1.5,-2.462801456451416,-0.6742995977401733
0.64,0.0,0.0,-0.3950409191395996,0.0012038405930419162,-0.0012038405930419162,ok,1.5,2.48386549949646,0.6990336775779724,-1.5,-2.48386549949646,-0.6990336775779724,1.5,2.48386549949646,0.6990336775779724,-1.5,-2.48386549949646,-0.6990336775779724
0.65,0.0,0.0,-0.4091353965516293,0.0012138868855931769,-0.0012138868855931769,ok,1.5,2.504103422164917,0.7239741683006287,-1.5,-2.504103422164917,-0.7239741683006287,1.5,2.504103422164917,0.7239741683006287,-1.5,-2.504103422164917,-0.7239741683006287
0.66,0.0,0.0,-0.42334200811043704,0.0012235444391314812,-0.0012235444391314812,ok,1.5,2.523547649383545,0.7491130828857422,-1.5,-2.523547649383545,-0.7491130828857422,1.5,2.523547649383545,0.7491130828857422,-1.5,-2.523547649383545,-0.7491130828857422
0.67,0.0,0.0,-0.4376563075236304,0.001232819055731649,-0.001232819055731649,ok,1.5,2.542229652404785,0.7744425535202026,-1.5,-2.542229652404785,-0.7744425535202026,1.5,2.542229652404785,0.7744425535202026,-1.5,-2.542229652404785,-0.7744425535202026
0.68,0.0,0.0,-0.4520741516551163,0.0012417368447303714,-0.0012417368447303714,ok,1.5,2.5601789951324463,0.7999552488327026,-1.5,-2.5601789951324463,-0.7999552488327026,1.5,2.5601789951324463,0.7999552488327026,-1.5,-2.5601789951324463,-0.7999552488327026
0.69,0.0,0.0,-0.4665913973688016,0.0012502978061276484,-0.0012502978061276484,ok,1.5,2.5774247646331787,0.8256438374519348,-1.5,-2.5774247646331787,-0.8256438374519348,1.5,2.5774247646331787,0.8256438374519348,-1.5,-2.5774247646331787,-0.8256438374519348
0.70,0.0,0.0,-0.48120417100085966,0.0012585251482227612,-0.0012585251482227612,ok,1.5,2.593994140625,0.85150146484375,-1.5,-2.593994140625,-0.85150146484375,1.5,2.593994140625,0.85150146484375,-1.5,-2.593994140625,-0.85150146484375
0.71,0.0,0.0,-0.49590873362359666,0.0012664304751653502,-0.0012664304751653502,ok,1.5,2.6099138259887695,0.8775215148925781,-1.5,-2.6099138259887695,-0.8775215148925781,1.5,2.6099138259887695,0.8775215148925781,-1.5,-2.6099138259887695,-0.8775215148925781
0.72,0.0,0.0,-0.5107015147294853,0.001274028292142466,-0.001274028292142466,ok,1.5,2.625209331512451,0.903697669506073,-1.5,-2.625209331512451,-0.903697669506073,1.5,2.625209331512451,0.903697669506073,-1.5,-2.625209331512451,-0.903697669506073
0.73,0.0,0.0,-0.5255790111790648,0.001281324401228929,-0.001281324401228929,ok,1.5,2.6399052143096924,0.930023729801178,-1.5,-2.6399052143096924,-0.930023729801178,1.5,2.6399052143096924,0.930023729801178,-1.5,-2.6399052143096924,-0.930023729801178
0.74,0.0,0.0,-0.5405379219370741,0.0012883362086491996,-0.0012883362086491996,ok,1.5,2.654024600982666,0.9564938545227051,-1.5,-2.654024600982666,-0.9564938545227051,1.5,2.654024600982666,0.9564938545227051,-1.5,-2.654024600982666,-0.9564938545227051
0.75,0.0,0.0,-0.5555750470203518,0.0012950724175155085,-0.0012950724175155085,ok,1.5,2.667590618133545,0.9831023812294006,-1.5,-2.667590618133545,-0.9831023812294006,1.5,2.667590618133545,0.9831023812294006,-1.5,-2.667590618133545,-0.9831023812294006
0.76,0.0,0.0,-0.5706872874978365,0.001301541730940086,-0.001301541730940086,ok,1.5,2.680624485015869,1.0098438262939453,-1.5,-2.680624485015869,-1.0098438262939453,1.5,2.680624485015869,1.0098438262939453,-1.5,-2.680624485015869,-1.0098438262939453
0.77,0.0,0.0,-0.5858717802266997,0.001307764456184803,-0.001307764456184803,ok,1.5,2.6931474208831787,1.0367131233215332,-1.5,-2.6931474208831787,-1.0367131233215332,1.5,2.6931474208831787,1.0367131233215332,-1.5,-2.6931474208831787,-1.0367131233215332
0.78,0.0,0.0,-0.6011256620641129,0.0013137405932496591,-0.0013137405932496591,ok,1.5,2.705179214477539,1.0637052059173584,-1.5,-2.705179214477539,-1.0637052059173584,1.5,2.705179214477539,1.0637052059173584,-1.5,-2.705179214477539,-1.0637052059173584
0.79,0.0,0.0,-0.6164461709193474,0.0013194788452468853,-0.0013194788452468853,ok,1.5,2.7167394161224365,1.0908151865005493,-1.5,-2.7167394161224365,-1.0908151865005493,1.5,2.7167394161224365,1.0908151865005493,-1.5,-2.7167394161224365,-1.0908151865005493
0.80,0.0,0.0,-0.6318306794378076,0.0013249908163261216,-0.0013249908163261216,ok,1.5,2.727846145629883,1.1180384159088135,-1.5,-2.727846145629883,-1.1180384159088135,1.5,2.727846145629883,1.1180384159088135,-1.5,-2.727846145629883,-1.1180384159088135
0.81,0.0,0.0,-0.6472767623690975,0.001330293912711829,-0.001330293912711829,ok,1.5,2.7385175228118896,1.145370602607727,-1.5,-2.7385175228118896,-1.145370602607727,1.5,2.7385175228118896,1.145370602607727,-1.5,-2.7385175228118896,-1.145370602607727
0.82,0.0,0.0,-0.6627819944628213,0.0013353881344040075,-0.0013353881344040075,ok,1.5,2.748770236968994,1.1728074550628662,-1.5,-2.748770236968994,-1.1728074550628662,1.5,2.748770236968994,1.1728074550628662,-1.5,-2.748770236968994,-1.1728074550628662
0.83,0.0,0.0,-0.678343950468583,0.001340273481402657,-0.001340273481402657,ok,1.5,2.7586212158203125,1.2003446817398071,-1.5,-2.7586212158203125,-1.2003446817398071,1.5,2.7586212158203125,1.2003446817398071,-1.5,-2.7586212158203125,-1.2003446817398071
0.84,0.0,0.0,-0.6939605419763195,0.0013449789640818787,-0.0013449789640818787,ok,1.5,2.7680857181549072,1.2279785871505737,-1.5,-2.7680857181549072,-1.2279785871505737,1.5,2.7680857181549072,1.2279785871505737,-1.5,-2.7680857181549072,-1.2279785871505737
0.85,0.0,0.0,-0.7096295458398345,0.0013494929782920323,-0.0013494929782920323,ok,1.5,2.77717924118042,1.2557052373886108,-1.5,-2.77717924118042,-1.2557052373886108,1.5,2.77717924118042,1.2557052373886108,-1.5,-2.77717924118042,-1.2557052373886108
0.86,0.0,0.0,-0.725348873649065,0.0013538271281827582,-0.0013538271281827582,ok,1.5,2.7859160900115967,1.2835209369659424,-1.5,-2.7859160900115967,-1.2835209369659424,1.5,2.7859160900115967,1.2835209369659424,-1.5,-2.7859160900115967,-1.2835209369659424
0.87,0.0,0.0,-0.7411166390981473,0.0013579988199785172,-0.0013579988199785172,ok,1.5,2.7943105697631836,1.311422348022461,-1.5,-2.7943105697631836,-1.311422348022461,1.5,2.7943105697631836,1.311422348022461,-1.5,-2.7943105697631836,-1.311422348022461
0.88,0.0,0.0,-0.7569308885131514,0.0013620022516044887,-0.0013620022516044887,ok,1.5,2.8023757934570312,1.3394060134887695,-1.5,-2.8023757934570312,-1.3394060134887695,1.5,2.8023757934570312,1.3394060134887695,-1.5,-2.8023757934570312,-1.3394060134887695
0.89,0.0,0.0,-0.7727898703243469,0.001365854829285134,-0.001365854829285134,ok,1.5,2.810124635696411,1.3674688339233398,-1.5,-2.810124635696411,-1.3674688339233398,1.5,2.810124635696411,1.3674688339233398,-1.5,-2.810124635696411,-1.3674688339233398
0.90,0.0,0.0,-0.7886917655939369,0.0013695507509456325,-0.0013695507509456325,ok,1.5,2.8175697326660156,1.395607590675354,-1.5,-2.8175697326660156,-1.395607590675354,1.5,2.8175697326660156,1.395607590675354,-1.5,-2.8175697326660156,-1.395607590675354
0.91,0.0,0.0,-0.8046348901202577,0.0013731016207356248,-0.0013731016207356248,ok,1.5,2.8247230052948,1.4238193035125732,-1.5,-2.8247230052948,-1.4238193035125732,1.5,2.8247230052948,1.4238193035125732,-1.5,-2.8247230052948,-1.4238193035125732
0.92,0.0,0.0,-0.8206176270697118,0.0013765132407299312,-0.0013765132407299312,ok,1.5,2.8315956592559814,1.4521011114120483,-1.5,-2.8315956592559814,-1.4521011114120483,1.5,2.8315956592559814,1.4521011114120483,-1.5,-2.8315956592559814,-1.4521011114120483
0.93,0.0,0.0,-0.8366384269767685,0.0013797914130033717,-0.0013797914130033717,ok,1.5,2.8381989002227783,1.4804502725601196,-1.5,-2.8381989002227783,-1.4804502725601196,1.5,2.8381989002227783,1.4804502725601196,-1.5,-2.8381989002227783,-1.4804502725601196
0.94,0.0,0.0,-0.8526958077439637,0.0013829419396307668,-0.0013829419396307668,ok,1.5,2.844543218612671,1.508864164352417,-1.5,-2.844543218612671,-1.508864164352417,1.5,2.844543218612671,1.508864164352417,-1.5,-2.844543218612671,-1.508864164352417
0.95,0.0,0.0,-0.8687883546418997,0.0013859706226869368,-0.0013859706226869368,ok,1.5,2.8506388664245605,1.5373402833938599,-1.5,-2.8506388664245605,-1.5373402833938599,1.5,2.8506388664245605,1.5373402833938599,-1.5,-2.8506388664245605,-1.5373402833938599
0.96,0.0,0.0,-0.8849146529411791,0.0013888774621718814,-0.0013888774621718814,ok,1.5,2.8564953804016113,1.5658761262893677,-1.5,-2.8564953804016113,-1.5658761262893677,1.5,2.8564953804016113,1.5658761262893677,-1.5,-2.8564953804016113,-1.5658761262893677
0.97,0.0,0.0,-0.9010734226485372,0.0013916740622352413,-0.0013916740622352413,ok,1.5,2.8621222972869873,1.594469428062439,-1.5,-2.8621222972869873,-1.594469428062439,1.5,2.8621222972869873,1.594469428062439,-1.5,-2.8621222972869873,-1.594469428062439
0.98,0.0,0.0,-0.9172633837707095,0.0013943604228770165,-0.0013943604228770165,ok,1.5,2.8675284385681152,1.6231179237365723,-1.5,-2.8675284385681152,-1.6231179237365723,1.5,2.8675284385681152,1.6231179237365723,-1.5,-2.8675284385681152,-1.6231179237365723
0.99,0.0,0.0,-0.9334832563144314,0.001396936544097207,-0.001396936544097207,ok,1.5,2.872722864151001,1.6518193483352661,-1.5,-2.872722864151001,-1.6518193483352661,1.5,2.872722864151001,1.6518193483352661,-1.5,-2.872722864151001,-1.6518193483352661
1.00,0.0,0.0,-0.9497318950225716,0.0013994140300454532,-0.0013994140300454532,ok,1.5,2.877713441848755,1.6805716753005981,-1.5,-2.877713441848755,-1.6805716753005981,1.5,2.877713441848755,1.6805716753005981,-1.5,-2.877713441848755,-1.6805716753005981
1.01,0.0,0.0,-0.9660081546379987,0.0014017928807217553,-0.0014017928807217553,ok,1.5,2.8825082778930664,1.709372878074646,-1.5,-2.8825082778930664,-1.709372878074646,1.5,2.8825082778930664,1.709372878074646,-1.5,-2.8825082778930664,-1.709372878074646
1.02,0.0,0.0,-0.9823110246397144,0.0014040847002757535,-0.0014040847002757535,ok,1.5,2.887115240097046,1.7382211685180664,-1.5,-2.887115240097046,-1.7382211685180664,1.5,2.887115240097046,1.7382211685180664,-1.5,-2.887115240097046,-1.7382211685180664
1.03,0.0,0.0,-0.9986394271386538,0.0014062836866326279,-0.0014062836866326279,ok,1.5,2.8915414810180664,1.7671146392822266,-1.5,-2.8915414810180664,-1.7671146392822266,1.5,2.8915414810180664,1.7671146392822266,-1.5,-2.8915414810180664,-1.7671146392822266
1.04,0.0,0.0,-1.0149923516138186,0.0014083956418671983,-0.0014083956418671983,ok,1.5,2.895794153213501,1.7960515022277832,-1.5,-2.895794153213501,-1.7960515022277832,1.5,2.895794153213501,1.7960515022277832,-1.5,-2.895794153213501,-1.7960515022277832
1.05,0.0,0.0,-1.0313687875442106,0.0014104205659794652,-0.0014104205659794652,ok,1.5,2.8998801708221436,1.825029969215393,-1.5,-2.8998801708221436,-1.825029969215393,1.5,2.8998801708221436,1.825029969215393,-1.5,-2.8998801708221436,-1.825029969215393
1.06,0.0,0.0,-1.0477678591449644,0.0014123700631190688,-0.0014123700631190688,ok,1.5,2.90380597114563,1.854048490524292,-1.5,-2.90380597114563,-1.854048490524292,1.5,2.90380597114563,1.854048490524292,-1.5,-2.90380597114563,-1.854048490524292
1.07,0.0,0.0,-1.064188690631215,0.0014142441332860092,-0.0014142441332860092,ok,1.5,2.9075777530670166,1.8831055164337158,-1.5,-2.9075777530670166,-1.8831055164337158,1.5,2.9075777530670166,1.8831055164337158,-1.5,-2.9075777530670166,-1.8831055164337158
1.08,0.0,0.0,-1.0806304735861638,0.0014160485785551066,-0.0014160485785551066,ok,1.5,2.9112017154693604,1.91219961643219,-1.5,-2.9112017154693604,-1.91219961643219,1.5,2.9112017154693604,1.91219961643219,-1.5,-2.9112017154693604,-1.91219961643219
1.09,0.0,0.0,-1.0970922648568788,0.0014177717947767205,-0.0014177717947767205,ok,1.5,2.9146835803985596,1.9413291215896606,-1.5,-2.9146835803985596,-1.9413291215896606,1.5,2.9146835803985596,1.9413291215896606,-1.5,-2.9146835803985596,-1.9413291215896606
1.10,0.0,0.0,-1.1135733907626948,0.001419436990250132,-0.001419436990250132,ok,1.5,2.9180288314819336,1.9704928398132324,-1.5,-2.9180288314819336,-1.9704928398132324,1.5,2.9180288314819336,1.9704928398132324,-1.5,-2.9180288314819336,-1.9704928398132324
1.11,0.0,0.0,-1.1300729755187464,0.00142102675875088,-0.00142102675875088,ok,1.5,2.9212429523468018,1.9996892213821411,-1.5,-2.9212429523468018,-1.9996892213821411,1.5,2.9212429523468018,1.9996892213821411,-1.5,-2.9212429523468018,-1.9996892213821411
1.12,0.0,0.0,-1.1465904801805011,0.0014225701106530663,-0.0014225701106530663,ok,1.5,2.9243311882019043,2.0289173126220703,-1.5,-2.9243311882019043,-2.0289173126220703,1.5,2.9243311882019043,2.0289173126220703,-1.5,-2.9243311882019043,-2.0289173126220703
1.13,0.0,0.0,-1.1627903444084566,0.001395213327875593,-0.001395213327875593,ok,0.0,2.809666395187378,2.0575833320617676,0.0,-2.809666395187378,-2.0575833320617676,0.0,2.809666395187378,2.0575833320617676,0.0,-2.809666395187378,-2.0575833320617676
1.14,0.0,0.0,-1.178355062504947,0.0013405113664702872,-0.0013405113664702872,ok,0.0,2.699497699737549,2.08512544631958,0.0,-2.699497699737549,-2.08512544631958,0.0,2.699497699737549,2.08512544631958,0.0,-2.699497699737549,-2.08512544631958
1.15,0.0,0.0,-1.1933095606545971,0.0012879561727484733,-0.0012879561727484733,ok,0.0,2.593648910522461,2.1115877628326416,0.0,-2.593648910522461,-2.1115877628326416,0.0,2.593648910522461,2.1115877628326416,0.0,-2.593648910522461,-2.1115877628326416
1.16,0.0,0.0,-1.2076775524168335,0.001237443309363387,-0.001237443309363387,ok,0.0,2.491950511932373,2.137012243270874,0.0,-2.491950511932373,-2.137012243270874,0.0,2.491950511932373,2.137012243270874,0.0,-2.491950511932373,-2.137012243270874
1.17,0.0,0.0,-1.2214823471426837,0.001188937963866107,-0.001188937963866107,ok,0.0,2.394239902496338,2.161440134048462,0.0,-2.394239902496338,-2.161440134048462,0.0,2.394239902496338,2.161440134048462,0.0,-2.394239902496338,-2.161440134048462
1.18,0.0,0.0,-1.234745637349578,0.001142300886460947,-0.001142300886460947,ok,0.0,2.3003602027893066,2.1849098205566406,0.0,-2.3003602027893066,-2.1849098205566406,0.0,2.3003602027893066,2.1849098205566406,0.0,-2.3003602027893066,-2.1849098205566406
1.19,0.0,0.0,-1.2474889808188132,0.0010975204729982667,-0.0010975204729982667,ok,0.0,2.2101619243621826,2.2074594497680664,0.0,-2.2101619243621826,-2.2074594497680664,0.0,2.2101619243621826,2.2074594497680664,0.0,-2.2101619243621826,-2.2074594497680664
1.20,0.0,0.0,-1.2597327227064887,0.0010544922861313014,-0.0010544922861313014,ok,0.0,2.123500108718872,2.2291250228881836,0.0,-2.123500108718872,-2.2291250228881836,0.0,2.123500108718872,2.2291250228881836,0.0,-2.123500108718872,-2.2291250228881836
1.21,0.0,0.0,-1.271496265015772,0.0010131350968125678,-0.0010131350968125678,ok,0.0,2.040236473083496,2.249940872192383,0.0,-2.040236473083496,-2.249940872192383,0.0,2.040236473083496,2.249940872192383,0.0,-2.040236473083496,-2.249940872192383
1.22,0.0,0.0,-1.2827986055414307,0.0009734140925931444,-0.0009734140925931444,ok,0.0,1.960237741470337,2.2699406147003174,0.0,-1.960237741470337,-2.2699406147003174,0.0,1.960237741470337,2.2699406147003174,0.0,-1.960237741470337,-2.2699406147003174
1.23,0.0,0.0,-1.2936576641891682,0.0009352364402759072,-0.0009352364402759072,ok,0.0,1.8833757638931274,2.289155960083008,0.0,-1.8833757638931274,-2.289155960083008,0.0,1.8833757638931274,2.289155960083008,0.0,-1.8833757638931274,-2.289155960083008
1.24,0.0,0.0,-1.3040910913924215,0.0008985789315615751,-0.0008985789315615751,ok,0.0,1.8095275163650513,2.3076181411743164,0.0,-1.8095275163650513,-2.3076181411743164,0.0,1.8095275163650513,2.3076181411743164,0.0,-1.8095275163650513,-2.3076181411743164
1.25,0.0,0.0,-1.3141153249594297,0.0008633371291033838,-0.0008633371291033838,ok,0.0,1.7385748624801636,2.3253562450408936,0.0,-1.7385748624801636,-2.3253562450408936,0.0,1.7385748624801636,2.3253562450408936,0.0,-1.7385748624801636,-2.3253562450408936
1.26,0.0,0.0,-1.3237465332261655,0.0008294878246020522,-0.0008294878246020522,ok,0.0,1.6704044342041016,2.3423988819122314,0.0,-1.6704044342041016,-2.3423988819122314,0.0,1.6704044342041016,2.3423988819122314,0.0,-1.6704044342041016,-2.3423988819122314
1.27,0.0,0.0,-1.3330000761118033,0.0007969613931597373,-0.0007969613931597373,ok,0.0,1.6049069166183472,2.3587732315063477,0.0,-1.6049069166183472,-2.3587732315063477,0.0,1.6049069166183472,2.3587732315063477,0.0,-1.6049069166183472,-2.3587732315063477
1.28,0.0,0.0,-1.3418907745909845,0.0007657114181778772,-0.0007657114181778772,ok,0.0,1.5419776439666748,2.3745055198669434,0.0,-1.5419776439666748,-2.3745055198669434,0.0,1.5419776439666748,2.3745055198669434,0.0,-1.5419776439666748,-2.3745055198669434
1.29,0.0,0.0,-1.3504329106938187,0.0007356914830579098,-0.0007356914830579098,ok,0.0,1.4815157651901245,2.3896210193634033,0.0,-1.4815157651901245,-2.3896210193634033,0.0,1.4815157651901245,2.3896210193634033,0.0,-1.4815157651901245,-2.3896210193634033
1.30,0.0,0.0,-1.3586400927697495,0.0007068435670516326,-0.0007068435670516326,ok,0.0,1.4234247207641602,2.404143810272217,0.0,-1.4234247207641602,-2.404143810272217,0.0,1.4234247207641602,2.404143810272217,0.0,-1.4234247207641602,-2.404143810272217
1.31,0.0,0.0,-1.3665253902236882,0.0006791212535604838,-0.0006791212535604838,ok,0.0,1.3676114082336426,2.4180970191955566,0.0,-1.3676114082336426,-2.4180970191955566,0.0,1.3676114082336426,2.4180970191955566,0.0,-1.3676114082336426,-2.4180970191955566
1.32,0.0,0.0,-1.3741016029882802,0.0006525013342851822,-0.0006525013342851822,ok,0.0,1.3139866590499878,2.4315032958984375,0.0,-1.3139866590499878,-2.4315032958984375,0.0,1.3139866590499878,2.4315032958984375,0.0,-1.3139866590499878,-2.4315032958984375
1.33,0.0,0.0,-1.3813807225793717,0.0006269141843278849,-0.0006269141843278849,ok,0.0,1.2624645233154297,2.4443838596343994,0.0,-1.2624645233154297,-2.4443838596343994,0.0,1.2624645233154297,2.4443838596343994,0.0,-1.2624645233154297,-2.4443838596343994
1.34,0.0,0.0,-1.3883744710405432,0.000602336595389311,-0.000602336595389311,ok,0.0,1.2129625082015991,2.456759452819824,0.0,-1.2129625082015991,-2.456759452819824,0.0,1.2129625082015991,2.456759452819824,0.0,-1.2129625082015991,-2.456759452819824
1.35,0.0,0.0,-1.3950938967347093,0.0005787105467212578,-0.0005787105467212578,ok,0.0,1.165401577949524,2.4686496257781982,0.0,-1.165401577949524,-2.4686496257781982,0.0,1.165401577949524,2.4686496257781982,0.0,-1.165401577949524,-2.4686496257781982
1.36,0.0,0.0,-1.4015499132886517,0.0005560244341740848,-0.0005560244341740848,ok,0.0,1.1197055578231812,2.4800736904144287,0.0,-1.1197055578231812,-2.4800736904144287,0.0,1.1197055578231812,2.4800736904144287,0.0,-1.1197055578231812,-2.4800736904144287
1.37,0.0,0.0,-1.4077527606484868,0.0005342202369995897,-0.0005342202369995897,ok,0.0,1.0758012533187866,2.4910497665405273,0.0,-1.0758012533187866,-2.4910497665405273,0.0,1.0758012533187866,2.4910497665405273,0.0,-1.0758012533187866,-2.4910497665405273
1.38,0.0,0.0,-1.4137122745519308,0.0005132631427488511,-0.0005132631427488511,ok,0.0,1.0336185693740845,2.5015952587127686,0.0,-1.0336185693740845,-2.5015952587127686,0.0,1.0336185693740845,2.5015952587127686,0.0,-1.0336185693740845,-2.5015952587127686
1.39,0.0,0.0,-1.419438290736701,0.0004931531514218686,-0.0004931531514218686,ok,0.0,0.9930897355079651,2.5117275714874268,0.0,-0.9930897355079651,-2.5117275714874268,0.0,0.9930897355079651,2.5117275714874268,0.0,-0.9930897355079651,-2.5117275714874268
1.40,0.0,0.0,-1.4249397017875822,0.00047380903397115906,-0.00047380903397115906,ok,0.0,0.9541501402854919,2.5214624404907227,0.0,-0.9541501402854919,-2.5214624404907227,0.0,0.9541501402854919,2.5214624404907227,0.0,-0.9541501402854919,-2.5214624404907227
1.41,0.0,0.0,-1.4302254002893595,0.00045523079039672235,-0.00045523079039672235,ok,0.0,0.9167373776435852,2.530815601348877,0.0,-0.9167373776435852,-2.530815601348877,0.0,0.9167373776435852,2.530815601348877,0.0,-0.9167373776435852,-2.530815601348877
1.42,0.0,0.0,-1.4353038746184188,0.000437383608249637,-0.000437383608249637,ok,0.0,0.8807916045188904,2.539802074432373,0.0,-0.8807916045188904,-2.539802074432373,0.0,0.8807916045188904,2.539802074432373,0.0,-0.8807916045188904,-2.539802074432373
1.43,0.0,0.0,-1.4401832089427462,0.0004202326750809815,-0.0004202326750809815,ok,0.0,0.8462552428245544,2.548436164855957,0.0,-0.8462552428245544,-2.548436164855957,0.0,0.8462552428245544,2.548436164855957,0.0,-0.8462552428245544,-2.548436164855957
1.44,0.0,0.0,-1.444871217958062,0.00040375478259147484,-0.00040375478259147484,ok,0.0,0.8130730986595154,2.556731700897217,0.0,-0.8130730986595154,-2.556731700897217,0.0,0.8130730986595154,2.556731700897217,0.0,-0.8130730986595154,-2.556731700897217
1.45,0.0,0.0,-1.4493754468878204,0.00038792672248183605,-0.00038792672248183605,ok,0.0,0.7811920642852783,2.564702033996582,0.0,-0.7811920642852783,-2.564702033996582,0.0,0.7811920642852783,2.564702033996582,0.0,-0.7811920642852783,-2.564702033996582
1.46,0.0,0.0,-1.4537030367470758,0.00037271368230314367,-0.00037271368230314367,ok,0.0,0.7505610585212708,2.572359800338745,0.0,-0.7505610585212708,-2.572359800338745,0.0,0.7505610585212708,2.572359800338745,0.0,-0.7505610585212708,-2.572359800338745
1.47,0.0,0.0,-1.4578608590786166,0.0003580924537561166,-0.0003580924537561166,ok,0.0,0.7211311459541321,2.5797171592712402,0.0,-0.7211311459541321,-2.5797171592712402,0.0,0.7211311459541321,2.5797171592712402,0.0,-0.7211311459541321,-2.5797171592712402
1.48,0.0,0.0,-1.4618557854252314,0.000344063036840755,-0.000344063036840755,ok,0.0,0.692855179309845,2.5867862701416016,0.0,-0.692855179309845,-2.5867862701416016,0.0,0.692855179309845,2.5867862701416016,0.0,-0.692855179309845,-2.5867862701416016
1.49,0.0,0.0,-1.465694013649043,0.0003305674108088562,-0.0003305674108088562,ok,0.0,0.6656879782676697,2.5935781002044678,0.0,-0.6656879782676697,-2.5935781002044678,0.0,0.6656879782676697,2.5935781002044678,0.0,-0.6656879782676697,-2.5935781002044678
1.50,0.0,0.0,-1.4693817416121744,0.00031760557566042037,-0.00031760557566042037,ok,0.0,0.6395859718322754,2.6001036167144775,0.0,-0.6395859718322754,-2.6001036167144775,0.0,0.6395859718322754,2.6001036167144775,0.0,-0.6395859718322754,-2.6001036167144775
1.51,0.0,0.0,-1.4729247629683493,0.0003051427189465259,-0.0003051427189465259,ok,0.0,0.6145074367523193,2.6063730716705322,0.0,-0.6145074367523193,-2.6063730716705322,0.0,0.6145074367523193,2.6063730716705322,0.0,-0.6145074367523193,-2.6063730716705322
1.52,0.0,0.0,-1.4763290061074241,0.00029319044481681335,-0.00029319044481681335,ok,0.0,0.5904122591018677,2.6123969554901123,0.0,-0.5904122591018677,-2.6123969554901123,0.0,0.5904122591018677,2.6123969554901123,0.0,-0.5904122591018677,-2.6123969554901123
1.53,0.0,0.0,-1.4795997257385902,0.0002816907325230802,-0.0002816907325230802,ok,0.0,0.5672618746757507,2.6181845664978027,0.0,-0.5672618746757507,-2.6181845664978027,0.0,0.5672618746757507,2.6181845664978027,0.0,-0.5672618746757507,-2.6181845664978027
1.54,0.0,0.0,-1.4827421765710387,0.00027064358206532643,-0.00027064358206532643,ok,0.0,0.5450192093849182,2.6237452030181885,0.0,-0.5450192093849182,-2.6237452030181885,0.0,0.5450192093849182,2.6237452030181885,0.0,-0.5450192093849182,-2.6237452030181885
1.55,0.0,0.0,-1.4857614785778275,0.0002600373892939116,-0.0002600373892939116,ok,0.0,0.5236486792564392,2.6290879249572754,0.0,-0.5236486792564392,-2.6290879249572754,0.0,0.5236486792564392,2.6290879249572754,0.0,-0.5236486792564392,-2.6290879249572754
1.56,0.0,0.0,-1.4886623475236156,0.00024983734175991414,-0.00024983734175991414,ok,0.0,0.5031161308288574,2.634221076965332,0.0,-0.5031161308288574,-2.634221076965332,0.0,0.5031161308288574,2.634221076965332,0.0,-0.5031161308288574,-2.634221076965332
1.57,0.0,0.0,-1.4914493644369284,0.00024003183531369365,-0.00024003183531369365,ok,0.0,0.48338866233825684,2.639152765274048,0.0,-0.48338866233825684,-2.639152765274048,0.0,0.48338866233825684,2.639152765274048,0.0,-0.48338866233825684,-2.639152765274048
1.58,0.0,0.0,-1.4941272450824248,0.00023063247410489056,-0.00023063247410489056,ok,0.0,0.46443474292755127,2.6438913345336914,0.0,-0.46443474292755127,-2.6438913345336914,0.0,0.46443474292755127,2.6438913345336914,0.0,-0.46443474292755127,-2.6438913345336914
1.59,0.0,0.0,-1.496700031544098,0.0002215812373853024,-0.0002215812373853024,ok,0.0,0.4462239742279053,2.6484439373016357,0.0,-0.4462239742279053,-2.6484439373016357,0.0,0.4462239742279053,2.6484439373016357,0.0,-0.4462239742279053,-2.6484439373016357
1.60,0.0,0.0,-1.4991720353782072,0.00021290133345421017,-0.00021290133345421017,ok,0.0,0.42872729897499084,2.652818202972412,0.0,-0.42872729897499084,-2.652818202972412,0.0,0.42872729897499084,2.652818202972412,0.0,-0.42872729897499084,-2.652818202972412
1.61,0.0,0.0,-1.5015470291964796,0.00020454634571305188,-0.00020454634571305188,ok,0.0,0.4119166433811188,2.6570208072662354,0.0,-0.4119166433811188,-2.6570208072662354,0.0,0.4119166433811188,2.6570208072662354,0.0,-0.4119166433811188,-2.6570208072662354
1.62,0.0,0.0,-1.5038289203467754,0.000196527878311468,-0.000196527878311468,ok,0.0,0.39576518535614014,2.6610586643218994,0.0,-0.39576518535614014,-2.6610586643218994,0.0,0.39576518535614014,2.6610586643218994,0.0,-0.39576518535614014,-2.6610586643218994
1.63,0.0,0.0,-1.5060213467046883,0.00018882272295017756,-0.00018882272295017756,ok,0.0,0.38024699687957764,2.66493821144104,0.0,-0.38024699687957764,-2.66493821144104,0.0,0.38024699687957764,2.66493821144104,0.0,-0.38024699687957764,-2.66493821144104
1.64,0.0,0.0,-1.508127811409679,0.00018141927547954008,-0.00018141927547954008,ok,0.0,0.3653373122215271,2.668665647506714,0.0,-0.3653373122215271,-2.668665647506714,0.0,0.3653373122215271,2.668665647506714,0.0,-0.3653373122215271,-2.668665647506714
1.65,0.0,0.0,-1.5101516828650754,0.00017430593174991502,-0.00017430593174991502,ok,0.0,0.3510122299194336,2.6722469329833984,0.0,-0.3510122299194336,-2.6722469329833984,0.0,0.3510122299194336,2.6722469329833984,0.0,-0.3510122299194336,-2.6722469329833984
1.66,0.0,0.0,-1.5120961947380718,0.0001674710876116619,-0.0001674710876116619,ok,0.0,0.337248831987381,2.675687789916992,0.0,-0.337248831987381,-2.675687789916992,0.0,0.337248831987381,2.675687789916992,0.0,-0.337248831987381,-2.675687789916992
1.67,0.0,0.0,-1.51396444595973,0.00016090313891514024,-0.00016090313891514024,ok,0.0,0.32402512431144714,2.6789937019348145,0.0,-0.32402512431144714,-2.6789937019348145,0.0,0.32402512431144714,2.6789937019348145,0.0,-0.32402512431144714,-2.6789937019348145
1.68,0.0,0.0,-1.515759400724978,0.00015459048151070953,-0.00015459048151070953,ok,0.0,0.31131991744041443,2.6821699142456055,0.0,-0.31131991744041443,-2.6821699142456055,0.0,0.31131991744041443,2.6821699142456055,0.0,-0.31131991744041443,-2.6821699142456055
1.69,0.0,0.0,-1.517484023228744,0.00014853311539836977,-0.00014853311539836977,ok,0.0,0.29911288619041443,2.6852216720581055,0.0,-0.29911288619041443,-2.6852216720581055,0.0,0.29911288619041443,2.6852216720581055,0.0,-0.29911288619041443,-2.6852216720581055
1.70,0.0,0.0,-1.5191411429298238,0.00014271943642848046,-0.00014271943642848046,ok,0.0,0.2873845100402832,2.6881539821624756,0.0,-0.2873845100402832,-2.6881539821624756,0.0,0.2873845100402832,2.6881539821624756,0.0,-0.2873845100402832,-2.6881539821624756
1.71,0.0,0.0,-1.5207330503424799,0.00013710302800247959,-0.00013710302800247959,ok,0.0,0.2761159837245941,2.6909708976745605,0.0,-0.2761159837245941,-2.6909708976745605,0.0,0.2761159837245941,2.6909708976745605,0.0,-0.2761159837245941,-2.6909708976745605
1.72,0.0,0.0,-1.5222627096616406,0.0001317419108685697,-0.0001317419108685697,ok,0.0,0.2652893364429474,2.6936776638031006,0.0,-0.2652893364429474,-2.6936776638031006,0.0,0.2652893364429474,2.6936776638031006,0.0,-0.2652893364429474,-2.6936776638031006
1.73,0.0,0.0,-1.5237322766654358,0.00012656646012890773,-0.00012656646012890773,ok,0.0,0.254887193441391,2.6962780952453613,0.0,-0.254887193441391,-2.6962780952453613,0.0,0.254887193441391,2.6962780952453613,0.0,-0.254887193441391,-2.6962780952453613
1.74,0.0,0.0,-1.5251443113403944,0.00012161148823241526,-0.00012161148823241526,ok,0.0,0.2448929101228714,2.6987767219543457,0.0,-0.2448929101228714,-2.6987767219543457,0.0,0.2448929101228714,2.6987767219543457,0.0,-0.2448929101228714,-2.6987767219543457
1.75,0.0,0.0,-1.526500969464646,0.00011684218273017072,-0.00011684218273017072,ok,0.0,0.23529052734375,2.7011773586273193,0.0,-0.23529052734375,-2.7011773586273193,0.0,0.23529052734375,2.7011773586273193,0.0,-0.23529052734375,-2.7011773586273193
1.76,0.0,0.0,-1.5278044068163206,0.00011225854362217415,-0.00011225854362217415,ok,0.0,0.22606465220451355,2.703483819961548,0.0,-0.22606465220451355,-2.703483819961548,0.0,0.22606465220451355,2.703483819961548,0.0,-0.22606465220451355,-2.703483819961548
1.77,0.0,0.0,-1.5290567791735477,0.00010786057090842554,-0.00010786057090842554,ok,0.0,0.21720053255558014,2.705699920654297,0.0,-0.21720053255558014,-2.705699920654297,0.0,0.21720053255558014,2.705699920654297,0.0,-0.21720053255558014,-2.705699920654297
1.78,0.0,0.0,-1.5302599728421908,0.00010362505628964391,-0.00010362505628964391,ok,0.0,0.20868398249149323,2.707828998565674,0.0,-0.20868398249149323,-2.707828998565674,0.0,0.20868398249149323,2.707828998565674,0.0,-0.20868398249149323,-2.707828998565674
1.79,0.0,0.0,-1.5314160088642466,9.956360391546974e-05,-9.956360391546974e-05,ok,0.0,0.20050136744976044,2.7098746299743652,0.0,-0.20050136744976044,-2.7098746299743652,0.0,0.20050136744976044,2.7098746299743652,0.0,-0.20050136744976044,-2.7098746299743652
1.80,0.0,0.0,-1.5325267735455785,9.566460963626253e-05,-9.566460963626253e-05,ok,0.0,0.19263958930969238,2.7118401527404785,0.0,-0.19263958930969238,-2.7118401527404785,0.0,0.19263958930969238,2.7118401527404785,0.0,-0.19263958930969238,-2.7118401527404785
1.81,0.0,0.0,-1.533593883719784,9.19048651527413e-05,-9.19048651527413e-05,ok,0.0,0.18508608639240265,2.713728427886963,0.0,-0.18508608639240265,-2.713728427886963,0.0,0.18508608639240265,2.713728427886963,0.0,-0.18508608639240265,-2.713728427886963
1.82,0.0,0.0,-1.5346192256927262,8.830757876418703e-05,-8.830757876418703e-05,ok,0.0,0.17782875895500183,2.715542793273926,0.0,-0.17782875895500183,-2.715542793273926,0.0,0.17782875895500183,2.715542793273926,0.0,-0.17782875895500183,-2.715542793273926
1.83,0.0,0.0,-1.5356044162980027,8.484954217131873e-05,-8.484954217131873e-05,ok,0.0,0.17085598409175873,2.7172861099243164,0.0,-0.17085598409175873,-2.7172861099243164,0.0,0.17085598409175873,2.7172861099243164,0.0,-0.17085598409175873,-2.7172861099243164
1.84,0.0,0.0,-1.5365508028969443,8.15075470748554e-05,-8.15075470748554e-05,ok,0.0,0.16415663063526154,2.718960762023926,0.0,-0.16415663063526154,-2.718960762023926,0.0,0.16415663063526154,2.718960762023926,0.0,-0.16415663063526154,-2.718960762023926
1.85,0.0,0.0,-1.537460271795415,7.832801007335906e-05,-7.832801007335906e-05,ok,0.0,0.1577199548482895,2.7205700874328613,0.0,-0.1577199548482895,-2.7205700874328613,0.0,0.1577199548482895,2.7205700874328613,0.0,-0.1577199548482895,-2.7205700874328613
1.86,0.0,0.0,-1.538333900882479,7.524130626898669e-05,-7.524130626898669e-05,ok,0.0,0.15153567492961884,2.722115993499756,0.0,-0.15153567492961884,-2.722115993499756,0.0,0.15153567492961884,2.722115993499756,0.0,-0.15153567492961884,-2.722115993499756
1.87,0.0,0.0,-1.539173441727867,7.230545640994079e-05,-7.230545640994079e-05,ok,0.0,0.14559386670589447,2.7236015796661377,0.0,-0.14559386670589447,-2.7236015796661377,0.0,0.14559386670589447,2.7236015796661377,0.0,-0.14559386670589447,-2.7236015796661377
1.88,0.0,0.0,-1.539979972220644,6.946243974801886e-05,-6.946243974801886e-05,ok,0.0,0.1398850530385971,2.7250287532806396,0.0,-0.1398850530385971,-2.7250287532806396,0.0,0.1398850530385971,2.7250287532806396,0.0,-0.1398850530385971,-2.7250287532806396
1.89,0.0,0.0,-1.540754839722141,6.673546458250192e-05,-6.673546458250192e-05,ok,0.0,0.13440008461475372,2.7263998985290527,0.0,-0.13440008461475372,-2.7263998985290527,0.0,0.13440008461475372,2.7263998985290527,0.0,-0.13440008461475372,-2.7263998985290527
1.90,0.0,0.0,-1.5414993915936888,6.412453091338995e-05,-6.412453091338995e-05,ok,0.0,0.12913018465042114,2.727717399597168,0.0,-0.12913018465042114,-2.727717399597168,0.0,0.12913018465042114,2.727717399597168,0.0,-0.12913018465042114,-2.727717399597168
1.91,0.0,0.0,-1.5422147057243525,6.160643044140196e-05,-6.160643044140196e-05,ok,0.0,0.12406691163778305,2.728983163833618,0.0,-0.12406691163778305,-2.728983163833618,0.0,0.12406691163778305,2.728983163833618,0.0,-0.12406691163778305,-2.728983163833618
1.92,0.0,0.0,-1.5429019947393299,5.9192767316178456e-05,-5.9192767316178456e-05,ok,0.0,0.11920218169689178,2.7301993370056152,0.0,-0.11920218169689178,-2.7301993370056152,0.0,0.11920218169689178,2.7301993370056152,0.0,-0.11920218169689178,-2.7301993370056152
1.93,0.0,0.0,-1.5435624712638192,5.688354153771942e-05,-5.688354153771942e-05,ok,0.0,0.11452819406986237,2.731368064880371,0.0,-0.11452819406986237,-2.731368064880371,0.0,0.11452819406986237,2.731368064880371,0.0,-0.11452819406986237,-2.731368064880371
1.94,0.0,0.0,-1.5441968089784857,5.463233650746288e-05,-5.463233650746288e-05,ok,0.0,0.11003748327493668,2.7324905395507812,0.0,-0.11003748327493668,-2.7324905395507812,0.0,0.11003748327493668,2.7324905395507812,0.0,-0.11003748327493668,-2.7324905395507812
1.95,0.0,0.0,-1.5448064899807936,5.2508777123251817e-05,-5.2508777123251817e-05,ok,0.0,0.10572285205125809,2.733569383621216,0.0,-0.10572285205125809,-2.733569383621216,0.0,0.10572285205125809,2.733569383621216,0.0,-0.10572285205125809,-2.733569383621216
1.96,0.0,0.0,-1.5453920532152754,5.0431634337602735e-05,-5.0431634337602735e-05,ok,0.0,0.10157739371061325,2.734605550765991,0.0,-0.10157739371061325,-2.734605550765991,0.0,0.10157739371061325,2.734605550765991,0.0,-0.10157739371061325,-2.734605550765991
1.97,0.0,0.0,-1.5459548460432622,4.8470533048358635e-05,-4.8470533048358635e-05,ok,0.0,0.0975944921374321,2.7356014251708984,0.0,-0.0975944921374321,-2.7356014251708984,0.0,0.0975944921374321,2.7356014251708984,0.0,-0.0975944921374321,-2.7356014251708984
1.98,0.0,0.0,-1.5464954074092865,4.6555848357676525e-05,-4.6555848357676525e-05,ok,0.0,0.09376775473356247,2.736557960510254,0.0,-0.09376775473356247,-2.736557960510254,0.0,0.09376775473356247,2.736557960510254,0.0,-0.09376775473356247,-2.736557960510254
1.99,0.0,0.0,-1.5470149499385462,4.4745601013758895e-05,-4.4745601013758895e-05,ok,0.0,0.09009107202291489,2.7374773025512695,0.0,-0.09009107202291489,-2.7374773025512695,0.0,0.09009107202291489,2.7374773025512695,0.0,-0.09009107202291489,-2.7374773025512695
2.00,0.0,0.0,-1.5475140125755735,4.2981770268403254e-05,-4.2981770268403254e-05,ok,0.0,0.08655855059623718,2.7383604049682617,0.0,-0.08655855059623718,-2.7383604049682617,0.0,0.08655855059623718,2.7383604049682617,0.0,-0.08655855059623718,-2.7383604049682617
2.01,0.0,0.0,-1.5479935384733003,4.1299168570531095e-05,-4.1299168570531095e-05,ok,0.0,0.08316453546285629,2.739208936691284,0.0,-0.08316453546285629,-2.739208936691284,0.0,0.08316453546285629,2.739208936691284,0.0,-0.08316453546285629,-2.739208936691284
2.02,0.0,0.0,-1.5484542013123923,3.967458762086143e-05,-3.967458762086143e-05,ok,0.0,0.07990361005067825,2.7400240898132324,0.0,-0.07990361005067825,-2.7400240898132324,0.0,0.07990361005067825,2.7400240898132324,0.0,-0.07990361005067825,-2.7400240898132324
2.03,0.0,0.0,-1.548896809509648,3.811963156903474e-05,-3.811963156903474e-05,ok,0.0,0.07677054405212402,2.740807294845581,0.0,-0.07677054405212402,-2.740807294845581,0.0,0.07677054405212402,2.740807294845581,0.0,-0.07677054405212402,-2.740807294845581
2.04,0.0,0.0,-1.549322171481866,3.6634300415051046e-05,-3.6634300415051046e-05,ok,0.0,0.07376033067703247,2.7415599822998047,0.0,-0.07376033067703247,-2.7415599822998047,0.0,0.07376033067703247,2.7415599822998047,0.0,-0.07376033067703247,-2.7415599822998047
2.05,0.0,0.0,-1.5497306914374456,3.518378170998884e-05,-3.518378170998884e-05,ok,0.0,0.07086814194917679,2.7422828674316406,0.0,-0.07086814194917679,-2.7422828674316406,0.0,0.07086814194917679,2.7422828674316406,0.0,-0.07086814194917679,-2.7422828674316406
2.06,0.0,0.0,-1.5501233125293186,3.381449205241012e-05,-3.381449205241012e-05,ok,0.0,0.06808936595916748,2.7429776191711426,0.0,-0.06808936595916748,-2.7429776191711426,0.0,0.06808936595916748,2.7429776191711426,0.0,-0.06808936595916748,-2.7429776191711426
2.07,0.0,0.0,-1.5505005737020174,3.2491618993393385e-05,-3.2491618993393385e-05,ok,0.0,0.06541953980922699,2.743645191192627,0.0,-0.06541953980922699,-2.743645191192627,0.0,0.06541953980922699,2.743645191192627,0.0,-0.06541953980922699,-2.743645191192627
2.08,0.0,0.0,-1.5508628791639414,3.120355838329815e-05,-3.120355838329815e-05,ok,0.0,0.06285440921783447,2.744286298751831,0.0,-0.06285440921783447,-2.744286298751831,0.0,0.06285440921783447,2.744286298751831,0.0,-0.06285440921783447,-2.744286298751831
2.09,0.0,0.0,-1.5512111720680224,2.9996726820686395e-05,-2.9996726820686395e-05,ok,0.0,0.06038985028862953,2.7449026107788086,0.0,-0.06038985028862953,-2.7449026107788086,0.0,0.06038985028862953,2.7449026107788086,0.0,-0.06038985028862953,-2.7449026107788086
2.10,0.0,0.0,-1.5515457218865265,2.8813103557355637e-05,-2.8813103557355637e-05,ok,0.0,0.05802192911505699,2.7454946041107178,0.0,-0.05802192911505699,-2.7454946041107178,0.0,0.05802192911505699,2.7454946041107178,0.0,-0.05802192911505699,-2.7454946041107178
2.11,0.0,0.0,-1.551867067563986,2.7675896892586867e-05,-2.7675896892586867e-05,ok,0.0,0.055746857076883316,2.746063232421875,0.0,-0.055746857076883316,-2.746063232421875,0.0,0.055746857076883316,2.746063232421875,0.0,-0.055746857076883316,-2.746063232421875
2.12,0.0,0.0,-1.5521758827810668,2.6596710976020588e-05,-2.6596710976020588e-05,ok,0.0,0.05356099084019661,2.746609687805176,0.0,-0.05356099084019661,-2.746609687805176,0.0,0.05356099084019661,2.746609687805176,0.0,-0.05356099084019661,-2.746609687805176
2.13,0.0,0.0,-1.5524725717461678,2.55523375083758e-05,-2.55523375083758e-05,ok,0.0,0.051460836082696915,2.7471346855163574,0.0,-0.051460836082696915,-2.7471346855163574,0.0,0.051460836082696915,2.7471346855163574,0.0,-0.051460836082696915,-2.7471346855163574
2.14,0.0,0.0,-1.5527576734038218,2.4554380639293003e-05,-2.4554380639293003e-05,ok,0.0,0.04944302886724472,2.7476391792297363,0.0,-0.04944302886724472,-2.7476391792297363,0.0,0.04944302886724472,2.7476391792297363,0.0,-0.04944302886724472,-2.7476391792297363
2.15,0.0,0.0,-1.5530315919624278,2.35912362191317e-05,-2.35912362191317e-05,ok,0.0,0.04750433936715126,2.74812388420105,0.0,-0.04750433936715126,-2.74812388420105,0.0,0.04750433936715126,2.74812388420105,0.0,-0.04750433936715126,-2.74812388420105
2.16,0.0,0.0,-1.5532947316303853,2.2662904247891887e-05,-2.2662904247891887e-05,ok,0.0,0.045641668140888214,2.748589515686035,0.0,-0.045641668140888214,-2.748589515686035,0.0,0.045641668140888214,2.748589515686035,0.0,-0.045641668140888214,-2.748589515686035
2.17,0.0,0.0,-1.5535476313522267,2.1780988875214066e-05,-2.1780988875214066e-05,ok,0.0,0.043852031230926514,2.749037027359009,0.0,-0.043852031230926514,-2.749037027359009,0.0,0.043852031230926514,2.749037027359009,0.0,-0.043852031230926514,-2.749037027359009
2.18,0.0,0.0,-1.5537905606002183,2.0922281801817244e-05,-2.0922281801817244e-05,ok,0.0,0.04213256761431694,2.749466896057129,0.0,-0.04213256761431694,-2.749466896057129,0.0,0.04213256761431694,2.749466896057129,0.0,-0.04213256761431694,-2.749466896057129
2.19,0.0,0.0,-1.554023923582759,2.009838717734191e-05,-2.009838717734191e-05,ok,0.0,0.04048052802681923,2.749879837036133,0.0,-0.04048052802681923,-2.749879837036133,0.0,0.04048052802681923,2.749879837036133,0.0,-0.04048052802681923,-2.749879837036133
2.20,0.0,0.0,-1.5542481245082487,1.930930500178807e-05,-1.930930500178807e-05,ok,0.0,0.038893263787031174,2.750276565551758,0.0,-0.038893263787031174,-2.750276565551758,0.0,0.038893263787031174,2.750276565551758,0.0,-0.038893263787031174,-2.750276565551758
2.21,0.0,0.0,-1.5544637023212196,1.856663942479622e-05,-1.856663942479622e-05,ok,0.0,0.03736823424696922,2.7506580352783203,0.0,-0.03736823424696922,-2.7506580352783203,0.0,0.03736823424696922,2.7506580352783203,0.0,-0.03736823424696922,-2.7506580352783203
2.22,0.0,0.0,-1.5546706570216715,1.7823973847804374e-05,-1.7823973847804374e-05,ok,0.0,0.03590300679206848,2.7510242462158203,0.0,-0.03590300679206848,-2.7510242462158203,0.0,0.03590300679206848,2.7510242462158203,0.0,-0.03590300679206848,-2.7510242462158203
2.23,0.0,0.0,-1.554869527554137,1.7127724869374513e-05,-1.7127724869374513e-05,ok,0.0,0.03449523076415062,2.751376152038574,0.0,-0.03449523076415062,-2.751376152038574,0.0,0.03449523076415062,2.751376152038574,0.0,-0.03449523076415062,-2.751376152038574
2.24,0.0,0.0,-1.5550605833908824,1.6454684190225653e-05,-1.6454684190225653e-05,ok,0.0,0.03314265236258507,2.7517142295837402,0.0,-0.03314265236258507,-2.7517142295837402,0.0,0.03314265236258507,2.7517142295837402,0.0,-0.03314265236258507,-2.7517142295837402
2.25,0.0,0.0,-1.5552442287403068,1.5816455959998283e-05,-1.5816455959998283e-05,ok,0.0,0.03184311091899872,2.7520391941070557,0.0,-0.03184311091899872,-2.7520391941070557,0.0,0.03184311091899872,2.7520391941070557,0.0,-0.03184311091899872,-2.7520391941070557
2.26,0.0,0.0,-1.5554205983385434,1.5189831879411408e-05,-1.5189831879411408e-05,ok,0.0,0.03059452399611473,2.7523512840270996,0.0,-0.03059452399611473,-2.7523512840270996,0.0,0.03059452399611473,2.7523512840270996,0.0,-0.03059452399611473,-2.7523512840270996
2.27,0.0,0.0,-1.5555900963939917,1.4598020247746029e-05,-1.4598020247746029e-05,ok,0.0,0.02939489483833313,2.7526512145996094,0.0,-0.02939489483833313,-2.7526512145996094,0.0,0.02939489483833313,2.7526512145996094,0.0,-0.02939489483833313,-2.7526512145996094
2.28,0.0,0.0,-1.5557529923789177,1.4029416915361645e-05,-1.4029416915361645e-05,ok,0.0,0.028242304921150208,2.752939462661743,0.0,-0.028242304921150208,-2.752939462661743,0.0,0.028242304921150208,2.752939462661743,0.0,-0.028242304921150208,-2.752939462661743
2.29,0.0,0.0,-1.5559094210294546,1.3472417732617758e-05,-1.3472417732617758e-05,ok,0.0,0.027134908363223076,2.75321626663208,0.0,-0.027134908363223076,-2.75321626663208,0.0,0.027134908363223076,2.75321626663208,0.0,-0.027134908363223076,-2.75321626663208
2.30,0.0,0.0,-1.5560597865540018,1.2950230998795365e-05,-1.2950230998795365e-05,ok,0.0,0.026070933789014816,2.7534823417663574,0.0,-0.026070933789014816,-2.7534823417663574,0.0,0.026070933789014816,2.7534823417663574,0.0,-0.026070933789014816,-2.7534823417663574
2.31,0.0,0.0,-1.5562042236886922,1.2439648414613468e-05,-1.2439648414613468e-05,ok,0.0,0.025048676878213882,2.7537379264831543,0.0,-0.025048676878213882,-2.7537379264831543,0.0,0.025048676878213882,2.7537379264831543,0.0,-0.025048676878213882,-2.7537379264831543
2.32,0.0,0.0,-1.556342867169659,1.194066998007207e-05,-1.194066998007207e-05,ok,0.0,0.024066505953669548,2.75398325920105,0.0,-0.024066505953669548,-2.75398325920105,0.0,0.024066505953669548,2.75398325920105,0.0,-0.024066505953669548,-2.75398325920105
2.33,0.0,0.0,-1.5564762559414347,1.1488108144092662e-05,-1.1488108144092662e-05,ok,0.0,0.023122843354940414,2.7542192935943604,0.0,-0.023122843354940414,-2.7542192935943604,0.0,0.023122843354940414,2.7542192935943604,0.0,-0.023122843354940414,-2.7542192935943604
2.34,0.0,0.0,-1.5566043900040192,1.1035546308113255e-05,-1.1035546308113255e-05,ok,0.0,0.022216184064745903,2.754446029663086,0.0,-0.022216184064745903,-2.754446029663086,0.0,0.022216184064745903,2.754446029663086,0.0,-0.022216184064745903,-2.754446029663086
2.35,0.0,0.0,-1.5567274040935457,1.0594588621774344e-05,-1.0594588621774344e-05,ok,0.0,0.021345075219869614,2.7546637058258057,0.0,-0.021345075219869614,-2.7546637058258057,0.0,0.021345075219869614,2.7546637058258057,0.0,-0.021345075219869614,-2.7546637058258057
2.36,0.0,0.0,-1.5568457024184135,1.0188443384356926e-05,-1.0188443384356926e-05,ok,0.0,0.02050812356173992,2.754873037338257,0.0,-0.02050812356173992,-2.754873037338257,0.0,0.02050812356173992,2.754873037338257,0.0,-0.02050812356173992,-2.754873037338257
2.37,0.0,0.0,-1.5569592849786225,9.782298146939509e-06,-9.782298146939509e-06,ok,0.0,0.01970398798584938,2.7550740242004395,0.0,-0.01970398798584938,-2.7550740242004395,0.0,0.01970398798584938,2.7550740242004395,0.0,-0.01970398798584938,-2.7550740242004395
2.38,0.0,0.0,-1.557068421246439,9.399361208803086e-06,-9.399361208803086e-06,ok,0.0,0.01893138326704502,2.7552671432495117,0.0,-0.01893138326704502,-2.7552671432495117,0.0,0.01893138326704502,2.7552671432495117,0.0,-0.01893138326704502,-2.7552671432495117
2.39,0.0,0.0,-1.557173245957996,9.028028420307163e-06,-9.028028420307163e-06,ok,0.0,0.018189072608947754,2.7554526329040527,0.0,-0.018189072608947754,-2.7554526329040527,0.0,0.018189072608947754,2.7554526329040527,0.0,-0.018189072608947754,-2.7554526329040527
2.40,0.0,0.0,-1.55727402858556,8.679903931092234e-06,-8.679903931092234e-06,ok,0.0,0.01747586950659752,2.7556309700012207,0.0,-0.01747586950659752,-2.7556309700012207,0.0,0.01747586950659752,2.7556309700012207,0.0,-0.01747586950659752,-2.7556309700012207
2.41,0.0,0.0,-1.5573709038652637,8.343383591517802e-06,-8.343383591517802e-06,ok,0.0,0.01679063029587269,2.7558023929595947,0.0,-0.01679063029587269,-2.7558023929595947,0.0,0.01679063029587269,2.7558023929595947,0.0,-0.01679063029587269,-2.7558023929595947
2.42,0.0,0.0,-1.5574638717971072,8.00686325194337e-06,-8.00686325194337e-06,ok,0.0,0.016132261604070663,2.755966901779175,0.0,-0.016132261604070663,-2.755966901779175,0.0,0.016132261604070663,2.755966901779175,0.0,-0.016132261604070663,-2.755966901779175
2.43,0.0,0.0,-1.5575532018533569,7.693551211649935e-06,-7.693551211649935e-06,ok,0.0,0.015499705448746681,2.756124973297119,0.0,-0.015499705448746681,-2.756124973297119,0.0,0.015499705448746681,2.756124973297119,0.0,-0.015499705448746681,-2.756124973297119
2.44,0.0,0.0,-1.557639163506279,7.403447470637494e-06,-7.403447470637494e-06,ok,0.0,0.014891953207552433,2.756277084350586,0.0,-0.014891953207552433,-2.756277084350586,0.0,0.014891953207552433,2.756277084350586,0.0,-0.014891953207552433,-2.756277084350586
2.45,0.0,0.0,-1.5577216220197403,7.1017395799845545e-06,-7.1017395799845545e-06,ok,0.0,0.014308031648397446,2.756422996520996,0.0,-0.014308031648397446,-2.756422996520996,0.0,0.014308031648397446,2.756422996520996,0.0,-0.014308031648397446,-2.756422996520996
2.46,0.0,0.0,-1.557800846866007,6.8232399886126115e-06,-6.8232399886126115e-06,ok,0.0,0.013747005723416805,2.756563186645508,0.0,-0.013747005723416805,-2.756563186645508,0.0,0.013747005723416805,2.756563186645508,0.0,-0.013747005723416805,-2.756563186645508
2.47,0.0,0.0,-1.5578769727812123,6.556344546881166e-06,-6.556344546881166e-06,ok,0.0,0.013207977637648582,2.7566978931427,0.0,-0.013207977637648582,-2.7566978931427,0.0,0.013207977637648582,2.7566978931427,0.0,-0.013207977637648582,-2.7566978931427
2.48,0.0,0.0,-1.5579502692376224,6.312657404430715e-06,-6.312657404430715e-06,ok,0.0,0.012690085917711258,2.7568275928497314,0.0,-0.012690085917711258,-2.7568275928497314,0.0,0.012690085917711258,2.7568275928497314,0.0,-0.012690085917711258,-2.7568275928497314
2.49,0.0,0.0,-1.558020466762971,6.045761962699269e-06,-6.045761962699269e-06,ok,0.0,0.01219250075519085,2.7569518089294434,0.0,-0.01219250075519085,-2.7569518089294434,0.0,0.01219250075519085,2.7569518089294434,0.0,-0.01219250075519085,-2.7569518089294434
2.50,0.0,0.0,-1.5580881043017905,5.825283119529814e-06,-5.825283119529814e-06,ok,0.0,0.01171442586928606,2.7570714950561523,0.0,-0.01171442586928606,-2.7570714950561523,0.0,0.01171442586928606,2.7570714950561523,0.0,-0.01171442586928606,-2.7570714950561523
2.51,0.0,0.0,-1.5581529123818147,5.581595977079364e-06,-5.581595977079364e-06,ok,0.0,0.011255096644163132,2.7571861743927,0.0,-0.011255096644163132,-2.7571861743927,0.0,0.011255096644163132,2.7571861743927,0.0,-0.011255096644163132,-2.7571861743927
2.52,0.0,0.0,-1.5582152952114432,5.372721283550407e-06,-5.372721283550407e-06,ok,0.0,0.010813777334988117,2.757296562194824,0.0,-0.010813777334988117,-2.757296562194824,0.0,0.010813777334988117,2.757296562194824,0.0,-0.010813777334988117,-2.757296562194824
2.53,0.0,0.0,-1.5582752527906758,5.163846590021449e-06,-5.163846590021449e-06,ok,0.0,0.010389763861894608,2.7574026584625244,0.0,-0.010389763861894608,-2.7574026584625244,0.0,0.010389763861894608,2.7574026584625244,0.0,-0.010389763861894608,-2.7574026584625244
2.54,0.0,0.0,-1.5583327851195123,4.954971896492492e-06,-4.954971896492492e-06,ok,0.0,0.009982375428080559,2.757504463195801,0.0,-0.009982375428080559,-2.757504463195801,0.0,0.009982375428080559,2.757504463195801,0.0,-0.009982375428080559,-2.757504463195801
2.55,0.0,0.0,-1.5583880269340862,4.757701352604032e-06,-4.757701352604032e-06,ok,0.0,0.00959096010774374,2.7576022148132324,0.0,-0.00959096010774374,-2.7576022148132324,0.0,0.00959096010774374,2.7576022148132324,0.0,-0.00959096010774374,-2.7576022148132324
2.56,0.0,0.0,-1.5584412477066634,4.5836391079965674e-06,-4.5836391079965674e-06,ok,0.0,0.009214893914759159,2.7576963901519775,0.0,-0.009214893914759159,-2.7576963901519775,0.0,0.009214893914759159,2.7576963901519775,0.0,-0.009214893914759159,-2.7576963901519775
2.57,0.0,0.0,-1.5584921779649776,4.386368564108108e-06,-4.386368564108108e-06,ok,0.0,0.00885357242077589,2.757786512374878,0.0,-0.00885357242077589,-2.757786512374878,0.0,0.00885357242077589,2.757786512374878,0.0,-0.00885357242077589,-2.757786512374878
2.58,0.0,0.0,-1.5585412219174284,4.22391046914114e-06,-4.22391046914114e-06,ok,0.0,0.008506419137120247,2.757873296737671,0.0,-0.008506419137120247,-2.757873296737671,0.0,0.008506419137120247,2.757873296737671,0.0,-0.008506419137120247,-2.757873296737671
2.59,0.0,0.0,-1.5585883795640156,4.061452374174173e-06,-4.061452374174173e-06,ok,0.0,0.008172877132892609,2.7579567432403564,0.0,-0.008172877132892609,-2.7579567432403564,0.0,0.008172877132892609,2.7579567432403564,0.0,-0.008172877132892609,-2.7579567432403564
2.60,0.0,0.0,-1.5586336509047396,3.898994279207207e-06,-3.898994279207207e-06,ok,0.0,0.00785241462290287,2.7580368518829346,0.0,-0.00785241462290287,-2.7580368518829346,0.0,0.00785241462290287,2.7580368518829346,0.0,-0.00785241462290287,-2.7580368518829346
2.61,0.0,0.0,-1.558677170675733,3.748140333880737e-06,-3.748140333880737e-06,ok,0.0,0.007544516585767269,2.7581138610839844,0.0,-0.007544516585767269,-2.7581138610839844,0.0,0.007544516585767269,2.7581138610839844,0.0,-0.007544516585767269,-2.7581138610839844
2.62,0.0,0.0,-1.558718938876996,3.597286388554268e-06,-3.597286388554268e-06,ok,0.0,0.007248692214488983,2.758187770843506,0.0,-0.007248692214488983,-2.758187770843506,0.0,0.007248692214488983,2.758187770843506,0.0,-0.007248692214488983,-2.758187770843506
2.63,1.3898066585095638e-06,-0.00011526144170186968,-1.5587591576127284,0.00011873365912157183,0.00011180598178619475,ok,6.0,0.47749119997024536,2.760627269744873,6.0,0.4635622501373291,-2.7558906078338623,6.0,0.47749119997024536,2.760627269744873,6.0,0.4635622501373291,-2.7558906078338623
2.64,5.472885454539847e-06,-0.00045499480368959807,-1.558797692146797,0.0003430766841213127,0.000336439110526948,ok,6.0,0.9292952418327332,2.7676761150360107,6.0,0.9159124493598938,-2.7489781379699707,6.0,0.9292952418327332,2.7676761150360107,6.0,0.9159124493598938,-2.7489781379699707
2.65,1.2127147359732323e-05,-0.0010104107746347732,-1.5588347445834014,0.0005586469719928373,0.0005522646896905636,ok,6.0,1.3633837699890137,2.779154062271118,6.0,1.3505257368087769,-2.737631320953369,6.0,1.3633837699890137,2.779154062271118,6.0,1.3505257368087769,-2.737631320953369
2.66,2.1236163591380098e-05,-0.001773033309029462,-1.5588703822906083,0.0007657462306267987,0.0007596076354669754,ok,6.0,1.7804514169692993,2.794887065887451,6.0,1.7680976390838623,-2.722024440765381,6.0,1.7804514169692993,2.794887065887451,6.0,1.7680976390838623,-2.722024440765381
2.67,3.268965048217119e-05,-0.0027347518440007956,-1.5589046052684175,0.0009647341886620522,0.0009588392806446793,ok,6.0,2.1811656951904297,2.8147084712982178,6.0,2.1692962646484375,-2.702324151992798,6.0,2.1811656951904297,2.8147084712982178,6.0,2.1692962646484375,-2.702324151992798
2.68,4.638263214658752e-05,-0.003887763284598116,-1.5589374808848955,0.0011559241581388913,0.0011502613331143283,ok,6.0,2.5661675930023193,2.8384580612182617,6.0,2.5547635555267334,-2.6786909103393555,6.0,2.5661675930023193,2.8384580612182617,6.0,2.5547635555267334,-2.6786909103393555
2.69,6.221505621831286e-05,-0.005224554601074485,-1.558969076508109,0.0013396062427983284,0.001334163896616935,ok,6.0,2.9360735416412354,2.8659815788269043,6.0,2.925116777420044,-2.6512792110443115,6.0,2.9360735416412354,2.8659815788269043,6.0,2.925116777420044,-2.6512792110443115
2.70,8.009203953462242e-05,-0.0067379318385116516,-1.558999392138058,0.001516093754680657,0.001510871887342433,ok,6.0,3.291475296020508,2.8971312046051025,6.0,3.2809479236602783,-2.620236873626709,6.0,3.291475296020508,2.8971312046051025,6.0,3.2809479236602783,-2.620236873626709
2.71,9.992293958591603e-05,-0.008420956300638011,-1.5590285625108757,0.0016856535892276084,0.001680628992433273,ok,6.0,3.632941246032715,2.931764602661133,6.0,3.6228268146514893,-2.5857067108154297,6.0,3.632941246032715,2.931764602661133,6.0,3.6228268146514893,-2.5857067108154297
2.72,0.00012162177195453112,-0.01026699096481458,-1.5590565876265619,0.0018485758501801952,0.0018437485239297482,ok,6.0,3.9610183238983154,2.969745397567749,6.0,3.951300621032715,-2.5478250980377197,6.0,3.9610183238983154,2.969745397567749,6.0,3.951300621032715,-2.5478250980377197
2.73,0.00014510640367409604,-0.012269636664422148,-1.5590835348531833,0.002005104224680868,0.002000462564824669,ok,6.0,4.276231288909912,3.010942220687866,6.0,4.266894340515137,-2.506723642349243,6.0,4.276231288909912,3.010942220687866,6.0,4.266894340515137,-2.506723642349243
2.74,0.00017029873386967379,-0.014422755296642456,-1.5591094041907398,0.0021554940040217174,0.0021510380105597663,ok,6.0,4.579084873199463,3.0552289485931396,6.0,4.5701141357421875,-2.4625284671783447,6.0,4.579084873199463,3.0552289485931396,6.0,4.5701141357421875,-2.4625284671783447
2.75,0.0001971243439468489,-0.016720440814315545,-1.5591341956392315,0.0022999772711955534,0.0022957069441278503,ok,6.0,4.870062828063965,3.1024842262268066,6.0,4.861443996429443,-2.415360927581787,6.0,4.870062828063965,3.1024842262268066,6.0,4.861443996429443,-2.415360927581787
2.76,0.0002255124064042797,-0.01915703083199457,-1.5591580439347914,0.002438809317494467,0.002434701448521731,ok,6.0,5.149631977081299,3.1525919437408447,6.0,5.141350746154785,-2.365337610244751,6.0,5.149631977081299,3.1525919437408447,6.0,5.141350746154785,-2.365337610244751
2.77,0.00025539516422019176,-0.02172707761969555,-1.559181016445486,0.0025721990176119877,0.002568242002584578,ok,6.0,5.418238639831543,3.2054402828216553,6.0,5.410282135009766,-2.312570571899414,6.0,5.418238639831543,3.2054402828216553,6.0,5.410282135009766,-2.312570571899414
2.78,0.0002867081655495035,-0.0244253539027026,-1.5592030458032489,0.0027003552462416436,0.0026965606893092006,ok,6.0,5.6763129234313965,3.2609217166900635,6.0,5.668668746948242,-2.257167100906372,6.0,5.6763129234313965,3.2609217166900635,6.0,5.668668746948242,-2.257167100906372
2.79,0.00031938978391206536,-0.027246823854823642,-1.559224266744213,0.002823486878076964,0.002819831570940207,ok,6.0,5.9242682456970215,3.3189330101013184,6.0,5.916923999786377,-2.199230909347534,6.0,5.9242682456970215,3.3189330101013184,6.0,5.916923999786377,-2.199230909347534
2.80,0.0003533812920115389,-0.030186654702511757,-1.5592446119003123,0.0029417795795121967,0.0029382751263207665,ok,6.0,6.162501335144043,3.3793747425079346,6.0,6.155444622039795,-2.1388611793518066,6.0,6.162501335144043,3.3793747425079346,6.0,6.155444622039795,-2.1388611793518066
2.81,0.000388626839722309,-0.033240210922645924,-1.5592641486396128,0.0030554422252408713,0.0030520770218451267,ok,6.0,6.391392707824707,3.4421517848968506,6.0,6.384613037109375,-2.07615327835083,6.0,6.391392707824707,3.4421517848968506,6.0,6.384613037109375,-2.07615327835083
2.82,0.00042507310752218944,-0.036403036839218694,-1.5592828769621148,0.0031646488775075943,0.003161422923907536,ok,6.0,6.61130952835083,3.5071725845336914,6.0,6.604795455932617,-2.0111987590789795,6.0,6.61130952835083,3.5071725845336914,6.0,6.604795455932617,-2.0111987590789795
2.83,0.00046266894544137174,-0.03967083922008096,-1.559300931603951,0.003269573598556974,0.0032664636864533207,ok,6.0,6.822603225708008,3.5743491649627686,6.0,6.816344261169434,-1.9440860748291016,6.0,6.822603225708008,3.5743491649627686,6.0,6.816344261169434,-1.9440860748291016
2.84,0.0005013655794603123,-0.04303951048451985,-1.5593183125651218,0.0033703904506336177,0.0033673965800263693,ok,6.0,7.025611877441406,3.64359712600708,6.0,7.019598484039307,-1.8748996257781982,6.0,7.025611877441406,3.64359712600708,6.0,7.019598484039307,-1.8748996257781982
2.85,0.0005411164381960442,-0.04650508808791971,-1.5593349524775604,0.003467238683533211,0.003464372458572008,ok,6.0,7.220660209655762,3.7148349285125732,6.0,7.214882850646973,-1.8037207126617432,6.0,7.220660209655762,3.7148349285125732,6.0,7.214882850646973,-1.8037207126617432
2.86,0.0005818772584779708,-0.050063780631753985,-1.5593509523933669,0.003560303963650002,0.003557547978110384,ok,6.0,7.4080610275268555,3.787984848022461,6.0,7.402509689331055,-1.730627417564392,6.0,7.4080610275268555,3.787984848022461,6.0,7.402509689331055,-1.730627417564392
2.87,0.0006236054927204988,-0.053711924351853665,-1.5593662786285079,0.0036497023324803955,0.0036470623884371826,ok,6.0,7.588113307952881,3.862971544265747,6.0,7.582779884338379,-1.6556949615478516,6.0,7.588113307952881,3.862971544265747,6.0,7.582779884338379,-1.6556949615478516
2.88,0.0006662606121873302,-0.057446023732151956,-1.5593810996031496,0.00373561945641864,0.003733066543497731,ok,6.0,7.761106014251709,3.939723491668701,6.0,7.755981922149658,-1.5789954662322998,6.0,7.761106014251709,3.939723491668701,6.0,7.755981922149658,-1.5789954662322998
2.89,0.0007098036283868012,-0.06126270799182423,-1.5593953479492257,0.0038181597728115,0.0038157054951625346,ok,6.0,7.9273152351379395,4.018171310424805,6.0,7.922391891479492,-1.5005980730056763,6.0,7.9273152351379395,4.018171310424805,6.0,7.922391891479492,-1.5005980730056763
2.90,0.0007541976153843435,-0.06515872817802416,-1.559408888930603,0.00389743932315538,0.00389510688907764,ok,6.0,8.087007522583008,4.09824800491333,6.0,8.082277297973633,-1.4205693006515503,6.0,8.087007522583008,4.09824800491333,6.0,8.082277297973633,-1.4205693006515503
2.91,0.0007994072164152559,-0.06913098908505212,-1.5594220930716476,0.0039736553779941685,0.00397138096466463,ok,6.0,8.240438461303711,4.1798906326293945,6.0,8.235893249511719,-1.3389734029769897,6.0,8.240438461303711,4.1798906326293945,6.0,8.235893249511719,-1.3389734029769897
2.92,0.0008453983077205044,-0.07317648252996084,-1.5594345898479933,0.0040468311456271465,0.004044678575868834,ok,6.0,8.387852668762207,4.263036727905273,6.0,8.383485794067383,-1.2558715343475342,6.0,8.387852668762207,4.263036727905273,6.0,8.383485794067383,-1.2558715343475342
2.93,0.0008921388479275756,-0.07729235116984078,-1.5594466824159396,0.004117175500747843,0.004115092555887374,ok,6.0,8.529486656188965,4.347628116607666,6.0,8.525291442871094,-1.1713229417800903,6.0,8.529486656188965,4.347628116607666,6.0,8.525291442871094,-1.1713229417800903
2.94,0.000939597573474893,-0.08147583629470821,-1.5594583370914534,0.004184758068254101,0.004182750550366295,ok,6.0,8.665567398071289,4.433608055114746,6.0,8.661537170410156,-1.0853842496871948,6.0,8.665567398071289,4.433608055114746,6.0,8.661537170410156,-1.0853842496871948
2.95,0.0009877447563743323,-0.08572427636809554,-1.5594694696644513,0.004249671681343045,0.004247754095614953,ok,6.0,8.79631233215332,4.52092170715332,6.0,8.792440414428711,-0.9981099963188171,6.0,8.79631233215332,4.52092170715332,6.0,8.792440414428711,-0.9981099963188171
2.96,0.0010365521597882742,-0.09003513168821149,-1.55948019802905,0.004312055589810361,0.004310207628980111,ok,6.0,8.921931266784668,4.6095170974731445,6.0,8.91821002960205,-0.9095525741577148,6.0,8.921931266784668,4.6095170974731445,6.0,8.91821002960205,-0.9095525741577148
2.97,0.0010859924646627885,-0.09440596118437562,-1.5594905727112993,0.004372002626853172,0.004370215587808535,ok,6.0,9.042623519897461,4.699344158172607,6.0,9.03904914855957,-0.8197622299194336,6.0,9.042623519897461,4.699344158172607,6.0,9.03904914855957,-0.8197622299194336
2.98,0.0011360396032175472,-0.09883439195050503,-1.5595003916069994,0.0044295592090700395,0.004427867904259937,ok,6.0,9.158584594726562,4.790353775024414,6.0,9.155149459838867,-0.728787362575531,6.0,9.158584594726562,4.790353775024414,6.0,9.155149459838867,-0.728787362575531
2.99,0.001186668982645118,-0.10331819177332267,-1.5595099747144665,0.004484911002855213,0.004483260312568852,ok,6.0,9.269997596740723,4.882500648498535,6.0,9.266697883605957,-0.6366744041442871,6.0,9.269997596740723,4.882500648498535,6.0,9.266697883605957,-0.6366744041442871
3.00,0.0012378563260204022,-0.10785517195433349,-1.5595191367715178,0.004538058008208693,0.004536479843857585,ok,6.0,9.377042770385742,4.975739479064941,6.0,9.373871803283691,-0.5434679985046387,6.0,9.377042770385742,4.975739479064941,6.0,9.373871803283691,-0.5434679985046387
3.01,0.001289579106066775,-0.1124432460433449,-1.5595278525151282,0.004589116266626882,0.004587614979767143,ok,6.0,9.479890823364258,5.0700273513793945,6.0,9.47684383392334,-0.4492109715938568,6.0,9.479890823364258,5.0700273513793945,6.0,9.47684383392334,-0.4492109715938568
3.02,0.0013418155944659345,-0.11708042404680137,-1.5595363240494973,0.004638201819606187,0.004636742597788895,ok,6.0,9.578704833984375,5.165323734283447,6.0,9.575778007507324,-0.3539445698261261,6.0,9.578704833984375,5.165323734283447,6.0,9.575778007507324,-0.3539445698261261
3.03,0.0013945446228538151,-0.1217647689121652,-1.5595444082174836,0.004685337875445889,0.004683945377489029,ok,6.0,9.673645973205566,5.2615885734558105,6.0,9.670833587646484,-0.257708340883255,6.0,9.673645973205566,5.2615885734558105,6.0,9.670833587646484,-0.257708340883255
3.04,0.001447746269963854,-0.1264944382253781,-1.5595522102816914,0.004730640475642391,0.004729296570062151,ok,6.0,9.764863014221191,5.358784198760986,6.0,9.762161254882812,-0.16054032742977142,6.0,9.764863014221191,5.358784198760986,6.0,9.762161254882812,-0.16054032742977142
3.05,0.0015014012562771127,-0.13126764967464977,-1.5595596765581925,0.004774156036794258,0.004772869970647382,ok,6.0,9.852503776550293,5.456873893737793,6.0,9.849907875061035,-0.06247705593705177,6.0,9.852503776550293,5.456873893737793,6.0,9.849907875061035,-0.06247705593705177
3.06,0.0015554912194812893,-0.13608270190014757,-1.55956689125707,0.0048159773920986105,0.004814734660198049,ok,6.0,9.936708450317383,5.555822849273682,6.0,9.93421459197998,0.03644636645913124,6.0,9.936708450317383,5.555822849273682,6.0,9.93421459197998,0.03644636645913124
3.07,0.0016099983910830404,-0.14093795029057476,-1.5595738185890384,0.004856150958154014,0.004854957725204262,ok,6.0,10.017611503601074,5.65559720993042,6.0,10.015214920043945,0.13619621098041534,6.0,10.017611503601074,5.65559720993042,6.0,10.015214920043945,0.13619621098041534
3.08,0.0016649059327817413,-0.14583181749638965,-1.5595804501330899,0.004894746359858309,0.0048936040763780725,ok,6.0,10.095341682434082,5.75616455078125,6.0,10.093039512634277,0.2367400825023651,6.0,10.095341682434082,5.75616455078125,6.0,10.093039512634277,0.2367400825023651
3.09,0.0017201977318636972,-0.150762791709078,-1.5595868248363876,0.00493183322210934,0.004930735179449607,ok,6.0,10.170024871826172,5.857493877410889,6.0,10.16781234741211,0.3380468487739563,6.0,10.170024871826172,5.857493877410889,6.0,10.16781234741211,0.3380468487739563
3.10,0.001775858298421102,-0.15572941342587343,-1.5595929132254023,0.004967457961505667,0.004966409236481907,ok,6.0,10.241779327392578,5.959555149078369,6.0,10.239653587341309,0.44008657336235046,6.0,10.241779327392578,5.959555149078369,6.0,10.239653587341309,0.44008657336235046
3.11,0.0018318727004229254,-0.16073029893227342,-1.5595988837203005,0.005001713411244416,0.005000684993482527,ok,6.0,10.310720443725586,6.062320232391357,6.0,10.308677673339844,0.5428305268287659,6.0,10.310720443725586,6.062320232391357,6.0,10.308677673339844,0.5428305268287659
3.12,0.0018882264976072495,-0.16576407973972304,-1.559604458427808,0.005034576363026305,0.005033616119643554,ok,6.0,10.376957893371582,6.165760517120361,6.0,10.374995231628418,0.6462510824203491,6.0,10.376957893371582,6.165760517120361,6.0,10.374995231628418,0.6462510824203491
3.13,0.001944906345511637,-0.17082949614280507,-1.5596099826092653,0.005066209274946302,0.005065257734675781,ok,6.0,10.440597534179688,6.269850730895996,6.0,10.438713073730469,0.7503217458724976,6.0,10.440597534179688,6.269850730895996,6.0,10.438713073730469,0.7503217458724976
3.14,0.002001898798425223,-0.17592527755791548,-1.55961511942434,0.005096542522106563,0.005095657705696475,ok,6.0,10.50174331665039,6.374564170837402,6.0,10.499932289123535,0.8550170063972473,6.0,10.50174331665039,6.374564170837402,6.0,10.499932289123535,0.8550170063972473
3.15,0.0020591917372385516,-0.18105026073182554,-1.5596201720293315,0.005125738562602055,0.005124868251379018,ok,6.0,10.560490608215332,6.479877471923828,6.0,10.55875015258789,0.9603124260902405,6.0,10.560490608215332,6.479877471923828,6.0,10.55875015258789,0.9603124260902405
3.16,0.002116772788707629,-0.18620327951265864,-1.55962493832004,0.005153750979834216,0.005152929986247151,ok,6.0,10.616934776306152,6.585766315460205,6.0,10.615262985229492,1.066184401512146,6.0,10.616934776306152,6.585766315460205,6.0,10.615262985229492,1.066184401512146
3.17,0.0021746305192322764,-0.19138324897249212,-1.5596296204006654,0.005180695815299452,0.005179889326899437,ok,6.0,10.671165466308594,6.692208766937256,6.0,10.66955852508545,1.1726102828979492,6.0,10.671165466308594,6.692208766937256,6.0,10.66955852508545,1.1726102828979492
3.18,0.002232753715235488,-0.19658909723631954,-1.5596339993249915,0.005206549860698481,0.005205795590971848,ok,6.0,10.72326946258545,6.799182415008545,6.0,10.721726417541504,1.2795684337615967,6.0,10.72326946258545,6.799182415008545,6.0,10.721726417541504,1.2795684337615967
3.19,0.002291132006844035,-0.20181982930171838,-1.5596383108812508,0.005231429157527707,0.005230686491950715,ok,6.0,10.773330688476562,6.906667232513428,6.0,10.77184772491455,1.387037992477417,6.0,10.773330688476562,6.906667232513428,6.0,10.77184772491455,1.387037992477417
3.20,0.00234975476160148,-0.2070744559721922,-1.559642454017344,0.005255310497487851,0.005254596842284961,ok,6.0,10.821429252624512,7.014642715454102,6.0,10.8200044631958,1.494998812675476,6.0,10.821429252624512,7.014642715454102,6.0,10.8200044631958,1.494998812675476
3.21,0.0024086123138960503,-0.212352048965465,-1.5596464287332705,0.005278263505476756,0.005277578860647967,ok,6.0,10.86764144897461,7.123089790344238,6.0,10.866272926330566,1.6034318208694458,6.0,10.86764144897461,7.123089790344238,6.0,10.866272926330566,1.6034318208694458
3.22,0.002467695386088352,-0.21765168869890206,-1.5596501339769309,0.00530028818149442,0.005299649953264193,ok,6.0,10.912042617797852,7.23198938369751,6.0,10.910726547241211,1.7123183012008667,6.0,10.912042617797852,7.23198938369751,6.0,10.910726547241211,1.7123183012008667
3.23,0.0025269950929238056,-0.2229725368197558,-1.5596538729046245,0.00532150056703725,0.005320856536732203,ok,6.0,10.95470142364502,7.341324806213379,6.0,10.953437805175781,1.8216404914855957,6.0,10.95470142364502,7.341324806213379,6.0,10.953437805175781,1.8216404914855957
3.24,0.0025865024947169303,-0.22831374046967254,-1.5596573086760188,0.005341831037207402,0.005341239225575736,ok,6.0,10.995688438415527,7.451077938079834,6.0,10.994474411010742,1.9313814640045166,6.0,10.995688438415527,7.451077938079834,6.0,10.994474411010742,1.9313814640045166
3.25,0.0026462096827423705,-0.23367451350643806,-1.5596606770793464,0.005361395633501281,0.005360815426019256,ok,6.0,11.035067558288574,7.561233043670654,6.0,11.03390121459961,2.041524648666382,6.0,11.035067558288574,7.561233043670654,6.0,11.03390121459961,2.041524648666382
3.26,0.0027061085926707714,-0.23905407849384874,-1.5596638433784744,0.005380171147619606,0.0053796257525865025,ok,6.0,11.072903633117676,7.671773910522461,6.0,11.071783065795898,2.1520543098449707,6.0,11.072903633117676,7.671773910522461,6.0,11.071783065795898,2.1520543098449707
3.27,0.002766191703559199,-0.2444517218160607,-1.5596670096776024,0.005398250412759501,0.005397705017726398,ok,6.0,11.10925579071045,7.782686233520508,6.0,11.108179092407227,2.2629554271698,6.0,11.10925579071045,7.782686233520508,6.0,11.108179092407227,2.2629554271698
3.28,0.002826451366549533,-0.24986670084645396,-1.5596699065044641,0.005415563804023124,0.0054150648255885826,ok,6.0,11.144182205200195,7.893954277038574,6.0,11.143147468566895,2.374213218688965,6.0,11.144182205200195,7.893954277038574,6.0,11.143147468566895,2.374213218688965
3.29,0.002886880494881814,-0.25529837159407087,-1.5596730054355257,0.005432273779505441,0.005431739988621977,ok,6.0,11.177739143371582,8.005565643310547,6.0,11.176745414733887,2.485813617706299,6.0,11.177739143371582,8.005565643310547,6.0,11.176745414733887,2.485813617706299
3.30,0.002947472108371857,-0.2607460494490647,-1.5596756327901213,0.005448241089410766,0.005447788527574786,ok,6.0,11.209980010986328,8.117505073547363,6.0,11.209025382995605,2.5977437496185303,6.0,11.209980010986328,8.117505073547363,6.0,11.209025382995605,2.5977437496185303
3.31,0.0030082207391342953,-0.26620910200684156,-1.5596781254085839,0.005463604983534784,0.005463175629998086,ok,6.0,11.240957260131836,8.22976016998291,6.0,11.240039825439453,2.7099900245666504,6.0,11.240957260131836,8.22976016998291,6.0,11.240039825439453,2.7099900245666504
3.32,0.0030691196279518905,-0.2716869781113455,-1.5596809548673791,0.005478458295074621,0.00547797092078972,ok,6.0,11.270720481872559,8.342320442199707,6.0,11.269838333129883,2.822540283203125,6.0,11.270720481872559,8.342320442199707,6.0,11.269838333129883,2.822540283203125
3.33,0.003130161851809624,-0.2771790453741096,-1.559683380117775,0.005492615357636029,0.00549219760824897,ok,6.0,11.299315452575684,8.455171585083008,6.0,11.298468589782715,2.935382843017578,6.0,11.299315452575684,8.455171585083008,6.0,11.298468589782715,2.935382843017578
3.34,0.0031913431227258847,-0.28268474100702445,-1.559685468527838,0.005506215421014691,0.005505855692375836,ok,6.0,11.326789855957031,8.568302154541016,6.0,11.325976371765137,3.048506021499634,6.0,11.326789855957031,8.568302154541016,6.0,11.325976371765137,3.048506021499634
3.35,0.0032526580939921273,-0.28820358926985784,-1.559687893778234,0.005519397735006297,0.005518979985619239,ok,6.0,11.35318660736084,8.681703567504883,6.0,11.352404594421387,3.1618988513946533,6.0,11.35318660736084,8.681703567504883,6.0,11.352404594421387,3.1618988513946533
3.36,0.0033141003832226467,-0.29373500418811926,-1.5596899148202306,0.005531930216618034,0.0055315820921288195,ok,6.0,11.378548622131348,8.79536247253418,6.0,11.37779712677002,3.275550603866577,6.0,11.378548622131348,8.79536247253418,6.0,11.37779712677002,3.275550603866577
3.37,0.0033756657916213005,-0.29927856223036914,-1.5596921379664268,0.0055440913654412755,0.00554370842850314,ok,6.0,11.402915954589844,8.909271240234375,6.0,11.402194023132324,3.389451503753662,6.0,11.402915954589844,8.909271240234375,6.0,11.402194023132324,3.389451503753662
3.38,0.003437348217933301,-0.3048337354430233,-1.55969422637649,0.0055556955150817735,0.0055553357864429175,ok,6.0,11.4263277053833,9.023418426513672,6.0,11.425634384155273,3.503591299057007,6.0,11.4263277053833,9.023418426513672,6.0,11.425634384155273,3.503591299057007
3.39,0.0034991439652041476,-0.3104000770799992,-1.5596959779462203,0.005566835498736651,0.005566533790845998,ok,6.0,11.448822021484375,9.137794494628906,6.0,11.448155403137207,3.6179611682891846,6.0,11.448822021484375,9.137794494628906,6.0,11.448155403137207,3.6179611682891846
3.40,0.0035610487299487254,-0.3159771694136631,-1.5596979316201502,0.005577604149603033,0.0055772676292634585,ok,6.0,11.470434188842773,9.252391815185547,6.0,11.469794273376465,3.7325515747070312,6.0,11.470434188842773,9.252391815185547,6.0,11.469794273376465,3.7325515747070312
3.41,0.003623057950168284,-0.3215645541030526,-1.559699481085681,0.005587862217885233,0.0055875953224435015,ok,6.0,11.491198539733887,9.367199897766113,6.0,11.490583419799805,3.8473541736602783,6.0,11.491198539733887,9.367199897766113,6.0,11.490583419799805,3.8473541736602783
3.42,0.003685167727267804,-0.3271618830447191,-1.559701434759611,0.0055978417865760605,0.005597505266236486,ok,6.0,11.511149406433105,9.482213020324707,6.0,11.510558128356934,3.962360382080078,6.0,11.511149406433105,9.482213020324707,6.0,11.510558128356934,3.962360382080078
3.43,0.003747373387460806,-0.33276872110841155,-1.559702916857075,0.005607310772682707,0.005607055481390616,ok,6.0,11.530317306518555,9.597420692443848,6.0,11.529748916625977,4.0775628089904785,6.0,11.530317306518555,9.597420692443848,6.0,11.529748916625977,4.0775628089904785
3.44,0.0038096721674597237,-0.33838470277163896,-1.5597043989545392,0.005616454842599419,0.0056161995513073285,ok,6.0,11.548733711242676,9.71281623840332,6.0,11.548188209533691,4.192953109741211,6.0,11.548733711242676,9.71281623840332,6.0,11.548188209533691,4.192953109741211
3.45,0.003872059929714929,-0.3440094915393829,-1.5597060157881364,0.005625273996326197,0.005624995496734825,ok,6.0,11.566428184509277,9.82839298248291,6.0,11.565903663635254,4.308524131774902,6.0,11.566428184509277,9.82839298248291,6.0,11.565903663635254,4.308524131774902
3.46,0.003934532277730318,-0.3496427277094816,-1.5597076326217336,0.00563372181726448,0.005633443317673108,ok,6.0,11.583428382873535,9.944143295288086,6.0,11.582924842834473,4.42426872253418,6.0,11.583428382873535,9.944143295288086,6.0,11.582924842834473,4.42426872253418
3.47,0.003997086084527489,-0.3552840631713433,-1.5597089799830648,0.005641798305414266,0.005641566222421456,ok,6.0,11.599762916564941,10.060059547424316,6.0,11.599278450012207,4.540180206298828,6.0,11.599762916564941,10.060059547424316,6.0,11.599278450012207,4.540180206298828
3.48,0.00405971925180571,-0.3609332078259085,-1.5597101926082628,0.00564959629397268,0.005649387419279151,ok,6.0,11.615456581115723,10.176136016845703,6.0,11.614991188049316,4.656252384185791,6.0,11.615456581115723,10.176136016845703,6.0,11.614991188049316,4.656252384185791
3.49,0.004122428409480665,-0.36658982516963734,-1.5597114052334609,0.00565706936634116,0.005656860491647632,ok,6.0,11.630534172058105,10.292366027832031,6.0,11.630087852478027,4.772478103637695,6.0,11.630534172058105,10.292366027832031,6.0,11.630087852478027,4.772478103637695
3.50,0.004185210457942166,-0.3722536715348411,-1.559712752594792,0.0056643103557168315,0.005664078272724022,ok,6.0,11.645021438598633,10.408744812011719,6.0,11.64459228515625,4.888852119445801,6.0,11.645021438598633,10.408744812011719,6.0,11.64459228515625,4.888852119445801
3.51,0.0042480620303281145,-0.3779244104174977,-1.559713830483857,0.0056711800123040055,0.005670994345909758,ok,6.0,11.658940315246582,10.525264739990234,6.0,11.658528327941895,5.005368232727051,6.0,11.658940315246582,10.525264739990234,6.0,11.658528327941895,5.005368232727051
3.52,0.00431098053807197,-0.38360180974950675,-1.559715177845188,0.005677864002496933,0.005677631919504123,ok,6.0,11.672313690185547,10.641921997070312,6.0,11.671916961669922,5.122020721435547,6.0,11.672313690185547,10.641921997070312,6.0,11.671916961669922,5.122020721435547
3.53,0.00437396288007474,-0.38928559104806454,-1.559716255734253,0.005684223076499925,0.005684037410105677,ok,6.0,11.685162544250488,10.758709907531738,6.0,11.684782028198242,5.238804817199707,6.0,11.685162544250488,10.758709907531738,6.0,11.684782028198242,5.238804817199707
3.54,0.0044370074872838484,-0.3949754758137176,-1.5597170641510516,0.005690303650911546,0.00569016440111586,ok,6.0,11.69750690460205,10.875622749328613,6.0,11.697141647338867,5.355714797973633,6.0,11.69750690460205,10.875622749328613,6.0,11.697141647338867,5.355714797973633
3.55,0.004500112292258145,-0.4006712783923418,-1.5597181420401165,0.0056962449755274805,0.005696059309133233,ok,6.0,11.709367752075195,10.992657661437988,6.0,11.709016799926758,5.472745895385742,6.0,11.709367752075195,10.992657661437988,6.0,11.709016799926758,5.472745895385742
3.56,0.004563273686879914,-0.4063727435165247,-1.5597192199291814,0.005701907800552044,0.005701722134157795,ok,6.0,11.72076416015625,11.109808921813965,6.0,11.720426559448242,5.589893341064453,6.0,11.72076416015625,11.109808921813965,6.0,11.720426559448242,5.589893341064453
3.57,0.004626489602217952,-0.412079650716706,-1.5597201630821131,0.005707338542583797,0.0057071760844888296,ok,6.0,11.73171329498291,11.227071762084961,6.0,11.731389045715332,5.707152843475342,6.0,11.73171329498291,11.227071762084961,6.0,11.731389045715332,5.707152843475342
3.58,0.004689758225402657,-0.41779176791561917,-1.5597209714989118,0.0057125372016227395,0.005712397951827053,ok,6.0,11.742232322692871,11.344441413879395,6.0,11.741921424865723,5.824519634246826,6.0,11.742232322692871,11.344441413879395,6.0,11.741921424865723,5.824519634246826
3.59,0.004753077749261756,-0.4235089326657015,-1.5597219146518435,0.005717596610865997,0.00571743415277103,ok,6.0,11.752339363098145,11.461915016174316,6.0,11.75204086303711,5.941989898681641,6.0,11.752339363098145,11.461915016174316,6.0,11.75204086303711,5.941989898681641
3.60,0.004816445337223179,-0.42923092450577616,-1.5597228578047753,0.005722423937116443,0.005722261479021476,ok,6.0,11.76205062866211,11.579487800598145,6.0,11.761762619018555,6.059559345245361,6.0,11.76205062866211,11.579487800598145,6.0,11.761762619018555,6.059559345245361
3.61,0.004879858924142074,-0.43495752296611884,-1.5597236662215739,0.00572701918037408,0.0057268799305783945,ok,6.0,11.771380424499512,11.697154998779297,6.0,11.77110481262207,6.1772236824035645,6.0,11.771380424499512,11.697154998779297,6.0,11.77110481262207,6.1772236824035645
3.62,0.004943317733889004,-0.44068858879687944,-1.5597243399022394,0.005731475173836031,0.005731359132339626,ok,6.0,11.78034496307373,11.814913749694824,6.0,11.78007984161377,6.294980049133301,6.0,11.78034496307373,11.814913749694824,6.0,11.78007984161377,6.294980049133301
3.63,0.005006819960976764,-0.44642392473571885,-1.5597250135829048,0.005735745500903735,0.00573562945940733,ok,6.0,11.788957595825195,11.932760238647461,6.0,11.788702964782715,6.4128241539001465,6.0,11.788957595825195,11.932760238647461,6.0,11.788702964782715,6.4128241539001465
3.64,0.005070364058997734,-0.45216339154145346,-1.5597256872635703,0.005739876578175752,0.005739760536679347,ok,6.0,11.797232627868652,12.050691604614258,6.0,11.796987533569336,6.530753135681152,6.0,11.797232627868652,12.050691604614258,6.0,11.796987533569336,6.530753135681152
3.65,0.005133947966099247,-0.45790680355912744,-1.5597263609442358,0.005743821989053521,0.005743705947557116,ok,6.0,11.805183410644531,12.16870403289795,6.0,11.804947853088379,6.648763179779053,6.0,11.805183410644531,12.16870403289795,6.0,11.804947853088379,6.648763179779053
3.66,0.005197569620173019,-0.46365400994868183,-1.5597271693610344,0.005747628150135604,0.005747488900339918,ok,6.0,11.812822341918945,12.286794662475586,6.0,11.812596321105957,6.76685094833374,6.0,11.812822341918945,12.286794662475586,6.0,11.812596321105957,6.76685094833374
3.67,0.0052612277323173815,-0.46940485986006886,-1.5597277083055667,0.00575124864482344,0.005751155811626316,ok,6.0,11.820161819458008,12.404959678649902,6.0,11.819944381713867,6.885014057159424,6.0,11.820161819458008,12.404959678649902,6.0,11.819944381713867,6.885014057159424
3.68,0.005324921277201667,-0.4751591908374462,-1.559728247250099,0.005754729889715589,0.005754637056518465,ok,6.0,11.827213287353516,12.52319622039795,6.0,11.827004432678223,7.003248691558838,6.0,11.827213287353516,12.52319622039795,6.0,11.827004432678223,7.003248691558838
3.69,0.005388648703557162,-0.4809169332695529,-1.5597290556668977,0.005758164718009176,0.0057580254682134905,ok,6.0,11.833988189697266,12.64150333404541,6.0,11.83378791809082,7.12155294418335,6.0,11.833988189697266,12.64150333404541,6.0,11.83378791809082,7.12155294418335
3.70,0.005452408471401195,-0.4866778782867568,-1.559729325139164,0.0057613210467113915,0.005761274630112829,ok,6.0,11.840497970581055,12.759875297546387,6.0,11.84030532836914,7.23992395401001,6.0,11.840497970581055,12.759875297546387,6.0,11.84030532836914,7.23992395401001
3.71,0.005516200065486085,-0.4924419446572172,-1.5597299988198294,0.005764477375413607,0.005764361333917202,ok,6.0,11.846752166748047,12.878312110900879,6.0,11.846567153930664,7.358358383178711,6.0,11.846752166748047,12.878312110900879,6.0,11.846567153930664,7.358358383178711
3.72,0.005580021167303268,-0.4982089931497211,-1.5597305377643618,0.005767448037721575,0.00576735520452445,ok,6.0,11.852761268615723,12.996809959411621,6.0,11.852582931518555,7.47685432434082,6.0,11.852761268615723,12.996809959411621,6.0,11.852582931518555,7.47685432434082
3.73,0.005643871523329305,-0.5039788961164465,-1.559730807236628,0.005770279450233856,0.005770233033635294,ok,6.0,11.85853385925293,13.115365982055664,6.0,11.858363151550293,7.595409393310547,6.0,11.85853385925293,13.115365982055664,6.0,11.858363151550293,7.595409393310547
3.74,0.005707750108809773,-0.5097515607251318,-1.5597313461811604,0.005773064446147575,0.005772971612950451,ok,6.0,11.864081382751465,13.233979225158691,6.0,11.863917350769043,7.714020729064941,6.0,11.864081382751465,13.233979225158691,6.0,11.863917350769043,7.714020729064941
3.75,0.00577165485246769,-0.5155269057675257,-1.5597320198618259,0.005775756608864171,0.005775640567367766,ok,6.0,11.869410514831543,13.35264778137207,6.0,11.869253158569336,7.832686901092529,6.0,11.869410514831543,13.35264778137207,6.0,11.869253158569336,7.832686901092529
3.76,0.00583558447438088,-0.5213047455814006,-1.5597322893340921,0.005778216688587956,0.005778170271989394,ok,6.0,11.874530792236328,13.471366882324219,6.0,11.87437915802002,7.951405048370361,6.0,11.874530792236328,13.471366882324219,6.0,11.87437915802002,7.951405048370361
3.77,0.005899538718289061,-0.5270850569561529,-1.5597329630147576,0.005780723184910304,0.005780607143413899,ok,6.0,11.879450798034668,13.590137481689453,6.0,11.879304885864258,8.070173263549805,6.0,11.879450798034668,13.590137481689453,6.0,11.879304885864258,8.070173263549805
3.78,0.0059635162980943264,-0.5328677238611585,-1.559733232487024,0.005783044014838403,0.005782997598239841,ok,6.0,11.884177207946777,13.708955764770508,6.0,11.884037971496582,8.188990592956543,6.0,11.884177207946777,13.708955764770508,6.0,11.884037971496582,8.188990592956543
3.79,0.006027516965031943,-0.5386526186437924,-1.5597335019592902,0.005785272011569378,0.005785225594970816,ok,6.0,11.88871955871582,13.82781982421875,6.0,11.88858413696289,8.307853698730469,6.0,11.88871955871582,13.82781982421875,6.0,11.88858413696289,8.307853698730469
3.80,0.006091539685028093,-0.5444397181034478,-1.5597340409038225,0.0057875000083003544,0.00578740717510323,ok,6.0,11.893082618713379,13.94672966003418,6.0,11.892952919006348,8.426761627197266,6.0,11.893082618713379,13.94672966003418,6.0,11.892952919006348,8.426761627197266
3.81,0.006155582915930558,-0.5502288830036003,-1.5597343103760888,0.005789542338637082,0.00578949592203852,ok,6.0,11.8972749710083,14.065681457519531,6.0,11.897150993347168,8.5457124710083,6.0,11.8972749710083,14.065681457519531,6.0,11.897150993347168,8.5457124710083
3.82,0.006219646662588218,-0.5560200437126708,-1.559734579848355,0.005791538252375247,0.005791491835776685,ok,6.0,11.901302337646484,14.184674263000488,6.0,11.901183128356934,8.664704322814941,6.0,11.901302337646484,14.184674263000488,6.0,11.901183128356934,8.664704322814941
3.83,0.006283729376842624,-0.5618131306162237,-1.5597351187928874,0.005793487749514851,0.005793394916317727,ok,6.0,11.905172348022461,14.303707122802734,6.0,11.905057907104492,8.783735275268555,6.0,11.905172348022461,14.303707122802734,6.0,11.905057907104492,8.783735275268555
3.84,0.006347830027935939,-0.5676080508915321,-1.5597353882651537,0.005795297996858769,0.005795251580260207,ok,6.0,11.908890724182129,14.42277717590332,6.0,11.908781051635742,8.902804374694824,6.0,11.908890724182129,14.42277717590332,6.0,11.908781051635742,8.902804374694824
3.85,0.006411949139890045,-0.5734047813207622,-1.55973565773742,0.005797108244202686,0.005797061827604124,ok,6.0,11.912463188171387,14.541884422302246,6.0,11.912357330322266,9.021910667419434,6.0,11.912463188171387,14.541884422302246,6.0,11.912357330322266,9.021910667419434
3.86,0.006476085173973967,-0.5792031826626806,-1.5597359272096862,0.0057987792417509175,0.005798732825152356,ok,6.0,11.915895462036133,14.661026000976562,6.0,11.915794372558594,9.141051292419434,6.0,11.915895462036133,14.661026000976562,6.0,11.915794372558594,9.141051292419434
3.87,0.006540238124506652,-0.5850032549171549,-1.5597361966819525,0.0058004502392991495,0.005800403822700587,ok,6.0,11.919193267822266,14.78020191192627,6.0,11.919095993041992,9.260226249694824,6.0,11.919193267822266,14.78020191192627,6.0,11.919095993041992,9.260226249694824
3.88,0.006604406452907206,-0.5908048588429499,-1.5597364661542188,0.005801981987051695,0.005801935570453133,ok,6.0,11.922362327575684,14.899409294128418,6.0,11.92226791381836,9.379432678222656,6.0,11.922362327575684,14.899409294128418,6.0,11.92226791381836,9.379432678222656
3.89,0.006668590160742409,-0.5966079944402204,-1.559736735626485,0.005803513734804241,0.005803467318205679,ok,6.0,11.925406455993652,15.018648147583008,6.0,11.925315856933594,9.49867057800293,6.0,11.925406455993652,15.018648147583008,6.0,11.925315856933594,9.49867057800293
3.90,0.006732788729070467,-0.6024126152950362,-1.5597370050987514,0.005804999065958225,0.005804952649359663,ok,6.0,11.92833137512207,15.137917518615723,6.0,11.928244590759277,9.617938995361328,6.0,11.92833137512207,15.137917518615723,6.0,11.928244590759277,9.617938995361328
3.91,0.006797000619526253,-0.608218582166268,-1.5597372745710176,0.005806345147316522,0.005806298730717961,ok,6.0,11.931140899658203,15.257214546203613,6.0,11.931057929992676,9.737235069274902,6.0,11.931140899658203,15.257214546203613,6.0,11.931057929992676,9.737235069274902
3.92,0.0068612268709323425,-0.614025918250589,-1.5597372745710176,0.00580769122867482,0.00580769122867482,ok,6.0,11.93384075164795,15.37653923034668,6.0,11.933761596679688,9.856559753417969,6.0,11.93384075164795,15.37653923034668,6.0,11.933761596679688,9.856559753417969
3.93,0.006925465929425794,-0.6198345539365498,-1.55973781351555,0.005809037310033118,0.005808944476835994,ok,6.0,11.93643569946289,15.495891571044922,6.0,11.936358451843262,9.975910186767578,6.0,11.93643569946289,15.495891571044922,6.0,11.936358451843262,9.975910186767578
3.94,0.006989716768557768,-0.6256443963985476,-1.55973781351555,0.005810197724997168,0.005810197724997168,ok,6.0,11.93892765045166,15.615267753601074,6.0,11.938854217529297,10.09528636932373,6.0,11.93892765045166,15.615267753601074,6.0,11.938854217529297,10.09528636932373
3.95,0.007053980428916491,-0.6314554688352454,-1.5597380829878162,0.005811450973158341,0.005811404556559779,ok,6.0,11.941322326660156,15.73466968536377,6.0,11.941251754760742,10.21468734741211,6.0,11.941322326660156,15.73466968536377,6.0,11.941251754760742,10.21468734741211
3.96,0.007118254839471466,-0.63726765521952,-1.5597383524600825,0.005812564971523829,0.005812518554925267,ok,6.0,11.943623542785645,15.854094505310059,6.0,11.943554878234863,10.334111213684082,6.0,11.943623542785645,15.854094505310059,6.0,11.943554878234863,10.334111213684082
3.97,0.00718254052888965,-0.6430809323344371,-1.5597383524600825,0.005813632553290755,0.005813632553290755,ok,6.0,11.945834159851074,15.973541259765625,6.0,11.945768356323242,10.453557968139648,6.0,11.945834159851074,15.973541259765625,6.0,11.945768356323242,10.453557968139648
3.98,0.007246838023359025,-0.6488952769658504,-1.5597383524600825,0.00581470013505768,0.00581470013505768,ok,6.0,11.947957992553711,16.09300994873047,6.0,11.947895050048828,10.573026657104492,6.0,11.947957992553711,16.09300994873047,6.0,11.947895050048828,10.573026657104492
3.99,0.007311145769205173,-0.6547106195031832,-1.5597386219323488,0.005815721300226045,0.005815674883627483,ok,6.0,11.949997901916504,16.212499618530273,6.0,11.94993782043457,10.69251537322998,6.0,11.949997901916504,16.212499618530273,6.0,11.94993782043457,10.69251537322998
4.00,0.007375463239402254,-0.6605269831605904,-1.559738891404615,0.0058167424653944085,0.005816696048795846,ok,6.0,11.951958656311035,16.33201026916504,6.0,11.951900482177734,10.81202507019043,6.0,11.951958656311035,16.33201026916504,6.0,11.951900482177734,10.81202507019043
4.01,0.007439788366548688,-0.6663442519099111,-1.5597394303491474,0.005817670797365648,0.005817577964168524,ok,6.0,11.953842163085938,16.451539993286133,6.0,11.953786849975586,10.93155288696289,6.0,11.953842163085938,16.451539993286133,6.0,11.953786849975586,10.93155288696289
4.02,0.007504122717700135,-0.6721624257386419,-1.5597391608768811,0.005818506296139764,0.005818552712738326,ok,6.0,11.955652236938477,16.571086883544922,6.0,11.955598831176758,11.051100730895996,6.0,11.955652236938477,16.571086883544922,6.0,11.955598831176758,11.051100730895996
4.03,0.007568465779400246,-0.677981458228303,-1.5597396998214135,0.005819434628111003,0.00581934179491388,ok,6.0,11.957391738891602,16.69065284729004,6.0,11.957340240478516,11.17066478729248,6.0,11.957391738891602,16.69065284729004,6.0,11.957340240478516,11.17066478729248
4.04,0.00763281703820963,-0.683801302969822,-1.5597394303491472,0.005820177293687995,0.005820223710286557,ok,6.0,11.959061622619629,16.81023406982422,6.0,11.959012985229492,11.290246963500977,6.0,11.959061622619629,16.81023406982422,6.0,11.959012985229492,11.290246963500977
4.05,0.007697178062437498,-0.689621959942069,-1.5597394303491472,0.005821012792462111,0.005821012792462111,ok,6.0,11.960667610168457,16.929832458496094,6.0,11.960619926452637,11.409845352172852,6.0,11.960667610168457,16.929832458496094,6.0,11.960619926452637,11.409845352172852
4.06,0.00776154624254739,-0.6954434059646131,-1.5597399692936795,0.005821848291236227,0.005821755458039103,ok,6.0,11.962209701538086,17.049448013305664,6.0,11.962163925170898,11.529458999633789,6.0,11.962209701538086,17.049448013305664,6.0,11.962163925170898,11.529458999633789
4.07,0.00782592055178166,-0.7012655482119154,-1.5597399692936795,0.005822498123616095,0.005822498123616095,ok,6.0,11.963691711425781,17.169076919555664,6.0,11.963647842407227,11.649087905883789,6.0,11.963691711425781,17.169076919555664,6.0,11.963647842407227,11.649087905883789
4.08,0.007890303072024762,-0.7070884330794025,-1.5597399692936795,0.005823240789193087,0.005823240789193087,ok,6.0,11.96511459350586,17.288721084594727,6.0,11.965072631835938,11.768732070922852,6.0,11.96511459350586,17.288721084594727,6.0,11.965072631835938,11.768732070922852
4.09,0.007954692776900592,-0.712911967739551,-1.5597399692936795,0.0058238906215729545,0.0058238906215729545,ok,6.0,11.966483116149902,17.40837860107422,6.0,11.966442108154297,11.888389587402344,6.0,11.966483116149902,17.40837860107422,6.0,11.966442108154297,11.888389587402344
4.10,0.008019088610205727,-0.7187361986225165,-1.5597405082382119,0.005824633287149946,0.005824540453952823,ok,6.0,11.96779727935791,17.528051376342773,6.0,11.967758178710938,12.008060455322266,6.0,11.96779727935791,17.528051376342773,6.0,11.967758178710938,12.008060455322266
4.11,0.008083489545084432,-0.7245610329026975,-1.5597405082382119,0.00582519028633269,0.00582519028633269,ok,6.0,11.969059944152832,17.647735595703125,6.0,11.969022750854492,12.127744674682617,6.0,11.969059944152832,17.647735595703125,6.0,11.969022750854492,12.127744674682617
4.12,0.008147896637919587,-0.7303864241480202,-1.5597405082382119,0.005825747285515434,0.005825747285515434,ok,6.0,11.9702730178833,17.767431259155273,6.0,11.970236778259277,12.247440338134766,6.0,11.9702730178833,17.767431259155273,6.0,11.970236778259277,12.247440338134766
4.13,0.008212310915037267,-0.7362124651860084,-1.5597405082382119,0.0058263971178953025,0.0058263971178953025,ok,6.0,11.97143840789795,17.88714027404785,6.0,11.971404075622559,12.367149353027344,6.0,11.97143840789795,17.88714027404785,6.0,11.971404075622559,12.367149353027344
4.14,0.008276730308630272,-0.7420390399923169,-1.5597407777104781,0.0058269541170780466,0.005826907700479484,ok,6.0,11.97255802154541,18.006860733032227,6.0,11.972525596618652,12.486868858337402,6.0,11.97255802154541,18.006860733032227,6.0,11.972525596618652,12.486868858337402
4.15,0.008341155346947914,-0.7478661253500063,-1.5597405082382119,0.005827418283063666,0.005827464699662228,ok,6.0,11.973634719848633,18.126590728759766,6.0,11.973602294921875,12.606599807739258,6.0,11.973634719848633,18.126590728759766,6.0,11.973602294921875,12.606599807739258
4.16,0.008405586029990192,-0.7536937212590765,-1.5597407777104781,0.00582797528224641,0.005827928865647848,ok,6.0,11.974668502807617,18.2463321685791,6.0,11.974637985229492,12.726340293884277,6.0,11.974668502807617,18.2463321685791,6.0,11.974637985229492,12.726340293884277
4.17,0.008470021300438819,-0.7595218741507705,-1.5597410471827444,0.005828532281429153,0.005828485864830592,ok,6.0,11.975661277770996,18.366085052490234,6.0,11.975631713867188,12.846092224121094,6.0,11.975661277770996,18.366085052490234,6.0,11.975631713867188,12.846092224121094
4.18,0.00853446014709677,-0.7653504215666265,-1.5597410471827444,0.00582890361421765,0.00582890361421765,ok,6.0,11.976615905761719,18.4858455657959,6.0,11.976587295532227,12.965852737426758,6.0,11.976615905761719,18.4858455657959,6.0,11.976587295532227,12.965852737426758
4.19,0.008598904109703345,-0.7711795027508271,-1.5597413166550107,0.005829460613400394,0.0058294141968018316,ok,6.0,11.977532386779785,18.60561752319336,6.0,11.977505683898926,13.085623741149902,6.0,11.977532386779785,18.60561752319336,6.0,11.977505683898926,13.085623741149902
4.20,0.008663351648239729,-0.777008978459292,-1.5597413166550107,0.00582983194618889,0.00582983194618889,ok,6.0,11.978413581848145,18.72539710998535,6.0,11.978387832641602,13.205403327941895,6.0,11.978413581848145,18.72539710998535,6.0,11.978387832641602,13.205403327941895
4.21,0.008727804334086417,-0.7828388486774496,-1.5597410471827444,0.005830203278977385,0.0058302496955759476,ok,6.0,11.979260444641113,18.845184326171875,6.0,11.97923469543457,13.325191497802734,6.0,11.979260444641113,18.845184326171875,6.0,11.97923469543457,13.325191497802734
4.22,0.008792261638119048,-0.7886691366194667,-1.5597413166550107,0.005830667444963005,0.005830621028364443,ok,6.0,11.980072975158691,18.964981079101562,6.0,11.980049133300781,13.444987297058105,6.0,11.980072975158691,18.964981079101562,6.0,11.980049133300781,13.444987297058105
4.23,0.008856722517918844,-0.7944998190857494,-1.5597413166550107,0.005831038777751501,0.005831038777751501,ok,6.0,11.980854988098145,19.08478546142578,6.0,11.980831146240234,13.564791679382324,6.0,11.980854988098145,19.08478546142578,6.0,11.980831146240234,13.564791679382324
4.24,0.008921187487046648,-0.8003309424928667,-1.559741586127277,0.005831502943737121,0.005831456527138559,ok,6.0,11.981605529785156,19.204599380493164,6.0,11.981583595275879,13.68460464477539,6.0,11.981605529785156,19.204599380493164,6.0,11.981583595275879,13.68460464477539
4.25,0.008985653961135607,-0.8061623443999022,-1.5597418555995433,0.005831781443328493,0.005831735026729931,ok,6.0,11.98232650756836,19.324419021606445,6.0,11.982305526733398,13.804423332214355,6.0,11.98232650756836,19.324419021606445,6.0,11.982305526733398,13.804423332214355
4.26,0.009050125070449293,-0.8119940943990805,-1.559741316655011,0.005832059942919865,0.005832152776116989,ok,6.0,11.983019828796387,19.444244384765625,6.0,11.982998847961426,13.924250602722168,6.0,11.983019828796387,19.444244384765625,6.0,11.982998847961426,13.924250602722168
4.27,0.009114600284667596,-0.8178262157084123,-1.5597418555995433,0.005832524108905485,0.005832431275708361,ok,6.0,11.983685493469238,19.56407928466797,6.0,11.983665466308594,14.044083595275879,6.0,11.983685493469238,19.56407928466797,6.0,11.983665466308594,14.044083595275879
4.28,0.009179077533998065,-0.8236585923044591,-1.559741586127277,0.0058327097752997326,0.005832756191898295,ok,6.0,11.984325408935547,19.683917999267578,6.0,11.984306335449219,14.163923263549805,6.0,11.984325408935547,19.683917999267578,6.0,11.984306335449219,14.163923263549805
4.29,0.009243559419563018,-0.8294913169936563,-1.559741586127277,0.005833081108088229,0.005833081108088229,ok,6.0,11.984939575195312,19.80376434326172,6.0,11.9849214553833,14.283769607543945,6.0,11.984939575195312,19.80376434326172,6.0,11.9849214553833,14.283769607543945
4.30,0.009308043324245003,-0.8353243665955675,-1.5597421250718093,0.005833452440876725,0.005833359607679601,ok,6.0,11.985529899597168,19.92361831665039,6.0,11.985512733459473,14.403621673583984,6.0,11.985529899597168,19.92361831665039,6.0,11.985512733459473,14.403621673583984
4.31,0.009372528223350796,-0.8411576482846677,-1.5597421250718093,0.005833638107270973,0.005833638107270973,ok,6.0,11.98609733581543,20.043476104736328,6.0,11.98608112335205,14.523479461669922,6.0,11.98609733581543,20.043476104736328,6.0,11.98608112335205,14.523479461669922
4.32,0.009437016200984555,-0.8469912084563437,-1.5597421250718093,0.005833916606862345,0.005833916606862345,ok,6.0,11.986642837524414,20.163339614868164,6.0,11.986626625061035,14.643342971801758,6.0,11.986642837524414,20.163339614868164,6.0,11.986626625061035,14.643342971801758
4.33,0.00950150725714628,-0.8528250471105956,-1.5597421250718093,0.005834195106453717,0.005834195106453717,ok,6.0,11.987166404724121,20.2832088470459,6.0,11.987151145935059,14.763212203979492,6.0,11.987166404724121,20.2832088470459,6.0,11.987151145935059,14.763212203979492
4.34,0.009566001408658464,-0.858659094619518,-1.559741855599543,0.005834380772847965,0.005834427189446527,ok,6.0,11.987669944763184,20.4030818939209,6.0,11.987654685974121,14.883086204528809,6.0,11.987669944763184,20.4030818939209,6.0,11.987654685974121,14.883086204528809
4.35,0.009630498109210312,-0.8644934438241509,-1.5597423945440754,0.005834752105636461,0.005834659272439337,ok,6.0,11.988153457641602,20.52296257019043,6.0,11.988139152526855,15.002964973449707,6.0,11.988153457641602,20.52296257019043,6.0,11.988139152526855,15.002964973449707
4.36,0.00969499686211415,-0.8703279786838345,-1.559741855599543,0.005834844938833584,0.005834937772030709,ok,6.0,11.988617897033691,20.642845153808594,6.0,11.988603591918945,15.122849464416504,6.0,11.988617897033691,20.642845153808594,6.0,11.988603591918945,15.122849464416504
4.37,0.009759499752343623,-0.8761627455959577,-1.559741855599543,0.005835123438424956,0.005835123438424956,ok,6.0,11.98906421661377,20.762733459472656,6.0,11.98905086517334,15.242737770080566,6.0,11.98906421661377,20.762733459472656,6.0,11.98905086517334,15.242737770080566
4.38,0.009824003636128039,-0.8819977445933221,-1.5597423945440754,0.005835401938016328,0.005835309104819205,ok,6.0,11.989492416381836,20.882627487182617,6.0,11.989480018615723,15.362629890441895,6.0,11.989492416381836,20.882627487182617,6.0,11.989480018615723,15.362629890441895
4.39,0.009888508529537439,-0.8878329060498645,-1.559742125071809,0.005835494771213453,0.005835541187812015,ok,6.0,11.989904403686523,21.00252342224121,6.0,11.989892959594727,15.482526779174805,6.0,11.989904403686523,21.00252342224121,6.0,11.989892959594727,15.482526779174805
4.40,0.00995301598835556,-0.8936682995752205,-1.5597423945440754,0.005835773270804825,0.005835726854206262,ok,6.0,11.990301132202148,21.122425079345703,6.0,11.990288734436035,15.60242748260498,6.0,11.990301132202148,21.122425079345703,6.0,11.990288734436035,15.60242748260498
4.41,0.010017524969328062,-0.8995039019698365,-1.5597423945440754,0.005835958937199072,0.005835958937199072,ok,6.0,11.990680694580078,21.24233055114746,6.0,11.990669250488281,15.722332954406738,6.0,11.990680694580078,21.24233055114746,6.0,11.990669250488281,15.722332954406738
4.42,0.010082036019719597,-0.9053396203916406,-1.559742125071809,0.005836051770396197,0.005836098186994758,ok,6.0,11.991045951843262,21.36223793029785,6.0,11.991035461425781,15.842241287231445,6.0,11.991045951843262,21.36223793029785,6.0,11.991035461425781,15.842241287231445
4.43,0.010146549635518648,-0.9111755708821493,-1.5597423945440754,0.005836330269987569,0.005836283853389006,ok,6.0,11.991397857666016,21.48215103149414,6.0,11.991387367248535,15.962153434753418,6.0,11.991397857666016,21.48215103149414,6.0,11.991387367248535,15.962153434753418
4.44,0.01021106479056293,-0.9170116606139461,-1.559742125071809,0.005836423103184692,0.005836469519783254,ok,6.0,11.991734504699707,21.602066040039062,6.0,11.991724967956543,16.082069396972656,6.0,11.991734504699707,21.602066040039062,6.0,11.991724967956543,16.082069396972656
4.45,0.010275582527300351,-0.9228479127838555,-1.559742125071809,0.005836608769578941,0.005836608769578941,ok,6.0,11.992058753967285,21.72198486328125,6.0,11.992049217224121,16.201988220214844,6.0,11.992058753967285,21.72198486328125,6.0,11.992049217224121,16.201988220214844
4.46,0.010340100231027851,-0.9286843042114225,-1.5597426640163414,0.005836794435973188,0.005836701602776064,ok,6.0,11.99237060546875,21.841907501220703,6.0,11.992361068725586,16.321908950805664,6.0,11.99237060546875,21.841907501220703,6.0,11.992361068725586,16.321908950805664
4.47,0.010404619987057313,-0.9345208812940405,-1.559742125071809,0.005836887269170312,0.005836980102367436,ok,6.0,11.992669105529785,21.96183204650879,6.0,11.992660522460938,16.441835403442383,6.0,11.992669105529785,21.96183204650879,6.0,11.992660522460938,16.441835403442383
4.48,0.010469142854674676,-0.9403575976015763,-1.559742125071809,0.00583707293556456,0.00583707293556456,ok,6.0,11.99295711517334,22.08176040649414,6.0,11.992948532104492,16.561763763427734,6.0,11.99295711517334,22.08176040649414,6.0,11.992948532104492,16.561763763427734
4.49,0.010533665689157083,-0.9461944531667711,-1.5597426640163414,0.005837258601958808,0.005837165768761684,ok,6.0,11.993232727050781,22.201692581176758,6.0,11.99322509765625,16.68169403076172,6.0,11.993232727050781,22.201692581176758,6.0,11.99322509765625,16.68169403076172
4.50,0.010598189549790471,-0.9520314015594913,-1.559742125071809,0.005837258601958808,0.005837351435155932,ok,6.0,11.993498802185059,22.321624755859375,6.0,11.993490219116211,16.80162811279297,6.0,11.993498802185059,22.321624755859375,6.0,11.993490219116211,16.80162811279297
4.51,0.010662716522111787,-0.9578684891771283,-1.559742125071809,0.005837444268353056,0.005837444268353056,ok,6.0,11.993753433227539,22.441560745239258,6.0,11.993745803833008,16.92156410217285,6.0,11.993753433227539,22.441560745239258,6.0,11.993745803833008,16.92156410217285
4.52,0.010727243461198119,-0.9637057160524252,-1.5597426640163414,0.005837629934747304,0.00583753710155018,ok,6.0,11.993998527526855,22.561500549316406,6.0,11.993990898132324,17.041501998901367,6.0,11.993998527526855,22.561500549316406,6.0,11.993990898132324,17.041501998901367
4.53,0.010791770366030847,-0.9695430821874153,-1.5597426640163414,0.005837722767944428,0.005837722767944428,ok,6.0,11.994233131408691,22.681442260742188,6.0,11.994226455688477,17.16144371032715,6.0,11.994233131408691,22.681442260742188,6.0,11.994226455688477,17.16144371032715
4.54,0.010856298296989536,-0.9753805411499312,-1.5597426640163414,0.005837815601141552,0.005837815601141552,ok,6.0,11.994460105895996,22.8013858795166,6.0,11.994452476501465,17.281387329101562,6.0,11.994460105895996,22.8013858795166,6.0,11.994452476501465,17.281387329101562
4.55,0.010920827254074183,-0.981218092939973,-1.5597426640163414,0.005837908434338676,0.005837908434338676,ok,6.0,11.99467658996582,22.92133140563965,6.0,11.994670867919922,17.40133285522461,6.0,11.99467658996582,22.92133140563965,6.0,11.994670867919922,17.40133285522461
4.56,0.01098535723728479,-0.9870557375575406,-1.5597426640163414,0.0058380012675358,0.0058380012675358,ok,6.0,11.994885444641113,23.041278839111328,6.0,11.994879722595215,17.52128028869629,6.0,11.994885444641113,23.041278839111328,6.0,11.994879722595215,17.52128028869629
4.57,0.011049888246621356,-0.9928934750026341,-1.5597426640163414,0.005838094100732924,0.005838094100732924,ok,6.0,11.995085716247559,23.16122817993164,6.0,11.99507999420166,17.6412296295166,6.0,11.995085716247559,23.16122817993164,6.0,11.99507999420166,17.6412296295166
4.58,0.011114420282083882,-0.9987313052752534,-1.5597426640163414,0.005838186933930047,0.005838186933930047,ok,6.0,11.995278358459473,23.281179428100586,6.0,11.99527359008789,17.761180877685547,6.0,11.995278358459473,23.281179428100586,6.0,11.99527359008789,17.761180877685547
4.59,0.011178954369798327,-1.0045693212029245,-1.5597426640163414,0.005838372600324296,0.005838372600324296,ok,6.0,11.995464324951172,23.401134490966797,6.0,11.995458602905273,17.881135940551758,6.0,11.995464324951172,23.401134490966797,6.0,11.995458602905273,17.881135940551758
4.60,0.011243488457512772,-1.0104073371305955,-1.5597426640163414,0.005838372600324296,0.005838372600324296,ok,6.0,11.995641708374023,23.521089553833008,6.0,11.995636940002441,18.00109100341797,6.0,11.995641708374023,23.521089553833008,6.0,11.995636940002441,18.00109100341797
4.61,0.011308023571353177,-1.0162454458857924,-1.5597426640163414,0.005838465433521419,0.005838465433521419,ok,6.0,11.99581241607666,23.64104652404785,6.0,11.995807647705078,18.121047973632812,6.0,11.99581241607666,23.64104652404785,6.0,11.995807647705078,18.121047973632812
4.62,0.01137255971131954,-1.022083647468515,-1.5597426640163414,0.005838558266718544,0.005838558266718544,ok,6.0,11.995976448059082,23.761005401611328,6.0,11.9959716796875,18.24100685119629,6.0,11.995976448059082,23.761005401611328,6.0,11.9959716796875,18.24100685119629
4.63,0.011437096877411864,-1.0279219418787637,-1.5597426640163414,0.005838651099915668,0.005838651099915668,ok,6.0,11.996134757995605,23.880966186523438,6.0,11.996129989624023,18.3609676361084,6.0,11.996134757995605,23.880966186523438,6.0,11.996129989624023,18.3609676361084
4.64,0.011501635069630147,-1.033760329116538,-1.5597426640163414,0.005838743933112791,0.005838743933112791,ok,6.0,11.996286392211914,24.00092887878418,6.0,11.996281623840332,18.48093032836914,6.0,11.996286392211914,24.00092887878418,6.0,11.996281623840332,18.48093032836914
4.65,0.011566173261848429,-1.0395987163543123,-1.5597426640163414,0.005838743933112791,0.005838743933112791,ok,6.0,11.996431350708008,24.120891571044922,6.0,11.996427536010742,18.600893020629883,6.0,11.996431350708008,24.120891571044922,6.0,11.996427536010742,18.600893020629883
4.66,0.011630712480192672,-1.0454371964196125,-1.5597426640163414,0.005838836766309916,0.005838836766309916,ok,6.0,11.99657154083252,24.240856170654297,6.0,11.996567726135254,18.720857620239258,6.0,11.99657154083252,24.240856170654297,6.0,11.996567726135254,18.720857620239258
4.67,0.011695252724662873,-1.0512757693124386,-1.5597426640163414,0.00583892959950704,0.00583892959950704,ok,6.0,11.996706008911133,24.360822677612305,6.0,11.996702194213867,18.840824127197266,6.0,11.996706008911133,24.360822677612305,6.0,11.996702194213867,18.840824127197266
4.68,0.011759793995259034,-1.0571144350327906,-1.5597426640163414,0.0058390224327041634,0.0058390224327041634,ok,6.0,11.996835708618164,24.480791091918945,6.0,11.996831893920898,18.960792541503906,6.0,11.996835708618164,24.480791091918945,6.0,11.996831893920898,18.960792541503906
4.69,0.011824335265855196,-1.0629531007531425,-1.5597426640163414,0.0058390224327041634,0.0058390224327041634,ok,6.0,11.996959686279297,24.600759506225586,6.0,11.996955871582031,19.080760955810547,6.0,11.996959686279297,24.600759506225586,6.0,11.996955871582031,19.080760955810547
4.70,0.011888877562577315,-1.0687918593010202,-1.5597426640163414,0.005839115265901288,0.005839115265901288,ok,6.0,11.997078895568848,24.72072982788086,6.0,11.997075080871582,19.20073127746582,6.0,11.997078895568848,24.72072982788086,6.0,11.997075080871582,19.20073127746582
4.71,0.011953420885425396,-1.0746307106764237,-1.5597426640163414,0.005839208099098412,0.005839208099098412,ok,6.0,11.997193336486816,24.840702056884766,6.0,11.99718952178955,19.320703506469727,6.0,11.997193336486816,24.840702056884766,6.0,11.99718952178955,19.320703506469727
4.72,0.012017964208273476,-1.0804695620518272,-1.5597426640163414,0.005839208099098412,0.005839208099098412,ok,6.0,11.997303009033203,24.960674285888672,6.0,11.997300148010254,19.440675735473633,6.0,11.997303009033203,24.960674285888672,6.0,11.997300148010254,19.440675735473633
4.73,0.012082506470131978,-1.0863084598574282,-1.5597432029608738,0.0058393009322955354,0.005839208099098412,ok,6.0,11.997408866882324,25.08064842224121,6.0,11.997406005859375,19.56064796447754,6.0,11.997408866882324,25.08064842224121,6.0,11.997406005859375,19.56064796447754
4.74,0.012147049758090812,-1.0921474504905007,-1.5597426640163414,0.0058393009322955354,0.00583939376549266,ok,6.0,11.99751091003418,25.20062255859375,6.0,11.997507095336914,19.68062400817871,6.0,11.99751091003418,25.20062255859375,6.0,11.997507095336914,19.68062400817871
4.75,0.012211593046049646,-1.0979864411235731,-1.5597432029608738,0.00583939376549266,0.0058393009322955354,ok,6.0,11.997608184814453,25.320598602294922,6.0,11.997605323791504,19.80059814453125,6.0,11.997608184814453,25.320598602294922,6.0,11.997605323791504,19.80059814453125
4.76,0.012276137360109416,-1.1038255245841717,-1.5597426640163414,0.00583939376549266,0.005839486598689784,ok,6.0,11.997701644897461,25.440574645996094,6.0,11.997698783874512,19.920576095581055,6.0,11.997701644897461,25.440574645996094,6.0,11.997698783874512,19.920576095581055
4.77,0.012340681674169185,-1.1096646080447703,-1.5597432029608738,0.005839486598689784,0.00583939376549266,ok,6.0,11.99779224395752,25.5605525970459,6.0,11.99778938293457,20.040552139282227,6.0,11.99779224395752,25.5605525970459,6.0,11.99778938293457,20.040552139282227
4.78,0.012405224928428023,-1.1155037379375374,-1.5597432029608738,0.005839486598689784,0.005839486598689784,ok,6.0,11.997879028320312,25.680530548095703,6.0,11.997876167297363,20.16053009033203,6.0,11.997879028320312,25.680530548095703,6.0,11.997876167297363,20.16053009033203
4.79,0.012469769208762792,-1.121342960657831,-1.5597432029608738,0.0058395794318869074,0.0058395794318869074,ok,6.0,11.99796199798584,25.80051040649414,6.0,11.99795913696289,20.28050994873047,6.0,11.99796199798584,25.80051040649414,6.0,11.99795913696289,20.28050994873047
4.80,0.012534313489097561,-1.1271821833781244,-1.5597432029608738,0.0058395794318869074,0.0058395794318869074,ok,6.0,11.998042106628418,25.920490264892578,6.0,11.998039245605469,20.400489807128906,6.0,11.998042106628418,25.920490264892578,6.0,11.998039245605469,20.400489807128906
4.81,0.0125988598553592,-1.1330214524937752,-1.5597426640163414,0.0058395794318869074,0.005839672265084032,ok,6.0,11.99811840057373,26.040470123291016,6.0,11.998116493225098,20.520471572875977,6.0,11.99811840057373,26.040470123291016,6.0,11.998116493225098,20.520471572875977
4.82,0.012663408308837077,-1.138860768006808,-1.5597426640163414,0.005839672265084032,0.005839672265084032,ok,6.0,11.998191833496094,26.160451889038086,6.0,11.998189926147461,20.640453338623047,6.0,11.998191833496094,26.160451889038086,6.0,11.998189926147461,20.640453338623047
4.83,0.012727956762314953,-1.1447000835198406,-1.5597426640163414,0.005839672265084032,0.005839672265084032,ok,6.0,11.998263359069824,26.280433654785156,6.0,11.998261451721191,20.760435104370117,6.0,11.998263359069824,26.280433654785156,6.0,11.998261451721191,20.760435104370117
4.84,0.01279250415467813,-1.1505394454630722,-1.5597432029608738,0.005839765098281155,0.005839672265084032,ok,6.0,11.998331069946289,26.40041732788086,6.0,11.998329162597656,20.880416870117188,6.0,11.998331069946289,26.40041732788086,6.0,11.998329162597656,20.880416870117188
4.85,0.012857050487164758,-1.1563788538384185,-1.5597432029608738,0.005839765098281155,0.005839765098281155,ok,6.0,11.998396873474121,26.520401000976562,6.0,11.998394966125488,21.00040054321289,6.0,11.998396873474121,26.520401000976562,6.0,11.998394966125488,21.00040054321289
4.86,0.012921598905628268,-1.1622183086091216,-1.5597426640163414,0.005839765098281155,0.0058398579314782794,ok,6.0,11.998459815979004,26.640384674072266,6.0,11.998457908630371,21.120386123657227,6.0,11.998459815979004,26.640384674072266,6.0,11.998457908630371,21.120386123657227
4.87,0.012986147324091778,-1.1680577633798246,-1.5597432029608738,0.0058398579314782794,0.005839765098281155,ok,6.0,11.998519897460938,26.7603702545166,6.0,11.998517990112305,21.24036979675293,6.0,11.998519897460938,26.7603702545166,6.0,11.998517990112305,21.24036979675293
4.88,0.013050694682654337,-1.1738972645826973,-1.5597432029608738,0.0058398579314782794,0.0058398579314782794,ok,6.0,11.998578071594238,26.880355834960938,6.0,11.998576164245605,21.360355377197266,6.0,11.998578071594238,26.880355834960938,6.0,11.998576164245605,21.360355377197266
4.89,0.013115244127218782,-1.1797368121809264,-1.5597426640163414,0.0058398579314782794,0.005839950764675404,ok,6.0,11.99863338470459,27.000341415405273,6.0,11.998632431030273,21.480342864990234,6.0,11.99863338470459,27.000341415405273,6.0,11.998632431030273,21.480342864990234
4.90,0.013179793571783227,-1.1855763597791555,-1.5597432029608738,0.005839950764675404,0.0058398579314782794,ok,6.0,11.998687744140625,27.120328903198242,6.0,11.998685836791992,21.60032844543457,6.0,11.998687744140625,27.120328903198242,6.0,11.998685836791992,21.60032844543457
4.91,0.013244343016347672,-1.1914159073773847,-1.5597426640163414,0.0058398579314782794,0.005839950764675404,ok,6.0,11.998739242553711,27.240314483642578,6.0,11.998737335205078,21.72031593322754,6.0,11.998739242553711,27.240314483642578,6.0,11.998737335205078,21.72031593322754
4.92,0.013308893487013654,-1.1972555478031945,-1.5597432029608738,0.005840043597872527,0.005839950764675404,ok,6.0,11.998787879943848,27.36030387878418,6.0,11.998786926269531,21.840303421020508,6.0,11.998787879943848,27.36030387878418,6.0,11.998786926269531,21.840303421020508
4.93,0.013373441871652144,-1.2030951418335938,-1.5597432029608738,0.005839950764675404,0.005839950764675404,ok,6.0,11.998835563659668,27.48029136657715,6.0,11.998834609985352,21.960290908813477,6.0,11.998835563659668,27.48029136657715,6.0,11.998834609985352,21.960290908813477
4.94,0.013437992342318126,-1.2089347822594037,-1.5597426640163414,0.005839950764675404,0.005840043597872527,ok,6.0,11.998881340026855,27.600278854370117,6.0,11.998880386352539,22.080280303955078,6.0,11.998881340026855,27.600278854370117,6.0,11.998880386352539,22.080280303955078
4.95,0.013502544900299842,-1.2147744690825397,-1.5597426640163414,0.005840043597872527,0.005840043597872527,ok,6.0,11.99892520904541,27.72026824951172,6.0,11.998924255371094,22.20026969909668,6.0,11.99892520904541,27.72026824951172,6.0,11.998924255371094,22.20026969909668
4.96,0.013567097458281557,-1.2206141559056758,-1.5597426640163414,0.005840043597872527,0.005840043597872527,ok,6.0,11.998967170715332,27.84025764465332,6.0,11.998966217041016,22.32025909423828,6.0,11.998967170715332,27.84025764465332,6.0,11.998966217041016,22.32025909423828
4.97,0.01363164895504787,-1.2264538891589571,-1.5597432029608738,0.0058401364310696514,0.005840043597872527,ok,6.0,11.999008178710938,27.960248947143555,6.0,11.999006271362305,22.440248489379883,6.0,11.999008178710938,27.960248947143555,6.0,11.999006271362305,22.440248489379883
4.98,0.013696198365762292,-1.2322935760168827,-1.5597432029608738,0.005840043597872527,0.005840043597872527,ok,6.0,11.99904727935791,28.080238342285156,6.0,11.999045372009277,22.560237884521484,6.0,11.99904727935791,28.080238342285156,6.0,11.999045372009277,22.560237884521484
4.99,0.013760748802552644,-1.2381333557023346,-1.5597432029608738,0.0058401364310696514,0.0058401364310696514,ok,6.0,11.99908447265625,28.20022964477539,6.0,11.999083518981934,22.68022918701172,6.0,11.99908447265625,28.20022964477539,6.0,11.999083518981934,22.68022918701172
5.00,0.013825300299318957,-1.243973088955616,-1.5597426640163414,0.005840043597872527,0.0058401364310696514,ok,6.0,11.999119758605957,28.320219039916992,6.0,11.99911880493164,22.800220489501953,6.0,11.999119758605957,28.320219039916992,6.0,11.99911880493164,22.800220489501953
5.01,0.013889852822186206,-1.2498129150364234,-1.5597432029608738,0.005840229264266776,0.0058401364310696514,ok,6.0,11.999155044555664,28.44021224975586,6.0,11.999153137207031,22.920211791992188,6.0,11.999155044555664,28.44021224975586,6.0,11.999153137207031,22.920211791992188
5.02,0.013954403258976558,-1.2556526947218754,-1.5597432029608738,0.0058401364310696514,0.0058401364310696514,ok,6.0,11.999187469482422,28.560203552246094,6.0,11.999186515808105,23.040203094482422,6.0,11.999187469482422,28.560203552246094,6.0,11.999186515808105,23.040203094482422
5.03,0.01401895369576691,-1.2614924744073273,-1.5597432029608738,0.0058401364310696514,0.0058401364310696514,ok,6.0,11.99921989440918,28.680194854736328,6.0,11.999218940734863,23.160194396972656,6.0,11.99921989440918,28.680194854736328,6.0,11.999218940734863,23.160194396972656
5.04,0.014083505158633193,-1.2673323469203055,-1.5597432029608738,0.005840229264266776,0.005840229264266776,ok,6.0,11.999250411987305,28.800188064575195,6.0,11.999249458312988,23.280187606811523,6.0,11.999250411987305,28.800188064575195,6.0,11.999249458312988,23.280187606811523
5.05,0.014148057681500441,-1.273172173001113,-1.5597426640163414,0.0058401364310696514,0.005840229264266776,ok,6.0,11.999279975891113,28.92017936706543,6.0,11.999279022216797,23.40018081665039,6.0,11.999279975891113,28.92017936706543,6.0,11.999279022216797,23.40018081665039
5.06,0.014212612291734076,-1.2790120454793008,-1.5597426640163414,0.005840229264266776,0.005840229264266776,ok,6.0,11.999307632446289,29.040172576904297,6.0,11.999306678771973,23.520174026489258,6.0,11.999307632446289,29.040172576904297,6.0,11.999306678771973,23.520174026489258
5.07,0.01427716690196771,-1.2848519179574887,-1.5597426640163414,0.005840229264266776,0.005840229264266776,ok,6.0,11.999335289001465,29.160165786743164,6.0,11.999334335327148,23.640167236328125,6.0,11.999335289001465,29.160165786743164,6.0,11.999334335327148,23.640167236328125
5.08,0.014341721512201344,-1.2906917904356765,-1.5597426640163414,0.005840229264266776,0.005840229264266776,ok,6.0,11.999361038208008,29.28015899658203,6.0,11.999360084533691,23.760160446166992,6.0,11.999361038208008,29.28015899658203,6.0,11.999360084533691,23.760160446166992
5.09,0.014406275061170131,-1.2965317093440647,-1.5597432029608738,0.005840322097463899,0.005840229264266776,ok,6.0,11.999385833740234,29.40015411376953,6.0,11.999385833740234,23.88015365600586,6.0,11.999385833740234,29.40015411376953,6.0,11.999385833740234,23.88015365600586
5.10,0.014470826524036414,-1.302371581857043,-1.5597432029608738,0.005840229264266776,0.005840229264266776,ok,6.0,11.999410629272461,29.5201473236084,6.0,11.999409675598145,24.000146865844727,6.0,11.999410629272461,29.5201473236084,6.0,11.999409675598145,24.000146865844727
5.11,0.014535379012978626,-1.3082115471975477,-1.5597432029608738,0.005840322097463899,0.005840322097463899,ok,6.0,11.999433517456055,29.6401424407959,6.0,11.999432563781738,24.120141983032227,6.0,11.999433517456055,29.6401424407959,6.0,11.999432563781738,24.120141983032227
5.12,0.014599932561947413,-1.314051466105936,-1.5597426640163414,0.005840229264266776,0.005840322097463899,ok,6.0,11.999455451965332,29.760135650634766,6.0,11.999454498291016,24.240137100219727,6.0,11.999455451965332,29.760135650634766,6.0,11.999454498291016,24.240137100219727
5.13,0.0146644861109162,-1.3198913850143241,-1.5597432029608738,0.005840322097463899,0.005840229264266776,ok,6.0,11.999476432800293,29.880130767822266,6.0,11.999476432800293,24.360130310058594,6.0,11.999476432800293,29.880130767822266,6.0,11.999476432800293,24.360130310058594
5.14,0.014729038599858413,-1.325731350354829,-1.5597432029608738,0.005840322097463899,0.005840322097463899,ok,6.0,11.999497413635254,30.000125885009766,6.0,11.999496459960938,24.480125427246094,6.0,11.999497413635254,30.000125885009766,6.0,11.999496459960938,24.480125427246094
5.15,0.014793591088800625,-1.3315713156953337,-1.5597432029608738,0.005840322097463899,0.005840322097463899,ok,6.0,11.999517440795898,30.120121002197266,6.0,11.999516487121582,24.600120544433594,6.0,11.999517440795898,30.120121002197266,6.0,11.999516487121582,24.600120544433594
5.16,0.014858143577742837,-1.3374112810358385,-1.5597432029608738,0.005840322097463899,0.005840322097463899,ok,6.0,11.99953556060791,30.240116119384766,6.0,11.99953556060791,24.720115661621094,6.0,11.99953556060791,30.240116119384766,6.0,11.99953556060791,24.720115661621094
5.17,0.014922696066685049,-1.3432512463763433,-1.5597432029608738,0.005840322097463899,0.005840322097463899,ok,6.0,11.999554634094238,30.360111236572266,6.0,11.999553680419922,24.840110778808594,6.0,11.999554634094238,30.360111236572266,6.0,11.999553680419922,24.840110778808594
5.18,0.014987250641754168,-1.349091258112203,-1.5597426640163414,0.005840322097463899,0.0058404149306610234,ok,6.0,11.999571800231934,30.480106353759766,6.0,11.999570846557617,24.960107803344727,6.0,11.999571800231934,30.480106353759766,6.0,11.999570846557617,24.960107803344727
5.19,0.015051805216823286,-1.3549312698480627,-1.5597432029608738,0.0058404149306610234,0.005840322097463899,ok,6.0,11.999588966369629,30.6001033782959,6.0,11.999588012695312,25.080102920532227,6.0,11.999588966369629,30.6001033782959,6.0,11.999588012695312,25.080102920532227
5.20,0.015116357705765499,-1.3607712351885675,-1.5597432029608738,0.005840322097463899,0.005840322097463899,ok,6.0,11.999604225158691,30.7200984954834,6.0,11.999604225158691,25.200098037719727,6.0,11.999604225158691,30.7200984954834,6.0,11.999604225158691,25.200098037719727
5.21,0.015180911220783641,-1.3666112933565986,-1.5597432029608738,0.0058404149306610234,0.0058404149306610234,ok,6.0,11.99962043762207,30.84009552001953,6.0,11.999619483947754,25.32009506225586,6.0,11.99962043762207,30.84009552001953,6.0,11.999619483947754,25.32009506225586
5.22,0.01524546579585276,-1.3724513050924583,-1.5597426640163414,0.005840322097463899,0.0058404149306610234,ok,6.0,11.999634742736816,30.96009063720703,6.0,11.999634742736816,25.440092086791992,6.0,11.999634742736816,30.96009063720703,6.0,11.999634742736816,25.440092086791992
5.23,0.015310020370921879,-1.378291316828318,-1.5597432029608738,0.0058404149306610234,0.005840322097463899,ok,6.0,11.999649047851562,31.080087661743164,6.0,11.999649047851562,25.560087203979492,6.0,11.999649047851562,31.080087661743164,6.0,11.999649047851562,25.560087203979492
5.24,0.015374573885940022,-1.384131374996349,-1.5597432029608738,0.0058404149306610234,0.0058404149306610234,ok,6.0,11.999663352966309,31.200084686279297,6.0,11.999662399291992,25.680084228515625,6.0,11.999663352966309,31.200084686279297,6.0,11.999662399291992,25.680084228515625
5.25,0.015439127400958165,-1.3899714331643802,-1.5597432029608738,0.0058404149306610234,0.0058404149306610234,ok,6.0,11.999676704406738,31.32008171081543,6.0,11.999675750732422,25.800081253051758,6.0,11.999676704406738,31.32008171081543,6.0,11.999675750732422,25.800081253051758
5.26,0.015503681976027283,-1.39581144490024,-1.5597426640163414,0.005840322097463899,0.0058404149306610234,ok,6.0,11.999689102172852,31.44007682800293,6.0,11.999688148498535,25.92007827758789,6.0,11.999689102172852,31.44007682800293,6.0,11.999688148498535,25.92007827758789
5.27,0.015568238638512836,-1.4016515030334793,-1.5597426640163414,0.0058404149306610234,0.0058404149306610234,ok,6.0,11.999701499938965,31.560073852539062,6.0,11.999700546264648,26.040075302124023,6.0,11.999701499938965,31.560073852539062,6.0,11.999700546264648,26.040075302124023
5.28,0.015632795300998387,-1.4074915611667187,-1.5597426640163414,0.0058404149306610234,0.0058404149306610234,ok,6.0,11.999712944030762,31.680070877075195,6.0,11.999712944030762,26.160072326660156,6.0,11.999712944030762,31.680070877075195,6.0,11.999712944030762,26.160072326660156
5.29,0.01569735090216844,-1.4133316657301045,-1.5597432029608738,0.005840507763858148,0.0058404149306610234,ok,6.0,11.999724388122559,31.80006980895996,6.0,11.999723434448242,26.28006935119629,6.0,11.999724388122559,31.80006980895996,6.0,11.999723434448242,26.28006935119629
5.30,0.015761904417186584,-1.4191717238981356,-1.5597432029608738,0.0058404149306610234,0.0058404149306610234,ok,6.0,11.999734878540039,31.920066833496094,6.0,11.999734878540039,26.400066375732422,6.0,11.999734878540039,31.920066833496094,6.0,11.999734878540039,26.400066375732422
5.31,0.015826458992255703,-1.4250117356339953,-1.5597426640163414,0.005840322097463899,0.0058404149306610234,ok,6.0,11.99974536895752,32.040061950683594,6.0,11.99974536895752,26.520063400268555,6.0,11.99974536895752,32.040061950683594,6.0,11.99974536895752,26.520063400268555
5.32,0.015891014593425755,-1.430851840197381,-1.5597432029608738,0.005840507763858148,0.0058404149306610234,ok,6.0,11.999754905700684,32.16006088256836,6.0,11.999754905700684,26.640060424804688,6.0,11.999754905700684,32.16006088256836,6.0,11.999754905700684,26.640060424804688
5.33,0.01595556913451983,-1.4366919911929386,-1.5597432029608738,0.005840507763858148,0.005840507763858148,ok,6.0,11.999765396118164,32.280059814453125,6.0,11.999764442443848,26.760059356689453,6.0,11.999765396118164,32.280059814453125,6.0,11.999764442443848,26.760059356689453
5.34,0.016020123709588947,-1.4425320029287982,-1.5597426640163414,0.005840322097463899,0.0058404149306610234,ok,6.0,11.999773979187012,32.400054931640625,6.0,11.999773979187012,26.880056381225586,6.0,11.999773979187012,32.400054931640625,6.0,11.999773979187012,26.880056381225586
5.35,0.016084679310759,-1.448372107492184,-1.5597432029608738,0.005840507763858148,0.0058404149306610234,ok,6.0,11.99978256225586,32.52005386352539,6.0,11.99978256225586,27.00005340576172,6.0,11.99978256225586,32.52005386352539,6.0,11.99978256225586,27.00005340576172
5.36,0.016149233851853073,-1.4542122584877415,-1.5597432029608738,0.005840507763858148,0.005840507763858148,ok,6.0,11.999791145324707,32.640052795410156,6.0,11.999791145324707,27.120052337646484,6.0,11.999791145324707,32.640052795410156,6.0,11.999791145324707,27.120052337646484
5.37,0.01621378630683269,-1.4600523630859241,-1.559743741905406,0.005840507763858148,0.0058404149306610234,ok,6.0,11.999799728393555,32.76005172729492,6.0,11.999799728393555,27.240049362182617,6.0,11.999799728393555,32.76005172729492,6.0,11.999799728393555,27.240049362182617
5.38,0.016278339821869558,-1.4658924212541482,-1.5597426640163412,0.005840322097463899,0.005840507763858148,ok,6.0,11.999807357788086,32.88004684448242,6.0,11.999807357788086,27.360048294067383,6.0,11.999807357788086,32.88004684448242,6.0,11.999807357788086,27.360048294067383
5.39,0.01634289751048107,-1.4717325722149135,-1.5597426640163412,0.005840507763858148,0.005840507763858148,ok,6.0,11.999814987182617,33.00004577636719,6.0,11.999814987182617,27.48004722595215,6.0,11.999814987182617,33.00004577636719,6.0,11.999814987182617,27.48004722595215
5.40,0.01640745311165112,-1.4775726767782993,-1.5597432029608735,0.005840507763858148,0.0058404149306610234,ok,6.0,11.999822616577148,33.12004470825195,6.0,11.999821662902832,27.60004425048828,6.0,11.999822616577148,33.12004470825195,6.0,11.999821662902832,27.60004425048828
5.41,0.016472007652745195,-1.4834128277738567,-1.5597432029608735,0.005840507763858148,0.005840507763858148,ok,6.0,11.999829292297363,33.24004364013672,6.0,11.999829292297363,27.720043182373047,6.0,11.999829292297363,33.24004364013672,6.0,11.999829292297363,27.720043182373047
5.42,0.01653656010772481,-1.4892529323720394,-1.5597437419054059,0.005840507763858148,0.0058404149306610234,ok,6.0,11.999835968017578,33.360042572021484,6.0,11.999835968017578,27.84004020690918,6.0,11.999835968017578,33.360042572021484,6.0,11.999835968017578,27.84004020690918
5.43,0.01660111362276168,-1.4950929905402635,-1.559742664016341,0.005840322097463899,0.005840507763858148,ok,6.0,11.999842643737793,33.480037689208984,6.0,11.999842643737793,27.960039138793945,6.0,11.999842643737793,33.480037689208984,6.0,11.999842643737793,27.960039138793945
5.44,0.016665671311373195,-1.5009331415010287,-1.559742664016341,0.005840507763858148,0.005840507763858148,ok,6.0,11.999848365783691,33.60003662109375,6.0,11.999848365783691,28.08003807067871,6.0,11.999848365783691,33.60003662109375,6.0,11.999848365783691,28.08003807067871
5.45,0.01673022899998471,-1.506773292461794,-1.559742664016341,0.005840507763858148,0.005840507763858148,ok,6.0,11.99985408782959,33.720035552978516,6.0,11.99985408782959,28.200037002563477,6.0,11.99985408782959,33.720035552978516,6.0,11.99985408782959,28.200037002563477
5.46,0.01679478460115476,-1.5126133970251798,-1.5597432029608733,0.005840507763858148,0.0058404149306610234,ok,6.0,11.999859809875488,33.84003448486328,6.0,11.999859809875488,28.32003402709961,6.0,11.999859809875488,33.84003448486328,6.0,11.999859809875488,28.32003402709961
5.47,0.01685933914224884,-1.5184535480207373,-1.5597432029608733,0.005840507763858148,0.005840507763858148,ok,6.0,11.999865531921387,33.96003341674805,6.0,11.999865531921387,28.440032958984375,6.0,11.999865531921387,33.96003341674805,6.0,11.999865531921387,28.440032958984375
5.48,0.016923893683342916,-1.5242936990162947,-1.5597432029608733,0.005840507763858148,0.005840507763858148,ok,6.0,11.999871253967285,34.08003234863281,6.0,11.999871253967285,28.56003189086914,6.0,11.999871253967285,34.08003234863281,6.0,11.999871253967285,28.56003189086914
5.49,0.016988448224436993,-1.5301338500118522,-1.5597432029608733,0.005840507763858148,0.005840507763858148,ok,6.0,11.999876022338867,34.20003128051758,6.0,11.999876022338867,28.680030822753906,6.0,11.999876022338867,34.20003128051758,6.0,11.999876022338867,28.680030822753906
5.50,0.01705300276553107,-1.5359740010074097,-1.5597432029608733,0.005840507763858148,0.005840507763858148,ok,6.0,11.99988079071045,34.320030212402344,6.0,11.99988079071045,28.800029754638672,6.0,11.99988079071045,34.320030212402344,6.0,11.99988079071045,28.800029754638672
5.51,0.017117557306625147,-1.5418141520029671,-1.5597432029608733,0.005840507763858148,0.005840507763858148,ok,6.0,11.999885559082031,34.44002914428711,6.0,11.999885559082031,28.920028686523438,6.0,11.999885559082031,34.44002914428711,6.0,11.999885559082031,28.920028686523438
5.52,0.017182111847719225,-1.5476543029985246,-1.5597432029608733,0.005840507763858148,0.005840507763858148,ok,6.0,11.999890327453613,34.560028076171875,6.0,11.999890327453613,29.040027618408203,6.0,11.999890327453613,34.560028076171875,6.0,11.999890327453613,29.040027618408203
5.53,0.017246666388813302,-1.553494453994082,-1.5597432029608733,0.005840507763858148,0.005840507763858148,ok,6.0,11.999894142150879,34.68002700805664,6.0,11.999894142150879,29.16002655029297,6.0,11.999894142150879,34.68002700805664,6.0,11.999894142150879,29.16002655029297
5.54,0.01731122092990738,-1.5593346049896395,-1.5597432029608733,0.005840507763858148,0.005840507763858148,ok,6.0,11.999898910522461,34.800025939941406,6.0,11.999897956848145,29.280025482177734,6.0,11.999898910522461,34.800025939941406,6.0,11.999897956848145,29.280025482177734
5.55,0.017375775471001456,-1.565174755985197,-1.5597432029608733,0.005840507763858148,0.005840507763858148,ok,6.0,11.999902725219727,34.92002487182617,6.0,11.999902725219727,29.4000244140625,6.0,11.999902725219727,34.92002487182617,6.0,11.999902725219727,29.4000244140625
5.56,0.017440330012095533,-1.5710149069807544,-1.5597432029608733,0.005840507763858148,0.005840507763858148,ok,6.0,11.999906539916992,35.04002380371094,6.0,11.999906539916992,29.520023345947266,6.0,11.999906539916992,35.04002380371094,6.0,11.999906539916992,29.520023345947266
5.57,0.01750488455318961,-1.5768550579763119,-1.5597432029608733,0.005840507763858148,0.005840507763858148,ok,6.0,11.999910354614258,35.1600227355957,6.0,11.999910354614258,29.64002227783203,6.0,11.999910354614258,35.1600227355957,6.0,11.999910354614258,29.64002227783203
5.58,0.017569439094283688,-1.5826952089718693,-1.5597432029608733,0.005840507763858148,0.005840507763858148,ok,6.0,11.999913215637207,35.28002166748047,6.0,11.999913215637207,29.760021209716797,6.0,11.999913215637207,35.28002166748047,6.0,11.999913215637207,29.760021209716797
5.59,0.017633993635377765,-1.5885353599674268,-1.5597432029608733,0.005840507763858148,0.005840507763858148,ok,6.0,11.999917030334473,35.400020599365234,6.0,11.999917030334473,29.880020141601562,6.0,11.999917030334473,35.400020599365234,6.0,11.999917030334473,29.880020141601562
5.60,0.017698548176471842,-1.5943755109629842,-1.5597432029608733,0.005840507763858148,0.005840507763858148,ok,6.0,11.999919891357422,35.52001953125,6.0,11.999919891357422,30.000019073486328,6.0,11.999919891357422,35.52001953125,6.0,11.999919891357422,30.000019073486328
5.61,0.017763104803743435,-1.6002157083539505,-1.559742664016341,0.005840507763858148,0.005840600597055271,ok,6.0,11.999923706054688,35.640018463134766,6.0,11.999922752380371,30.120019912719727,6.0,11.999923706054688,35.640018463134766,6.0,11.999922752380371,30.120019912719727
5.62,0.01782766249235495,-1.6060558593147158,-1.559742664016341,0.005840507763858148,0.005840507763858148,ok,6.0,11.999926567077637,35.76001739501953,6.0,11.999926567077637,30.240018844604492,6.0,11.999926567077637,35.76001739501953,6.0,11.999926567077637,30.240018844604492
5.63,0.017892220180966464,-1.6118960102754811,-1.559742664016341,0.005840507763858148,0.005840507763858148,ok,6.0,11.999929428100586,35.8800163269043,6.0,11.999929428100586,30.360017776489258,6.0,11.999929428100586,35.8800163269043,6.0,11.999929428100586,30.360017776489258
5.64,0.01795677786957798,-1.6177361612362464,-1.559742664016341,0.005840507763858148,0.005840507763858148,ok,6.0,11.999932289123535,36.00001525878906,6.0,11.999932289123535,30.480016708374023,6.0,11.999932289123535,36.00001525878906,6.0,11.999932289123535,30.480016708374023
5.65,0.018021333436767012,-1.6235764050595505,-1.5597437419054059,0.0058406934302523954,0.005840507763858148,ok,6.0,11.999934196472168,36.120018005371094,6.0,11.999934196472168,30.60001564025879,6.0,11.999934196472168,36.120018005371094,6.0,11.999934196472168,30.60001564025879
5.66,0.01808588691779816,-1.6294166024853143,-1.5597432029608735,0.005840507763858148,0.005840600597055271,ok,6.0,11.999937057495117,36.24001693725586,6.0,11.999937057495117,30.720016479492188,6.0,11.999937057495117,36.24001693725586,6.0,11.999937057495117,30.720016479492188
5.67,0.018150441458892233,-1.6352567534808717,-1.5597432029608735,0.005840507763858148,0.005840507763858148,ok,6.0,11.999939918518066,36.360015869140625,6.0,11.999939918518066,30.840015411376953,6.0,11.999939918518066,36.360015869140625,6.0,11.999939918518066,30.840015411376953
5.68,0.018214995999986307,-1.6410969044764292,-1.5597432029608735,0.005840507763858148,0.005840507763858148,ok,6.0,11.9999418258667,36.48001480102539,6.0,11.9999418258667,30.96001434326172,6.0,11.9999418258667,36.48001480102539,6.0,11.9999418258667,30.96001434326172
5.69,0.01827955054108038,-1.6469370554719867,-1.5597432029608735,0.005840507763858148,0.005840507763858148,ok,6.0,11.999944686889648,36.600013732910156,6.0,11.999944686889648,31.080013275146484,6.0,11.999944686889648,36.600013732910156,6.0,11.999944686889648,31.080013275146484
5.70,0.018344107168351973,-1.652777252862953,-1.5597426640163412,0.005840507763858148,0.005840600597055271,ok,6.0,11.999946594238281,36.72001266479492,6.0,11.999946594238281,31.200014114379883,6.0,11.999946594238281,36.72001266479492,6.0,11.999946594238281,31.200014114379883
5.71,0.018408664856963484,-1.6586174038237183,-1.5597426640163412,0.005840507763858148,0.005840507763858148,ok,6.0,11.999948501586914,36.84001159667969,6.0,11.999948501586914,31.32001304626465,6.0,11.999948501586914,36.84001159667969,6.0,11.999948501586914,31.32001304626465
5.72,0.018473222545574996,-1.6644575547844835,-1.5597426640163412,0.005840507763858148,0.005840507763858148,ok,6.0,11.999950408935547,36.96001052856445,6.0,11.999950408935547,31.440011978149414,6.0,11.999950408935547,36.96001052856445,6.0,11.999950408935547,31.440011978149414
5.73,0.018537780198946918,-1.6702978450029216,-1.5597432029608735,0.0058406934302523954,0.005840600597055271,ok,6.0,11.99995231628418,37.080013275146484,6.0,11.99995231628418,31.560012817382812,6.0,11.99995231628418,37.080013275146484,6.0,11.99995231628418,31.560012817382812
5.74,0.018602334740040992,-1.676137995998479,-1.5597432029608735,0.005840507763858148,0.005840507763858148,ok,6.0,11.999954223632812,37.20001220703125,6.0,11.999954223632812,31.680011749267578,6.0,11.999954223632812,37.20001220703125,6.0,11.999954223632812,31.680011749267578
5.75,0.018666889281135066,-1.6819781469940365,-1.5597432029608735,0.005840507763858148,0.005840507763858148,ok,6.0,11.999956130981445,37.320011138916016,6.0,11.999956130981445,31.800010681152344,6.0,11.999956130981445,37.320011138916016,6.0,11.999956130981445,31.800010681152344
5.76,0.01873144382222914,-1.687818297989594,-1.5597432029608735,0.005840507763858148,0.005840507763858148,ok,6.0,11.999958038330078,37.44001007080078,6.0,11.999958038330078,31.92000961303711,6.0,11.999958038330078,37.44001007080078,6.0,11.999958038330078,31.92000961303711
5.77,0.018795998363323213,-1.6936584489851514,-1.5597432029608735,0.005840507763858148,0.005840507763858148,ok,6.0,11.999959945678711,37.56000900268555,6.0,11.999959945678711,32.040008544921875,6.0,11.999959945678711,37.56000900268555,6.0,11.999959945678711,32.040008544921875
5.78,0.018860557077980858,-1.699498692773658,-1.5597421250718086,0.005840507763858148,0.0058406934302523954,ok,6.0,11.999960899353027,37.68000793457031,6.0,11.999960899353027,32.160011291503906,6.0,11.999960899353027,37.68000793457031,6.0,11.999960899353027,32.160011291503906
5.79,0.018925115792638503,-1.7053389365621645,-1.5597432029608735,0.0058406934302523954,0.005840507763858148,ok,6.0,11.99996280670166,37.800010681152344,6.0,11.99996280670166,32.28001022338867,6.0,11.99996280670166,37.800010681152344,6.0,11.99996280670166,32.28001022338867
5.80,0.018989670333732576,-1.711179087557722,-1.5597432029608735,0.005840507763858148,0.005840507763858148,ok,6.0,11.999963760375977,37.92000961303711,6.0,11.999963760375977,32.40000915527344,6.0,11.999963760375977,37.92000961303711,6.0,11.999963760375977,32.40000915527344
5.81,0.01905422487482665,-1.7170192385532794,-1.5597432029608735,0.005840507763858148,0.005840507763858148,ok,6.0,11.99996566772461,38.040008544921875,6.0,11.99996566772461,32.5200080871582,6.0,11.99996566772461,38.040008544921875,6.0,11.99996566772461,32.5200080871582
5.82,0.019118779415920724,-1.7228593895488369,-1.5597432029608735,0.005840507763858148,0.005840507763858148,ok,6.0,11.999966621398926,38.16000747680664,6.0,11.999966621398926,32.64000701904297,6.0,11.999966621398926,38.16000747680664,6.0,11.999966621398926,32.64000701904297
5.83,0.01918333813057837,-1.7286996333373434,-1.5597421250718086,0.005840507763858148,0.0058406934302523954,ok,6.0,11.999968528747559,38.280006408691406,6.0,11.999968528747559,32.760009765625,6.0,11.999968528747559,38.280006408691406,6.0,11.999968528747559,32.760009765625
5.84,0.019247896845236014,-1.73453987712585,-1.5597432029608735,0.0058406934302523954,0.005840507763858148,ok,6.0,11.999969482421875,38.40000915527344,6.0,11.999969482421875,32.880008697509766,6.0,11.999969482421875,38.40000915527344,6.0,11.999969482421875,32.880008697509766
5.85,0.019312451386330087,-1.7403800281214075,-1.5597432029608735,0.005840507763858148,0.005840507763858148,ok,6.0,11.999970436096191,38.5200080871582,6.0,11.999970436096191,33.00000762939453,6.0,11.999970436096191,38.5200080871582,6.0,11.999970436096191,33.00000762939453
5.86,0.01937700592742416,-1.746220179116965,-1.5597432029608735,0.005840507763858148,0.005840507763858148,ok,6.0,11.999971389770508,38.64000701904297,6.0,11.999971389770508,33.1200065612793,6.0,11.999971389770508,38.64000701904297,6.0,11.999971389770508,33.1200065612793
5.87,0.019441560468518235,-1.7520603301125224,-1.5597432029608735,0.005840507763858148,0.005840507763858148,ok,6.0,11.99997329711914,38.760005950927734,6.0,11.99997329711914,33.24000549316406,6.0,11.99997329711914,38.760005950927734,6.0,11.99997329711914,33.24000549316406
5.88,0.01950611918317588,-1.757900573901029,-1.5597421250718086,0.005840507763858148,0.0058406934302523954,ok,6.0,11.999974250793457,38.8800048828125,6.0,11.999974250793457,33.360008239746094,6.0,11.999974250793457,38.8800048828125,6.0,11.999974250793457,33.360008239746094
5.89,0.019570677897833524,-1.7637408176895355,-1.5597432029608735,0.0058406934302523954,0.005840507763858148,ok,6.0,11.999975204467773,39.00000762939453,6.0,11.999975204467773,33.48000717163086,6.0,11.999975204467773,39.00000762939453,6.0,11.999975204467773,33.48000717163086
5.90,0.019635232438927598,-1.769580968685093,-1.5597432029608735,0.005840507763858148,0.005840507763858148,ok,6.0,11.99997615814209,39.1200065612793,6.0,11.99997615814209,33.600006103515625,6.0,11.99997615814209,39.1200065612793,6.0,11.99997615814209,33.600006103515625
5.91,0.019699786980021672,-1.7754211196806504,-1.5597432029608735,0.005840507763858148,0.005840507763858148,ok,6.0,11.999977111816406,39.24000549316406,6.0,11.999977111816406,33.72000503540039,6.0,11.999977111816406,39.24000549316406,6.0,11.999977111816406,33.72000503540039
5.92,0.019764341521115746,-1.7812612706762079,-1.5597432029608735,0.005840507763858148,0.005840507763858148,ok,6.0,11.999978065490723,39.36000442504883,6.0,11.999978065490723,33.840003967285156,6.0,11.999978065490723,39.36000442504883,6.0,11.999978065490723,33.840003967285156
5.93,0.01982889811436168,-1.7871016073268182,-1.5597432029608735,0.0058406934302523954,0.0058406934302523954,ok,6.0,11.999979019165039,39.48000717163086,6.0,11.999979019165039,33.96000671386719,6.0,11.999979019165039,39.48000717163086,6.0,11.999979019165039,33.96000671386719
5.94,0.019893452655455755,-1.7929417583223757,-1.5597432029608735,0.005840507763858148,0.005840507763858148,ok,6.0,11.999979972839355,39.600006103515625,6.0,11.999979019165039,34.08000564575195,6.0,11.999979972839355,39.600006103515625,6.0,11.999979019165039,34.08000564575195
5.95,0.01995800719654983,-1.7987819093179331,-1.5597432029608735,0.005840507763858148,0.005840507763858148,ok,6.0,11.999979972839355,39.72000503540039,6.0,11.999979972839355,34.20000457763672,6.0,11.999979972839355,39.72000503540039,6.0,11.999979972839355,34.20000457763672
5.96,0.020022561737643902,-1.8046220603134906,-1.5597432029608735,0.005840507763858148,0.005840507763858148,ok,6.0,11.999980926513672,39.840003967285156,6.0,11.999980926513672,34.320003509521484,6.0,11.999980926513672,39.840003967285156,6.0,11.999980926513672,34.320003509521484
5.97,0.020087120452301547,-1.8104623041019972,-1.5597421250718086,0.005840507763858148,0.0058406934302523954,ok,6.0,11.999981880187988,39.96000289916992,6.0,11.999981880187988,34.440006256103516,6.0,11.999981880187988,39.96000289916992,6.0,11.999981880187988,34.440006256103516
5.98,0.02015167916695919,-1.8163025478905037,-1.5597432029608735,0.0058406934302523954,0.005840507763858148,ok,6.0,11.999982833862305,40.08000564575195,6.0,11.999982833862305,34.56000518798828,6.0,11.999982833862305,40.08000564575195,6.0,11.999982833862305,34.56000518798828
5.99,0.020216233708053265,-1.8221426988860612,-1.5597432029608735,0.005840507763858148,0.005840507763858148,ok,6.0,11.999982833862305,40.20000457763672,6.0,11.999982833862305,34.68000411987305,6.0,11.999982833862305,40.20000457763672,6.0,11.999982833862305,34.68000411987305
6.00,0.02028078824914734,-1.8279828498816186,-1.5597432029608735,0.005840507763858148,0.005840507763858148,ok,6.0,11.999983787536621,40.320003509521484,6.0,11.999983787536621,34.80000305175781,6.0,11.999983787536621,40.320003509521484,6.0,11.999983787536621,34.80000305175781
6.01,0.020345342790241413,-1.833823000877176,-1.5597432029608735,0.005840507763858148,0.005840507763858148,ok,6.0,11.999984741210938,40.44000244140625,6.0,11.999984741210938,34.92000198364258,6.0,11.999984741210938,40.44000244140625,6.0,11.999984741210938,34.92000198364258
6.02,0.020409899383487348,-1.8396633375277864,-1.5597432029608735,0.0058406934302523954,0.0058406934302523954,ok,6.0,11.999984741210938,40.56000518798828,6.0,11.999984741210938,35.04000473022461,6.0,11.999984741210938,40.56000518798828,6.0,11.999984741210938,35.04000473022461
6.03,0.020474453924581422,-1.845503488523344,-1.5597432029608735,0.005840507763858148,0.005840507763858148,ok,6.0,11.999985694885254,40.68000411987305,6.0,11.999985694885254,35.160003662109375,6.0,11.999985694885254,40.68000411987305,6.0,11.999985694885254,35.160003662109375
6.04,0.020539008465675496,-1.8513436395189014,-1.5597432029608735,0.005840507763858148,0.005840507763858148,ok,6.0,11.99998664855957,40.80000305175781,6.0,11.99998664855957,35.28000259399414,6.0,11.99998664855957,40.80000305175781,6.0,11.99998664855957,35.28000259399414
6.05,0.02060356300676957,-1.8571837905144588,-1.5597432029608735,0.005840507763858148,0.005840507763858148,ok,6.0,11.99998664855957,40.92000198364258,6.0,11.99998664855957,35.400001525878906,6.0,11.99998664855957,40.92000198364258,6.0,11.99998664855957,35.400001525878906
6.06,0.020668119600015505,-1.8630241271650692,-1.5597432029608735,0.0058406934302523954,0.0058406934302523954,ok,6.0,11.999987602233887,41.04000473022461,6.0,11.999987602233887,35.52000427246094,6.0,11.999987602233887,41.04000473022461,6.0,11.999987602233887,35.52000427246094
6.07,0.02073267414110958,-1.8688642781606266,-1.5597432029608735,0.005840507763858148,0.005840507763858148,ok,6.0,11.999987602233887,41.160003662109375,6.0,11.999987602233887,35.6400032043457,6.0,11.999987602233887,41.160003662109375,6.0,11.999987602233887,35.6400032043457
6.08,0.020797228682203652,-1.874704429156184,-1.5597432029608735,0.005840507763858148,0.005840507763858148,ok,6.0,11.999988555908203,41.28000259399414,6.0,11.999988555908203,35.76000213623047,6.0,11.999988555908203,41.28000259399414,6.0,11.999988555908203,35.76000213623047
6.09,0.020861783223297726,-1.8805445801517415,-1.5597432029608735,0.005840507763858148,0.005840507763858148,ok,6.0,11.999988555908203,41.400001525878906,6.0,11.999988555908203,35.880001068115234,6.0,11.999988555908203,41.400001525878906,6.0,11.999988555908203,35.880001068115234
6.10,0.02092633981654366,-1.8863849168023519,-1.5597432029608735,0.0058406934302523954,0.0058406934302523954,ok,6.0,11.99998950958252,41.52000427246094,6.0,11.99998950958252,36.000003814697266,6.0,11.99998950958252,41.52000427246094,6.0,11.99998950958252,36.000003814697266
6.11,0.020990894357637735,-1.8922250677979093,-1.5597432029608735,0.005840507763858148,0.005840507763858148,ok,6.0,11.99998950958252,41.6400032043457,6.0,11.99998950958252,36.12000274658203,6.0,11.99998950958252,41.6400032043457,6.0,11.99998950958252,36.12000274658203
6.12,0.02105544889873181,-1.8980652187934668,-1.5597432029608735,0.005840507763858148,0.005840507763858148,ok,6.0,11.999990463256836,41.76000213623047,6.0,11.999990463256836,36.2400016784668,6.0,11.999990463256836,41.76000213623047,6.0,11.999990463256836,36.2400016784668
6.13,0.021120003439825882,-1.9039053697890242,-1.5597432029608735,0.005840507763858148,0.005840507763858148,ok,6.0,11.999990463256836,41.880001068115234,6.0,11.999990463256836,36.36000061035156,6.0,11.999990463256836,41.880001068115234,6.0,11.999990463256836,36.36000061035156
6.14,0.021184560033071818,-1.9097457064396346,-1.5597432029608735,0.0058406934302523954,0.0058406934302523954,ok,6.0,11.999990463256836,42.000003814697266,6.0,11.999990463256836,36.480003356933594,6.0,11.999990463256836,42.000003814697266,6.0,11.999990463256836,36.480003356933594
6.15,0.02124911457416589,-1.915585857435192,-1.5597432029608735,0.005840507763858148,0.005840507763858148,ok,6.0,11.999991416931152,42.12000274658203,6.0,11.999991416931152,36.60000228881836,6.0,11.999991416931152,42.12000274658203,6.0,11.999991416931152,36.60000228881836
6.16,0.021313669115259965,-1.9214260084307495,-1.5597432029608735,0.005840507763858148,0.005840507763858148,ok,6.0,11.999991416931152,42.2400016784668,6.0,11.999991416931152,36.720001220703125,6.0,11.999991416931152,42.2400016784668,6.0,11.999991416931152,36.720001220703125
6.17,0.02137822365635404,-1.927266159426307,-1.5597432029608735,0.005840507763858148,0.005840507763858148,ok,6.0,11.999991416931152,42.36000061035156,6.0,11.999991416931152,36.84000015258789,6.0,11.999991416931152,42.36000061035156,6.0,11.999991416931152,36.84000015258789
6.18,0.021442780249599974,-1.9331064960769173,-1.5597432029608735,0.0058406934302523954,0.0058406934302523954,ok,6.0,11.999992370605469,42.480003356933594,6.0,11.999992370605469,36.96000289916992,6.0,11.999992370605469,42.480003356933594,6.0,11.999992370605469,36.96000289916992
6.19,0.021507334790694048,-1.9389466470724748,-1.5597432029608735,0.005840507763858148,0.005840507763858148,ok,6.0,11.999992370605469,42.60000228881836,6.0,11.999992370605469,37.08000183105469,6.0,11.999992370605469,42.60000228881836,6.0,11.999992370605469,37.08000183105469
6.20,0.02157188933178812,-1.9447867980680322,-1.5597432029608735,0.005840507763858148,0.005840507763858148,ok,6.0,11.999992370605469,42.720001220703125,6.0,11.999992370605469,37.20000076293945,6.0,11.999992370605469,42.720001220703125,6.0,11.999992370605469,37.20000076293945
6.21,0.021636448046445766,-1.9506270418565388,-1.5597421250718086,0.005840507763858148,0.0058406934302523954,ok,6.0,11.999993324279785,42.84000015258789,6.0,11.999993324279785,37.320003509521484,6.0,11.999993324279785,42.84000015258789,6.0,11.999993324279785,37.320003509521484
6.22,0.02170100676110341,-1.9564672856450454,-1.5597432029608735,0.0058406934302523954,0.005840507763858148,ok,6.0,11.999993324279785,42.96000289916992,6.0,11.999993324279785,37.44000244140625,6.0,11.999993324279785,42.96000289916992,6.0,11.999993324279785,37.44000244140625
6.23,0.021765561302197485,-1.9623074366406028,-1.5597432029608735,0.005840507763858148,0.005840507763858148,ok,6.0,11.999993324279785,43.08000183105469,6.0,11.999993324279785,37.560001373291016,6.0,11.999993324279785,43.08000183105469,6.0,11.999993324279785,37.560001373291016
6.24,0.02183011584329156,-1.9681475876361603,-1.5597432029608735,0.005840507763858148,0.005840507763858148,ok,6.0,11.999994277954102,43.20000076293945,6.0,11.999994277954102,37.68000030517578,6.0,11.999994277954102,43.20000076293945,6.0,11.999994277954102,37.68000030517578
6.25,0.021894674557949204,-1.9739878314246668,-1.5597421250718086,0.005840507763858148,0.0058406934302523954,ok,6.0,11.999994277954102,43.31999969482422,6.0,11.999994277954102,37.80000305175781,6.0,11.999994277954102,43.31999969482422,6.0,11.999994277954102,37.80000305175781
6.26,0.02195923327260685,-1.9798280752131734,-1.5597432029608735,0.0058406934302523954,0.005840507763858148,ok,6.0,11.999994277954102,43.44000244140625,6.0,11.999994277954102,37.92000198364258,6.0,11.999994277954102,43.44000244140625,6.0,11.999994277954102,37.92000198364258
6.27,0.022023787813700922,-1.9856682262087308,-1.5597432029608735,0.005840507763858148,0.005840507763858148,ok,6.0,11.999994277954102,43.560001373291016,6.0,11.999994277954102,38.040000915527344,6.0,11.999994277954102,43.560001373291016,6.0,11.999994277954102,38.040000915527344
6.28,0.022088342354794996,-1.9915083772042883,-1.5597432029608735,0.005840507763858148,0.005840507763858148,ok,6.0,11.999994277954102,43.68000030517578,6.0,11.999994277954102,38.15999984741211,6.0,11.999994277954102,43.68000030517578,6.0,11.999994277954102,38.15999984741211
6.29,0.02215289894804093,-1.9973487138548986,-1.5597432029608735,0.0058406934302523954,0.0058406934302523954,ok,6.0,11.999995231628418,43.80000305175781,6.0,11.999995231628418,38.28000259399414,6.0,11.999995231628418,43.80000305175781,6.0,11.999995231628418,38.28000259399414
6.30,0.022217453489135005,-2.0031888648504563,-1.5597432029608735,0.005840507763858148,0.005840507763858148,ok,6.0,11.999995231628418,43.92000198364258,6.0,11.999995231628418,38.400001525878906,6.0,11.999995231628418,43.92000198364258,6.0,11.999995231628418,38.400001525878906
6.31,0.02228200803022908,-2.009029015846014,-1.5597432029608735,0.005840507763858148,0.005840507763858148,ok,6.0,11.999995231628418,44.040000915527344,6.0,11.999995231628418,38.52000045776367,6.0,11.999995231628418,44.040000915527344,6.0,11.999995231628418,38.52000045776367
6.32,0.022346562571323152,-2.0148691668415712,-1.5597432029608735,0.005840507763858148,0.005840507763858148,ok,6.0,11.999995231628418,44.15999984741211,6.0,11.999995231628418,38.63999938964844,6.0,11.999995231628418,44.15999984741211,6.0,11.999995231628418,38.63999938964844
6.33,0.022411119164569088,-2.0207095034921814,-1.5597432029608735,0.0058406934302523954,0.0058406934302523954,ok,6.0,11.999995231628418,44.28000259399414,6.0,11.999995231628418,38.76000213623047,6.0,11.999995231628418,44.28000259399414,6.0,11.999995231628418,38.76000213623047
6.34,0.02247567370566316,-2.026549654487739,-1.5597432029608735,0.005840507763858148,0.005840507763858148,ok,6.0,11.999996185302734,44.400001525878906,6.0,11.999996185302734,38.880001068115234,6.0,11.999996185302734,44.400001525878906,6.0,11.999996185302734,38.880001068115234
6.35,0.022540228246757235,-2.0323898054832963,-1.5597432029608735,0.005840507763858148,0.005840507763858148,ok,6.0,11.999996185302734,44.52000045776367,6.0,11.999996185302734,39.0,6.0,11.999996185302734,44.52000045776367,6.0,11.999996185302734,39.0
6.36,0.02260478696141488,-2.0382300492718026,-1.5597421250718086,0.005840507763858148,0.0058406934302523954,ok,6.0,11.999996185302734,44.63999938964844,6.0,11.999996185302734,39.12000274658203,6.0,11.999996185302734,44.63999938964844,6.0,11.999996185302734,39.12000274658203
6.37,0.022669345676072525,-2.044070293060309,-1.5597432029608735,0.0058406934302523954,0.005840507763858148,ok,6.0,11.999996185302734,44.76000213623047,6.0,11.999996185302734,39.2400016784668,6.0,11.999996185302734,44.76000213623047,6.0,11.999996185302734,39.2400016784668
6.38,0.0227339002171666,-2.0499104440558664,-1.5597432029608735,0.005840507763858148,0.005840507763858148,ok,6.0,11.999996185302734,44.880001068115234,6.0,11.999996185302734,39.36000061035156,6.0,11.999996185302734,44.880001068115234,6.0,11.999996185302734,39.36000061035156
6.39,0.022798454758260672,-2.055750595051424,-1.5597432029608735,0.005840507763858148,0.005840507763858148,ok,6.0,11.999996185302734,45.0,6.0,11.999996185302734,39.47999954223633,6.0,11.999996185302734,45.0,6.0,11.999996185302734,39.47999954223633
6.40,0.022861736965200875,-2.061475639914253,-1.5597432029608735,0.005725394599424411,0.005725394599424411,ok,0.0,11.529470443725586,45.11763381958008,0.0,11.529470443725586,39.597633361816406,0.0,11.529470443725586,45.11763381958008,0.0,11.529470443725586,39.597633361816406
6.41,0.02292253606838917,-2.066976042163208,-1.5597432029608735,0.005500738262384376,0.005500738262384376,ok,0.0,11.077392578125,45.23065185546875,0.0,11.077392578125,39.71065139770508,0.0,11.077392578125,45.23065185546875,0.0,11.077392578125,39.71065139770508
6.42,0.022980952623266746,-2.072260898895876,-1.5597432029608735,0.005285179578662492,0.005285179578662492,ok,0.0,10.64304256439209,45.33924102783203,0.0,10.64304256439209,39.81924057006836,0.0,10.64304256439209,45.33924102783203,0.0,10.64304256439209,39.81924057006836
6.43,0.023037076924515495,-2.07733837893458,-1.5597432029608735,0.005077790216287519,0.005077790216287519,ok,0.0,10.225722312927246,45.44356918334961,0.0,10.225722312927246,39.92356872558594,0.0,10.225722312927246,45.44356918334961,0.0,10.225722312927246,39.92356872558594
6.44,0.023091001318969163,-2.0822168367566944,-1.5597432029608735,0.004878755841653703,0.004878755841653703,ok,0.0,9.824766159057617,45.54380798339844,0.0,9.824766159057617,40.023807525634766,0.0,9.824766159057617,45.54380798339844,0.0,9.824766159057617,40.023807525634766
6.45,0.023142811997005915,-2.0869040698744374,-1.5597432029608735,0.004687519455578302,0.004687519455578302,ok,0.0,9.439531326293945,45.64011764526367,0.0,9.439531326293945,40.1201171875,0.0,9.439531326293945,45.64011764526367,0.0,9.439531326293945,40.1201171875
6.46,0.023192591044700193,-2.0914075044899203,-1.5597432029608735,0.004503709725272819,0.004503709725272819,ok,0.0,9.069402694702148,45.73265075683594,0.0,9.069402694702148,40.212650299072266,0.0,9.069402694702148,45.73265075683594,0.0,9.069402694702148,40.212650299072266
6.47,0.023240416443822725,-2.0957341954951487,-1.5597432029608735,0.00432695531794876,0.00432695531794876,ok,0.0,8.713786125183105,45.82155227661133,0.0,8.713786125183105,40.301551818847656,0.0,8.713786125183105,45.82155227661133,0.0,8.713786125183105,40.301551818847656
6.48,0.023286368228296085,-2.0998913834371815,-1.5597432029608735,0.00415744190000037,0.00415744190000037,ok,0.0,8.372113227844238,45.9069709777832,0.0,8.372113227844238,40.38697052001953,0.0,8.372113227844238,45.9069709777832,0.0,8.372113227844238,40.38697052001953
6.49,0.023330518223435417,-2.1038855662428664,-1.5597432029608735,0.003994426805850659,0.003994426805850659,ok,0.0,8.043838500976562,45.98904037475586,0.0,8.043838500976562,40.46903991699219,0.0,8.043838500976562,45.98904037475586,0.0,8.043838500976562,40.46903991699219
6.50,0.023372936202403993,-2.107723056183998,-1.5597432029608735,0.003837724369105379,0.003837724369105379,ok,0.0,7.728435039520264,46.06789016723633,0.0,7.728435039520264,40.547889709472656,0.0,7.728435039520264,46.06789016723633,0.0,7.728435039520264,40.547889709472656
6.51,0.023413691938365094,-2.111410165532371,-1.5597432029608735,0.0036873345897645298,0.0036873345897645298,ok,0.0,7.425398826599121,46.14365005493164,0.0,7.425398826599121,40.62364959716797,0.0,7.425398826599121,46.14365005493164,0.0,7.425398826599121,40.62364959716797
6.52,0.02345284904802641,-2.1149526495946223,-1.5597432029608735,0.003542700468645367,0.003542700468645367,ok,0.0,7.134244441986084,46.21643829345703,0.0,7.134244441986084,40.69643783569336,0.0,7.134244441986084,46.21643829345703,0.0,7.134244441986084,40.69643783569336
6.53,0.02349047114809564,-2.118356263677388,-1.5597432029608735,0.0034038220057478912,0.0034038220057478912,ok,0.0,6.854506969451904,46.286373138427734,0.0,6.854506969451904,40.76637268066406,0.0,6.854506969451904,46.286373138427734,0.0,6.854506969451904,40.76637268066406
6.54,0.02352661775097675,-2.1216263917771987,-1.5597432029608735,0.0032703278682836064,0.0032703278682836064,ok,0.0,6.585737705230713,46.35356521606445,0.0,6.585737705230713,40.83356475830078,0.0,6.585737705230713,46.35356521606445,0.0,6.585737705230713,40.83356475830078
6.55,0.023561349036282514,-2.12476832504445,-1.5597421250718086,0.0031420323898582645,0.0031422180562525126,ok,0.0,6.327507495880127,46.418121337890625,0.0,6.327507495880127,40.89812469482422,0.0,6.327507495880127,46.418121337890625,0.0,6.327507495880127,40.89812469482422
6.56,0.023594717626315924,-2.127786983357387,-1.5597432029608735,0.0030189355704718654,0.0030187499040776177,ok,0.0,6.079401969909668,46.48014831542969,0.0,6.079401969909668,40.960147857666016,0.0,6.079401969909668,46.48014831542969,0.0,6.079401969909668,40.960147857666016
6.57,0.02362677839484162,-2.1306874722470965,-1.5597432029608735,0.002900666077335914,0.002900666077335914,ok,0.0,5.841025352478027,46.53974533081055,0.0,5.841025352478027,41.019744873046875,0.0,5.841025352478027,46.53974533081055,0.0,5.841025352478027,41.019744873046875
6.58,0.02365757914212461,-2.133473968934394,-1.5597432029608735,0.0027866669112676648,0.0027866669112676648,ok,0.0,5.611995697021484,46.59700012207031,0.0,5.611995697021484,41.07699966430664,0.0,5.611995697021484,46.59700012207031,0.0,5.611995697021484,41.07699966430664
6.59,0.02368717569313582,-2.1361513932623266,-1.5597421250718086,0.002677495071449863,0.002677680737844111,ok,0.0,5.391945838928223,46.65201187133789,0.0,5.391945838928223,41.132015228271484,0.0,5.391945838928223,46.65201187133789,0.0,5.391945838928223,41.132015228271484
6.60,0.02371561066956233,-2.1387237368309973,-1.5597432029608735,0.0025725935586997646,0.0025724078923055164,ok,0.0,5.180524826049805,46.70486831665039,0.0,5.180524826049805,41.18486785888672,0.0,5.180524826049805,46.70486831665039,0.0,5.180524826049805,41.18486785888672
6.61,0.023742930967288925,-2.1411953625487663,-1.5597432029608735,0.002471776706623121,0.002471776706623121,ok,0.0,4.977393627166748,46.755653381347656,0.0,4.977393627166748,41.235652923583984,0.0,4.977393627166748,46.755653381347656,0.0,4.977393627166748,41.235652923583984
6.62,0.02376917798959217,-2.143569890673927,-1.5597432029608735,0.0023746731824314366,0.0023746731824314366,ok,0.0,4.782227039337158,46.804443359375,0.0,4.782227039337158,41.28444290161133,0.0,4.782227039337158,46.804443359375,0.0,4.782227039337158,41.28444290161133
6.63,0.023794396883813015,-2.1458514056176408,-1.5597432029608735,0.0022816543189132076,0.0022816543189132076,ok,0.0,4.59471321105957,46.851322174072266,0.0,4.59471321105957,41.331321716308594,0.0,4.59471321105957,46.851322174072266,0.0,4.59471321105957,41.331321716308594
6.64,0.023818626640836817,-2.1480434348259108,-1.5597432029608735,0.00219216311688569,0.00219216311688569,ok,0.0,4.414552211761475,46.8963623046875,0.0,4.414552211761475,41.37636184692383,0.0,4.414552211761475,46.8963623046875,0.0,4.414552211761475,41.37636184692383
6.65,0.023841906251548937,-2.1501495057447397,-1.5597432029608735,0.0021061995763488836,0.0021061995763488836,ok,0.0,4.241455078125,46.93963623046875,0.0,4.241455078125,41.41963577270508,0.0,4.241455078125,46.93963623046875,0.0,4.241455078125,41.41963577270508
6.66,0.023864272654682876,-2.152172960165078,-1.5597432029608735,0.0020235780309085403,0.0020235780309085403,ok,0.0,4.075145244598389,46.9812126159668,0.0,4.075145244598389,41.461212158203125,0.0,4.075145244598389,46.9812126159668,0.0,4.075145244598389,41.461212158203125
6.67,0.023885762788972132,-2.154117139877876,-1.5597432029608735,0.0019442984805646602,0.0019442984805646602,ok,0.0,3.915356397628784,47.02116012573242,0.0,3.915356397628784,41.50115966796875,0.0,3.915356397628784,47.02116012573242,0.0,3.915356397628784,41.50115966796875
6.68,0.023906411540998346,-2.1559852010190306,-1.5597432029608735,0.0018681752589229958,0.0018681752589229958,ok,0.0,3.7618331909179688,47.05954360961914,0.0,3.7618331909179688,41.53954315185547,0.0,3.7618331909179688,47.05954360961914,0.0,3.7618331909179688,41.53954315185547
6.69,0.02392624764088757,-2.157779742759281,-1.5597432029608735,0.0017946513668008028,0.0017946513668008028,ok,0.0,3.6143295764923096,47.09641647338867,0.0,3.6143295764923096,41.576416015625,0.0,3.6143295764923096,47.09641647338867,0.0,3.6143295764923096,41.576416015625
6.70,0.023945308027373303,-2.1595041068895773,-1.5597432029608735,0.001724469469775073,0.001724469469775073,ok,0.0,3.472609519958496,47.1318473815918,0.0,3.472609519958496,41.611846923828125,0.0,3.472609519958496,47.1318473815918,0.0,3.472609519958496,41.611846923828125
6.71,0.023963621430581606,-2.161160892580659,-1.5597432029608735,0.0016568869022688148,0.0016568869022688148,ok,0.0,3.336446762084961,47.165889739990234,0.0,3.336446762084961,41.64588928222656,0.0,3.336446762084961,47.165889739990234,0.0,3.336446762084961,41.64588928222656
6.72,0.02398121452848667,-2.1627525133482117,-1.5597432029608735,0.00159171799788778,0.00159171799788778,ok,0.0,3.205622673034668,47.19859313964844,0.0,3.205622673034668,41.678592681884766,0.0,3.205622673034668,47.19859313964844,0.0,3.205622673034668,41.678592681884766
6.73,0.023998120155518266,-2.1642819396730806,-1.5597432029608735,0.0015295197558147127,0.0015295197558147127,ok,0.0,3.079928398132324,47.230018615722656,0.0,3.079928398132324,41.710018157958984,0.0,3.079928398132324,47.230018615722656,0.0,3.079928398132324,41.710018157958984
6.74,0.024014360885346874,-2.165751213760846,-1.5597432029608735,0.001469363844078373,0.001469363844078373,ok,0.0,2.959162712097168,47.26020812988281,0.0,2.959162712097168,41.74020767211914,0.0,2.959162712097168,47.26020812988281,0.0,2.959162712097168,41.74020767211914
6.75,0.024029967235044514,-2.1671630276014135,-1.5597421250718086,0.0014118072618615047,0.0014119929282557526,ok,0.0,2.843132257461548,47.289215087890625,0.0,2.843132257461548,41.76921844482422,0.0,2.843132257461548,47.289215087890625,0.0,2.843132257461548,41.76921844482422
6.76,0.02404496171858579,-2.168519423400922,-1.5597421250718086,0.001356478676375612,0.001356478676375612,ok,0.0,2.731651544570923,47.31708526611328,0.0,2.731651544570923,41.797088623046875,0.0,2.731651544570923,47.31708526611328,0.0,2.731651544570923,41.797088623046875
6.77,0.024059367500912386,-2.1698226290362514,-1.5597432029608735,0.0013033780876206948,0.0013031924212264468,ok,0.0,2.624541997909546,47.34386444091797,0.0,2.624541997909546,41.8238639831543,0.0,2.624541997909546,47.34386444091797,0.0,2.624541997909546,41.8238639831543
6.78,0.024073207213063528,-2.171074686712255,-1.5597432029608735,0.0012521341628082571,0.0012521341628082571,ok,0.0,2.521632194519043,47.369590759277344,0.0,2.521632194519043,41.84959030151367,0.0,2.521632194519043,47.369590759277344,0.0,2.521632194519043,41.84959030151367
6.79,0.024086505157123343,-2.1722777314543222,-1.5597432029608735,0.001203118234726795,0.001203118234726795,ok,0.0,2.422757625579834,47.394309997558594,0.0,2.422757625579834,41.87430953979492,0.0,2.422757625579834,47.394309997558594,0.0,2.422757625579834,41.87430953979492
6.80,0.024099281854610445,-2.1734336198129816,-1.5597432029608735,0.0011559589705878127,0.0011559589705878127,ok,0.0,2.3277597427368164,47.418060302734375,0.0,2.3277597427368164,41.8980598449707,0.0,2.3277597427368164,47.418060302734375,0.0,2.3277597427368164,41.8980598449707
6.81,0.024111557827043443,-2.1745442083387605,-1.5597432029608735,0.0011106563703913099,0.0011106563703913099,ok,0.0,2.2364871501922607,47.440879821777344,0.0,2.2364871501922607,41.92087936401367,0.0,2.2364871501922607,47.440879821777344,0.0,2.2364871501922607,41.92087936401367
6.82,0.024123351543789084,-2.175611167927134,-1.5597432029608735,0.0010670247677430388,0.0010670247677430388,ok,0.0,2.1487932205200195,47.46280288696289,0.0,2.1487932205200195,41.94280242919922,0.0,2.1487932205200195,47.46280288696289,0.0,2.1487932205200195,41.94280242919922
6.83,0.024134683052745035,-2.1766362622950335,-1.5597421250718086,0.0010250641626429993,0.0010252498290372473,ok,0.0,2.064537763595581,47.483863830566406,0.0,2.064537763595581,41.9638671875,0.0,2.064537763595581,47.483863830566406,0.0,2.064537763595581,41.9638671875
6.84,0.024145571275287058,-2.1776212551717684,-1.5597432029608735,0.0009851458878796875,0.0009849602214854396,ok,0.0,1.983586072921753,47.50410461425781,0.0,1.983586072921753,41.98410415649414,0.0,1.983586072921753,47.50410461425781,0.0,1.983586072921753,41.98410415649414
6.85,0.024156031093322997,-2.17856753897583,-1.5597432029608735,0.0009463416114818634,0.0009463416114818634,ok,0.0,1.9058085680007935,47.5235481262207,0.0,1.9058085680007935,42.00354766845703,0.0,1.9058085680007935,47.5235481262207,0.0,1.9058085680007935,42.00354766845703
6.86,0.02416608048098672,-2.1794766917693336,-1.5597432029608735,0.000909208332632271,0.000909208332632271,ok,0.0,1.8310807943344116,47.54222869873047,0.0,1.8310807943344116,42.0222282409668,0.0,1.8310807943344116,47.54222869873047,0.0,1.8310807943344116,42.0222282409668
6.87,0.024175737907644972,-2.1803503844477548,-1.5597432029608735,0.0008737460513309102,0.0008737460513309102,ok,0.0,1.7592830657958984,47.5601806640625,0.0,1.7592830657958984,42.04018020629883,0.0,1.7592830657958984,47.5601806640625,0.0,1.7592830657958984,42.04018020629883
6.88,0.024185015112432685,-2.181189638108914,-1.5597421250718086,0.0008392121020007892,0.0008393977683950371,ok,0.0,1.6903005838394165,47.577423095703125,0.0,1.6903005838394165,42.05742645263672,0.0,1.6903005838394165,47.577423095703125,0.0,1.6903005838394165,42.05742645263672
6.89,0.024193929068631208,-2.181996030825924,-1.5597432029608735,0.0008065348166131479,0.0008063491502188999,ok,0.0,1.6240229606628418,47.593994140625,0.0,1.6240229606628418,42.07399368286133,0.0,1.6240229606628418,47.593994140625,0.0,1.6240229606628418,42.07399368286133
6.90,0.024202492698347504,-2.182770769361209,-1.5597432029608735,0.0007747858631967463,0.0007747858631967463,ok,0.0,1.5603440999984741,47.60991287231445,0.0,1.5603440999984741,42.08991241455078,0.0,1.5603440999984741,47.60991287231445,0.0,1.5603440999984741,42.08991241455078
6.91,0.024210721827310443,-2.1835152461228895,-1.5597432029608735,0.0007445222409343284,0.0007445222409343284,ok,0.0,1.4991620779037476,47.62520980834961,0.0,1.4991620779037476,42.10520935058594,0.0,1.4991620779037476,47.62520980834961,0.0,1.4991620779037476,42.10520935058594
6.92,0.024218626716279334,-2.1842303893862294,-1.5597432029608735,0.0007151869506431505,0.0007151869506431505,ok,0.0,1.4403791427612305,47.6399040222168,0.0,1.4403791427612305,42.119903564453125,0.0,1.4403791427612305,47.6399040222168,0.0,1.4403791427612305,42.119903564453125
6.93,0.024226223782469063,-2.1849176843916513,-1.5597432029608735,0.0006873369915059561,0.0006873369915059561,ok,0.0,1.3839011192321777,47.65402603149414,0.0,1.3839011192321777,42.13402557373047,0.0,1.3839011192321777,47.65402603149414,0.0,1.3839011192321777,42.13402557373047
6.94,0.024233521234487073,-2.185577873759366,-1.5597432029608735,0.0006602296979457536,0.0006602296979457536,ok,0.0,1.3296375274658203,47.6675910949707,0.0,1.3296375274658203,42.14759063720703,0.0,1.3296375274658203,47.6675910949707,0.0,1.3296375274658203,42.14759063720703
6.95,0.02424053343739639,-2.186212257074743,-1.5597432029608735,0.0006344220691452869,0.0006344220691452869,ok,0.0,1.2775017023086548,47.680625915527344,0.0,1.2775017023086548,42.16062545776367,0.0,1.2775017023086548,47.680625915527344,0.0,1.2775017023086548,42.16062545776367
6.96,0.0242472699543117,-2.186821669781911,-1.5597421250718086,0.0006093571059218119,0.00060954277231606,ok,0.0,1.227410078048706,47.693145751953125,0.0,1.227410078048706,42.17314910888672,0.0,1.227410078048706,47.693145751953125,0.0,1.227410078048706,42.17314910888672
6.97,0.024253743782981726,-2.1874073186424634,-1.5597432029608735,0.0005857774738523208,0.0005855918074580728,ok,0.0,1.1792826652526855,47.70518112182617,0.0,1.1792826652526855,42.1851806640625,0.0,1.1792826652526855,47.70518112182617,0.0,1.1792826652526855,42.1851806640625
6.98,0.024259961803120806,-2.1879698534524117,-1.5597432029608735,0.0005625691745713256,0.0005625691745713256,ok,0.0,1.133042335510254,47.716739654541016,0.0,1.133042335510254,42.196739196777344,0.0,1.133042335510254,47.716739654541016,0.0,1.133042335510254,42.196739196777344
6.99,0.02426593766934028,-2.188510480966131,-1.5597432029608735,0.000540660540050066,0.000540660540050066,ok,0.0,1.0886151790618896,47.727848052978516,0.0,1.0886151790618896,42.207847595214844,0.0,1.0886151790618896,47.727848052978516,0.0,1.0886151790618896,42.207847595214844
7.00,0.024271677538095726,-2.1890297581487794,-1.5597432029608735,0.0005193089047115504,0.0005193089047115504,ok,0.0,1.0459299087524414,47.73851776123047,0.0,1.0459299087524414,42.2185173034668,0.0,1.0459299087524414,47.73851776123047,0.0,1.0459299087524414,42.2185173034668
7.01,0.024277193722298317,-2.189528798930674,-1.5597432029608735,0.0004990712677385225,0.0004990712677385225,ok,0.0,1.0049184560775757,47.74877166748047,0.0,1.0049184560775757,42.2287712097168,0.0,1.0049184560775757,47.74877166748047,0.0,1.0049184560775757,42.2287712097168
7.02,0.024282492378403634,-2.190008160276973,-1.5597432029608735,0.00047939062994823843,0.00047939062994823843,ok,0.0,0.9655150175094604,47.75862121582031,0.0,0.9655150175094604,42.23862075805664,0.0,0.9655150175094604,47.75862121582031,0.0,0.9655150175094604,42.23862075805664
7.03,0.02428758376717098,-2.1904687704629406,-1.5597432029608735,0.00046063832412919427,0.00046063832412919427,ok,0.0,0.9276566505432129,47.76808547973633,0.0,0.9276566505432129,42.248085021972656,0.0,0.9276566505432129,47.76808547973633,0.0,0.9276566505432129,42.248085021972656
7.04,0.0242924760972078,-2.1909113721087876,-1.5597432029608735,0.00044262868388714194,0.00044262868388714194,ok,0.0,0.8912826776504517,47.77717971801758,0.0,0.8912826776504517,42.257179260253906,0.0,0.8912826776504517,47.77717971801758,0.0,0.8912826776504517,42.257179260253906
7.05,0.02429717552496968,-2.1913365221796726,-1.5597432029608735,0.0004251760428278335,0.0004251760428278335,ok,0.0,0.8563349843025208,47.78591537475586,0.0,0.8563349843025208,42.26591491699219,0.0,0.8563349843025208,47.78591537475586,0.0,0.8563349843025208,42.26591491699219
7.06,0.02430169231121592,-2.1917451489508593,-1.5597432029608735,0.00040865173373976486,0.00040865173373976486,ok,0.0,0.8227576017379761,47.7943115234375,0.0,0.8227576017379761,42.27431106567383,0.0,0.8227576017379761,47.7943115234375,0.0,0.8227576017379761,42.27431106567383
7.07,0.02430603056025025,-2.1921376237324535,-1.5597432029608735,0.00039249875744019213,0.00039249875744019213,ok,0.0,0.790496826171875,47.80237579345703,0.0,0.790496826171875,42.28237533569336,0.0,0.790496826171875,47.80237579345703,0.0,0.790496826171875,42.28237533569336
7.08,0.02431019848068011,-2.1925146891446663,-1.5597432029608735,0.00037708844671761123,0.00037708844671761123,ok,0.0,0.7595009803771973,47.810123443603516,0.0,0.7595009803771973,42.290122985839844,0.0,0.7595009803771973,47.810123443603516,0.0,0.7595009803771973,42.290122985839844
7.09,0.02431420428111294,-2.192877087807709,-1.5597432029608735,0.00036242080157202226,0.00036242080157202226,ok,0.0,0.7297205328941345,47.817569732666016,0.0,0.7297205328941345,42.297569274902344,0.0,0.7297205328941345,47.817569732666016,0.0,0.7297205328941345,42.297569274902344
7.10,0.024318052065852473,-2.1932251910316864,-1.5597432029608735,0.00034812448921492915,0.00034812448921492915,ok,0.0,0.7011078000068665,47.82472229003906,0.0,0.7011078000068665,42.30472183227539,0.0,0.7011078000068665,47.82472229003906,0.0,0.7011078000068665,42.30472183227539
7.11,0.024321750043506143,-2.1935597414368107,-1.5597432029608735,0.0003345708424348279,0.0003345708424348279,ok,0.0,0.6736169457435608,47.83159637451172,0.0,0.6736169457435608,42.31159591674805,0.0,0.6736169457435608,47.83159637451172,0.0,0.6736169457435608,42.31159591674805
7.12,0.02432530231837768,-2.193881110333187,-1.5597432029608735,0.0003213885284432226,0.0003213885284432226,ok,0.0,0.6472040414810181,47.838199615478516,0.0,0.6472040414810181,42.318199157714844,0.0,0.6472040414810181,47.838199615478516,0.0,0.6472040414810181,42.318199157714844
7.13,0.024328715046922657,-2.1941898546859737,-1.5597432029608735,0.00030876321363436116,0.00030876321363436116,ok,0.0,0.6218268275260925,47.84454345703125,0.0,0.6218268275260925,42.32454299926758,0.0,0.6218268275260925,47.84454345703125,0.0,0.6218268275260925,42.32454299926758
7.14,0.02433199438559667,-2.194486531460329,-1.5597432029608735,0.00029669489800824363,0.00029669489800824363,ok,0.0,0.5974446535110474,47.85063934326172,0.0,0.5974446535110474,42.33063888549805,0.0,0.5974446535110474,47.85063934326172,0.0,0.5974446535110474,42.33063888549805
7.15,0.02433514443870343,-2.194771511966359,-1.5597432029608735,0.000284997915170622,0.000284997915170622,ok,0.0,0.5740185379981995,47.85649490356445,0.0,0.5740185379981995,42.33649444580078,0.0,0.5740185379981995,47.85649490356445,0.0,0.5740185379981995,42.33649444580078
7.16,0.024338171362698526,-2.1950453531692213,-1.5597432029608735,0.0002738579315157443,0.0002738579315157443,ok,0.0,0.5515109300613403,47.86212158203125,0.0,0.5515109300613403,42.34212112426758,0.0,0.5515109300613403,47.86212158203125,0.0,0.5515109300613403,42.34212112426758
7.17,0.024341080429789906,-2.19530851920499,-1.5597421250718086,0.00026308928064936246,0.00026327494704361044,ok,0.0,0.5298858880996704,47.86752700805664,0.0,0.5298858880996704,42.347530364990234,0.0,0.5298858880996704,47.86752700805664,0.0,0.5298858880996704,42.347530364990234
7.18,0.02434387457077397,-2.195561288557864,-1.5597432029608735,0.00025287762896572454,0.00025269196257147656,ok,0.0,0.5091087222099304,47.87272262573242,0.0,0.5091087222099304,42.35272216796875,0.0,0.5091087222099304,47.87272262573242,0.0,0.5091087222099304,42.35272216796875
7.19,0.024346558785408267,-2.195804125366911,-1.5597432029608735,0.00024285164367633457,0.00024285164367633457,ok,0.0,0.48914632201194763,47.87771224975586,0.0,0.48914632201194763,42.35771179199219,0.0,0.48914632201194763,47.87771224975586,0.0,0.48914632201194763,42.35771179199219
7.20,0.024349138340297647,-2.196037493768266,-1.5597432029608735,0.0002333826575696885,0.0002333826575696885,ok,0.0,0.4699666202068329,47.88250732421875,0.0,0.4699666202068329,42.36250686645508,0.0,0.4699666202068329,47.88250732421875,0.0,0.4699666202068329,42.36250686645508
7.21,0.024351617339745835,-2.196261765072034,-1.5597432029608735,0.00022428500425153834,0.00022428500425153834,ok,0.0,0.45153895020484924,47.887115478515625,0.0,0.45153895020484924,42.36711502075195,0.0,0.45153895020484924,47.887115478515625,0.0,0.45153895020484924,42.36711502075195
7.22,0.02435399783590469,-2.1964771249332684,-1.5597432029608735,0.00021537301732763617,0.00021537301732763617,ok,0.0,0.43383386731147766,47.89154052734375,0.0,0.43383386731147766,42.37154006958008,0.0,0.43383386731147766,47.89154052734375,0.0,0.43383386731147766,42.37154006958008
7.23,0.0243562859852298,-2.196684130317127,-1.5597432029608735,0.00020701802958647788,0.00020701802958647788,ok,0.0,0.41682299971580505,47.89579391479492,0.0,0.41682299971580505,42.37579345703125,0.0,0.41682299971580505,47.89579391479492,0.0,0.41682299971580505,42.37579345703125
7.24,0.02435848383987302,-2.1968829668786634,-1.5597432029608735,0.00019884870823956753,0.00019884870823956753,ok,0.0,0.40047913789749146,47.899879455566406,0.0,0.40047913789749146,42.379878997802734,0.0,0.40047913789749146,47.899879455566406,0.0,0.40047913789749146,42.379878997802734
7.25,0.024360595504138074,-2.1970740059279823,-1.5597432029608735,0.00019105071968115311,0.00019105071968115311,ok,0.0,0.38477611541748047,47.903804779052734,0.0,0.38477611541748047,42.38380432128906,0.0,0.38477611541748047,47.903804779052734,0.0,0.38477611541748047,42.38380432128906
7.26,0.024362625082328684,-2.1972576187751898,-1.5597432029608735,0.00018362406391123464,0.00018362406391123464,ok,0.0,0.36968883872032166,47.90757751464844,0.0,0.36968883872032166,42.387577056884766,0.0,0.36968883872032166,47.90757751464844,0.0,0.36968883872032166,42.387577056884766
7.27,0.024364574626596712,-2.1974339910753384,-1.5597432029608735,0.00017638307453556412,0.00017638307453556412,ok,0.0,0.3551931083202362,47.91120147705078,0.0,0.3551931083202362,42.39120101928711,0.0,0.3551931083202362,47.91120147705078,0.0,0.3551931083202362,42.39120101928711
7.28,0.02436644824124588,-2.197603494138534,-1.5597432029608735,0.0001695134179483895,0.0001695134179483895,ok,0.0,0.34126579761505127,47.9146842956543,0.0,0.34126579761505127,42.394683837890625,0.0,0.34126579761505127,47.9146842956543,0.0,0.34126579761505127,42.394683837890625
7.29,0.02436824797842805,-2.1977663136198293,-1.5597432029608735,0.00016282942775546286,0.00016282942775546286,ok,0.0,0.32788458466529846,47.91802978515625,0.0,0.32788458466529846,42.39802932739258,0.0,0.32788458466529846,47.91802978515625,0.0,0.32788458466529846,42.39802932739258
7.30,0.024369975890295083,-2.197922635174277,-1.5597432029608735,0.00015633110395678418,0.00015633110395678418,ok,0.0,0.31502804160118103,47.921241760253906,0.0,0.31502804160118103,42.401241302490234,0.0,0.31502804160118103,47.921241760253906,0.0,0.31502804160118103,42.401241302490234
7.31,0.02437163813330256,-2.198073015767035,-1.5597432029608735,0.00015038977934084938,0.00015038977934084938,ok,0.0,0.30267560482025146,47.92433166503906,0.0,0.30267560482025146,42.40433120727539,0.0,0.30267560482025146,47.92433166503906,0.0,0.30267560482025146,42.40433120727539
7.32,0.024373234707450484,-2.198217455398104,-1.5597432029608735,0.0001444484547249146,0.0001444484547249146,ok,0.0,0.2908075451850891,47.92729949951172,0.0,0.2908075451850891,42.40729904174805,0.0,0.2908075451850891,47.92729949951172,0.0,0.2908075451850891,42.40729904174805
7.33,0.024374767664890714,-2.198356139722537,-1.5597432029608735,0.0001386927965032278,0.0001386927965032278,ok,0.0,0.27940481901168823,47.93014907836914,0.0,0.27940481901168823,42.41014862060547,0.0,0.27940481901168823,47.93014907836914,0.0,0.27940481901168823,42.41014862060547
7.34,0.02437624110992697,-2.198489440050439,-1.5597432029608735,0.00013330847107003688,0.00013330847107003688,ok,0.0,0.26844918727874756,47.93288803100586,0.0,0.26844918727874756,42.41288757324219,0.0,0.26844918727874756,47.93288803100586,0.0,0.26844918727874756,42.41288757324219
7.35,0.024377657094711118,-2.198617542036863,-1.5597432029608735,0.00012810981203109393,0.00012810981203109393,ok,0.0,0.2579231560230255,47.93552017211914,0.0,0.2579231560230255,42.41551971435547,0.0,0.2579231560230255,47.93552017211914,0.0,0.2579231560230255,42.41551971435547
7.36,0.024379017671395015,-2.1987406313368614,-1.5597432029608735,0.00012309681938639896,0.00012309681938639896,ok,0.0,0.24780982732772827,47.93804931640625,0.0,0.24780982732772827,42.41804885864258,0.0,0.24780982732772827,47.93804931640625,0.0,0.24780982732772827,42.41804885864258
7.37,0.024380322839978662,-2.1988587079504347,-1.5597432029608735,0.00011808382674170397,0.00011808382674170397,ok,0.0,0.2380930632352829,47.94047546386719,0.0,0.2380930632352829,42.420475006103516,0.0,0.2380930632352829,47.94047546386719,0.0,0.2380930632352829,42.420475006103516
7.38,0.024381578756917644,-2.198972328842741,-1.5597432029608735,0.00011362783327975287,0.00011362783327975287,ok,0.0,0.22875730693340302,47.94281005859375,0.0,0.22875730693340302,42.42280960083008,0.0,0.22875730693340302,47.94281005859375,0.0,0.22875730693340302,42.42280960083008
7.39,0.02438278542221196,-2.1990814940137806,-1.5597432029608735,0.00010917183981780178,0.00010917183981780178,ok,0.0,0.21978759765625,47.94505310058594,0.0,0.21978759765625,42.425052642822266,0.0,0.21978759765625,47.94505310058594,0.0,0.21978759765625,42.425052642822266
7.40,0.024383944888013473,-2.199186389118606,-1.5597432029608735,0.00010490151275009865,0.00010490151275009865,ok,0.0,0.21116961538791656,47.947208404541016,0.0,0.21116961538791656,42.427207946777344,0.0,0.21116961538791656,47.947208404541016,0.0,0.21116961538791656,42.427207946777344
7.41,0.024385058234678077,-2.199287106984147,-1.5597421250718086,0.00010063118568239552,0.00010081685207664349,ok,0.0,0.20288953185081482,47.949275970458984,0.0,0.20288953185081482,42.42927932739258,0.0,0.20288953185081482,47.949275970458984,0.0,0.20288953185081482,42.42927932739258
7.42,0.024386128484052437,-2.1993839260936023,-1.5597432029608735,9.691785779743628e-05,9.673219140318831e-05,ok,0.0,0.19493411481380463,47.95126724243164,0.0,0.19493411481380463,42.43126678466797,0.0,0.19493411481380463,47.95126724243164,0.0,0.19493411481380463,42.43126678466797
7.43,0.02438715661213484,-2.199476939275049,-1.5597432029608735,9.301886351822907e-05,9.301886351822907e-05,ok,0.0,0.18729063868522644,47.95317840576172,0.0,0.18729063868522644,42.43317794799805,0.0,0.18729063868522644,47.95317840576172,0.0,0.18729063868522644,42.43317794799805
7.44,0.02438814369718002,-2.1995662393554403,-1.5597432029608735,8.930553563326982e-05,8.930553563326982e-05,ok,0.0,0.1799468696117401,47.955013275146484,0.0,0.1799468696117401,42.43501281738281,0.0,0.1799468696117401,47.955013275146484,0.0,0.1799468696117401,42.43501281738281
7.45,0.024389092863691317,-2.1996521048168463,-1.5597421250718086,8.577787414255854e-05,8.596354053680651e-05,ok,0.0,0.1728910505771637,47.9567756652832,0.0,0.1728910505771637,42.4367790222168,0.0,0.1728910505771637,47.9567756652832,0.0,0.1728910505771637,42.4367790222168
7.46,0.02439000508966812,-2.199734628487322,-1.5597432029608735,8.262154544034318e-05,8.243587904609523e-05,ok,0.0,0.16611190140247345,47.958473205566406,0.0,0.16611190140247345,42.438472747802734,0.0,0.16611190140247345,47.958473205566406,0.0,0.16611190140247345,42.438472747802734
7.47,0.024390881358512802,-2.1998139031948627,-1.5597432029608735,7.927955034387987e-05,7.927955034387987e-05,ok,0.0,0.15959855914115906,47.96010208129883,0.0,0.15959855914115906,42.440101623535156,0.0,0.15959855914115906,47.96010208129883,0.0,0.15959855914115906,42.440101623535156
7.48,0.024391722740775848,-2.199890021766506,-1.5597432029608735,7.612322164166451e-05,7.612322164166451e-05,ok,0.0,0.15334060788154602,47.961666107177734,0.0,0.15334060788154602,42.44166564941406,0.0,0.15334060788154602,47.961666107177734,0.0,0.15334060788154602,42.44166564941406
7.49,0.024392531288609114,-2.1999631698573046,-1.5597432029608735,7.315255933369711e-05,7.315255933369711e-05,ok,0.0,0.14732803404331207,47.96316909790039,0.0,0.14732803404331207,42.44316864013672,0.0,0.14732803404331207,47.96316909790039,0.0,0.14732803404331207,42.44316864013672
7.50,0.024393307002012605,-2.2000333474672584,-1.5597432029608735,7.018189702572972e-05,7.018189702572972e-05,ok,0.0,0.14155122637748718,47.9646110534668,0.0,0.14155122637748718,42.444610595703125,0.0,0.14155122637748718,47.9646110534668,0.0,0.14155122637748718,42.444610595703125
7.51,0.02439405398529004,-2.200100925906473,-1.5597432029608735,6.758256750625825e-05,6.758256750625825e-05,ok,0.0,0.13600091636180878,47.965999603271484,0.0,0.13600091636180878,42.44599914550781,0.0,0.13600091636180878,47.965999603271484,0.0,0.13600091636180878,42.44599914550781
7.52,0.024394772238441418,-2.200165905174949,-1.5597432029608735,6.498323798678677e-05,6.498323798678677e-05,ok,0.0,0.1306682527065277,47.96733474731445,0.0,0.1306682527065277,42.44733428955078,0.0,0.1306682527065277,47.96733474731445,0.0,0.1306682527065277,42.44733428955078
7.53,0.02439545970931488,-2.200228099617633,-1.5597432029608735,6.219824207306734e-05,6.219824207306734e-05,ok,0.0,0.12554466724395752,47.96861267089844,0.0,0.12554466724395752,42.448612213134766,0.0,0.12554466724395752,47.96861267089844,0.0,0.12554466724395752,42.448612213134766
7.54,0.024396122554366007,-2.2002880661996835,-1.5597432029608735,5.997024534209179e-05,5.997024534209179e-05,ok,0.0,0.12062199413776398,47.969844818115234,0.0,0.12062199413776398,42.44984436035156,0.0,0.12062199413776398,47.969844818115234,0.0,0.12062199413776398,42.44984436035156
7.55,0.02439675872144294,-2.2003456192660478,-1.5597432029608735,5.7556582216868286e-05,5.7556582216868286e-05,ok,0.0,0.11589233577251434,47.97102737426758,0.0,0.11589233577251434,42.451026916503906,0.0,0.11589233577251434,47.97102737426758,0.0,0.11589233577251434,42.451026916503906
7.56,0.024397370262697542,-2.2004009444717787,-1.5597432029608735,5.532858548589274e-05,5.532858548589274e-05,ok,0.0,0.11134813725948334,47.972164154052734,0.0,0.11134813725948334,42.45216369628906,0.0,0.11134813725948334,47.972164154052734,0.0,0.11134813725948334,42.45216369628906
7.57,0.02439795717812981,-2.2004540418168763,-1.5597432029608735,5.310058875491719e-05,5.310058875491719e-05,ok,0.0,0.10698211193084717,47.9732551574707,0.0,0.10698211193084717,42.45325469970703,0.0,0.10698211193084717,47.9732551574707,0.0,0.10698211193084717,42.45325469970703
7.58,0.02439852151989161,-2.200505096956393,-1.5597432029608735,5.105825841818961e-05,5.105825841818961e-05,ok,0.0,0.10278728604316711,47.97430419921875,0.0,0.10278728604316711,42.45430374145508,0.0,0.10278728604316711,47.97430419921875,0.0,0.10278728604316711,42.45430374145508
7.59,0.024399063287982935,-2.2005541098903287,-1.5597432029608735,4.901592808146203e-05,4.901592808146203e-05,ok,0.0,0.09875693917274475,47.975311279296875,0.0,0.09875693917274475,42.4553108215332,0.0,0.09875693917274475,47.975311279296875,0.0,0.09875693917274475,42.4553108215332
7.60,0.024399584534555648,-2.200601266273737,-1.5597432029608735,4.71592641389824e-05,4.71592641389824e-05,ok,0.0,0.09488461911678314,47.976280212402344,0.0,0.09488461911678314,42.45627975463867,0.0,0.09488461911678314,47.976280212402344,0.0,0.09488461911678314,42.45627975463867
7.61,0.024400084257897272,-2.200646473278823,-1.5597421250718086,4.511693380225482e-05,4.530260019650278e-05,ok,0.0,0.09116414189338684,47.97720718383789,0.0,0.09116414189338684,42.457210540771484,0.0,0.09116414189338684,47.97720718383789,0.0,0.09116414189338684,42.457210540771484
7.62,0.02440056551097165,-2.200690009388444,-1.5597432029608735,4.363160264827112e-05,4.344593625402316e-05,ok,0.0,0.08758954703807831,47.97810363769531,0.0,0.08758954703807831,42.45810317993164,0.0,0.08758954703807831,47.97810363769531,0.0,0.08758954703807831,42.45810317993164
7.63,0.024401027245140393,-2.2007317817753216,-1.5597432029608735,4.17749387057915e-05,4.17749387057915e-05,ok,0.0,0.0841551125049591,47.97896194458008,0.0,0.0841551125049591,42.458961486816406,0.0,0.0841551125049591,47.97896194458008,0.0,0.0841551125049591,42.458961486816406
7.64,0.024401470509942385,-2.200771883266724,-1.5597432029608735,4.010394115755984e-05,4.010394115755984e-05,ok,0.0,0.0808553397655487,47.97978591918945,0.0,0.0808553397655487,42.45978546142578,0.0,0.0808553397655487,47.97978591918945,0.0,0.0808553397655487,42.45978546142578
7.65,0.02440189735752949,-2.200810499517704,-1.5597432029608735,3.861861000357614e-05,3.861861000357614e-05,ok,0.0,0.07768496125936508,47.9805793762207,0.0,0.07768496125936508,42.46057891845703,0.0,0.07768496125936508,47.9805793762207,0.0,0.07768496125936508,42.46057891845703
7.66,0.024402306781786797,-2.2008475377005157,-1.5597421250718086,3.694761245534448e-05,3.713327884959244e-05,ok,0.0,0.07463888823986053,47.98133850097656,0.0,0.07463888823986053,42.461341857910156,0.0,0.07463888823986053,47.98133850097656,0.0,0.07463888823986053,42.461341857910156
7.67,0.02440269978802877,-2.200883090642914,-1.5597432029608735,3.564794769560875e-05,3.5462281301360786e-05,ok,0.0,0.07171225547790527,47.98207092285156,0.0,0.07171225547790527,42.46207046508789,0.0,0.07171225547790527,47.98207092285156,0.0,0.07171225547790527,42.46207046508789
7.68,0.02440307943612307,-2.20091743682768,-1.5597432029608735,3.434828293587301e-05,3.434828293587301e-05,ok,0.0,0.06890037655830383,47.9827766418457,0.0,0.06890037655830383,42.46277618408203,0.0,0.06890037655830383,47.9827766418457,0.0,0.06890037655830383,42.46277618408203
7.69,0.024403442667002482,-2.2009502977720232,-1.5597432029608735,3.286295178188931e-05,3.286295178188931e-05,ok,0.0,0.06619875133037567,47.98345184326172,0.0,0.06619875133037567,42.46345138549805,0.0,0.06619875133037567,47.98345184326172,0.0,0.06619875133037567,42.46345138549805
7.70,0.024403791532818866,-2.200981859130997,-1.5597432029608735,3.156328702215358e-05,3.156328702215358e-05,ok,0.0,0.06360306590795517,47.984100341796875,0.0,0.06360306590795517,42.4640998840332,0.0,0.06360306590795517,47.984100341796875,0.0,0.06360306590795517,42.4640998840332
7.71,0.024404126033572223,-2.2010121209046014,-1.5597432029608735,3.026362226241784e-05,3.026362226241784e-05,ok,0.0,0.06110915169119835,47.98472213745117,0.0,0.06110915169119835,42.4647216796875,0.0,0.06110915169119835,47.98472213745117,0.0,0.06110915169119835,42.4647216796875
7.72,0.024404448221414413,-2.2010412687478893,-1.5597432029608735,2.9149623896930068e-05,2.9149623896930068e-05,ok,0.0,0.058713026344776154,47.985321044921875,0.0,0.058713026344776154,42.4653205871582,0.0,0.058713026344776154,47.985321044921875,0.0,0.058713026344776154,42.4653205871582
7.73,0.024404758096345437,-2.2010693026608603,-1.5597432029608735,2.8035625531442293e-05,2.8035625531442293e-05,ok,0.0,0.056410856544971466,47.985897064208984,0.0,0.056410856544971466,42.46589660644531,0.0,0.056410856544971466,47.985897064208984,0.0,0.056410856544971466,42.46589660644531
7.74,0.024405055658365295,-2.2010962226435145,-1.5597432029608735,2.692162716595452e-05,2.692162716595452e-05,ok,0.0,0.05419895425438881,47.9864501953125,0.0,0.05419895425438881,42.46644973754883,0.0,0.05419895425438881,47.9864501953125,0.0,0.05419895425438881,42.46644973754883
7.75,0.024405340907473986,-2.201122028695852,-1.5597432029608735,2.580762880046675e-05,2.580762880046675e-05,ok,0.0,0.05207378417253494,47.98698043823242,0.0,0.05207378417253494,42.46697998046875,0.0,0.05207378417253494,47.98698043823242,0.0,0.05207378417253494,42.46697998046875
7.76,0.024405615895823372,-2.2011469064729257,-1.5597432029608735,2.4879296829226936e-05,2.4879296829226936e-05,ok,0.0,0.05003194138407707,47.987491607666016,0.0,0.05003194138407707,42.467491149902344,0.0,0.05003194138407707,47.987491607666016,0.0,0.05003194138407707,42.467491149902344
7.77,0.02440588062341345,-2.2011708559747354,-1.5597432029608735,2.3950964857987126e-05,2.3950964857987126e-05,ok,0.0,0.048070162534713745,47.98798370361328,0.0,0.048070162534713745,42.46798324584961,0.0,0.048070162534713745,47.98798370361328,0.0,0.048070162534713745,42.46798324584961
7.78,0.024406133038092363,-2.2011936915462282,-1.5597432029608735,2.2836966492499354e-05,2.2836966492499354e-05,ok,0.0,0.04618530347943306,47.98845291137695,0.0,0.04618530347943306,42.46845245361328,0.0,0.04618530347943306,47.98845291137695,0.0,0.04618530347943306,42.46845245361328
7.79,0.02440637724416383,-2.20121578449751,-1.5597432029608735,2.2094300915507504e-05,2.2094300915507504e-05,ok,0.0,0.04437435045838356,47.98890686035156,0.0,0.04437435045838356,42.46890640258789,0.0,0.04437435045838356,47.98890686035156,0.0,0.04437435045838356,42.46890640258789
7.80,0.024406611189475996,-2.201236949173528,-1.5597432029608735,2.1165968944267694e-05,2.1165968944267694e-05,ok,0.0,0.04263440892100334,47.989341735839844,0.0,0.04263440892100334,42.46934127807617,0.0,0.04263440892100334,47.989341735839844,0.0,0.04263440892100334,42.46934127807617
7.81,0.024406835911060833,-2.201257278401688,-1.5597421250718086,2.023763697302788e-05,2.0423303367275844e-05,ok,0.0,0.040962688624858856,47.9897575378418,0.0,0.040962688624858856,42.46976089477539,0.0,0.040962688624858856,47.9897575378418,0.0,0.040962688624858856,42.46976089477539
7.82,0.024407052423638005,-2.2012768650096413,-1.5597432029608735,1.9680637790283993e-05,1.9494971396036034e-05,ok,0.0,0.03935651853680611,47.99016189575195,0.0,0.03935651853680611,42.47016143798828,0.0,0.03935651853680611,47.99016189575195,0.0,0.03935651853680611,42.47016143798828
7.83,0.024407259690975975,-2.201295616169973,-1.5597432029608735,1.8752305819044184e-05,1.8752305819044184e-05,ok,0.0,0.037813328206539154,47.99054718017578,0.0,0.037813328206539154,42.47054672241211,0.0,0.037813328206539154,47.99054718017578,0.0,0.037813328206539154,42.47054672241211
7.84,0.0244074587497065,-2.2013136247100933,-1.5597432029608735,1.8009640242052333e-05,1.8009640242052333e-05,ok,0.0,0.03633064776659012,47.99091720581055,0.0,0.03633064776659012,42.470916748046875,0.0,0.03633064776659012,47.99091720581055,0.0,0.03633064776659012,42.470916748046875
7.85,0.024407650635260677,-2.201330983457426,-1.5597421250718086,1.7266974665060487e-05,1.745264105930845e-05,ok,0.0,0.03490610048174858,47.99127197265625,0.0,0.03490610048174858,42.471275329589844,0.0,0.03490610048174858,47.99127197265625,0.0,0.03490610048174858,42.471275329589844
7.86,0.024407834311807187,-2.2013475995845524,-1.5597432029608735,1.67099754823166e-05,1.6524309088068636e-05,ok,0.0,0.03353741392493248,47.991615295410156,0.0,0.03353741392493248,42.471614837646484,0.0,0.03353741392493248,47.991615295410156,0.0,0.03353741392493248,42.471614837646484
7.87,0.02440801079686724,-2.201363565919092,-1.5597432029608735,1.5967309905324752e-05,1.5967309905324752e-05,ok,0.0,0.03222239390015602,47.991943359375,0.0,0.03222239390015602,42.47194290161133,0.0,0.03222239390015602,47.991943359375,0.0,0.03222239390015602,42.47194290161133
7.88,0.02440818112547171,-2.2013789752884736,-1.5597432029608735,1.5410310722580864e-05,1.5410310722580864e-05,ok,0.0,0.030958935618400574,47.99225997924805,0.0,0.030958935618400574,42.472259521484375,0.0,0.030958935618400574,47.99225997924805,0.0,0.030958935618400574,42.472259521484375
7.89,0.024408345297620596,-2.2013938276926965,-1.5597432029608735,1.4853311539836976e-05,1.4853311539836976e-05,ok,0.0,0.029745018109679222,47.9925651550293,0.0,0.029745018109679222,42.472564697265625,0.0,0.029745018109679222,47.9925651550293,0.0,0.029745018109679222,42.472564697265625
