step,t_s,reference_rad_s,controller_input_meas_rad_s,plant_input_voltage_V,voltage_cmd_V_ovstage,voltage_cmd_V_fmpy,error_rad_s_ovstage,error_rad_s_fmpy,integral_V_ovstage,integral_V_fmpy,voltage_applied_V_ovstage,voltage_applied_V_fmpy,omega_rad_s_ovstage,omega_rad_s_fmpy,theta_rad_ovstage,theta_rad_fmpy,step_status
0,0.0,0.0,0.0,0.0,0.0,0.0,0.0,0.0,0.0,0.0,0.0,0.0,0.0,0.0,0.0,0.0,init
1,0.01,0.0,0.0,0.0,0.0,0.0,0.0,0.0,0.0,0.0,0.0,0.0,0.0,0.0,0.0,0.0,ok
2,0.02,0.0,0.0,0.0,0.0,0.0,0.0,0.0,0.0,0.0,0.0,0.0,0.0,0.0,0.0,0.0,ok
3,0.03,0.0,0.0,0.0,0.0,0.0,0.0,0.0,0.0,0.0,0.0,0.0,0.0,0.0,0.0,0.0,ok
4,0.04,0.0,0.0,0.0,0.0,0.0,0.0,0.0,0.0,0.0,0.0,0.0,0.0,0.0,0.0,0.0,ok
5,0.05,0.0,0.0,0.0,0.0,0.0,0.0,0.0,0.0,0.0,0.0,0.0,0.0,0.0,0.0,0.0,ok
6,0.06,0.0,0.0,0.0,0.0,0.0,0.0,0.0,0.0,0.0,0.0,0.0,0.0,0.0,0.0,0.0,ok
7,0.07,0.0,0.0,0.0,0.0,0.0,0.0,0.0,0.0,0.0,0.0,0.0,0.0,0.0,0.0,0.0,ok
8,0.08,0.0,0.0,0.0,0.0,0.0,0.0,0.0,0.0,0.0,0.0,0.0,0.0,0.0,0.0,0.0,ok
9,0.09,0.0,0.0,0.0,0.0,0.0,0.0,0.0,0.0,0.0,0.0,0.0,0.0,0.0,0.0,0.0,ok
10,0.1,0.0,0.0,0.0,0.0,0.0,0.0,0.0,0.0,0.0,0.0,0.0,0.0,0.0,0.0,0.0,ok
11,0.11,0.0,0.0,0.0,0.0,0.0,0.0,0.0,0.0,0.0,0.0,0.0,0.0,0.0,0.0,0.0,ok
12,0.12,0.0,0.0,0.0,0.0,0.0,0.0,0.0,0.0,0.0,0.0,0.0,0.0,0.0,0.0,0.0,ok
13,0.13,0.0,0.0,0.0,0.0,0.0,0.0,0.0,0.0,0.0,0.0,0.0,0.0,0.0,0.0,0.0,ok
14,0.14,0.0,0.0,0.0,0.0,0.0,0.0,0.0,0.0,0.0,0.0,0.0,0.0,0.0,0.0,0.0,ok
15,0.15,0.0,0.0,0.0,0.0,0.0,0.0,0.0,0.0,0.0,0.0,0.0,0.0,0.0,0.0,0.0,ok
16,0.16,0.0,0.0,0.0,0.0,0.0,0.0,0.0,0.0,0.0,0.0,0.0,0.0,0.0,0.0,0.0,ok
17,0.17,0.0,0.0,0.0,0.0,0.0,0.0,0.0,0.0,0.0,0.0,0.0,0.0,0.0,0.0,0.0,ok
18,0.18,0.0,0.0,0.0,0.0,0.0,0.0,0.0,0.0,0.0,0.0,0.0,0.0,0.0,0.0,0.0,ok
19,0.19,0.0,0.0,0.0,0.0,0.0,0.0,0.0,0.0,0.0,0.0,0.0,0.0,0.0,0.0,0.0,ok
20,0.2,0.0,0.0,0.0,0.0,0.0,0.0,0.0,0.0,0.0,0.0,0.0,0.0,0.0,0.0,0.0,ok
21,0.21,8.0,0.0,0.0,3.200000047683716,3.2,8.0,8.0,0.09600000083446503,0.096,0.0,0.0,0.0,0.0,0.0,0.0,ok
22,0.22,8.0,0.0,3.200000047683716,3.2960000038146973,3.2960000000000003,8.0,8.0,0.19200000166893005,0.192,3.200000047683716,3.2,0.25094759464263916,0.25094758942513185,0.001263102632947266,0.0012631026437170817,ok
23,0.23,8.0,0.25094759464263916,3.2960000038146973,3.291620969772339,3.2916209642299474,7.74905252456665,7.749052410574868,0.2849886417388916,0.2849886289268984,3.2960000038146973,3.2960000000000003,0.49958381056785583,0.49958381080828573,0.005024047568440437,0.005024047297928665,ok
24,0.24,8.0,0.49958381056785583,3.291620969772339,3.2851550579071045,3.285155104603584,7.500416278839111,7.500416189191714,0.37499362230300903,0.374993623197199,3.291620969772339,3.2916209642299474,0.7381274700164795,0.738127457606927,0.011220554821193218,0.011220554882867252,ok
25,0.25,8.0,0.7381274700164795,3.2851550579071045,3.27974271774292,3.2797426401544283,7.261872291564941,7.261872542393073,0.46213608980178833,0.46213609370591585,3.2851550579071045,3.285155104603584,0.9668106436729431,0.9668106142633199,0.0197528675198555,0.01975286781084082,ok
26,0.26,8.0,0.9668106436729431,3.27974271774292,3.27541184425354,3.275411848000588,7.033189296722412,7.03318938573668,0.5465343594551086,0.546534366334756,3.27974271774292,3.2797426401544283,1.1861025094985962,1.1861025245575592,0.03052474372088909,0.03052474304036959,ok
27,0.27,8.0,1.1861025094985962,3.27541184425354,3.2720932960510254,3.2720933565117325,6.813897609710693,6.813897475442441,0.6283011436462402,0.6283011360400653,3.27541184425354,3.275411848000588,1.396456241607666,1.3964562504812692,0.043444547802209854,0.04344454851945385,ok
28,0.28,8.0,1.396456241607666,3.2720932960510254,3.269718647003174,3.269718635847558,6.603543758392334,6.603543749518731,0.707543671131134,0.7075436610342901,3.2720932960510254,3.2720933565117325,1.598301649093628,1.598301649010219,0.058425065129995346,0.05842506601745093,ok
29,0.29,8.0,1.598301649093628,3.269718647003174,3.2682230472564697,3.268223001430203,6.401698112487793,6.401698350989781,0.7843640446662903,0.7843640412461674,3.269718647003174,3.269718635847558,1.792046308517456,1.7920463480001283,0.075383260846138,0.07538326398692467,ok
30,0.3,8.0,1.792046308517456,3.2682230472564697,3.267545461654663,3.2675455020461164,6.207953453063965,6.207953651999872,0.8588594794273376,0.8588594850701659,3.2682230472564697,3.268223001430203,1.9780769348144531,1.9780769193527243,0.09424008429050446,0.09424008117737978,ok
31,0.31,8.0,1.9780769348144531,3.267545461654663,3.2676286697387695,3.2676287173290763,6.021923065185547,6.021923080647276,0.9311225414276123,0.9311225620379332,3.267545461654663,3.2675455020461164,2.1567599773406982,2.156759997406123,0.1149202212691307,0.11492022170495242,ok
32,0.32,8.0,2.1567599773406982,3.2676286697387695,3.268418550491333,3.268418563075484,5.843239784240723,5.843240002593877,1.0012414455413818,1.0012414420690596,3.2676286697387695,3.2676287173290763,2.3284432888031006,2.3284433375908913,0.13735195994377136,0.13735196100534203,ok
33,0.33,8.0,2.3284432888031006,3.268418550491333,3.269864082336426,3.269864107032703,5.67155647277832,5.671556662409109,1.0693001747131348,1.069300122017969,3.268418550491333,3.268418563075484,2.4934568405151367,2.4934568183082115,0.16146695613861084,0.1614669620875217,ok
34,0.34,8.0,2.4934568405151367,3.269864082336426,3.2719173431396484,3.2719173946946842,5.506543159484863,5.5065431816917885,1.1353785991668701,1.1353786401982704,3.269864082336426,3.269864107032703,2.652113437652588,2.6521133890777633,0.18720009922981262,0.1872001015357878,ok
35,0.35000000000000003,8.0,2.652113437652588,3.2719173431396484,3.274533271789551,3.2745332845671653,5.347886562347412,5.347886610922236,1.1995532512664795,1.1995532795293373,3.2719173431396484,3.2719173946946842,2.8047099113464355,2.8047099678468874,0.21448931097984314,0.21448930473740044,ok
36,0.36,8.0,2.8047099113464355,3.274533271789551,3.2776694297790527,3.2776692923905824,5.1952900886535645,5.195290032153112,1.2618967294692993,1.2618967599151747,3.274533271789551,3.2745332845671653,2.951528310775757,2.951528290197069,0.24327538907527924,0.24327538984119831,ok
37,0.37,8.0,2.951528310775757,3.2776694297790527,3.281285524368286,3.281285443836347,5.048471450805664,5.04847170980293,1.3224784135818481,1.32247842043281,3.2776694297790527,3.2776692923905824,3.0928356647491455,3.092835713036343,0.2735019326210022,0.2735019199791915,ok
38,0.38,8.0,3.0928356647491455,3.281285524368286,3.285344123840332,3.285344135218273,4.907164573669434,4.907164286963657,1.381364345550537,1.3813643918763738,3.281285524368286,3.281285443836347,3.2288858890533447,3.228885975226746,0.30511507391929626,0.3051150633083176,ok
39,0.39,8.0,3.2288858890533447,3.285344123840332,3.2898099422454834,3.2898100017856757,4.771114349365234,4.771114024773254,1.4386177062988281,1.438617760173653,3.285344123840332,3.285344135218273,3.359920024871826,3.359919917463976,0.33806344866752625,0.3380634604533756,ok
40,0.4,8.0,3.359920024871826,3.2898099422454834,3.294649839401245,3.2946497931880625,4.640079975128174,4.6400800825360236,1.4942986965179443,1.4942987211640852,3.2898099422454834,3.2898100017856757,3.48616623878479,3.4861661636015597,0.37229809165000916,0.37229809895469324,ok
41,0.41000000000000003,8.0,3.48616623878479,3.294649839401245,3.299832344055176,3.2998322557234614,4.513833999633789,4.51383383639844,1.5484647750854492,1.5484647272008665,3.294649839401245,3.2946497931880625,3.607841730117798,3.6078417654937214,0.4077721834182739,0.40777219434541406,ok
42,0.42,8.0,3.607841730117798,3.299832344055176,3.305328130722046,3.305328021003378,4.392158508300781,4.392158234506279,1.6011706590652466,1.6011706260149419,3.299832344055176,3.2998322557234614,3.7251527309417725,3.725152813319383,0.4444410800933838,0.4444410775034679,ok
43,0.43,8.0,3.7251527309417725,3.305328130722046,3.3111095428466797,3.3111095006871887,4.274847030639648,4.274847186680617,1.6524688005447388,1.6524687922551093,3.305328130722046,3.305328021003378,3.8382949829101562,3.838295013243997,0.4822620749473572,0.4822620879423819,ok
44,0.44,8.0,3.8382949829101562,3.3111095428466797,3.317150831222534,3.3171507869575105,4.161705017089844,4.161704986756003,1.702409267425537,1.7024092520961813,3.3111095428466797,3.3111095006871887,3.9474542140960693,3.9474542341758903,0.5211944580078125,0.5211944727231523,ok
45,0.45,8.0,3.9474542140960693,3.317150831222534,3.323427677154541,3.3234275584258253,4.052545547485352,4.05254576582411,1.7510398626327515,1.7510398012860706,3.317150831222534,3.3171507869575105,4.052806854248047,4.05280702527915,0.5611993074417114,0.5611992906864877,ok
46,0.46,8.0,4.052806854248047,3.323427677154541,3.3299169540405273,3.329916991174411,3.947193145751953,3.94719297472085,1.7984061241149902,1.7984061169827208,3.323427677154541,3.3234275584258253,4.1545209884643555,4.154521105815554,0.6022393107414246,0.6022393217209032,ok
47,0.47000000000000003,8.0,4.1545209884643555,3.3299169540405273,3.3365976810455322,3.3365976746564994,3.8454790115356445,3.8454788941844464,1.844551920890808,1.8445518637129341,3.3299169540405273,3.329916991174411,4.252755641937256,4.25275582880333,0.6442790031433105,0.6442789807974474,ok
48,0.48,8.0,4.252755641937256,3.3365976810455322,3.343449592590332,3.3434495321916025,3.747244358062744,3.7472441711966704,1.8895188570022583,1.8895187937672941,3.3365976810455322,3.3365976746564994,4.347662448883057,4.347662619900396,0.6872842311859131,0.6872842365163109,ok
49,0.49,8.0,4.347662448883057,3.343449592590332,3.3504538536071777,3.350453745807136,3.6523375511169434,3.6523373800996044,1.9333468675613403,1.9333468423284894,3.343449592590332,3.3434495321916025,4.439385414123535,4.439385392843892,0.7312225103378296,0.7312225339242688,ok
50,0.5,8.0,4.439385414123535,3.3504538536071777,3.3575925827026367,3.357592685190933,3.560614585876465,3.560614607156108,1.97607421875,1.9760742176143626,3.3504538536071777,3.350453745807136,4.5280609130859375,4.5280609427060945,0.7760627269744873,0.7760627213748611,ok
51,0.51,8.0,4.5280609130859375,3.3575925827026367,3.364849805831909,3.364849840531925,3.4719390869140625,3.4719390572939055,2.01773738861084,2.0177374863018893,3.3575925827026367,3.357592685190933,4.613819122314453,4.6138193181589156,0.821774959564209,0.8217749812154744,ok
52,0.52,8.0,4.613819122314453,3.364849805831909,3.3722097873687744,3.372209759038323,3.386180877685547,3.3861806818410844,2.0583717823028564,2.0583716544839823,3.364849805831909,3.364849840531925,4.696784019470215,4.696784173875004,0.8683307766914368,0.8683307640970909,ok
53,0.53,8.0,4.696784019470215,3.3722097873687744,3.3796579837799072,3.3796579849339805,3.303215980529785,3.3032158261249958,2.098010301589966,2.098010244397482,3.3722097873687744,3.372209759038323,4.777072906494141,4.777073104132676,0.9157027006149292,0.9157027267134393,ok
54,0.54,8.0,4.777072906494141,3.3796579837799072,3.387181043624878,3.387181002744412,3.2229270935058594,3.2229268958673236,2.136685371398926,2.1366853671478903,3.3796579837799072,3.3796579849339805,4.854797840118408,4.854797958634463,0.9638646841049194,0.9638646727866723,ok
55,0.55,8.0,4.854797840118408,3.387181043624878,3.394766330718994,3.394766183694105,3.145202159881592,3.145202041365537,2.1744277477264404,2.174427791644277,3.387181043624878,3.387181002744412,4.930065155029297,4.930065141494659,1.0127915143966675,1.0127914971265117,ok
56,0.56,8.0,4.930065155029297,3.394766330718994,3.4024016857147217,3.4024017350464133,3.069934844970703,3.0699348585053414,2.2112669944763184,2.211267009946341,3.394766330718994,3.394766183694105,5.002975940704346,5.002975894299818,1.062459111213684,1.062459132599104,ok
57,0.5700000000000001,8.0,5.002975940704346,3.4024016857147217,3.41007661819458,3.4100766522264134,2.9970240592956543,2.9970241057001816,2.2472312450408936,2.247231299214743,3.4024016857147217,3.4024017350464133,5.073626518249512,5.073626564097472,1.112844467163086,1.1128444998506188,ok
58,0.58,8.0,5.073626518249512,3.41007661819458,3.417780637741089,3.4177806735757543,2.9263734817504883,2.926373435902528,2.2823476791381836,2.282347780445573,3.41007661819458,3.4100766522264134,5.142108917236328,5.14210885712227,1.1639254093170166,1.1639254596389474,ok
59,0.59,8.0,5.142108917236328,3.417780637741089,3.425504207611084,3.425504237596665,2.857891082763672,2.8578911428777296,2.3166425228118896,2.3166424741601057,3.417780637741089,3.4177806735757543,5.208509922027588,5.208510079025212,1.215680718421936,1.2156807676347272,ok
60,0.6,8.0,5.208509922027588,3.425504207611084,3.4332385063171387,3.433238442550021,2.791490077972412,2.7914899209747883,2.350140333175659,2.350140353211803,3.425504207611084,3.425504237596665,5.272913455963135,5.272913362330373,1.268090009689331,1.26809003156037,ok
61,0.61,8.0,5.272913455963135,3.4332385063171387,3.4409749507904053,3.440975008279654,2.7270865440368652,2.7270866376696272,2.3828654289245605,2.3828653928638386,3.4332385063171387,3.433238442550021,5.335397720336914,5.335397881804571,1.3211337327957153,1.321133670542821,ok
62,0.62,8.0,5.335397720336914,3.4409749507904053,3.4487063884735107,3.44870624014201,2.664602279663086,2.664602118195429,2.4148406982421875,2.4148406182821835,3.4409749507904053,3.440975008279654,5.396039009094238,5.396039058388476,1.3747929334640503,1.3747928765624378,ok
63,0.63,8.0,5.396039009094238,3.4487063884735107,3.4564249515533447,3.456424994926793,2.6039609909057617,2.6039609416115237,2.4460880756378174,2.446088149581522,3.4487063884735107,3.44870624014201,5.454908847808838,5.454908752302797,1.4290496110916138,1.4290495778866978,ok
64,0.64,8.0,5.454908847808838,3.4564249515533447,3.4641246795654297,3.4641246486604036,2.545091152191162,2.5450912476972034,2.4766292572021484,2.476629244553888,3.4564249515533447,3.456424994926793,5.512075424194336,5.512075445910119,1.4838863611221313,1.483886404383403,ok
65,0.65,8.0,5.512075424194336,3.4641246795654297,3.47179913520813,3.4717990661898406,2.487924575805664,2.487924554089881,2.506484270095825,2.506484339202967,3.4641246795654297,3.4641246486604036,5.5676045417785645,5.567604416881746,1.5392866134643555,1.5392866546137043,ok
66,0.66,8.0,5.5676045417785645,3.47179913520813,3.479442596435547,3.4794425724502687,2.4323954582214355,2.4323955831182538,2.535673141479492,2.535673086200386,3.47179913520813,3.4717990661898406,5.621557712554932,5.6215579021892985,1.5952342748641968,1.595234264610613,ok
67,0.67,8.0,5.621557712554932,3.479442596435547,3.4870500564575195,3.4870499253246665,2.3784422874450684,2.3784420978107015,2.5642144680023193,2.564214391374114,3.479442596435547,3.4794425724502687,5.673995494842529,5.673995253412883,1.6517137289047241,1.6517137782537221,ok
68,0.68,8.0,5.673995494842529,3.4870500564575195,3.4946162700653076,3.494616290008961,2.3260045051574707,2.3260047465871168,2.5921263694763184,2.5921264483331594,3.4870500564575195,3.4870499253246665,5.724973201751709,5.724973083831167,1.7087103128433228,1.7087103191556445,ok
69,0.6900000000000001,8.0,5.724973201751709,3.4946162700653076,3.5021371841430664,3.5021372148006926,2.275026798248291,2.275026916168833,2.619426727294922,2.6194267713271855,3.4946162700653076,3.494616290008961,5.774545669555664,5.774545407733651,1.766209602355957,1.7662095639802027,ok
70,0.7000000000000001,8.0,5.774545669555664,3.5021371841430664,3.509608507156372,3.5096086082337252,2.225454330444336,2.225454592266349,2.646132230758667,2.6461322264343816,3.5021371841430664,3.5021372148006926,5.822763919830322,5.82276377237175,1.824197769165039,1.8241977171166919,ok
71,0.71,8.0,5.822763919830322,3.509608507156372,3.517026662826538,3.517026717485682,2.1772360801696777,2.17723622762825,2.6722590923309326,2.6722590611659207,3.509608507156372,3.5096086082337252,5.869677543640137,5.869677382942877,1.8826614618301392,1.8826614866385847,ok
72,0.72,8.0,5.869677543640137,3.517026662826538,3.524388074874878,3.52438810798877,2.1303224563598633,2.1303226170571232,2.6978230476379395,2.697822932570606,3.517026662826538,3.517026717485682,5.915333271026611,5.915333220980518,1.941588044166565,1.941588061478888,ok
73,0.73,8.0,5.915333271026611,3.524388074874878,3.5316896438598633,3.5316896441783987,2.0846667289733887,2.084666779019482,2.722838878631592,2.72283893391884,3.524388074874878,3.52438810798877,5.959776401519775,5.959776156503222,2.000965118408203,2.0009650897579876,ok
74,0.74,8.0,5.959776401519775,3.5316896438598633,3.538928270339966,3.5389284713175515,2.0402235984802246,2.0402238434967783,2.747321605682373,2.7473216200408013,3.5316896438598633,3.5316896441783987,6.003048896789551,6.0030490542564525,2.0607807636260986,2.0607806582032477,ok
75,0.75,8.0,6.003048896789551,3.538928270339966,3.5461020469665527,3.5461019983382203,1.9969511032104492,1.9969509457435475,2.771285057067871,2.771285031389724,3.538928270339966,3.5389284713175515,6.045192718505859,6.045192874363287,2.121023178100586,2.1210232726028906,ok
76,0.76,8.0,6.045192718505859,3.5461020469665527,3.5532078742980957,3.5532078816444095,1.9548072814941406,1.9548071256367132,2.7947428226470947,2.7947427168973644,3.5461020469665527,3.5461019983382203,6.086246967315674,6.086246767682941,2.1816818714141846,2.1816818392397415,ok
77,0.77,8.0,6.086246967315674,3.5532078742980957,3.560243844985962,3.560244009824188,1.9137530326843262,1.9137532323170587,2.8177077770233154,2.817707755685169,3.5532078742980957,3.5532078816444095,6.126248359680176,6.1262481661600585,2.2427456378936768,2.2427456472533502,ok
78,0.78,8.0,6.126248359680176,3.560243844985962,3.5672085285186768,3.5672084892211458,1.8737516403198242,1.8737518338399415,2.8401927947998047,2.8401927776912483,3.560243844985962,3.560244009824188,6.1652326583862305,6.165232868432447,2.3042044639587402,2.304204351881737,ok
79,0.79,8.0,6.1652326583862305,3.5672085285186768,3.5740997791290283,3.5740996303182695,1.8347673416137695,1.8347671315675527,2.8622100353240967,2.862209983270059,3.5672085285186768,3.5672084892211458,6.203235149383545,6.203235120950589,2.3660478591918945,2.3660479585366243,ok
80,0.8,8.0,6.203235149383545,3.5740997791290283,3.580915927886963,3.5809159348898234,1.796764850616455,1.7967648790494106,2.8837711811065674,2.883771161818652,3.5740997791290283,3.5740996303182695,6.240287780761719,6.240287694848618,2.428266763687134,2.4282668076684826,ok
81,0.81,8.0,6.240287780761719,3.580915927886963,3.587656021118164,3.587656083879205,1.7597122192382812,1.7597123051513819,2.9048876762390137,2.9048877094804686,3.580915927886963,3.5809159348898234,6.276422023773193,6.2764219587935735,2.490851640701294,2.4908515603800403,ok
82,0.8200000000000001,8.0,6.276422023773193,3.587656021118164,3.5943188667297363,3.594318925963039,1.7235779762268066,1.7235780412064265,2.9255707263946533,2.9255706459749455,3.587656021118164,3.587656083879205,6.3116679191589355,6.31166794802757,2.55379319190979,2.5537931847491255,ok
83,0.8300000000000001,8.0,6.3116679191589355,3.5943188667297363,3.6009035110473633,3.6009034667639175,1.6883320808410645,1.6883320519724299,2.9458305835723877,2.9458306305986146,3.5943188667297363,3.594318925963039,6.346054553985596,6.346054429805964,2.6170828342437744,2.617082942823788,ok
84,0.84,8.0,6.346054553985596,3.6009035110473633,3.6074087619781494,3.607408858676229,1.6539454460144043,1.6539455701940362,2.9656779766082764,2.965677977440943,3.6009035110473633,3.6009034667639175,6.379609107971191,6.379608965423702,2.6807124614715576,2.680712378254632,ok
85,0.85,8.0,6.379609107971191,3.6074087619781494,3.6138343811035156,3.6138343912714626,1.6203908920288086,1.620391034576298,2.9851226806640625,2.985122669855859,3.6074087619781494,3.607408858676229,6.412357807159424,6.412357969011717,2.744673252105713,2.744673304531153,ok
86,0.86,8.0,6.412357807159424,3.6138343811035156,3.6201796531677246,3.620179482251172,1.5876421928405762,1.5876420309882828,3.0041744709014893,3.004174374227718,3.6138343811035156,3.6138343912714626,6.444326877593994,6.444326763275452,2.808957815170288,2.8089577937906482,ok
87,0.87,8.0,6.444326877593994,3.6201796531677246,3.62644362449646,3.6264436689175374,1.5556731224060059,1.555673236724548,3.0228424072265625,3.022842453068413,3.6201796531677246,3.620179482251172,6.475539684295654,6.47553963233837,2.873558282852173,2.8735581661699423,ok
88,0.88,8.0,6.475539684295654,3.62644362449646,3.632626533508301,3.632626600133065,1.5244603157043457,1.5244603676616304,3.0411360263824463,3.0411359774803524,3.62644362449646,3.6264436689175374,6.5060200691223145,6.5060198718445506,2.938467025756836,2.9384669796717477,ok
89,0.89,8.0,6.5060200691223145,3.632626533508301,3.638727903366089,3.6387280287425323,1.4939799308776855,1.4939801281554494,3.059063673019409,3.059063739018218,3.632626533508301,3.632626600133065,6.535789966583252,6.5357898364662095,3.0036771297454834,3.003677020518994,ok
90,0.9,8.0,6.535789966583252,3.638727903366089,3.644747734069824,3.6447478044317343,1.464210033416748,1.4642101635337905,3.076634168624878,3.076634260980623,3.638727903366089,3.6387280287425323,6.564870834350586,6.564870984954136,3.069181203842163,3.0691812939718632,ok
91,0.91,8.0,6.564870834350586,3.644747734069824,3.650686025619507,3.650685866998969,1.435129165649414,1.435129015045864,3.093855857849121,3.0938558091611736,3.644747734069824,3.6447478044317343,6.5932841300964355,6.593283922861658,3.1349730491638184,3.1349730155836175,ok
92,0.92,8.0,6.5932841300964355,3.650686025619507,3.6565420627593994,3.6565422400165106,1.4067158699035645,1.4067160771383422,3.11073637008667,3.1107364020868338,3.650686025619507,3.650685866998969,6.621048450469971,6.621048443065715,3.201045513153076,3.2010456028725827,ok
93,0.93,8.0,6.621048450469971,3.6565420627593994,3.6623170375823975,3.662317024860548,1.3789515495300293,1.3789515569342852,3.127283811569214,3.127283820770045,3.6565420627593994,3.6565422400165106,6.648183345794678,6.648183564202006,3.267392635345459,3.26739266738884,ok
94,0.9400000000000001,8.0,6.648183345794678,3.6623170375823975,3.6680104732513428,3.6680103950892424,1.3518166542053223,1.3518164357979936,3.143505573272705,3.143505617999621,3.6623170375823975,3.662317024860548,6.674707412719727,6.674707567124893,3.334007978439331,3.334008007155329,ok
95,0.9500000000000001,8.0,6.674707412719727,3.6680104732513428,3.6736226081848145,3.673622591149664,1.3252925872802734,1.3252924328751066,3.1594090461730957,3.1594091271941225,3.6680104732513428,3.6680103950892424,6.7006378173828125,6.70063802949681,3.400885581970215,3.400885599464135,ok
96,0.96,8.0,6.7006378173828125,3.6736226081848145,3.6791539192199707,3.6791539153953985,1.2993621826171875,1.29936197050319,3.175001382827759,3.1750014708401606,3.6736226081848145,3.673622591149664,6.725991725921631,6.725991858606316,3.468019485473633,3.468019594009752,ok
97,0.97,8.0,6.725991725921631,3.6791539192199707,3.6846048831939697,3.684604727397634,1.2740082740783691,1.2740081413936837,3.1902894973754883,3.1902895685368846,3.6791539192199707,3.6791539153953985,6.7507853507995605,6.750785322508614,3.5354042053222656,3.5354043063420857,ok
98,0.98,8.0,6.7507853507995605,3.6846048831939697,3.6899755001068115,3.689975439533439,1.2492146492004395,1.249214677491386,3.205280065536499,3.2052801446667814,3.6846048831939697,3.684604727397634,6.775033950805664,6.775034079577312,3.603034257888794,3.603034211622864,ok
99,0.99,8.0,6.775033950805664,3.6899755001068115,3.6952664852142334,3.6952665128358566,1.224966049194336,1.2249659204226884,3.219979763031006,3.2199797357118536,3.6899755001068115,3.689975439533439,6.798753261566162,6.7987532065514795,3.6709039211273193,3.670903938669991,ok
100,1.0,8.0,6.798753261566162,3.6952664852142334,3.7004785537719727,3.7004784530912618,1.201246738433838,1.2012467934485205,3.2343947887420654,3.234394697233236,3.6952664852142334,3.6952665128358566,6.821957111358643,6.8219572251575205,3.7390081882476807,3.739008264275198,ok
101,1.01,8.0,6.821957111358643,3.7004785537719727,3.7056119441986084,3.7056118071702278,1.1780428886413574,1.1780427748424795,3.2485311031341553,3.248531210531346,3.7004785537719727,3.7004784530912618,6.84466028213501,6.844660127381137,3.807342052459717,3.8073421077811194,ok
102,1.02,8.0,6.84466028213501,3.7056119441986084,3.710667133331299,3.7106671595788914,1.1553397178649902,1.155339872618863,3.2623953819274902,3.2623952890027725,3.7056119441986084,3.7056118071702278,6.866875648498535,6.8668753994606275,3.8759005069732666,3.875900525904651,ok
103,1.03,8.0,6.866875648498535,3.710667133331299,3.7156450748443604,3.7156451292185215,1.1331243515014648,1.1331246005393725,3.2759928703308105,3.275992784209245,3.710667133331299,3.7106671595788914,6.88861608505249,6.88861604466895,3.944678783416748,3.9446787077941483,ok
104,1.04,8.0,6.88861608505249,3.7156450748443604,3.720546245574951,3.720546366341665,1.1113839149475098,1.1113839553310498,3.2893292903900146,3.289329391673218,3.7156450748443604,3.7156451292185215,6.9098944664001465,6.909894604948369,4.013671875,4.013671970308664,ok
105,1.05,8.0,6.9098944664001465,3.720546245574951,3.7253715991973877,3.72537154969387,1.0901055335998535,1.0901053950516308,3.30241060256958,3.3024106564138376,3.720546245574951,3.720546366341665,6.930723190307617,6.9307231814580925,4.082875728607178,4.082875753508066,ok
106,1.06,8.0,6.930723190307617,3.7253715991973877,3.730121374130249,3.7301213838306007,1.0692768096923828,1.0692768185419075,3.315242052078247,3.3152419782363403,3.7253715991973877,3.72537154969387,6.951113700866699,6.951113454092077,4.152285575866699,4.152285616343447,ok
107,1.07,8.0,6.951113700866699,3.730121374130249,3.7347965240478516,3.7347965965995096,1.0488862991333008,1.0488865459079229,3.3278286457061768,3.3278286167872353,3.730121374130249,3.7301213838306007,6.971076488494873,6.971076700021115,4.221897125244141,4.2218972325378,ok
108,1.08,8.0,6.971076488494873,3.7347965240478516,3.7393980026245117,3.7393979367787895,1.028923511505127,1.028923299978885,3.3401756286621094,3.3401756963869818,3.7347965240478516,3.7347965965995096,6.990623950958252,6.990623811310438,4.291706562042236,4.291706386647459,ok
109,1.09,8.0,6.990623950958252,3.7393980026245117,3.7439260482788086,3.7439261718628067,1.009376049041748,1.0093761886895622,3.352288246154785,3.3522882106512566,3.7393980026245117,3.7393979367787895,7.009765148162842,7.009765311661315,4.361709117889404,4.361708970295316,ok
110,1.1,8.0,7.009765148162842,3.7439260482788086,3.748382091522217,3.7483820859867305,0.9902348518371582,0.9902346883386848,3.364171028137207,3.364171026911321,3.7439260482788086,3.7439261718628067,7.0285115242004395,7.028511372322558,4.431900978088379,4.431900978567262,ok
111,1.11,8.0,7.0285115242004395,3.748382091522217,3.7527663707733154,3.752766477982298,0.9714884757995605,0.9714886276774424,3.375828981399536,3.3758288904434504,3.748382091522217,3.7483820859867305,7.046871662139893,7.046871827215364,4.5022783279418945,4.502278506563794,ok
112,1.12,8.0,7.046871662139893,3.7527663707733154,3.757080316543579,3.757080159557305,0.9531283378601074,0.9531281727846359,3.3872663974761963,3.387266428516866,3.7527663707733154,3.752766477982298,7.064856052398682,7.06485618731265,4.572837829589844,4.572837746099118,ok
113,1.1300000000000001,8.0,7.064856052398682,3.757080316543579,3.761323928833008,3.761323953591806,0.9351439476013184,0.9351438126873504,3.3984880447387695,3.398488154269114,3.757080316543579,3.757080159557305,7.0824737548828125,7.082473654311783,4.643575191497803,4.643574982540481,ok
114,1.1400000000000001,8.0,7.0824737548828125,3.761323928833008,3.765498638153076,3.765498692544401,0.9175262451171875,0.9175263456882172,3.409498453140259,3.4094984704173723,3.761323928833008,3.761323953591806,7.099733352661133,7.099733133637594,4.714486598968506,4.714486591780864,ok
115,1.1500000000000001,8.0,7.099733352661133,3.765498638153076,3.7696051597595215,3.7696052169623346,0.9002666473388672,0.900266866362406,3.420301675796509,3.420301672813721,3.765498638153076,3.765498692544401,7.11664342880249,7.11664324681055,4.785569190979004,4.785569037338513,ok
116,1.16,8.0,7.11664342880249,3.7696051597595215,3.773644208908081,3.773644374089501,0.8833565711975098,0.8833567531894504,3.4309020042419434,3.4309019538519943,3.7696051597595215,3.7696052169623346,7.133212566375732,7.13321234321312,4.856818675994873,4.856818867577117,ok
117,1.17,8.0,7.133212566375732,3.773644208908081,3.7776169776916504,3.7776170165667464,0.8667874336242676,0.8667876567868804,3.4413034915924072,3.4413034057334366,3.773644208908081,3.773644374089501,7.149448394775391,7.149448511285621,4.928232669830322,4.9282327130407815,ok
118,1.18,8.0,7.149448394775391,3.7776169776916504,3.7815239429473877,3.781524001219188,0.8505516052246094,0.8505514887143786,3.451509952545166,3.451510023598009,3.7776169776916504,3.7776170165667464,7.1653594970703125,7.1653595891811435,4.999807357788086,4.999807283898235,ok
119,1.19,8.0,7.1653594970703125,3.7815239429473877,3.7853662967681885,3.785366187925552,0.8346405029296875,0.8346404108188565,3.4615256786346436,3.4615257085278355,3.7815239429473877,3.781524001219188,7.180953025817871,7.180953174907582,5.071539402008057,5.07153936749101,ok
120,1.2,8.0,7.180953025817871,3.7853662967681885,3.789144515991211,3.7891444385648025,0.8190469741821289,0.8190468250924177,3.4713542461395264,3.4713542704289444,3.7853662967681885,3.785366187925552,7.196236610412598,7.196236635983337,5.143425941467285,5.143425825980582,ok
121,1.21,8.0,7.196236610412598,3.789144515991211,3.7928595542907715,3.7928596160356096,0.8037633895874023,0.803763364016663,3.48099946975708,3.4809994307971444,3.789144515991211,3.7891444385648025,7.211216926574707,7.211217118631794,5.215463638305664,5.215463594089764,ok
122,1.22,8.0,7.211216926574707,3.7928595542907715,3.7965126037597656,3.796512583344427,0.788783073425293,0.7887828813682063,3.490464925765991,3.4904648253735626,3.7928595542907715,3.7928596160356096,7.2259016036987305,7.2259015565383935,5.287649631500244,5.287649676933826,ok
123,1.23,8.0,7.2259016036987305,3.7965126037597656,3.8001041412353516,3.800104202758205,0.7740983963012695,0.7740984434616065,3.499753952026367,3.499754006695102,3.7965126037597656,3.796512583344427,7.240296840667725,7.2402966791928165,5.359981060028076,5.359981147937109,ok
124,1.24,8.0,7.240296840667725,3.8001041412353516,3.803635358810425,3.8036353350179755,0.7597031593322754,0.7597033208071835,3.5088703632354736,3.508870446544788,3.8001041412353516,3.800104202758205,7.254408836364746,7.25440901983762,5.432455062866211,5.432455146831073,ok
125,1.25,8.0,7.254408836364746,3.803635358810425,3.8071069717407227,3.80710683860974,0.7455911636352539,0.7455909801623797,3.517817497253418,3.517817538306737,3.803635358810425,3.8036353350179755,7.268244743347168,7.268244923043533,5.505068778991699,5.505068877729954,ok
126,1.26,8.0,7.268244743347168,3.8071069717407227,3.8105196952819824,3.8105195690893234,0.731755256652832,0.7317550769564667,3.5265986919403076,3.5265985992302147,3.8071069717407227,3.80710683860974,7.281810760498047,7.281810551930544,5.57781982421875,5.577819607280396,ok
127,1.27,8.0,7.281810760498047,3.8105196952819824,3.8138742446899414,3.813874378457997,0.7181892395019531,0.718189448069456,3.535216808319092,3.535216872607048,3.8105196952819824,3.8105195690893234,7.295112133026123,7.295111895052897,5.650704860687256,5.650704662881593,ok
128,1.28,8.0,7.295112133026123,3.8138742446899414,3.817172050476074,3.8171721145858895,0.704887866973877,0.704888104947103,3.543675422668457,3.5436755298664133,3.8138742446899414,3.813874378457997,7.308154582977295,7.30815477296516,5.723721504211426,5.723721430972688,ok
129,1.29,8.0,7.308154582977295,3.817172050476074,3.820413589477539,3.820413620680349,0.6918454170227051,0.6918452270348396,3.5519776344299316,3.5519776725908314,3.817172050476074,3.8171721145858895,7.320944786071777,7.320944844485621,5.796867370605469,5.796867355384291,ok
130,1.3,8.0,7.320944786071777,3.820413589477539,3.8235998153686523,3.823599734796583,0.6790552139282227,0.6790551555143791,3.560126304626465,3.5601263344570038,3.820413589477539,3.820413620680349,7.333487510681152,7.333487612672392,5.870140075683594,5.8701399357512045,ok
131,1.31,8.0,7.333487510681152,3.8235998153686523,3.8267314434051514,3.826731289388047,0.6665124893188477,0.6665123873276082,3.568124532699585,3.5681244831049352,3.8235998153686523,3.823599734796583,7.345788478851318,7.345788430526822,5.943536758422852,5.943536725983528,ok
132,1.32,8.0,7.345788478851318,3.8267314434051514,3.8298091888427734,3.8298091108942063,0.6542115211486816,0.654211569473178,3.575974941253662,3.5759750219386133,3.8267314434051514,3.826731289388047,7.357852458953857,7.357852506438007,6.017055511474609,6.017055332793493,ok
133,1.33,8.0,7.357852458953857,3.8298091888427734,3.832834005355835,3.8328340193634105,0.6421475410461426,0.6421474935619926,3.5836808681488037,3.583680791861357,3.8298091888427734,3.8298091108942063,7.36968469619751,7.369684909381498,6.090693473815918,6.0906934142755045,ok
134,1.34,8.0,7.36968469619751,3.832834005355835,3.8358068466186523,3.8358068281087583,0.6303153038024902,0.6303150906185024,3.591244697570801,3.591244572948779,3.832834005355835,3.8328340193634105,7.381290435791016,7.381290573884578,6.1644487380981445,6.164448678537003,ok
135,1.35,8.0,7.381290435791016,3.8358068466186523,3.838728427886963,3.838728343394948,0.6187095642089844,0.618709426115422,3.5986690521240234,3.598669086062164,3.8358068466186523,3.8358068281087583,7.392674446105957,7.392674304769879,6.238318920135498,6.238318882377853,ok
136,1.36,8.0,7.392674446105957,3.838728427886963,3.841599225997925,3.8415993641542125,0.607325553894043,0.6073256952301209,3.60595703125,3.6059569944049255,3.838728427886963,3.838728343394948,7.403841018676758,7.403840781688421,6.3123016357421875,6.312301830016116,ok
137,1.37,8.0,7.403841018676758,3.841599225997925,3.8444206714630127,3.8444206817295568,0.5961589813232422,0.5961592183115787,3.6131110191345215,3.6131109050246644,3.841599225997925,3.8415993641542125,7.414794445037842,7.414794563452647,6.386395454406738,6.386395371858144,ok
138,1.3800000000000001,8.0,7.414794445037842,3.8444206714630127,3.8471932411193848,3.847193079643606,0.5852055549621582,0.5852054365473531,3.620133399963379,3.6201333702632326,3.8444206714630127,3.8444206817295568,7.425539970397949,7.4255400921794115,6.460597515106201,6.460597403311043,ok
139,1.3900000000000001,8.0,7.425539970397949,3.8471932411193848,3.849917411804199,3.849917333391468,0.5744600296020508,0.5744599078205885,3.6270267963409424,3.62702688915708,3.8471932411193848,3.847193079643606,7.436081886291504,7.4360816972524,6.534905910491943,6.534905863635667,ok
140,1.4000000000000001,8.0,7.436081886291504,3.849917411804199,3.8525941371917725,3.8525942102561195,0.5639181137084961,0.5639183027475996,3.633793830871582,3.633793908790051,3.849917411804199,3.849917333391468,7.446423530578613,7.446423599112933,6.609318733215332,6.6093187348383635,ok
141,1.41,8.0,7.446423530578613,3.8525941371917725,3.855224609375,3.855224469144878,0.5535764694213867,0.5535764008870672,3.640436887741089,3.640436825600696,3.8525941371917725,3.8525942102561195,7.456570148468018,7.456569912887648,6.683834075927734,6.683834040599807,ok
142,1.42,8.0,7.456570148468018,3.855224609375,3.857808828353882,3.857808860445637,0.5434298515319824,0.5434300871123519,3.6469578742980957,3.6469579866460444,3.855224609375,3.855224469144878,7.466524600982666,7.466524651861127,6.758450031280518,6.758449845239335,ok
143,1.43,8.0,7.466524600982666,3.857808828353882,3.8603482246398926,3.8603481259015937,0.533475399017334,0.5334753481388734,3.6533596515655518,3.6533596908237107,3.857808828353882,3.857808860445637,7.476291656494141,7.4762917308010675,6.833164215087891,6.833164252713263,ok
144,1.44,8.0,7.476291656494141,3.8603482246398926,3.8628430366516113,3.8628429985032837,0.5237083435058594,0.5237082691989325,3.65964412689209,3.659644190054098,3.8603482246398926,3.8603481259015937,7.485875129699707,7.485874969143269,6.907975196838379,6.907975405645744,ok
145,1.45,8.0,7.485875129699707,3.8628430366516113,3.8652942180633545,3.8652942023967904,0.514124870300293,0.5141250308567313,3.665813684463501,3.6658136904243785,3.8628430366516113,3.8628429985032837,7.495278358459473,7.495278094043247,6.982881546020508,6.982881484390815,ok
146,1.46,8.0,7.495278358459473,3.8652942180633545,3.8677022457122803,3.86770245280708,0.5047216415405273,0.5047219059567531,3.671870470046997,3.6718703532958594,3.8652942180633545,3.8652942023967904,7.504504680633545,7.504504743301008,7.057880878448486,7.057880706124311,ok
147,1.47,8.0,7.504504680633545,3.8677022457122803,3.8700685501098633,3.8700684559754563,0.4954953193664551,0.49549525669899186,3.677816390991211,3.6778162963762475,3.8677022457122803,3.86770245280708,7.513558387756348,7.513558468165127,7.132971286773682,7.132971323964424,ok
148,1.48,8.0,7.513558387756348,3.8700685501098633,3.8723928928375244,3.872392909110197,0.48644161224365234,0.48644153183487315,3.6836535930633545,3.683653594758266,3.8700685501098633,3.8700684559754563,7.522442817687988,7.5224427360219615,7.208151817321777,7.208151626119724,ok
149,1.49,8.0,7.522442817687988,3.8723928928375244,3.874676465988159,3.8746765003494814,0.4775571823120117,0.47755726397803855,3.6893842220306396,3.689384281926002,3.8723928928375244,3.872392909110197,7.531160831451416,7.531160932975563,7.283420085906982,7.283419935063527,ok
150,1.5,8.0,7.531160831451416,3.874676465988159,3.876919984817505,3.876919908735777,0.468839168548584,0.4688390670244367,3.6950104236602783,3.6950103507302954,3.874676465988159,3.8746765003494814,7.5397162437438965,7.539716366323512,7.358774662017822,7.3587746067335305,ok
151,1.51,8.0,7.5397162437438965,3.876919984817505,3.8791239261627197,3.8791238042008906,0.4602837562561035,0.4602836336764877,3.700533866882324,3.7005337543344132,3.876919984817505,3.876919908735777,7.548112392425537,7.548112266933667,7.434214115142822,7.434214029755708,ok
152,1.52,8.0,7.548112392425537,3.8791239261627197,3.881288766860962,3.8812888475609464,0.4518876075744629,0.4518877330663331,3.70595645904541,3.705956407131209,3.8791239261627197,3.8791238042008906,7.556351661682129,7.5563517915265495,7.50973653793335,7.509736624691505,ok
153,1.53,8.0,7.556351661682129,3.881288766860962,3.883415699005127,3.8834156905205894,0.4436483383178711,0.44364820847345054,3.711280107498169,3.7112801856328907,3.881288766860962,3.8812888475609464,7.5644378662109375,7.564438024867842,7.585340976715088,7.585340843307401,ok
154,1.54,8.0,7.5644378662109375,3.883415699005127,3.885504961013794,3.885504975685754,0.4355621337890625,0.435561975132158,3.7165069580078125,3.716506929334477,3.883415699005127,3.8834156905205894,7.572373867034912,7.572373981875242,7.661025047302246,7.661025167865962,ok
155,1.55,8.0,7.572373867034912,3.885504961013794,3.8875572681427,3.88755733658438,0.4276261329650879,0.42762601812475776,3.7216384410858154,3.721638441551974,3.885504961013794,3.885504975685754,7.580162525177002,7.580162609643713,7.736788272857666,7.73678811043756,ok
156,1.56,8.0,7.580162525177002,3.8875572681427,3.889573335647583,3.889573397694489,0.41983747482299805,0.4198373903562871,3.7266764640808105,3.7266764902362497,3.8875572681427,3.88755733658438,7.587806701660156,7.587806789392942,7.812628269195557,7.812628212231941,ok
157,1.57,8.0,7.587806701660156,3.889573335647583,3.8915538787841797,3.891553774479073,0.41219329833984375,0.41219321060705827,3.7316229343414307,3.7316228087635346,3.889573335647583,3.889573397694489,7.595309257507324,7.595309338340644,7.888544082641602,7.888544042948904,ok
158,1.58,8.0,7.595309257507324,3.8915538787841797,3.8934991359710693,3.893499073427277,0.4046907424926758,0.4046906616593562,3.7364790439605713,3.7364790967034467,3.8915538787841797,3.891553774479073,7.602673053741455,7.602673011505146,7.964534282684326,7.9645342001473605,ok
159,1.59,8.0,7.602673053741455,3.8934991359710693,3.8954098224639893,3.895409892101388,0.3973269462585449,0.3973269884948536,3.7412469387054443,3.741247020565385,3.8934991359710693,3.893499073427277,7.60990047454834,7.609900503440521,8.040596961975098,8.040597308632062,ok
160,1.6,8.0,7.60990047454834,3.8954098224639893,3.897286891937256,3.8972868191891767,0.39009952545166016,0.39009949655947906,3.7459282875061035,3.7459282145240986,3.8954098224639893,3.895409892101388,7.616994380950928,7.616994449907367,8.116731643676758,8.116732019857379,ok
161,1.61,8.0,7.616994380950928,3.897286891937256,3.8991305828094482,3.8991304345611515,0.38300561904907227,0.3830055500926326,3.7505242824554443,3.75052428112521,3.897286891937256,3.8972868191891767,7.623957633972168,7.62395742948219,8.192936897277832,8.192937011347457,ok
162,1.62,8.0,7.623957633972168,3.8991305828094482,3.9009411334991455,3.900941309332334,0.37604236602783203,0.37604257051780987,3.7550368309020996,3.755036791971424,3.8991305828094482,3.8991304345611515,7.630792140960693,7.630791965108158,8.269210815429688,8.269210986132187,ok
163,1.6300000000000001,8.0,7.630792140960693,3.9009411334991455,3.9027199745178223,3.9027200059281606,0.36920785903930664,0.36920803489184184,3.759467363357544,3.7594672883901263,3.9009411334991455,3.900941309332334,7.637500762939453,7.637500525589904,8.345552444458008,8.345552672198396,ok
164,1.6400000000000001,8.0,7.637500762939453,3.9027199745178223,3.9044671058654785,3.904467078154165,0.3624992370605469,0.3624994744100958,3.763817310333252,3.7638172820830476,3.9027199745178223,3.9027200059281606,7.64408540725708,7.644085527034881,8.421960830688477,8.421960821955716,ok
165,1.6500000000000001,8.0,7.64408540725708,3.9044671058654785,3.9061830043792725,3.906183071269095,0.3559145927429199,0.3559144729651189,3.7680883407592773,3.768088255758629,3.9044671058654785,3.904467078154165,7.650549411773682,7.650549334243664,8.498434066772461,8.498434211716605,ok
166,1.6600000000000001,8.0,7.650549411773682,3.9061830043792725,3.9078683853149414,3.9078685220611638,0.34945058822631836,0.3494506657563363,3.7722816467285156,3.7722816637477052,3.9061830043792725,3.906183071269095,7.656894207000732,7.656894262051473,8.574971199035645,8.574971641190034,ok
167,1.67,8.0,7.656894207000732,3.9078683853149414,3.9095239639282227,3.909523958927116,0.3431057929992676,0.3431057379485267,3.7763988971710205,3.7763989326030876,3.9078683853149414,3.9078685220611638,7.663122653961182,7.663122576623077,8.651572227478027,8.651571932988357,ok
168,1.68,8.0,7.663122653961182,3.9095239639282227,3.9111499786376953,3.911149901953857,0.33687734603881836,0.33687742337692317,3.7804415225982666,3.7804414616836106,3.9095239639282227,3.909523958927116,7.669236660003662,7.669236496703116,8.72823429107666,8.728233932146889,ok
169,1.69,8.0,7.669236660003662,3.9111499786376953,3.9127469062805176,3.9127468630023645,0.3307633399963379,0.3307635032968843,3.7844107151031494,3.7844106237231734,3.9111499786376953,3.911149901953857,7.675238132476807,7.675238194823808,8.804956436157227,8.804956505655793,ok
170,1.7,8.0,7.675238132476807,3.9127469062805176,3.9143154621124268,3.9143153457936504,0.32476186752319336,0.324761805176192,3.7883076667785645,3.7883077653852877,3.9127469062805176,3.9127468630023645,7.6811299324035645,7.681129798471877,8.881738662719727,8.881738542003824,ok
171,1.71,8.0,7.6811299324035645,3.9143154621124268,3.915855884552002,3.915855845996537,0.31887006759643555,0.3188702015281226,3.7921342849731445,3.7921342078036253,3.9143154621124268,3.9143153457936504,7.68691349029541,7.686913391216466,8.958579063415527,8.958578950733548,ok
172,1.72,8.0,7.68691349029541,3.915855884552002,3.9173688888549805,3.917368851317039,0.31308650970458984,0.313086608783534,3.795891284942627,3.7958912471090276,3.915855884552002,3.915855845996537,7.692591190338135,7.692591013799707,9.035476684570312,9.035476662007667,ok
173,1.73,8.0,7.692591190338135,3.9173688888549805,3.9188547134399414,3.9188548415891447,0.30740880966186523,0.30740898620029267,3.7995800971984863,3.799580154943431,3.9173688888549805,3.917368851317039,7.698164463043213,7.698164665191543,9.112430572509766,9.11243062618605,ok
174,1.74,8.0,7.698164463043213,3.9188547134399414,3.920314311981201,3.920314288866814,0.3018355369567871,0.30183533480845703,3.8032021522521973,3.8032021789611328,3.9188547134399414,3.9188548415891447,7.703636169433594,7.703636303610303,9.18943977355957,9.189439813413143,ok
175,1.75,8.0,7.703636169433594,3.920314311981201,3.9217476844787598,3.921747657517012,0.29636383056640625,0.2963636963896974,3.8067586421966553,3.8067585433178093,3.920314311981201,3.920314288866814,7.709007740020752,7.709007847510477,9.26650333404541,9.266503213215437,ok
176,1.76,8.0,7.709007740020752,3.9217476844787598,3.9231555461883545,3.9231554043136185,0.29099225997924805,0.29099215248952337,3.8102505207061768,3.8102504491476834,3.9217476844787598,3.921747657517012,7.71428108215332,7.714281176539059,9.343620300292969,9.343619834108631,ok
177,1.77,8.0,7.71428108215332,3.9231555461883545,3.9245381355285645,3.9245379785320598,0.2857189178466797,0.28571882346094135,3.8136789798736572,3.813679075029215,3.9231555461883545,3.9231554043136185,7.719458103179932,7.719458132461749,9.420788764953613,9.42078870321423,ok
178,1.78,8.0,7.719458103179932,3.9245381355285645,3.925895929336548,3.9258958220445153,0.28054189682006836,0.2805418675382514,3.8170456886291504,3.817045577439674,3.9245381355285645,3.9245379785320598,7.724540710449219,7.7245405200602635,9.498008728027344,9.498008865885243,ok
179,1.79,8.0,7.724540710449219,3.925895929336548,3.927229404449463,3.927229369415569,0.27545928955078125,0.2754594799397365,3.8203511238098145,3.820351091198951,3.925895929336548,3.9258958220445153,7.729530334472656,7.729530108001929,9.575279235839844,9.575279385340718,ok
180,1.8,8.0,7.729530334472656,3.927229404449463,3.9285390377044678,3.9285390479981794,0.27046966552734375,0.27046989199807125,3.823596715927124,3.823596729902928,3.927229404449463,3.927229369415569,7.734428882598877,7.734428629682674,9.652599334716797,9.652599342308843,ok
181,1.81,8.0,7.734428882598877,3.9285390377044678,3.9298250675201416,3.9298252780298584,0.26557111740112305,0.2655713703173257,3.8267836570739746,3.826783586346736,3.9285390377044678,3.9285390479981794,7.7392377853393555,7.739237784044502,9.729968070983887,9.72996783467835,ok
182,1.82,8.0,7.7392377853393555,3.9298250675201416,3.931088447570801,3.931088472728935,0.26076221466064453,0.26076221595549764,3.8299126625061035,3.829912732938202,3.9298250675201416,3.9298252780298584,7.743959426879883,7.743959236368442,9.80738353729248,9.807383977157961,ok
183,1.83,8.0,7.743959426879883,3.931088447570801,3.932328939437866,3.932329038390825,0.2560405731201172,0.2560407636315576,3.8329851627349854,3.8329852221017804,3.931088447570801,3.931088472728935,7.748594760894775,7.748594619043966,9.884846687316895,9.884846900943659,ok
184,1.84,8.0,7.748594760894775,3.932328939437866,3.933547258377075,3.933547374484194,0.2514052391052246,0.25140538095603393,3.8360021114349365,3.8360020866732527,3.932328939437866,3.932329038390825,7.753145694732666,7.753145532315782,9.962355613708496,9.962355753393522,ok
185,1.85,8.0,7.753145694732666,3.933547258377075,3.934743881225586,3.9347438737469402,0.24685430526733398,0.24685446768421837,3.8389642238616943,3.838964340285463,3.933547258377075,3.933547374484194,7.757613658905029,7.7576135450088834,10.039909362792969,10.03990969770993,ok
186,1.86,8.0,7.757613658905029,3.934743881225586,3.9359188079833984,3.93591892228191,0.2423863410949707,0.24238645499111655,3.8418729305267334,3.8418729777453566,3.934743881225586,3.9347438737469402,7.76200008392334,7.762000195232707,10.117507934570312,10.117507912628914,ok
187,1.87,8.0,7.76200008392334,3.9359188079833984,3.937072992324829,3.9370728996522737,0.23799991607666016,0.2379998047672931,3.844728946685791,3.844728975402564,3.9359188079833984,3.93591892228191,7.7663068771362305,7.7663069910651705,10.195149421691895,10.195149592116437,ok
188,1.8800000000000001,8.0,7.7663068771362305,3.937072992324829,3.938206195831299,3.938206178976496,0.23369312286376953,0.23369300893482947,3.8475332260131836,3.847533291509782,3.937072992324829,3.9370728996522737,7.770535469055176,7.770535411217382,10.272833824157715,10.27283394507143,ok
189,1.8900000000000001,8.0,7.770535469055176,3.938206195831299,3.939319133758545,3.9393191270228294,0.22946453094482422,0.22946458878261833,3.8502869606018066,3.8502868665751735,3.938206195831299,3.938206178976496,7.774686813354492,7.774686905679725,10.350560188293457,10.350560195035374,ok
190,1.9000000000000001,8.0,7.774686813354492,3.939319133758545,3.9404120445251465,3.9404121043032836,0.2253131866455078,0.22531309432027502,3.8529906272888184,3.852990623707017,3.939319133758545,3.9393191270228294,7.7787628173828125,7.778762896350026,10.428327560424805,10.428327579908256,ok
191,1.9100000000000001,8.0,7.7787628173828125,3.9404120445251465,3.9414854049682617,3.9414854651670064,0.2212371826171875,0.2212371036499743,3.8556454181671143,3.8556454689508164,3.9404120445251465,3.9404121043032836,7.782764911651611,7.782764777644455,10.506134986877441,10.506135351670714,ok
192,1.92,8.0,7.782764911651611,3.9414854049682617,3.9425394535064697,3.9425395578930345,0.21723508834838867,0.21723522235554515,3.8582522869110107,3.858252291619083,3.9414854049682617,3.9414854651670064,7.786694049835205,7.7866939170918,10.583982467651367,10.583982776112219,ok
193,1.93,8.0,7.786694049835205,3.9425394535064697,3.9435746669769287,3.943574724782363,0.21330595016479492,0.21330608290819963,3.860811948776245,3.860811964613981,3.9425394535064697,3.9425395578930345,7.790551662445068,7.790551655911713,10.661869049072266,10.661869132565101,ok
194,1.94,8.0,7.790551662445068,3.9435746669769287,3.9445912837982178,3.9445913022492958,0.20944833755493164,0.20944834408828683,3.863325357437134,3.8633253447430405,3.9435746669769287,3.943574724782363,7.794339179992676,7.794339309577496,10.73979377746582,10.739793713644303,ok
195,1.95,8.0,7.794339179992676,3.9445912837982178,3.945589542388916,3.9455896209120422,0.20566082000732422,0.205660690422504,3.865793228149414,3.8657932730281104,3.9445912837982178,3.9445913022492958,7.798058032989502,7.798058168363994,10.817755699157715,10.817755824992664,ok
196,1.96,8.0,7.798058032989502,3.945589542388916,3.9465701580047607,3.9465700056825126,0.20194196701049805,0.201941831636006,3.8682165145874023,3.8682165750077426,3.945589542388916,3.9455896209120422,7.8017096519470215,7.8017094978811015,10.89575481414795,10.89575478503163,ok
197,1.97,8.0,7.8017096519470215,3.9465701580047607,3.9475326538085938,3.947532775855302,0.19829034805297852,0.19829050211889854,3.870595932006836,3.8705960610331696,3.9465701580047607,3.9465700056825126,7.805294513702393,7.8052945395933975,10.973790168762207,10.973789924717204,ok
198,1.98,8.0,7.805294513702393,3.9475326538085938,3.9484782218933105,3.9484782451958105,0.19470548629760742,0.19470546040660253,3.8729324340820312,3.8729325265580488,3.9475326538085938,3.947532775855302,7.808814525604248,7.808814511326377,11.051860809326172,11.051860587301066,ok
199,1.99,8.0,7.808814525604248,3.9484782218933105,3.949406623840332,3.949406722027498,0.19118547439575195,0.19118548867362328,3.8752267360687256,3.875226752422132,3.9484782218933105,3.9484782451958105,7.812270641326904,7.812270607759749,11.129965782165527,11.129966128096639,ok
200,2.0,8.0,7.812270641326904,3.949406623840332,3.9503185749053955,3.9503185093182327,0.1877293586730957,0.18772939224025098,3.8774795532226562,3.877479505129015,3.949406623840332,3.949406722027498,7.815663814544678,7.815664000908234,11.20810604095459,11.208105914250067,ok
201,2.0100000000000002,8.0,7.815663814544678,3.9503185749053955,3.951214075088501,3.9512139047657215,0.18433618545532227,0.18433599909176568,3.8796916007995605,3.8796915371181164,3.9503185749053955,3.9503185093182327,7.818995952606201,7.8189958405902775,11.286279678344727,11.286279324515922,ok
202,2.02,8.0,7.818995952606201,3.951214075088501,3.9520931243896484,3.9520932008820053,0.18100404739379883,0.18100415940972248,3.881863594055176,3.881863587031033,3.951214075088501,3.9512139047657215,7.822267055511475,7.8222672548850865,11.364485740661621,11.364485749037534,ok
203,2.0300000000000002,8.0,7.822267055511475,3.9520931243896484,3.9529566764831543,3.9529566850769986,0.1777329444885254,0.17773274511491355,3.8839964866638184,3.883996379972412,3.9520931243896484,3.9520932008820053,7.825479507446289,7.825479350578372,11.442724227905273,11.442724589131853,ok
204,2.04,8.0,7.825479507446289,3.9529566764831543,3.9538044929504395,3.953804639741063,0.17452049255371094,0.17452064942162782,3.8860905170440674,3.8860906277654714,3.9529566764831543,3.9529566850769986,7.8286333084106445,7.828633213597166,11.520995140075684,11.520995257078694,ok
205,2.05,8.0,7.8286333084106445,3.9538044929504395,3.954637289047241,3.9546373423266052,0.17136669158935547,0.17136678640283431,3.8881471157073975,3.8881470292023055,3.9538044929504395,3.953804639741063,7.831729888916016,7.831729909434058,11.599297523498535,11.599297175914291,ok
206,2.06,8.0,7.831729888916016,3.954637289047241,3.9554550647735596,3.955455065428682,0.16827011108398438,0.168270090565942,3.8901662826538086,3.8901662702890967,3.954637289047241,3.9546373423266052,7.834770679473877,7.834770483561208,11.677629470825195,11.677629779229036,ok
207,2.07,8.0,7.834770679473877,3.9554550647735596,3.9562580585479736,3.9562580768646134,0.16522932052612305,0.16522951643879225,3.892148971557617,3.892149024486362,3.9554550647735596,3.955455065428682,7.837756156921387,7.837755961834435,11.755992889404297,11.755992510969303,ok
208,2.08,8.0,7.837756156921387,3.9562580585479736,3.9570465087890625,3.9570466397525883,0.16224384307861328,0.1622440381655652,3.8940958976745605,3.894095952944349,3.9562580585479736,3.9562580768646134,7.840687274932861,7.84068735088771,11.83438491821289,11.834384825243276,ok
209,2.09,8.0,7.840687274932861,3.9570465087890625,3.9578211307525635,3.9578210125892648,0.15931272506713867,0.15931264911229004,3.896007776260376,3.8960077047336963,3.9570465087890625,3.9570466397525883,7.843565464019775,7.843565638518346,11.912806510925293,11.91280618613067,ok
210,2.1,8.0,7.843565464019775,3.9578211307525635,3.9585814476013184,3.958581449326358,0.1564345359802246,0.15643436148165435,3.8978848457336426,3.897884917071476,3.9578211307525635,3.9578210125892648,7.846391677856445,7.846391794063165,11.991255760192871,11.99125606749625,ok
211,2.11,8.0,7.846391677856445,3.9585814476013184,3.9593281745910645,3.95932819944621,0.1536083221435547,0.15360820593683489,3.899728298187256,3.899728215542718,3.9585814476013184,3.958581449326358,7.8491668701171875,7.849166768765931,12.069733619689941,12.069733952807086,ok
212,2.12,8.0,7.8491668701171875,3.9593281745910645,3.960061550140381,3.9600615080363455,0.1508331298828125,0.15083323123406878,3.901538133621216,3.901538214317527,3.9593281745910645,3.95932819944621,7.85189151763916,7.851891496136289,12.148239135742188,12.148239334953422,ok
213,2.13,8.0,7.85189151763916,3.960061550140381,3.9607815742492676,3.960781615863011,0.14810848236083984,0.14810850386371133,3.903315544128418,3.9033155163638913,3.960061550140381,3.9600615080363455,7.854567050933838,7.854566892300484,12.226771354675293,12.2267717160731,ok
214,2.14,8.0,7.854567050933838,3.9607815742492676,3.961488723754883,3.9614887594436974,0.1454329490661621,0.14543310769951567,3.9050607681274414,3.9050607136562854,3.9607815742492676,3.960781615863011,7.857193946838379,7.857193856344101,12.305330276489258,12.305330607379457,ok
215,2.15,8.0,7.857193946838379,3.961488723754883,3.9621832370758057,3.962183171118645,0.1428060531616211,0.14280614365589894,3.9067742824554443,3.9067743873801564,3.961488723754883,3.9614887594436974,7.8597731590271,7.859773270647038,12.383915901184082,12.383915528992597,ok
216,2.16,8.0,7.8597731590271,3.9621832370758057,3.962865114212036,3.9628650791213413,0.1402268409729004,0.1402267293529622,3.908457040786743,3.9084571081323918,3.9621832370758057,3.962183171118645,7.862306118011475,7.862306001210966,12.462526321411133,12.462526009773988,ok
217,2.17,8.0,7.862306118011475,3.962865114212036,3.9635345935821533,3.9635347076480056,0.1376938819885254,0.1376939987890342,3.910109519958496,3.9101094361178603,3.962865114212036,3.9628650791213413,7.864792823791504,7.864792897979471,12.54116153717041,12.54116158716429,ok
218,2.18,8.0,7.864792823791504,3.9635345935821533,3.9641923904418945,3.964192276926072,0.1352071762084961,0.1352071020205292,3.9117319583892822,3.9117319213421067,3.9635345935821533,3.9635347076480056,7.867234706878662,7.867234795151092,12.619821548461914,12.619821807024344,ok
219,2.19,8.0,7.867234706878662,3.9641923904418945,3.9648380279541016,3.96483800328167,0.1327652931213379,0.13276520484890764,3.913325071334839,3.9133251038002936,3.9641923904418945,3.964192276926072,7.869632720947266,7.86963251148546,12.698506355285645,12.698506223479272,ok
220,2.2,8.0,7.869632720947266,3.9648380279541016,3.9654719829559326,3.9654720992061097,0.13036727905273438,0.1303674885145396,3.9148895740509033,3.914889513662468,3.9648380279541016,3.96483800328167,7.8719868659973145,7.871986850602719,12.777214050292969,12.77721439876559,ok
221,2.21,8.0,7.8719868659973145,3.9654719829559326,3.966094732284546,3.9660947734213807,0.12801313400268555,0.12801314939728137,3.9164257049560547,3.9164256714552357,3.9654719829559326,3.9654720992061097,7.874298572540283,7.874298601276421,12.855945587158203,12.855945903081286,ok
222,2.22,8.0,7.874298572540283,3.966094732284546,3.9667062759399414,3.9667062309446672,0.1257014274597168,0.12570139872357888,3.9179341793060303,3.9179340882399187,3.966094732284546,3.9660947734213807,7.87656831741333,7.87656853772008,12.934700012207031,12.9347003144388,ok
223,2.23,8.0,7.87656831741333,3.9667062759399414,3.9673068523406982,3.967306673151887,0.12343168258666992,0.12343146227992019,3.919415235519409,3.919415265787278,3.9667062759399414,3.9667062309446672,7.87879753112793,7.8787974198675395,13.013477325439453,13.01347721852083,ok
224,2.24,8.0,7.87879753112793,3.9673068523406982,3.9678962230682373,3.967896297840262,0.12120246887207031,0.12120258013246055,3.9208695888519287,3.920869696748867,3.9673068523406982,3.967306673151887,7.880986213684082,7.880985993647337,13.092276573181152,13.092276208538918,ok
225,2.25,8.0,7.880986213684082,3.9678962230682373,3.968475103378296,3.9684752992899326,0.11901378631591797,0.11901400635266324,3.922297954559326,3.922297864825099,3.9678962230682373,3.967896297840262,7.883134841918945,7.883134991251214,13.171096801757812,13.171096885094753,ok
226,2.2600000000000002,8.0,7.883134841918945,3.968475103378296,3.9690439701080322,3.9690438683246136,0.11686515808105469,0.11686500874878636,3.9237003326416016,3.9237002449300844,3.968475103378296,3.9684752992899326,7.885245323181152,7.885245131396928,13.24993896484375,13.249938856044123,ok
227,2.27,8.0,7.885245323181152,3.9690439701080322,3.969602108001709,3.969602192371313,0.11475467681884766,0.11475486860307171,3.925077199935913,3.925077303353321,3.9690439701080322,3.9690438683246136,7.887317180633545,7.887317119585523,13.328802108764648,13.328801736363467,ok
228,2.2800000000000002,8.0,7.887317180633545,3.969602108001709,3.9701504707336426,3.9701504555191116,0.11268281936645508,0.11268288041447683,3.926429510116577,3.9264294979182948,3.969602108001709,3.969602192371313,7.889351844787598,7.889351648353185,13.407685279846191,13.407685148018977,ok
229,2.29,8.0,7.889351844787598,3.9701504707336426,3.970688819885254,3.9706888385770207,0.11064815521240234,0.11064835164681508,3.9277572631835938,3.9277572781380568,3.9701504707336426,3.9701504555191116,7.8913493156433105,7.891349397517841,13.486588478088379,13.486588719838196,ok
230,2.3000000000000003,8.0,7.8913493156433105,3.970688819885254,3.971217632293701,3.9712175191309202,0.10865068435668945,0.10865060248215919,3.9290611743927,3.9290610853678425,3.970688819885254,3.9706888385770207,7.893311023712158,7.893311034420621,13.565511703491211,13.565512087384041,ok
231,2.31,8.0,7.893311023712158,3.971217632293701,3.9717366695404053,3.971736671599594,0.1066889762878418,0.10668896557937924,3.9303412437438965,3.930341352954795,3.971217632293701,3.9712175191309202,7.895236968994141,7.895237214162319,13.644454956054688,13.644454892831236,ok
232,2.32,8.0,7.895236968994141,3.9717366695404053,3.9722466468811035,3.9722464672898674,0.10476303100585938,0.10476278583768117,3.931598424911499,3.931598506384847,3.9717366695404053,3.971736671599594,7.897128582000732,7.897128579834975,13.723416328430176,13.723416784845064,ok
233,2.33,8.0,7.897128582000732,3.9722466468811035,3.9727470874786377,3.972747074450857,0.10287141799926758,0.10287142016502493,3.932832956314087,3.9328329634268275,3.9722466468811035,3.9722464672898674,7.898985862731934,7.898985762748706,13.802397727966309,13.802397418462428,ok
234,2.34,8.0,7.898985862731934,3.9727470874786377,3.973238706588745,3.9732386583273454,0.1010141372680664,0.10101423725129433,3.9340450763702393,3.934045134273843,3.9727470874786377,3.972747074450857,7.900809288024902,7.900809382653885,13.881396293640137,13.88139645497515,ok
235,2.35,8.0,7.900809288024902,3.973238706588745,3.973721504211426,3.9737213812122887,0.09919071197509766,0.09919061734611478,3.9352355003356934,3.9352354216819965,3.973238706588745,3.9732386583273454,7.902600288391113,7.902600047958812,13.960413932800293,13.960413561815466,ok
236,2.36,8.0,7.902600288391113,3.973721504211426,3.9741952419281006,3.974195402498472,0.09739971160888672,0.09739995204118834,3.936404228210449,3.936404221106491,3.973721504211426,3.9737213812122887,7.904358386993408,7.9043583559429464,14.039448738098145,14.03944841244368,ok
237,2.37,8.0,7.904358386993408,3.9741952419281006,3.974660873413086,3.9746608787293125,0.0956416130065918,0.09564164405705355,3.937551975250244,3.9375519208351757,3.9741952419281006,3.974195402498472,7.906085014343262,7.9060848929658505,14.118500709533691,14.118500686237923,ok
238,2.38,8.0,7.906085014343262,3.974660873413086,3.9751179218292236,3.9751179636488354,0.09391498565673828,0.09391510703414951,3.9386789798736572,3.9386789021195856,3.974660873413086,3.9746608787293125,7.907780170440674,7.9077802346719075,14.197569847106934,14.197570068385996,ok
239,2.39,8.0,7.907780170440674,3.9751179218292236,3.975566864013672,3.9755668082508224,0.09221982955932617,0.0922197653280925,3.9397854804992676,3.939785539303523,3.9751179218292236,3.9751179636488354,7.909444808959961,7.90944494619094,14.276656150817871,14.276656249779215,ok
240,2.4,8.0,7.909444808959961,3.975566864013672,3.9760076999664307,3.9760075608271466,0.09055519104003906,0.0905550538090596,3.9408721923828125,3.9408721999492315,3.975566864013672,3.9755668082508224,7.911079406738281,7.911079582334817,14.355758666992188,14.355758926908262,ok
241,2.41,8.0,7.911079406738281,3.9760076999664307,3.9764404296875,3.976440367015305,0.08892059326171875,0.08892041766518322,3.941939115524292,3.9419392449612136,3.9760076999664307,3.9760075608271466,7.912684917449951,7.912684687790136,14.434877395629883,14.434877801760976,ok
242,2.42,8.0,7.912684917449951,3.9764404296875,3.976865291595459,3.9768653698451595,0.08731508255004883,0.08731531220986444,3.9429869651794434,3.942987028707732,3.9764404296875,3.976440367015305,7.9142608642578125,7.914260797307084,14.514012336730957,14.514012581722046,ok
243,2.43,8.0,7.9142608642578125,3.976865291595459,3.977282762527466,3.9772827097848986,0.0857391357421875,0.08573920269291602,3.9440159797668457,3.944015899140047,3.976865291595459,3.9768653698451595,7.91580867767334,7.915808435884556,14.593162536621094,14.593162979474581,ok
244,2.44,8.0,7.91580867767334,3.977282762527466,3.9776923656463623,3.9776925247862245,0.08419132232666016,0.08419156411544382,3.945026159286499,3.9450261979094323,3.977282762527466,3.9772827097848986,7.917328357696533,7.917328118951619,14.67232894897461,14.672328712903512,ok
245,2.45,8.0,7.917328357696533,3.9776923656463623,3.9780948162078857,3.978094950328785,0.0826716423034668,0.0826718810483813,3.9460182189941406,3.946018260482013,3.9776923656463623,3.9776925247862245,7.918820381164551,7.918820352545403,14.751509666442871,14.75150950500079,ok
246,2.46,8.0,7.918820381164551,3.9780948162078857,3.978490114212036,3.9784901194638516,0.08117961883544922,0.08117964745459716,3.9469923973083496,3.9469924162514682,3.9780948162078857,3.978094950328785,7.920285701751709,7.920285633485505,14.830704689025879,14.83070508377234,ok
247,2.47,8.0,7.920285701751709,3.978490114212036,3.9788780212402344,3.9788781628572663,0.07971429824829102,0.07971436651449526,3.947948932647705,3.9479489886496424,3.978490114212036,3.9784901194638516,7.921724319458008,7.9217244495449775,14.90991497039795,14.909915182146749,ok
248,2.48,8.0,7.921724319458008,3.9788780212402344,3.9792592525482178,3.9792592088316514,0.07827568054199219,0.07827555045502255,3.9488883018493652,3.9488882952551028,3.9788780212402344,3.9788781628572663,7.923137187957764,7.92313727961798,14.989139556884766,14.989139537885643,ok
249,2.49,8.0,7.923137187957764,3.9792592525482178,3.979633331298828,3.979633383407911,0.07686281204223633,0.07686272038202002,3.94981050491333,3.949810647899687,3.9792592525482178,3.9792592088316514,7.924524784088135,7.924524593884166,15.068377494812012,15.068377893495729,ok
250,2.5,8.0,7.924524784088135,3.979633331298828,3.9800007343292236,3.980000810346021,0.07547521591186523,0.07547540611583425,3.950716257095337,3.950716352773077,3.979633331298828,3.979633383407911,7.925886631011963,7.925886853969883,15.147629737854004,15.147629996142458,ok
251,2.5100000000000002,8.0,7.925886631011963,3.9800007343292236,3.9803617000579834,3.9803616111851237,0.07411336898803711,0.07411314603011743,3.951605796813965,3.9516057105254383,3.9800007343292236,3.980000810346021,7.927224636077881,7.927224513106246,15.226895332336426,15.226895597565289,ok
252,2.52,8.0,7.927224636077881,3.9803617000579834,3.980715751647949,3.9807159052829397,0.07277536392211914,0.0727754868937538,3.9524788856506348,3.952479016368163,3.9803617000579834,3.9803616111851237,7.928537845611572,7.928538016284161,15.306174278259277,15.306174453994513,ok
253,2.5300000000000002,8.0,7.928537845611572,3.980715751647949,3.9810638427734375,3.981063809854499,0.07146215438842773,0.07146198371583878,3.953336477279663,3.9533365601727533,3.980715751647949,3.9807159052829397,7.929827690124512,7.929827800406356,15.385466575622559,15.385466326069624,ok
254,2.54,8.0,7.929827690124512,3.9810638427734375,3.98140549659729,3.981405440010211,0.07017230987548828,0.07017219959364418,3.95417857170105,3.954178626567877,3.9810638427734375,3.981063809854499,7.931094169616699,7.931094294436491,15.464771270751953,15.46477097875918,ok
255,2.5500000000000003,8.0,7.931094169616699,3.98140549659729,3.981740951538086,3.9817409087932805,0.06890583038330078,0.06890570556350895,3.955005407333374,3.955005495034639,3.98140549659729,3.981405440010211,7.932337760925293,7.93233791954541,15.544088363647461,15.544088181282154,ok
256,2.56,8.0,7.932337760925293,3.981740951538086,3.9820704460144043,3.982070327216475,0.06766223907470703,0.06766208045458999,3.955817461013794,3.955817440000094,3.981740951538086,3.9817409087932805,7.933558940887451,7.933559089254587,15.623417854309082,15.623417707030725,ok
257,2.57,8.0,7.933558940887451,3.9820704460144043,3.982393741607666,3.982393804298259,0.06644105911254883,0.06644091074541336,3.9566147327423096,3.9566147309290387,3.9820704460144043,3.982070327216475,7.934758186340332,7.93475820957683,15.702759742736816,15.702759333494495,ok
258,2.58,8.0,7.934758186340332,3.982393741607666,3.9827115535736084,3.9827114470983065,0.06524181365966797,0.06524179042316991,3.957397699356079,3.957397632414117,3.982393741607666,3.982393804298259,7.9359354972839355,7.93593567915431,15.782113075256348,15.782112842186091,ok
259,2.59,8.0,7.9359354972839355,3.9827115535736084,3.9830234050750732,3.9830233607523926,0.06406450271606445,0.06406432084568969,3.9581663608551025,3.958166404264265,3.9827115535736084,3.9827114470983065,7.937091827392578,7.937091889393955,15.861477851867676,15.861478018568146,ok
260,2.6,8.0,7.937091827392578,3.9830234050750732,3.9833297729492188,3.9833296485066834,0.06290817260742188,0.0629081106060454,3.958921194076538,3.9589213015915377,3.9830234050750732,3.9830233607523926,7.93822717666626,7.93822722460027,15.940855026245117,15.940854651981615,ok
261,2.61,8.0,7.93822717666626,3.9833297729492188,3.983630418777466,3.9836304117514296,0.061772823333740234,0.061772775399729696,3.959662675857544,3.9596625748963343,3.9833297729492188,3.9833296485066834,7.939342021942139,7.939342062105649,16.02024269104004,16.020242535575402,ok
262,2.62,8.0,7.939342021942139,3.983630418777466,3.9839258193969727,3.9839257500540746,0.06065797805786133,0.06065793789435059,3.960390567779541,3.9603904701510664,3.983630418777466,3.9836304117514296,7.940436840057373,7.940436772398207,16.099641799926758,16.09964146623729,ok
263,2.63,8.0,7.940436840057373,3.9839258193969727,3.98421573638916,3.9842157611917837,0.05956315994262695,0.05956322760179322,3.9611051082611084,3.961105228882288,3.9839258193969727,3.9839257500540746,7.941511631011963,7.9415117192472,16.17905044555664,16.179051244526125,ok
264,2.64,8.0,7.941511631011963,3.98421573638916,3.9845006465911865,3.984500541183408,0.05848836898803711,0.058488280752800215,3.9618070125579834,3.9618070882513217,3.98421573638916,3.9842157611917837,7.942567348480225,7.9425672598260855,16.258472442626953,16.25847167460524,ok
265,2.65,8.0,7.942567348480225,3.9845006465911865,3.9847800731658936,3.9847801843208877,0.05743265151977539,0.05743274017391453,3.962496280670166,3.962496281133409,3.9845006465911865,3.984500541183408,7.943603992462158,7.943603744833255,16.337902069091797,16.337902564177114,ok
266,2.66,8.0,7.943603992462158,3.9847800731658936,3.9850547313690186,3.985054783200107,0.0563960075378418,0.05639625516674496,3.9631729125976562,3.9631730361954096,3.9847800731658936,3.9847801843208877,7.944621562957764,7.944621518610499,16.417343139648438,16.41734372441922,ok
267,2.67,8.0,7.944621562957764,3.9850547313690186,3.9853243827819824,3.98532442875121,0.05537843704223633,0.055378481389500855,3.9638376235961914,3.963837577972084,3.9850547313690186,3.985054783200107,7.945621013641357,7.945620919259246,16.496795654296875,16.496794969921034,ok
268,2.68,8.0,7.945621013641357,3.9853243827819824,3.9855892658233643,3.9855892102683854,0.05437898635864258,0.054379080740753594,3.9644901752471924,3.964490126940973,3.9853243827819824,3.98532442875121,7.9466023445129395,7.946602278754622,16.576255798339844,16.576256118622215,ok
269,2.69,8.0,7.9466023445129395,3.9855892658233643,3.985849142074585,3.985849215439124,0.05339765548706055,0.05339772124537756,3.9651308059692383,3.9651308995959176,3.9855892658233643,3.9855892102683854,7.947566032409668,7.947565923057373,16.65572738647461,16.655726991751898,ok
270,2.7,8.0,7.947566032409668,3.985849142074585,3.9861044883728027,3.9861045303729683,0.05243396759033203,0.05243407694262725,3.9657599925994873,3.965760108519229,3.985849142074585,3.985849215439124,7.948512077331543,7.94851217222369,16.735206604003906,16.7352074137691,ok
271,2.71,8.0,7.948512077331543,3.9861044883728027,3.9863553047180176,3.986355239629753,0.05148792266845703,0.05148782777630956,3.9663779735565186,3.966377962452545,3.9861044883728027,3.9861045303729683,7.949441432952881,7.949441340512992,16.814697265625,16.81469721230423,ok
272,2.72,8.0,7.949441432952881,3.9863553047180176,3.9866013526916504,3.986601426247348,0.05055856704711914,0.05055865948700777,3.966984748840332,3.966984666366389,3.9863553047180176,3.986355239629753,7.950353622436523,7.950353736493685,16.894195556640625,16.894196218101655,ok
273,2.73,8.0,7.950353622436523,3.9866013526916504,3.9868431091308594,3.9868431717689146,0.04964637756347656,0.049646263506314625,3.9675803184509277,3.9675804215284645,3.9866013526916504,3.986601426247348,7.951249599456787,7.9512496631469585,16.973703384399414,16.973704264963285,ok
274,2.74,8.0,7.951249599456787,3.9868431091308594,3.9870805740356445,3.987080556269681,0.04875040054321289,0.04875033685304153,3.968165397644043,3.968165425570701,3.9868431091308594,3.9868431717689146,7.952129364013672,7.952129417968645,17.053220748901367,17.053221189693243,ok
275,2.75,8.0,7.952129364013672,3.9870805740356445,3.987313747406006,3.987313658383243,0.047870635986328125,0.04787058203135519,3.9687397480010986,3.9687398725550773,3.9870805740356445,3.987080556269681,7.952993392944336,7.952993293069188,17.132747650146484,17.132746832043498,ok
276,2.7600000000000002,8.0,7.952993392944336,3.987313747406006,3.9875423908233643,3.987542555327402,0.04700660705566406,0.047006706930812214,3.969303846359253,3.969303953038247,3.987313747406006,3.987313658383243,7.953841686248779,7.953841575271751,17.2122802734375,17.21228103466052,ok
277,2.77,8.0,7.953841686248779,3.9875423908233643,3.987767219543457,3.9877673229295465,0.0461583137512207,0.04615842472824916,3.969857931137085,3.969857854134986,3.9875423908233643,3.987542555327402,7.95467472076416,7.954674546208508,17.291824340820312,17.29182364303288,ok
278,2.7800000000000002,8.0,7.95467472076416,3.987767219543457,3.987987995147705,3.987988035651583,0.045325279235839844,0.04532545379149244,3.9704017639160156,3.970401759580484,3.987767219543457,3.9877673229295465,7.9554924964904785,7.955492482415146,17.371374130249023,17.37137450543981,ok
279,2.79,8.0,7.9554924964904785,3.987987995147705,3.9882047176361084,3.988204766614426,0.044507503509521484,0.044507517584854384,3.970935821533203,3.9709358497915024,3.987987995147705,3.987988035651583,7.956295490264893,7.956295655423618,17.4509334564209,17.450933472900722,ok
280,2.8000000000000003,8.0,7.956295490264893,3.9882047176361084,3.988417625427246,3.988417587622055,0.04370450973510742,0.043704344576381615,3.9714603424072266,3.971460301926419,3.9882047176361084,3.988204766614426,7.9570841789245605,7.957084331853183,17.530500411987305,17.530500399125618,ok
281,2.81,8.0,7.9570841789245605,3.988417625427246,3.988626718521118,3.9886265691851457,0.04291582107543945,0.0429156681468168,3.971975326538086,3.9719752899441807,3.988417625427246,3.988417587622055,7.957858562469482,7.957858773499756,17.610074996948242,17.610075140466417,ok
282,2.82,8.0,7.957858562469482,3.988626718521118,3.9888317584991455,3.9888317805442783,0.04214143753051758,0.04214122650024432,3.9724810123443604,3.972480984662184,3.988626718521118,3.9886265691851457,7.958619117736816,7.958619237423614,17.68965721130371,17.689657555869157,ok
283,2.83,8.0,7.958619117736816,3.9888317584991455,3.9890332221984863,3.9890332896927383,0.041380882263183594,0.04138076257638623,3.972977638244629,3.9729775538131005,3.9888317584991455,3.9888317805442783,7.9593658447265625,7.959365976035481,17.76924705505371,17.769247506827078,ok
284,2.84,8.0,7.9593658447265625,3.9890332221984863,3.9892311096191406,3.989231163398908,0.0406341552734375,0.040634023964519095,3.9734652042388916,3.9734651621006747,3.9890332221984863,3.9890332896927383,7.960099220275879,7.960099237181024,17.848844528198242,17.848844857334548,ok
285,2.85,8.0,7.960099220275879,3.9892311096191406,3.9894254207611084,3.989425467228265,0.039900779724121094,0.039900762818976254,3.9739439487457275,3.9739439712545024,3.9892311096191406,3.989231163398908,7.960819244384766,7.960819264223795,17.928449630737305,17.928449473841834,ok
286,2.86,8.0,7.960819244384766,3.9894254207611084,3.9896161556243896,3.9896162655649845,0.039180755615234375,0.03918073577620529,3.974414110183716,3.974414140083817,3.9894254207611084,3.989425467228265,7.961526393890381,7.961526296126641,18.008060455322266,18.008061225210685,ok
287,2.87,8.0,7.961526393890381,3.9896161556243896,3.9898035526275635,3.9898036216331607,0.03847360610961914,0.038473703873359355,3.9748759269714355,3.9748758245302973,3.9896161556243896,3.9896162655649845,7.962220668792725,7.962220567531622,18.08768081665039,18.08767998267074,ok
288,2.88,8.0,7.962220668792725,3.9898035526275635,3.98998761177063,3.9899875975176484,0.03777933120727539,0.037779432468378005,3.9753291606903076,3.975329177719918,3.9898035526275635,3.9898036216331607,7.962902069091797,7.962902308838456,18.16730499267578,18.167305619776695,ok
289,2.89,8.0,7.962902069091797,3.98998761177063,3.990168333053589,3.9901682541845354,0.037097930908203125,0.037097691161544155,3.9757742881774902,3.9757743500138565,3.98998761177063,3.9899875975176484,7.963571548461914,7.963571746281523,18.246938705444336,18.246938012366282,ok
290,2.9,8.0,7.963571548461914,3.990168333053589,3.9903457164764404,3.990345651501247,0.03642845153808594,0.036428253718477244,3.9762115478515625,3.9762114890584783,3.990168333053589,3.9901682541845354,7.964229106903076,7.964229102005453,18.326576232910156,18.32657703851899,ok
291,2.91,8.0,7.964229106903076,3.9903457164764404,3.9905197620391846,3.990519848256297,0.03577089309692383,0.03577089799454658,3.9766407012939453,3.976640739834413,3.9903457164764404,3.990345651501247,7.964874744415283,7.964874594139334,18.40622329711914,18.406222578515546,ok
292,2.92,8.0,7.964874744415283,3.9905197620391846,3.9906909465789795,3.990690902178679,0.0351252555847168,0.035125405860665815,3.977062225341797,3.977062244704741,3.9905197620391846,3.990519848256297,7.965508460998535,7.96550843686955,18.48587417602539,18.48587451479812,ok
293,2.93,8.0,7.965508460998535,3.9906909465789795,3.990858793258667,3.990858869956921,0.034491539001464844,0.034491563130449876,3.977476119995117,3.9774761434623063,3.9906909465789795,3.990690902178679,7.96613073348999,7.966130840511289,18.565532684326172,18.565532731931256,ok
294,2.94,8.0,7.96613073348999,3.990858793258667,3.9910237789154053,3.9910238072577906,0.033869266510009766,0.033869159488711276,3.9778826236724854,3.9778825733761707,3.990858793258667,3.990858869956921,7.966742038726807,7.966742011578739,18.64519691467285,18.645197116563534,ok
295,2.95,8.0,7.966742038726807,3.9910237789154053,3.9911856651306152,3.9911857687446752,0.03325796127319336,0.03325798842126115,3.9782817363739014,3.978281669237226,3.9910237789154053,3.9910238072577906,7.967341899871826,7.9673421528540045,18.72486686706543,18.72486755738987,ok
296,2.96,8.0,7.967341899871826,3.9911856651306152,3.991344928741455,3.9913448080956244,0.03265810012817383,0.03265784714599551,3.9786734580993652,3.978673563402978,3.9911856651306152,3.9911857687446752,7.967931270599365,7.967931463454752,18.80454444885254,18.804543945114577,ok
297,2.97,8.0,7.967931270599365,3.991344928741455,3.9915010929107666,3.9915009780210773,0.032068729400634766,0.032068536545247994,3.979058265686035,3.979058385841521,3.991344928741455,3.9913448080956244,7.968510150909424,7.968510138900625,18.884225845336914,18.88422617241502,ok
298,2.98,8.0,7.968510150909424,3.9915010929107666,3.991654396057129,3.991654330281271,0.03148984909057617,0.03148986109937457,3.979436159133911,3.979436264174714,3.9915010929107666,3.9915009780210773,7.969078540802002,7.969078371178447,18.96391487121582,18.963914133905984,ok
299,2.99,8.0,7.969078540802002,3.991654396057129,3.991804838180542,3.991804915703335,0.030921459197998047,0.03092162882155325,3.9798073768615723,3.9798073237205727,3.991654396057129,3.991654330281271,7.9696364402771,7.969636348806222,19.043607711791992,19.043607726104664,ok
300,3.0,8.0,7.9696364402771,3.991804838180542,3.991952657699585,3.991952784198084,0.03036355972290039,0.030363651193778374,3.9801716804504395,3.980171687534898,3.991804838180542,3.991804915703335,7.970184326171875,7.970184256895981,19.123306274414062,19.123306847396293,ok
301,3.0100000000000002,8.0,7.970184326171875,3.991952657699585,3.992097854614258,3.9920979847765055,0.029815673828125,0.029815743104019354,3.980529546737671,3.980529476452146,3.991952657699585,3.991952784198084,7.970722198486328,7.970722277215469,19.20301055908203,19.203011398000385,ok
302,3.02,8.0,7.970722198486328,3.992097854614258,3.9922406673431396,3.9922405655659583,0.029277801513671875,0.029277722784531335,3.9808807373046875,3.9808808091255603,3.992097854614258,3.9920979847765055,7.971250534057617,7.971250588248712,19.2827205657959,19.2827212799376,ok
303,3.0300000000000002,8.0,7.971250534057617,3.9922406673431396,3.9923806190490723,3.9923805738260754,0.028749465942382812,0.028749411751287646,3.9812257289886475,3.9812258020665756,3.9922406673431396,3.9922405655659583,7.971769332885742,7.971769365255482,19.362436294555664,19.362436396997225,ok
304,3.04,8.0,7.971769332885742,3.9923806190490723,3.9925179481506348,3.992518055964383,0.028230667114257812,0.028230634744518035,3.981564521789551,3.98156456968351,3.9923806190490723,3.9923805738260754,7.972278594970703,7.972278780329666,19.442155838012695,19.442156654705197,ok
305,3.0500000000000003,8.0,7.972278594970703,3.9925179481506348,3.9926531314849854,3.9926530575516432,0.027721405029296875,0.02772121967033403,3.9818971157073975,3.9818972243195536,3.9925179481506348,3.992518055964383,7.972778797149658,7.972779002456586,19.521881103515625,19.521881960292756,ok
306,3.06,8.0,7.972778797149658,3.9926531314849854,3.992785692214966,3.992785623336919,0.027221202850341797,0.027220997543413894,3.9822239875793457,3.9822238762900746,3.9926531314849854,3.9926530575516432,7.973270416259766,7.973270197569265,19.601612091064453,19.601612222665622,ok
307,3.0700000000000003,8.0,7.973270416259766,3.992785692214966,3.992915630340576,3.9929157972623686,0.026729583740234375,0.02672980243073475,3.9825446605682373,3.982544633919243,3.992785692214966,3.992785623336919,7.973752498626709,7.97375252860367,19.681346893310547,19.68134735237376,ok
308,3.08,8.0,7.973752498626709,3.992915630340576,3.9930436611175537,3.9930436224777752,0.026247501373291016,0.026247471396329658,3.9828596115112305,3.9828596035759993,3.992915630340576,3.9929157972623686,7.974225997924805,7.974226155552952,19.76108741760254,19.761087261581686,ok
309,3.09,8.0,7.974225997924805,3.9930436611175537,3.9931693077087402,3.9931691413548185,0.025774002075195312,0.025773844447048333,3.983168840408325,3.983168889709364,3.9930436611175537,3.9930436224777752,7.974691390991211,7.974691235520692,19.840831756591797,19.840831864039306,ok
310,3.1,8.0,7.974691390991211,3.9931693077087402,3.9932923316955566,3.9932923955010873,0.025308609008789062,0.025308764479308188,3.9834725856781006,3.9834725948831156,3.9931693077087402,3.9931691413548185,7.975147724151611,7.97514792277319,19.920581817626953,19.920581075053278,ok
311,3.11,8.0,7.975147724151611,3.9932923316955566,3.9934134483337402,3.9934134257738396,0.024852275848388672,0.024852077226809932,3.9837708473205566,3.983770819809837,3.9932923316955566,3.9932923955010873,7.9755964279174805,7.975596368790789,20.000335693359375,20.0003348114589,ok
312,3.12,8.0,7.9755964279174805,3.9934134483337402,3.993532180786133,3.9935322722935216,0.02440357208251953,0.02440363120921063,3.9840636253356934,3.984063663384348,3.9934134483337402,3.9934134257738396,7.976036548614502,7.976036722318277,20.080093383789062,20.0800929915925,ok
313,3.13,8.0,7.976036548614502,3.993532180786133,3.9936490058898926,3.993648974457037,0.023963451385498047,0.023963277681723127,3.98435115814209,3.9843512227165285,3.993532180786133,3.9935322722935216,7.976469039916992,7.9764691294143635,20.159854888916016,20.15985553526435,ok
314,3.14,8.0,7.976469039916992,3.9936490058898926,3.9937636852264404,3.993763570950783,0.023530960083007812,0.02353087058563652,3.984633684158325,3.984633593163556,3.9936490058898926,3.993648974457037,7.976893901824951,7.976893733500265,20.239622116088867,20.239622363732014,ok
315,3.15,8.0,7.976893901824951,3.9937636852264404,3.9938759803771973,3.99387609976345,0.023106098175048828,0.023106266499734573,3.9849109649658203,3.984910868361553,3.9937636852264404,3.993763570950783,7.977310657501221,7.977310675407403,20.319393157958984,20.319393399674247,ok
316,3.16,8.0,7.977310657501221,3.9938759803771973,3.9939866065979004,3.993986598198592,0.022689342498779297,0.022689324592596982,3.9851832389831543,3.985183140256664,3.9938759803771973,3.99387609976345,7.977720260620117,7.977720093424233,20.399168014526367,20.399168567165308,ok
317,3.17,8.0,7.977720260620117,3.9939866065979004,3.9940950870513916,3.9940951028869707,0.022279739379882812,0.022279906575766617,3.985450506210327,3.9854504991355735,3.9939866065979004,3.993986598198592,7.978122234344482,7.9781221233422315,20.47894859313965,20.47894779164978,ok
318,3.18,8.0,7.978122234344482,3.9940950870513916,3.99420166015625,3.994201649798681,0.021877765655517578,0.021877876657768525,3.985713005065918,3.985713033655467,3.9940950870513916,3.9940951028869707,7.978517055511475,7.97851689850104,20.558731079101562,20.558730999917817,ok
319,3.19,8.0,7.978517055511475,3.99420166015625,3.9943060874938965,3.994306274255051,0.02148294448852539,0.021483101498960266,3.9859707355499268,3.9859708308734545,3.99420166015625,3.994201649798681,7.978904724121094,7.978904549832792,20.638517379760742,20.638518120080853,ok
320,3.2,8.0,7.978904724121094,3.9943060874938965,3.9944088459014893,3.9944090109403376,0.02109527587890625,0.021095450167208263,3.9862239360809326,3.986223976275461,3.9943060874938965,3.994306274255051,7.97928524017334,7.979285205905637,20.71830940246582,20.71830908154774,ok
321,3.21,0.0,7.97928524017334,3.9944088459014893,0.7945098876953125,0.7945098939132063,-7.97928524017334,-7.979285205905637,3.890472650527954,3.8904725538045937,3.9944088459014893,3.9944090109403376,7.979659080505371,7.979658992966477,20.79810333251953,20.798103815001337,ok
322,3.22,0.0,7.979659080505371,0.7945098876953125,0.698608934879303,0.6986089566180027,-7.979659080505371,-7.979658992966477,3.7947165966033936,3.794716645888996,0.7945098876953125,0.7945098939132063,7.72907829284668,7.729078445557783,20.876638412475586,20.876639149731773,ok
323,3.23,0.0,7.72907829284668,0.698608934879303,0.7030853033065796,0.7030852676658825,-7.72907829284668,-7.729078445557783,3.701967716217041,3.7019677045423025,0.698608934879303,0.6986089566180027,7.480802536010742,7.480802642876177,20.952680587768555,20.952680279534533,ok
324,3.24,0.0,7.480802536010742,0.7030853033065796,0.7096467018127441,0.7096466473918315,-7.480802536010742,-7.480802642876177,3.6121981143951416,3.6121980728277885,0.7030853033065796,0.7030852676658825,7.242612838745117,7.242612910996056,21.026288986206055,21.026289417857882,ok
325,3.25,0.0,7.242612838745117,0.7096467018127441,0.71515291929245,0.7151529084293662,-7.242612838745117,-7.242612910996056,3.5252866744995117,3.525286717895836,0.7096467018127441,0.7096466473918315,7.014277458190918,7.01427728284909,21.097566604614258,21.09756625784246,ok
326,3.2600000000000002,0.0,7.014277458190918,0.71515291929245,0.7195757031440735,0.7195758047561998,-7.014277458190918,-7.01427728284909,3.441115379333496,3.441115390501647,0.71515291929245,0.7151529084293662,6.7953267097473145,6.795326629910184,21.166606903076172,21.16660697924577,ok
327,3.27,0.0,6.7953267097473145,0.7195757031440735,0.7229846715927124,0.7229847385375732,-6.7953267097473145,-6.795326629910184,3.3595714569091797,3.3595714709427247,0.7195757031440735,0.7195758047561998,6.585308074951172,6.58530800336207,21.233503341674805,21.233503151977924,ok
328,3.2800000000000002,0.0,6.585308074951172,0.7229846715927124,0.7254482507705688,0.7254482695978965,-6.585308074951172,-6.58530800336207,3.280547857284546,3.28054777490238,0.7229846715927124,0.7229847385375732,6.383791446685791,6.383791657360287,21.298341751098633,21.29834193324912,ok
329,3.29,0.0,6.383791446685791,0.7254482507705688,0.7270311713218689,0.7270311119582651,-6.383791446685791,-6.383791657360287,3.20394229888916,3.2039422750140565,0.7254482507705688,0.7254482695978965,6.190370082855225,6.1903700731742894,21.3612060546875,21.361206294687577,ok
330,3.3000000000000003,0.0,6.190370082855225,0.7270311713218689,0.7277942299842834,0.7277942457443407,-6.190370082855225,-6.1903700731742894,3.129657745361328,3.129657834135965,0.7270311713218689,0.7270311119582651,6.004656791687012,6.004656786057638,21.42217445373535,21.422175238705908,ok
331,3.31,0.0,6.004656791687012,0.7277942299842834,0.7277951240539551,0.7277951197129098,-6.004656791687012,-6.004656786057638,3.0576019287109375,3.0576019527032736,0.7277942299842834,0.7277942457443407,5.826285362243652,5.826285266893205,21.4813232421875,21.481324003411903,ok
332,3.3200000000000003,0.0,5.826285362243652,0.7277951240539551,0.7270877957344055,0.7270878459459915,-5.826285362243652,-5.826285266893205,2.9876866340637207,2.987686529500555,0.7277951240539551,0.7277951197129098,5.654907703399658,5.654907863572056,21.538724899291992,21.538724256636446,ok
333,3.33,0.0,5.654907703399658,0.7270877957344055,0.7257234454154968,0.7257233840717325,-5.654907703399658,-5.654907863572056,2.919827699661255,2.91982763513769,0.7270877957344055,0.7270878459459915,5.490194797515869,5.490194799149601,21.594444274902344,21.59444427966098,ok
334,3.34,0.0,5.490194797515869,0.7257234454154968,0.7237496972084045,0.7237497154778496,-5.490194797515869,-5.490194799149601,2.853945255279541,2.853945297547895,0.7257234454154968,0.7257233840717325,5.331833362579346,5.3318332237314,21.648550033569336,21.648549141196963,ok
335,3.35,0.0,5.331833362579346,0.7237496972084045,0.7212119698524475,0.721212008055335,-5.331833362579346,-5.3318332237314,2.7899632453918457,2.7899632988631184,0.7237496972084045,0.7237497154778496,5.179526329040527,5.179526317197081,21.701101303100586,21.7011008621401,ok
336,3.36,0.0,5.179526329040527,0.7212119698524475,0.7181527614593506,0.7181527719842857,-5.179526329040527,-5.179526317197081,2.727808952331543,2.7278089830567533,0.7212119698524475,0.721212008055335,5.032992362976074,5.032992440026339,21.752159118652344,21.75215857159389,ok
337,3.37,0.0,5.032992362976074,0.7181527614593506,0.7146120071411133,0.7146120070462176,-5.032992362976074,-5.032992440026339,2.6674129962921143,2.667413073776437,0.7181527614593506,0.7181527719842857,4.891964435577393,4.891964329638424,21.80177879333496,21.801778654630553,ok
338,3.38,0.0,4.891964435577393,0.7146120071411133,0.7106273174285889,0.7106273419210676,-4.891964435577393,-4.891964329638424,2.6087095737457275,2.608709501820776,0.7146120071411133,0.7146120070462176,4.75618839263916,4.7561883397960045,21.85001564025879,21.850014892232082,ok
339,3.39,0.0,4.75618839263916,0.7106273174285889,0.7062341570854187,0.7062341659023743,-4.75618839263916,-4.7561883397960045,2.551635265350342,2.551635241743224,0.7106273174285889,0.7106273419210676,4.625423908233643,4.62542372075626,21.89691925048828,21.89691859383044,ok
340,3.4,0.0,4.625423908233643,0.7062341570854187,0.7014656662940979,0.7014657534407203,-4.625423908233643,-4.62542372075626,2.4961302280426025,2.496130157094149,0.7062341570854187,0.7062341659023743,4.499442100524902,4.499441937976905,21.94253921508789,21.942538722843324,ok
341,3.41,0.0,4.499442100524902,0.7014656662940979,0.6963533163070679,0.6963533819033871,-4.499442100524902,-4.499441937976905,2.442136764526367,2.4421368538384263,0.7014656662940979,0.7014657534407203,4.378026008605957,4.378026027302971,21.986921310424805,21.98692201558062,ok
342,3.42,0.0,4.378026008605957,0.6963533163070679,0.6909264326095581,0.6909264429172379,-4.378026008605957,-4.378026027302971,2.3896005153656006,2.3896005415107906,0.6963533163070679,0.6963533819033871,4.260970115661621,4.260969984671911,22.030113220214844,22.030113093876455,ok
343,3.43,0.0,4.260970115661621,0.6909264326095581,0.6852124929428101,0.6852125476420259,-4.260970115661621,-4.260969984671911,2.3384687900543213,2.3384689016947275,0.6909264326095581,0.6909264429172379,4.148077964782715,4.148078188480359,22.072154998779297,22.072154571782686,ok
344,3.44,0.0,4.148077964782715,0.6852124929428101,0.6792377233505249,0.6792376263025837,-4.148077964782715,-4.148078188480359,2.288691997528076,2.288691963432963,0.6852124929428101,0.6852125476420259,4.039165019989014,4.039164852855848,22.113086700439453,22.113087156641654,ok
345,3.45,0.0,4.039165019989014,0.6792377233505249,0.6730259656906128,0.6730260222906241,-4.039165019989014,-4.039164852855848,2.2402219772338867,2.240221985198693,0.6792377233505249,0.6792376263025837,3.934053421020508,3.9340535101714837,22.152950286865234,22.152949744838796,ok
346,3.46,0.0,3.934053421020508,0.6730259656906128,0.6666005849838257,0.6666005811300992,-3.934053421020508,-3.9340535101714837,2.1930134296417236,2.193013343076635,0.6730259656906128,0.6730260222906241,3.8325765132904053,3.832576521231081,22.19178009033203,22.19177951251971,ok
347,3.47,0.0,3.8325765132904053,0.6666005849838257,0.6599827408790588,0.6599827345842026,-3.8325765132904053,-3.832576521231081,2.1470224857330322,2.1470224248218623,0.6666005849838257,0.6666005811300992,3.734574556350708,3.734574611636969,22.229612350463867,22.22961200154084,ok
348,3.48,0.0,3.734574556350708,0.6599827408790588,0.6531925797462463,0.6531925801670746,-3.734574556350708,-3.734574611636969,2.1022074222564697,2.102207529482219,0.6599827408790588,0.6599827345842026,3.6398963928222656,3.6398964329328485,22.266481399536133,22.26648120090855,ok
349,3.49,0.0,3.6398963928222656,0.6531925797462463,0.6462489366531372,0.6462489563090794,-3.6398963928222656,-3.6398964329328485,2.0585286617279053,2.058528772287025,0.6531925797462463,0.6531925801670746,3.548398017883301,3.5483981471898773,22.302419662475586,22.302419623947635,ok
350,3.5,0.0,3.548398017883301,0.6462489366531372,0.6391695737838745,0.639169513411074,-3.548398017883301,-3.5483981471898773,2.0159480571746826,2.0159479945207464,0.6462489366531372,0.6462489563090794,3.4599430561065674,3.4599430337759145,22.33745765686035,22.337458381427307,ok
351,3.5100000000000002,0.0,3.4599430561065674,0.6391695737838745,0.6319707632064819,0.6319707810103805,-3.4599430561065674,-3.4599430337759145,1.974428653717041,1.9744286781154354,0.6391695737838745,0.639169513411074,3.374401092529297,3.374401117115718,22.371627807617188,22.371627250860577,ok
352,3.52,0.0,3.374401092529297,0.6319707632064819,0.6246682405471802,0.624668231269148,-3.374401092529297,-3.374401117115718,1.9339358806610107,1.9339358647100469,0.6319707632064819,0.6319707810103805,3.2916488647460938,3.2916488143141063,22.40495491027832,22.404954742181186,ok
353,3.5300000000000002,0.0,3.2916488647460938,0.6246682405471802,0.6172763109207153,0.6172763389844043,-3.2916488647460938,-3.2916488143141063,1.8944361209869385,1.8944360789382775,0.6246682405471802,0.624668231269148,3.211568593978882,3.2115686015748386,22.437467575073242,22.437468159991383,ok
354,3.54,0.0,3.211568593978882,0.6172763109207153,0.609808623790741,0.6098086383083419,-3.211568593978882,-3.2115686015748386,1.8558971881866455,1.8558972557193794,0.6172763109207153,0.6172763389844043,3.1340487003326416,3.1340486984054583,22.469194412231445,22.469193662563413,ok
355,3.5500000000000003,0.0,3.1340487003326416,0.609808623790741,0.6022777557373047,0.602277776357196,-3.1340487003326416,-3.1340486984054583,1.8182886838912964,1.8182886713385138,0.609808623790741,0.6098086383083419,3.0589828491210938,3.0589827686527054,22.50015640258789,22.500156317767768,ok
356,3.56,0.0,3.0589828491210938,0.6022777557373047,0.594695508480072,0.5946955638774316,-3.0589828491210938,-3.0589827686527054,1.781580924987793,1.7815808781146814,0.6022777557373047,0.602277776357196,2.98626971244812,2.9862696374645683,22.530380249023438,22.530380156091947,ok
357,3.5700000000000003,0.0,2.98626971244812,0.594695508480072,0.5870729684829712,0.5870730231288539,-2.98626971244812,-2.9862696374645683,1.7457456588745117,1.7457456424651066,0.594695508480072,0.5946955638774316,2.9158129692077637,2.915813023323713,22.55988883972168,22.55988822090471,ok
358,3.58,0.0,2.9158129692077637,0.5870729684829712,0.5794204473495483,0.5794204331356212,-2.9158129692077637,-2.915813023323713,1.7107558250427246,1.710755886185222,0.5870729684829712,0.5870730231288539,2.8475213050842285,2.8475212843430775,22.588703155517578,22.588702616112446,ok
359,3.59,0.0,2.8475213050842285,0.5794204473495483,0.571747362613678,0.5717473724479909,-2.8475213050842285,-2.8475212843430775,1.6765856742858887,1.676585630773105,0.5794204473495483,0.5794204331356212,2.7813072204589844,2.7813071780579914,22.616844177246094,22.616844551346432,ok
360,3.6,0.0,2.7813072204589844,0.571747362613678,0.5640627145767212,0.5640627595499084,-2.7813072204589844,-2.7813071780579914,1.6432099342346191,1.6432099446364092,0.571747362613678,0.5717473724479909,2.717087507247925,2.7170876339904106,22.64433479309082,22.64433438481229,ok
361,3.61,0.0,2.717087507247925,0.5640627145767212,0.5563749074935913,0.5563748910402448,-2.717087507247925,-2.7170876339904106,1.6106048822402954,1.6106048930285244,0.5640627145767212,0.5640627595499084,2.6547834873199463,2.6547835382998395,22.671192169189453,22.671191663925928,ok
362,3.62,0.0,2.6547834873199463,0.5563749074935913,0.5486915111541748,0.5486914777085885,-2.6547834873199463,-2.6547835382998395,1.5787475109100342,1.5787474905689263,0.5563749074935913,0.5563748910402448,2.5943195819854736,2.594319529872429,22.69743537902832,22.697435163853587,ok
363,3.63,0.0,2.5943195819854736,0.5486915111541748,0.5410196185112,0.5410196786199546,-2.5943195819854736,-2.594319529872429,1.547615647315979,1.547615656210457,0.5486915111541748,0.5486914777085885,2.535623788833618,2.5356238072346384,22.72308349609375,22.723082924067207,ok
364,3.64,0.0,2.535623788833618,0.5410196185112,0.5333661437034607,0.5333661333166015,-2.535623788833618,-2.5356238072346384,1.5171881914138794,1.5171881705236414,0.5410196185112,0.5410196786199546,2.478627920150757,2.4786279457108833,22.748151779174805,22.748152283020545,ok
365,3.65,0.0,2.478627920150757,0.5333661437034607,0.5257369875907898,0.525736992239288,-2.478627920150757,-2.4786279457108833,1.4874446392059326,1.4874446351751107,0.5333661437034607,0.5333661333166015,2.423266649246216,2.4232667242758357,22.772659301757812,22.77265991104564,ok
366,3.66,0.0,2.423266649246216,0.5257369875907898,0.5181379914283752,0.5181379454647764,-2.423266649246216,-2.4232667242758357,1.4583654403686523,1.4583654344838006,0.5257369875907898,0.525736992239288,2.3694779872894287,2.369477961581614,22.796621322631836,22.796621841563983,ok
367,3.67,0.0,2.3694779872894287,0.5181379914283752,0.510574221611023,0.510574249851155,-2.3694779872894287,-2.369477961581614,1.429931640625,1.4299316989448212,0.5181379914283752,0.5181379454647764,2.31720232963562,2.3172023606680625,22.820053100585938,22.820053500701665,ok
368,3.68,0.0,2.31720232963562,0.510574221611023,0.5030507445335388,0.5030507546775962,-2.31720232963562,-2.3172023606680625,1.4021252393722534,1.4021252706168044,0.510574221611023,0.510574249851155,2.266383409500122,2.2663833618907985,22.84296989440918,22.842969735393,ok
369,3.69,0.0,2.266383409500122,0.5030507445335388,0.49557188153266907,0.49557192586048493,-2.266383409500122,-2.2663833618907985,1.3749287128448486,1.3749286702741148,0.5030507445335388,0.5030507546775962,2.2169668674468994,2.216967003626728,22.865385055541992,22.86538484005257,ok
370,3.7,0.0,2.2169668674468994,0.49557188153266907,0.4881419241428375,0.4881418688234235,-2.2169668674468994,-2.216967003626728,1.3483250141143799,1.3483250662305941,0.49557188153266907,0.49557192586048493,2.1689016819000244,2.1689017903404366,22.887311935424805,22.887312581891354,ok
371,3.71,0.0,2.1689016819000244,0.4881419241428375,0.48076438903808594,0.4807643500944194,-2.1689016819000244,-2.1689017903404366,1.322298288345337,1.3222982447465088,0.4881419241428375,0.4881418688234235,2.122138500213623,2.122138567617257,22.90876579284668,22.908766224948618,ok
372,3.72,0.0,2.122138500213623,0.48076438903808594,0.47344282269477844,0.47344281769960606,-2.122138500213623,-2.122138567617257,1.29683256149292,1.2968325819351016,0.48076438903808594,0.4807643500944194,2.0766303539276123,2.0766304037900407,22.929758071899414,22.929758552907312,ok
373,3.73,0.0,2.0766303539276123,0.47344282269477844,0.4661804437637329,0.46618042041908536,-2.0766303539276123,-2.0766304037900407,1.2719130516052246,1.2719130170896211,0.47344282269477844,0.47344281769960606,2.032332420349121,2.0323324778067073,22.950302124023438,22.950301890757135,ok
374,3.74,0.0,2.032332420349121,0.4661804437637329,0.4589800536632538,0.4589800259669381,-2.032332420349121,-2.0323324778067073,1.2475249767303467,1.2475250273559406,0.4661804437637329,0.46618042041908536,1.9892019033432007,1.9892019730046338,22.970407485961914,22.97040812536604,ok
375,3.75,0.0,1.9892019033432007,0.4589800536632538,0.4518442451953888,0.45184423815408703,-1.9892019033432007,-1.9892019730046338,1.2236546277999878,1.223654603679885,0.4589800536632538,0.4589800259669381,1.9471979141235352,1.9471979764759066,22.990089416503906,22.990088725017557,ok
376,3.7600000000000002,0.0,1.9471979141235352,0.4518442451953888,0.44477543234825134,0.4447754130895223,-1.9471979141235352,-1.9471979764759066,1.20028817653656,1.200288227962174,0.4518442451953888,0.45184423815408703,1.9062813520431519,1.906281383724451,23.009355545043945,23.009354757968502,ok
377,3.77,0.0,1.9062813520431519,0.44477543234825134,0.4377756714820862,0.4377756744723936,-1.9062813520431519,-1.906281383724451,1.1774128675460815,1.1774128513574806,0.44477543234825134,0.4447754130895223,1.8664147853851318,1.8664148083321246,23.028217315673828,23.028216910078374,ok
378,3.7800000000000002,0.0,1.8664147853851318,0.4377756714820862,0.4308469295501709,0.43084692802463076,-1.8664147853851318,-1.8664148083321246,1.1550158262252808,1.1550158736574951,0.4377756714820862,0.4377756744723936,1.8275624513626099,1.827562496366078,23.04668617248535,23.046685501559335,ok
379,3.79,0.0,1.8275624513626099,0.4308469295501709,0.4239908754825592,0.4239908751110639,-1.8275624513626099,-1.827562496366078,1.1330851316452026,1.1330851237011021,0.4308469295501709,0.43084692802463076,1.7896902561187744,1.7896902452740724,23.064769744873047,23.06477050289283,ok
380,3.8000000000000003,0.0,1.7896902561187744,0.4239908754825592,0.41720902919769287,0.4172090255914731,-1.7896902561187744,-1.7896902452740724,1.111608862876892,1.1116088407578133,0.4239908754825592,0.4239908751110639,1.7527652978897095,1.7527653270280639,23.082481384277344,23.082481549956555,ok
381,3.81,0.0,1.7527652978897095,0.41720902919769287,0.41050273180007935,0.41050270994658766,-1.7527652978897095,-1.7527653270280639,1.0905756950378418,1.0905756568334766,0.41720902919769287,0.4172090255914731,1.7167564630508423,1.7167564152892405,23.099828720092773,23.09982795840309,ok
382,3.8200000000000003,0.0,1.7167564630508423,0.41050273180007935,0.4038730561733246,0.4038730907177803,-1.7167564630508423,-1.7167564152892405,1.0699745416641235,1.0699745798500058,0.41050273180007935,0.41050270994658766,1.681633472442627,1.6816335163798959,23.116819381713867,23.11681873732936,ok
383,3.83,0.0,1.681633472442627,0.4038730561733246,0.3973211944103241,0.3973211732980474,-1.681633472442627,-1.6816335163798959,1.0497950315475464,1.049794977653447,0.4038730561733246,0.4038730907177803,1.6473679542541504,1.6473679038590467,23.13346290588379,23.13346260227393,ok
384,3.84,0.0,1.6473679542541504,0.3973211944103241,0.3908478021621704,0.3908478161098282,-1.6473679542541504,-1.6473679038590467,1.0300265550613403,1.0300265628071383,0.3973211944103241,0.3973211732980474,1.6139320135116577,1.6139320565096187,23.149768829345703,23.149767987577246,ok
385,3.85,0.0,1.6139320135116577,0.3908478021621704,0.38445374369621277,0.3844537402032908,-1.6139320135116577,-1.6139320565096187,1.0106593370437622,1.010659378129023,0.3908478021621704,0.3908478161098282,1.5812995433807373,1.581299599555344,23.165742874145508,23.16574305813801,ok
386,3.86,0.0,1.5812995433807373,0.38445374369621277,0.37813955545425415,0.3781395383068853,-1.5812995433807373,-1.581299599555344,0.9916837811470032,0.9916837829343588,0.38445374369621277,0.3844537402032908,1.5494452714920044,1.5494452489352883,23.181396484375,23.181395720597088,ok
387,3.87,0.0,1.5494452714920044,0.37813955545425415,0.37190568447113037,0.37190568336024343,-1.5494452714920044,-1.5494452489352883,0.973090410232544,0.9730904399471353,0.37813955545425415,0.3781395383068853,1.518344759941101,1.5183447584731566,23.196733474731445,23.19673363397876,ok
388,3.88,0.0,1.518344759941101,0.37190568447113037,0.36575251817703247,0.36575253655787254,-1.518344759941101,-1.5183447584731566,0.9548702836036682,0.9548703028454574,0.37190568447113037,0.37190568336024343,1.4879748821258545,1.4879748697872812,23.211763381958008,23.211764219817436,ok
389,3.89,0.0,1.4879748821258545,0.36575251817703247,0.3596803545951843,0.35968035493054484,-1.4879748821258545,-1.4879748697872812,0.9370145797729492,0.93701460440801,0.36575251817703247,0.36575253655787254,1.458313226699829,1.4583132647954622,23.22649383544922,23.226494671796548,ok
390,3.9,0.0,1.458313226699829,0.3596803545951843,0.3536893129348755,0.3536892984898251,-1.458313226699829,-1.4583132647954622,0.9195148348808289,0.9195148452304645,0.3596803545951843,0.35968035493054484,1.4293385744094849,1.4293385206766618,23.24093246459961,23.240931964924858,ok
391,3.91,0.0,1.4293385744094849,0.3536893129348755,0.34777942299842834,0.34777943695979974,-1.4293385744094849,-1.4293385206766618,0.9023627638816833,0.9023627829823445,0.3536893129348755,0.3536892984898251,1.4010300636291504,1.401030067158956,23.255083084106445,23.255082864274083,ok
392,3.92,0.0,1.4010300636291504,0.34777942299842834,0.34195074439048767,0.34195075611876213,-1.4010300636291504,-1.401030067158956,0.8855504393577576,0.8855504221764371,0.34777942299842834,0.34777943695979974,1.3733681440353394,1.373368146010161,23.268953323364258,23.268953933300477,ok
393,3.93,0.0,1.3733681440353394,0.34195074439048767,0.3362031579017639,0.3362031637723727,-1.3733681440353394,-1.373368146010161,0.8690699934959412,0.8690700044243151,0.34195074439048767,0.34195075611876213,1.3463337421417236,1.3463337726141762,23.282550811767578,23.28255154177185,ok
394,3.94,0.0,1.3463337421417236,0.3362031579017639,0.33053651452064514,0.3305364953786446,-1.3463337421417236,-1.3463337726141762,0.8529139757156372,0.8529139991529451,0.3362031579017639,0.3362031637723727,1.3199087381362915,1.319908699522362,23.295881271362305,23.29588187332025,ok
395,3.95,0.0,1.3199087381362915,0.33053651452064514,0.3249504864215851,0.3249505193440003,-1.3199087381362915,-1.319908699522362,0.8370751142501831,0.8370750947586767,0.33053651452064514,0.3305364953786446,1.2940753698349,1.2940753818752069,23.308950424194336,23.308950932639615,ok
396,3.96,0.0,1.2940753698349,0.3249504864215851,0.3194449543952942,0.31944494200859397,-1.2940753698349,-1.2940753818752069,0.821546196937561,0.8215461901761743,0.3249504864215851,0.3249505193440003,1.2688169479370117,1.2688169445951527,23.32176399230957,23.321764552346508,ok
397,3.97,0.0,1.2688169479370117,0.3194449543952942,0.31401941180229187,0.31401941233811315,-1.2688169479370117,-1.2688169445951527,0.8063203692436218,0.8063203868410325,0.3194449543952942,0.31944494200859397,1.2441171407699585,1.2441171512567624,23.334327697753906,23.334328399521276,ok
398,3.98,0.0,1.2441171407699585,0.31401941180229187,0.30867353081703186,0.3086735263383275,-1.2441171407699585,-1.2441171512567624,0.7913909554481506,0.7913909810259513,0.31401941180229187,0.31401941233811315,1.219960331916809,1.2199603745454413,23.346647262573242,23.346647981945868,ok
399,3.99,0.0,1.219960331916809,0.30867353081703186,0.30340683460235596,0.3034068312077748,-1.219960331916809,-1.2199603745454413,0.7767514586448669,0.776751456531406,0.30867353081703186,0.3086735263383275,1.1963316202163696,1.1963315682206845,23.358728408813477,23.358728654053824,ok
400,4.0,0.0,1.1963316202163696,0.30340683460235596,0.29821881651878357,0.29821882924313214,-1.1963316202163696,-1.1963315682206845,0.7623955011367798,0.7623954777127577,0.30340683460235596,0.3034068312077748,1.1732162237167358,1.1732162405043174,23.370574951171875,23.37057562260707,ok
401,4.01,0.0,1.1732162237167358,0.29821881651878357,0.2931089997291565,0.29310898151103076,-1.1732162237167358,-1.1732162405043174,0.7483168840408325,0.7483168828267059,0.29821881651878357,0.29821882924313214,1.1506004333496094,1.150600428818462,23.38219451904297,23.382193952113397,ok
402,4.0200000000000005,0.0,1.1506004333496094,0.2931089997291565,0.2880766987800598,0.28807671129932116,-1.1506004333496094,-1.150600428818462,0.7345096468925476,0.7345096776808844,0.2931089997291565,0.29310898151103076,1.1284706592559814,1.1284706758019902,23.39358901977539,23.393588569997736,ok
403,4.03,0.0,1.1284706592559814,0.2880766987800598,0.28312140703201294,0.2831214073600883,-1.1284706592559814,-1.1284706758019902,0.7209680080413818,0.7209680295712605,0.2880766987800598,0.28807671129932116,1.1068140268325806,1.1068140065380385,23.40476417541504,23.404764271539708,ok
404,4.04,0.0,1.1068140268325806,0.28312140703201294,0.27824240922927856,0.27824242695604506,-1.1068140268325806,-1.1068140065380385,0.7076862454414368,0.707686261492804,0.28312140703201294,0.2831214073600883,1.0856178998947144,1.085617906928763,23.415725708007812,23.415725724589226,ok
405,4.05,0.0,1.0856178998947144,0.27824240922927856,0.27343910932540894,0.2734390987212988,-1.0856178998947144,-1.085617906928763,0.6946588158607483,0.6946588466096588,0.27824240922927856,0.27824242695604506,1.0648703575134277,1.0648703031569358,23.426477432250977,23.4264774740713,ok
406,4.0600000000000005,0.0,1.0648703575134277,0.27343910932540894,0.2687107026576996,0.2687107253468845,-1.0648703575134277,-1.0648703031569358,0.6818804144859314,0.6818804029717755,0.27343910932540894,0.2734390987212988,1.0445595979690552,1.0445595421772076,23.437023162841797,23.437023946290658,ok
407,4.07,0.0,1.0445595979690552,0.2687107026576996,0.26405656337738037,0.2640565861008925,-1.0445595979690552,-1.0445595421772076,0.6693456768989563,0.669345688465649,0.2687107026576996,0.2687107253468845,1.024674415588379,1.0246743731829215,23.447368621826172,23.447369453046168,ok
408,4.08,0.0,1.024674415588379,0.26405656337738037,0.2594759166240692,0.25947593919248035,-1.024674415588379,-1.0246743731829215,0.6570495963096619,0.6570495959874539,0.26405656337738037,0.2640565861008925,1.0052039623260498,1.0052039299972553,23.457517623901367,23.457518195564603,ok
409,4.09,0.0,1.0052039623260498,0.2594759166240692,0.2549680173397064,0.2549680239885518,-1.0052039623260498,-1.0052039299972553,0.644987165927887,0.6449871488274869,0.2594759166240692,0.25947593919248035,0.9861376881599426,0.9861377143402037,23.46747398376465,23.467474268262716,ok
410,4.1,0.0,0.9861376881599426,0.2549680173397064,0.2505320608615875,0.25053206309140535,-0.9861376881599426,-0.9861377143402037,0.63315349817276,0.6331534962554044,0.2549680173397064,0.2549680239885518,0.9674655795097351,0.9674655799255083,23.47724151611328,23.477241662346163,ok
411,4.11,0.0,0.9674655795097351,0.2505320608615875,0.24616725742816925,0.24616726428520108,-0.9674655795097351,-0.9674655799255083,0.6215438842773438,0.6215439092962983,0.2505320608615875,0.25053206309140535,0.9491776823997498,0.9491777173440854,23.48682403564453,23.486824269253347,ok
412,4.12,0.0,0.9491776823997498,0.24616725742816925,0.24187283217906952,0.24187282235866414,-0.9491776823997498,-0.9491777173440854,0.6101537942886353,0.6101537766881693,0.24616725742816925,0.24616726428520108,0.9312646389007568,0.9312646396928281,23.496225357055664,23.496225883951865,ok
413,4.13,0.0,0.9312646389007568,0.24187283217906952,0.2376479208469391,0.23764792081103803,-0.9312646389007568,-0.9312646396928281,0.598978579044342,0.5989786010118553,0.24187283217906952,0.24187282235866414,0.9137171506881714,0.9137171689098501,23.505449295043945,23.505450208094782,ok
414,4.14,0.0,0.9137171506881714,0.2376479208469391,0.23349173367023468,0.23349173344791524,-0.9137171506881714,-0.9137171689098501,0.5880140066146851,0.5880139949849371,0.2376479208469391,0.23764792081103803,0.8965263962745667,0.8965264227793136,23.514501571655273,23.514500853043636,ok
415,4.15,0.0,0.8965263962745667,0.23349173367023468,0.22940343618392944,0.22940342587321166,-0.8965263962745667,-0.8965264227793136,0.5772556662559509,0.5772556779115854,0.23349173367023468,0.23349173344791524,0.879683792591095,0.8796838025709532,23.52338218688965,23.523381342764687,ok
416,4.16,0.0,0.879683792591095,0.22940343618392944,0.22538216412067413,0.22538215688320407,-0.879683792591095,-0.8796838025709532,0.5666994452476501,0.5666994722807339,0.22940343618392944,0.22940342587321166,0.8631809949874878,0.8631809812812633,23.532094955444336,23.532095116604573,ok
417,4.17,0.0,0.8631809949874878,0.22538216412067413,0.2214270681142807,0.22142707976822856,-0.8631809949874878,-0.8631809812812633,0.556341290473938,0.5563413005053588,0.22538216412067413,0.22538215688320407,0.8470098972320557,0.847009892445076,23.540645599365234,23.540645531951284,ok
418,4.18,0.0,0.8470098972320557,0.2214270681142807,0.21753734350204468,0.2175373435273284,-0.8470098972320557,-0.847009892445076,0.5461771488189697,0.5461771817960179,0.2214270681142807,0.22142707976822856,0.831162691116333,0.8311627194879252,23.549036026000977,23.549035866785935,ok
419,4.19,0.0,0.831162691116333,0.21753734350204468,0.21371209621429443,0.21371209400084784,-0.831162691116333,-0.8311627194879252,0.5362032055854797,0.5362032291621628,0.21753734350204468,0.2175373435273284,0.8156318664550781,0.815631885591164,23.557270050048828,23.557269322130672,ok
420,4.2,0.0,0.8156318664550781,0.21371209621429443,0.20995047688484192,0.20995047492569718,-0.8156318664550781,-0.815631885591164,0.5264156460762024,0.5264156465350688,0.21371209621429443,0.21371209400084784,0.8004100322723389,0.8004100440432955,23.565349578857422,23.565349024397655,ok
421,4.21,-6.0,0.8004100322723389,0.20995047688484192,-2.1937484741210938,-2.1937483710822496,-6.800410270690918,-6.8004100440432955,0.4448107182979584,0.44481072600654925,0.20995047688484192,0.20995047492569718,0.7854900360107422,0.7854900690523896,23.573278427124023,23.573278027643894,ok
422,4.22,-6.0,0.7854900360107422,-2.1937484741210938,-2.26938533782959,-2.269385301614407,-6.785490036010742,-6.78549006905239,0.36338484287261963,0.3633848451779206,-2.1937484741210938,-2.1937483710822496,0.5826543569564819,0.5826543549269401,23.58011245727539,23.580111988753615,ok
423,4.23,-6.0,0.5826543569564819,-2.26938533782959,-2.269676923751831,-2.2696768967928556,-6.5826544761657715,-6.58265435492694,0.28439298272132874,0.28439299291879727,-2.26938533782959,-2.269385301614407,0.38184040784835815,0.38184040997836277,23.584928512573242,23.584927768958472,ok
424,4.24,-6.0,0.38184040784835815,-2.269676923751831,-2.268343210220337,-2.268343171072548,-6.381840229034424,-6.381840409978363,0.2078109085559845,0.20781090799905694,-2.269676923751831,-2.2696768967928556,0.18887761235237122,0.18887762521627938,23.5877742767334,23.587774927213136,ok
425,4.25,-6.0,0.18887761235237122,-2.268343210220337,-2.267740249633789,-2.267740142087455,-6.188877582550049,-6.188877625216279,0.13354437053203583,0.1335443764964616,-2.268343210220337,-2.268343171072548,0.003585592843592167,0.0035856117344668093,23.58873176574707,23.58873106716214,ok
426,4.26,-6.0,0.003585592843592167,-2.267740249633789,-2.267889976501465,-2.2678898681973254,-6.0035858154296875,-6.003585611734467,0.06150134652853012,0.06150134915564798,-2.267740249633789,-2.267740142087455,-0.17439372837543488,-0.17439370776870255,23.587871551513672,23.58787109419618,ok
427,4.2700000000000005,-6.0,-0.17439372837543488,-2.267889976501465,-2.2687411308288574,-2.268741167736871,-5.825606346130371,-5.8256062922312974,-0.008405928499996662,-0.008405926351127593,-2.267889976501465,-2.2678898681973254,-0.3454061448574066,-0.3454061000243476,23.58526611328125,23.58526639489615,ok
428,4.28,-6.0,-0.3454061448574066,-2.2687411308288574,-2.2702434062957764,-2.2702434863413887,-5.6545939445495605,-5.654593899975652,-0.07626105844974518,-0.07626105315083542,-2.2687411308288574,-2.268741167736871,-0.5097798109054565,-0.5097797603325365,23.580984115600586,23.580984986618457,ok
429,4.29,-6.0,-0.5097798109054565,-2.2702434062957764,-2.2723491191864014,-2.272349149017821,-5.490220069885254,-5.4902202396674635,-0.14214369654655457,-0.14214369602684498,-2.2702434062957764,-2.2702434863413887,-0.6678260564804077,-0.6678260507415654,23.575092315673828,23.57509168949389,ok
430,4.3,-6.0,-0.6678260564804077,-2.2723491191864014,-2.2750132083892822,-2.275013275730219,-5.332173824310303,-5.332173949258435,-0.206129789352417,-0.2061297834179462,-2.2723491191864014,-2.272349149017821,-0.8198404312133789,-0.8198403858927592,23.56764793395996,23.56764829030133,ok
431,4.3100000000000005,-6.0,-0.8198404312133789,-2.2750132083892822,-2.278193712234497,-2.278193629060843,-5.180159568786621,-5.180159614107241,-0.268291711807251,-0.2682916987872331,-2.2750132083892822,-2.275013275730219,-0.9661030769348145,-0.9661030775109132,23.558713912963867,23.558713697691264,ok
432,4.32,-6.0,-0.9661030769348145,-2.278193712234497,-2.281850576400757,-2.2818504677828675,-5.0338969230651855,-5.033896922489086,-0.32869845628738403,-0.3286984618571021,-2.278193712234497,-2.278193629060843,-1.1068801879882812,-1.1068801338352032,23.548343658447266,23.548344089191122,ok
433,4.33,-6.0,-1.1068801879882812,-2.281850576400757,-2.2859463691711426,-2.285946408323021,-4.893119812011719,-4.893119866164797,-0.38741588592529297,-0.3874159002510797,-2.281850576400757,-2.2818504677828675,-1.2424240112304688,-1.2424240162209732,23.536592483520508,23.536593050431907,ok
434,4.34,-6.0,-1.2424240112304688,-2.2859463691711426,-2.2904462814331055,-2.290446293762691,-4.757575988769531,-4.757575983779027,-0.44450682401657104,-0.444506812056428,-2.2859463691711426,-2.285946408323021,-1.3729743957519531,-1.372974355210482,23.52351188659668,23.523511707012823,ok
435,4.3500000000000005,-6.0,-1.3729743957519531,-2.2904462814331055,-2.2953169345855713,-2.295317069972235,-4.627025604248047,-4.6270256447895175,-0.5000311136245728,-0.5000311197939022,-2.2904462814331055,-2.290446293762691,-1.4987586736679077,-1.4987586282530372,23.5091495513916,23.50914884939821,ok
436,4.36,-6.0,-1.4987586736679077,-2.2953169345855713,-2.300527572631836,-2.300527668492687,-4.501241207122803,-4.501241371746962,-0.5540460348129272,-0.5540460162548658,-2.2953169345855713,-2.295317069972235,-1.6199928522109985,-1.619992801137656,23.49355125427246,23.493551051219917,ok
437,4.37,-6.0,-1.6199928522109985,-2.300527572631836,-2.30604887008667,-2.3060488957998038,-4.380007266998291,-4.380007198862344,-0.606606125831604,-0.606606102641214,-2.300527572631836,-2.300527668492687,-1.736881971359253,-1.736881935090243,23.476762771606445,23.47676278133821,ok
438,4.38,-6.0,-1.736881971359253,-2.30604887008667,-2.3118534088134766,-2.3118533286051166,-4.263117790222168,-4.263118064909757,-0.6577635407447815,-0.657763519420131,-2.30604887008667,-2.3060488957998038,-1.8496208190917969,-1.8496207613821087,23.458826065063477,23.458826509995177,ok
439,4.39,-6.0,-1.8496208190917969,-2.3118534088134766,-2.317915201187134,-2.3179152148672877,-4.150379180908203,-4.150379238617891,-0.7075680494308472,-0.7075680702835457,-2.3118534088134766,-2.3118533286051166,-1.9583942890167236,-1.9583942251971593,23.439783096313477,23.439782809376837,ok
440,4.4,-6.0,-1.9583942890167236,-2.317915201187134,-2.3242104053497314,-2.3242103802046823,-4.0416059494018555,-4.041605774802841,-0.7560673356056213,-0.7560673395811799,-2.317915201187134,-2.3179152148672877,-2.063378095626831,-2.0633780004109465,23.41967010498047,23.419670448882936,ok
441,4.41,-6.0,-2.063378095626831,-2.3242104053497314,-2.330716133117676,-2.3307161394168014,-3.936621904373169,-3.9366219995890535,-0.8033068180084229,-0.8033068035762485,-2.3242104053497314,-2.3242103802046823,-2.164738893508911,-2.164738976845711,23.398527145385742,23.39852648538753,ok
442,4.42,-6.0,-2.164738893508911,-2.330716133117676,-2.3374111652374268,-2.3374112128379645,-3.835261106491089,-3.835261023154289,-0.849329948425293,-0.8493299358541,-2.330716133117676,-2.3307161394168014,-2.2626357078552246,-2.262635721481294,23.376386642456055,23.37638634875809,ok
443,4.43,-6.0,-2.2626357078552246,-2.3374111652374268,-2.344275712966919,-2.3442756472615827,-3.7373642921447754,-3.737364278518706,-0.8941783308982849,-0.8941783071963245,-2.3374111652374268,-2.3374112128379645,-2.3572189807891846,-2.357218915022075,23.35328483581543,23.353283922886526,ok
444,4.44,-6.0,-2.3572189807891846,-2.344275712966919,-2.351290702819824,-2.3512907411874946,-3.6427810192108154,-3.642781084977925,-0.9378916621208191,-0.9378916802160596,-2.344275712966919,-2.3442756472615827,-2.448631763458252,-2.4486317651446616,23.329252243041992,23.32925162247194,ok
445,4.45,-6.0,-2.448631763458252,-2.351290702819824,-2.3584389686584473,-2.358438974158195,-3.551368236541748,-3.5513682348553384,-0.9805080890655518,-0.9805080990343237,-2.351290702819824,-2.3512907411874946,-2.537010431289673,-2.537010397679725,23.3043212890625,23.304320465781956,ok
446,4.46,-6.0,-2.537010431289673,-2.3584389686584473,-2.365703821182251,-2.3657039399624336,-3.462989568710327,-3.462989602320275,-1.022063970565796,-1.0220639742621669,-2.3584389686584473,-2.358438974158195,-2.6224842071533203,-2.62248422691384,23.278520584106445,23.27852014360732,ok
447,4.47,-6.0,-2.6224842071533203,-2.365703821182251,-2.373070240020752,-2.373070283496631,-3.3775157928466797,-3.37751577308616,-1.0625941753387451,-1.0625941635392009,-2.365703821182251,-2.3657039399624336,-2.70517635345459,-2.705176306133334,23.25187873840332,23.251879084612945,ok
448,4.48,-6.0,-2.70517635345459,-2.373070240020752,-2.380523681640625,-2.3805236410858672,-3.29482364654541,-3.294823693866666,-1.1021320819854736,-1.102132047865601,-2.373070240020752,-2.373070283496631,-2.785203695297241,-2.785203659471716,23.224424362182617,23.22442451727761,ok
449,4.49,-6.0,-2.785203695297241,-2.380523681640625,-2.3880505561828613,-2.3880505840769146,-3.214796304702759,-3.214796340528284,-1.140709638595581,-1.1407096039519404,-2.380523681640625,-2.3805236410858672,-2.862677574157715,-2.8626775960650894,23.196182250976562,23.196182528604236,ok
450,4.5,-6.0,-2.862677574157715,-2.3880505561828613,-2.3956384658813477,-2.3956385655259047,-3.137322425842285,-3.1373224039349106,-1.178357481956482,-1.1783574727991593,-2.3880505561828613,-2.3880505840769146,-2.937704086303711,-2.937704007465854,23.167177200317383,23.167178119772892,ok
451,4.51,-6.0,-2.937704086303711,-2.3956384658813477,-2.403275728225708,-2.403275869812818,-3.062295913696289,-3.062295992534146,-1.2151050567626953,-1.215105024709569,-2.3956384658813477,-2.3956385655259047,-3.0103836059570312,-3.010383649213839,23.137435913085938,23.13743525889937,ok
452,4.5200000000000005,-6.0,-3.0103836059570312,-2.403275728225708,-2.410951614379883,-2.4109515650240336,-2.9896163940429688,-2.989616350786161,-1.2509803771972656,-1.250980420919003,-2.403275728225708,-2.403275869812818,-3.080812454223633,-3.0808124074155865,23.106977462768555,23.10697693105355,ok
453,4.53,-6.0,-3.080812454223633,-2.410951614379883,-2.4186553955078125,-2.4186554579527684,-2.919187545776367,-2.9191875925844135,-1.2860106229782104,-1.286010672030016,-2.410951614379883,-2.4109515650240336,-3.1490814685821533,-3.149081551136693,23.075824737548828,23.075825185683346,ok
454,4.54,-6.0,-3.1490814685821533,-2.4186553955078125,-2.426378011703491,-2.426378051575339,-2.8509185314178467,-2.850918448863307,-1.3202216625213623,-1.3202216934163757,-2.4186553955078125,-2.4186554579527684,-3.215277910232544,-3.2152779713687965,23.04400062561035,23.044001181582317,ok
455,4.55,-6.0,-3.215277910232544,-2.426378011703491,-2.434110641479492,-2.4341105048688574,-2.784722089767456,-2.7847220286312035,-1.3536384105682373,-1.3536383577599502,-2.426378011703491,-2.426378051575339,-3.279484272003174,-3.27948440729177,23.011526107788086,23.011525229531554,ok
456,4.5600000000000005,-6.0,-3.279484272003174,-2.434110641479492,-2.4418447017669678,-2.441844594843242,-2.720515727996826,-2.72051559270823,-1.386284589767456,-1.386284544872449,-2.434110641479492,-2.4341105048688574,-3.3417797088623047,-3.341779660512908,22.978416442871094,22.978416832739462,ok
457,4.57,-6.0,-3.3417797088623047,-2.4418447017669678,-2.4495725631713867,-2.449572680667286,-2.6582202911376953,-2.658220339487092,-1.4181832075119019,-1.4181831889462941,-2.4418447017669678,-2.441844594843242,-3.4022388458251953,-3.4022387979281814,22.94469451904297,22.944694725196417,ok
458,4.58,-6.0,-3.4022388458251953,-2.4495725631713867,-2.457287549972534,-2.4572876697750217,-2.5977611541748047,-2.5977612020718186,-1.4493563175201416,-1.449356323371156,-2.4495725631713867,-2.449572680667286,-3.4609334468841553,-3.460933343815914,22.910377502441406,22.910376908055003,ok
459,4.59,-6.0,-3.4609334468841553,-2.457287549972534,-2.4649829864501953,-2.4649829858447903,-2.5390665531158447,-2.539066656184086,-1.4798251390457153,-1.479825123245365,-2.457287549972534,-2.4572876697750217,-3.5179314613342285,-3.5179314617403854,22.87548065185547,22.87548068414062,ok
460,4.6000000000000005,-6.0,-3.5179314613342285,-2.4649829864501953,-2.4726524353027344,-2.4726525385492106,-2.4820685386657715,-2.4820685382596146,-1.5096099376678467,-1.5096099457044803,-2.4649829864501953,-2.4649829858447903,-3.573298215866089,-3.5732981268117676,22.840023040771484,22.84002269069157,ok
461,4.61,-6.0,-3.573298215866089,-2.4726524353027344,-2.480290651321411,-2.4802906949797734,-2.426701784133911,-2.4267018731882324,-1.5387303829193115,-1.5387303681827391,-2.4726524353027344,-2.4726525385492106,-3.6270952224731445,-3.627095288819418,22.804018020629883,22.804018930422497,ok
462,4.62,-6.0,-3.6270952224731445,-2.480290651321411,-2.4878923892974854,-2.487892252654972,-2.3729047775268555,-2.372904711180582,-1.5672051906585693,-1.5672052247169062,-2.480290651321411,-2.4802906949797734,-3.679382085800171,-3.679382026727704,22.767484664916992,22.767484800999974,ok
463,4.63,-6.0,-3.679382085800171,-2.4878923892974854,-2.495452404022217,-2.4954524140258245,-2.320617914199829,-2.320617973272296,-1.5950525999069214,-1.5950526403961738,-2.4878923892974854,-2.487892252654972,-3.7302145957946777,-3.730214694997232,22.73043441772461,22.730435123014253,ok
464,4.64,-6.0,-3.7302145957946777,-2.495452404022217,-2.50296688079834,-2.502966762397281,-2.2697854042053223,-2.269785305002768,-1.622290015220642,-1.622290064056207,-2.495452404022217,-2.4954524140258245,-3.7796471118927,-3.779647062169428,22.69288444519043,22.692884166526788,ok
465,4.65,-6.0,-3.7796471118927,-2.50296688079834,-2.5104312896728516,-2.510431239188436,-2.2203528881073,-2.220352937830572,-1.648934245109558,-1.6489342993101739,-2.50296688079834,-2.502966762397281,-3.827730417251587,-3.827730442128873,22.65484619140625,22.654845676268707,ok
466,4.66,-6.0,-3.827730417251587,-2.5104312896728516,-2.5178420543670654,-2.5178421224586245,-2.172269582748413,-2.172269557871127,-1.6750015020370483,-1.6750015340046274,-2.5104312896728516,-2.510431239188436,-3.874513864517212,-3.8745138184354877,22.6163330078125,22.616332895561595,ok
467,4.67,-6.0,-3.874513864517212,-2.5178420543670654,-2.525196075439453,-2.5251960066304324,-2.125486135482788,-2.1254861815645123,-1.700507402420044,-1.7005073681834015,-2.5178420543670654,-2.5178421224586245,-3.9200439453125,-3.9200439620975738,22.57735824584961,22.577358589027945,ok
468,4.68,-6.0,-3.9200439453125,-2.525196075439453,-2.532489776611328,-2.532489783344372,-2.0799560546875,-2.0799560379024262,-1.7254668474197388,-1.7254668406382307,-2.525196075439453,-2.5251960066304324,-3.9643654823303223,-3.964365543136765,22.537935256958008,22.537935064155132,ok
469,4.69,-6.0,-3.9643654823303223,-2.532489776611328,-2.5397205352783203,-2.5397206233835248,-2.0356345176696777,-2.035634456863235,-1.7498944997787476,-1.7498944541205896,-2.532489776611328,-2.532489783344372,-4.007521152496338,-4.007521236277056,22.49807357788086,22.498074191773316,ok
470,4.7,-6.0,-4.007521152496338,-2.5397205352783203,-2.5468859672546387,-2.5468859596097673,-1.992478847503662,-1.9924787637229437,-1.7738041877746582,-1.773804199285265,-2.5397205352783203,-2.5397206233835248,-4.049551963806152,-4.049551821072217,22.457786560058594,22.457787425504435,ok
471,4.71,-6.0,-4.049551963806152,-2.5468859672546387,-2.553983449935913,-2.5539834708563784,-1.9504480361938477,-1.9504481789277834,-1.797209620475769,-1.7972095774323984,-2.5468859672546387,-2.5468859596097673,-4.090496063232422,-4.090496276768989,22.417085647583008,22.417085820236434,ok
472,4.72,-6.0,-4.090496063232422,-2.553983449935913,-2.5610110759735107,-2.5610110667248027,-1.9095039367675781,-1.909503723231011,-1.8201236724853516,-1.8201236221111705,-2.553983449935913,-2.5539834708563784,-4.130392074584961,-4.130391872187493,22.375980377197266,22.37598004967393,ok
473,4.73,-6.0,-4.130392074584961,-2.5610110759735107,-2.5679666996002197,-2.5679668732361733,-1.869607925415039,-1.8696081278125067,-1.8425588607788086,-1.8425589196449206,-2.5610110759735107,-2.5610110667248027,-4.16927433013916,-4.169274250885109,22.33448028564453,22.33448042301384,ok
474,4.74,-6.0,-4.16927433013916,-2.5679666996002197,-2.5748491287231445,-2.574849219290877,-1.8307256698608398,-1.8307257491148912,-1.8645275831222534,-1.8645276286342993,-2.5679666996002197,-2.5679668732361733,-4.207177639007568,-4.207177511855817,22.2925968170166,22.292596900791793,ok
475,4.75,-6.0,-4.207177639007568,-2.5748491287231445,-2.5816564559936523,-2.5816566238919725,-1.7928223609924316,-1.792822488144183,-1.886041522026062,-1.8860414984920295,-2.5748491287231445,-2.574849219290877,-4.244134426116943,-4.244134286003413,22.25033950805664,22.250339109942875,ok
476,4.76,-6.0,-4.244134426116943,-2.5816564559936523,-2.5883877277374268,-2.5883877840906644,-1.7558655738830566,-1.7558657139965872,-1.9071118831634521,-1.9071118870599886,-2.5816564559936523,-2.5816566238919725,-4.280175685882568,-4.280175808614213,22.20771598815918,22.207716358117736,ok
477,4.7700000000000005,-6.0,-4.280175685882568,-2.5883877277374268,-2.595041513442993,-2.5950415636143034,-1.7198243141174316,-1.7198241913857872,-1.927749752998352,-1.9277497773566181,-2.5883877277374268,-2.5883877840906644,-4.315331935882568,-4.315331988042732,22.164737701416016,22.16473764729305,ok
478,4.78,-6.0,-4.315331935882568,-2.595041513442993,-2.6016170978546143,-2.6016169821395256,-1.6846680641174316,-1.6846680119572683,-1.9479657411575317,-1.9479657935001053,-2.595041513442993,-2.5950415636143034,-4.349631309509277,-4.349631470812354,22.12141227722168,22.121411686713174,ok
479,4.79,-6.0,-4.349631309509277,-2.6016170978546143,-2.6081132888793945,-2.608113205175164,-1.6503686904907227,-1.650368529187646,-1.9677702188491821,-1.9677702158503572,-2.6016170978546143,-2.6016169821395256,-4.383101463317871,-4.383101703322159,22.077747344970703,22.077746905197834,ok
480,4.8,-6.0,-4.383101463317871,-2.6081132888793945,-2.614529609680176,-2.614529534521494,-1.616898536682129,-1.6168982966778414,-1.9871729612350464,-1.9871729954104913,-2.6081132888793945,-2.608113205175164,-4.415769100189209,-4.41576899034079,22.033750534057617,22.033751462848986,ok
481,4.8100000000000005,-6.0,-4.415769100189209,-2.614529609680176,-2.6208653450012207,-2.6208653992741757,-1.584230899810791,-1.5842310096592103,-2.0061838626861572,-2.006183767526402,-2.614529609680176,-2.614529534521494,-4.447658538818359,-4.447658550458554,21.98943328857422,21.989433262187998,ok
482,4.82,-6.0,-4.447658538818359,-2.6208653450012207,-2.62712025642395,-2.6271203473429807,-1.5523414611816406,-1.552341449541446,-2.0248117446899414,-2.0248118649208995,-2.6208653450012207,-2.6208653992741757,-4.478794574737549,-4.478794568659731,21.944799423217773,21.94479995875281,ok
483,4.83,-6.0,-4.478794574737549,-2.62712025642395,-2.633294105529785,-2.6332940374570075,-1.5212054252624512,-1.5212054313402694,-2.0430662631988525,-2.0430663300969827,-2.62712025642395,-2.6271203473429807,-4.509200096130371,-4.509200246168377,21.899858474731445,21.899858971183114,ok
484,4.84,-6.0,-4.509200096130371,-2.633294105529785,-2.6393861770629883,-2.639386231629632,-1.490799903869629,-1.4907997538316229,-2.0609560012817383,-2.0609559271429623,-2.633294105529785,-2.6332940374570075,-4.53889799118042,-4.538897847712698,21.854618072509766,21.854617490820058,ok
485,4.8500000000000005,-6.0,-4.53889799118042,-2.6393861770629883,-2.6453967094421387,-2.6453967880578833,-1.46110200881958,-1.4611021522873022,-2.078489065170288,-2.07848915297041,-2.6393861770629883,-2.639386231629632,-4.567908763885498,-4.567908746345238,21.80908203125,21.809082490845597,ok
486,4.86,-6.0,-4.567908763885498,-2.6453967094421387,-2.6513257026672363,-2.6513256544323145,-1.432091236114502,-1.4320912536547619,-2.0956742763519287,-2.095674248014267,-2.6453967094421387,-2.6453967880578833,-4.596253395080566,-4.596253465948818,21.763259887695312,21.763260734985334,ok
487,4.87,-6.0,-4.596253395080566,-2.6513257026672363,-2.657172918319702,-2.65717286163474,-1.4037466049194336,-1.4037465340511819,-2.1125192642211914,-2.1125192064228813,-2.6513257026672363,-2.6513256544323145,-4.6239519119262695,-4.623951721551136,21.717159271240234,21.717158785797267,ok
488,4.88,-6.0,-4.6239519119262695,-2.657172918319702,-2.662938356399536,-2.6629385178024267,-1.3760480880737305,-1.376048278448864,-2.1290318965911865,-2.1290317857642678,-2.657172918319702,-2.65717286163474,-4.651022434234619,-4.651022457564384,21.6707820892334,21.67078301256788,ok
489,4.89,-6.0,-4.651022434234619,-2.662938356399536,-2.6686227321624756,-2.6686228027385144,-1.3489775657653809,-1.348977542435616,-2.145219564437866,-2.145219516273495,-2.662938356399536,-2.6629385178024267,-4.677484035491943,-4.677483884059973,21.6241397857666,21.62413959883573,ok
490,4.9,-6.0,-4.677484035491943,-2.6686227321624756,-2.6742258071899414,-2.6742259626495057,-1.3225159645080566,-1.3225161159400267,-2.1610896587371826,-2.1610897096647754,-2.6686227321624756,-2.6686228027385144,-4.703353404998779,-4.703353511182565,21.577234268188477,21.577234549561606,ok
491,4.91,-6.0,-4.703353404998779,-2.6742258071899414,-2.679748296737671,-2.6797483051917497,-1.2966465950012207,-1.2966464888174354,-2.176649570465088,-2.1766494675305847,-2.6742258071899414,-2.6742259626495057,-4.7286481857299805,-4.728648181802018,21.530073165893555,21.53007369796348,ok
492,4.92,-6.0,-4.7286481857299805,-2.679748296737671,-2.685190200805664,-2.6851901948097776,-1.2713518142700195,-1.2713518181979824,-2.1919057369232178,-2.1919056893489604,-2.679748296737671,-2.6797483051917497,-4.753384113311768,-4.7533841024965735,21.482662200927734,21.482662712033285,ok
493,4.93,-6.0,-4.753384113311768,-2.685190200805664,-2.690551996231079,-2.690552048350331,-1.2466158866882324,-1.2466158975034265,-2.206865072250366,-2.2068650801190013,-2.685190200805664,-2.6851901948097776,-4.777576923370361,-4.7775768729556,21.435007095336914,21.435007100751847,ok
494,4.94,-6.0,-4.777576923370361,-2.690551996231079,-2.6958343982696533,-2.695834330936761,-1.2224230766296387,-1.2224231270444,-2.221534252166748,-2.221534157643534,-2.690551996231079,-2.690552048350331,-4.801241397857666,-4.801241513885485,21.38711166381836,21.38711222001731,ok
495,4.95,-6.0,-4.801241397857666,-2.6958343982696533,-2.701037645339966,-2.70103755208934,-1.198758602142334,-1.1987584861145146,-2.235919237136841,-2.235919259476908,-2.6958343982696533,-2.695834330936761,-4.824392318725586,-4.824392493497791,21.3389835357666,21.338983278301654,ok
496,4.96,-6.0,-4.824392318725586,-2.701037645339966,-2.706162214279175,-2.706162262077792,-1.175607681274414,-1.1756075065022094,-2.2500264644622803,-2.2500265495549345,-2.701037645339966,-2.70103755208934,-4.847043514251709,-4.847043752654539,21.290624618530273,21.290625342049054,ok
497,4.97,-6.0,-4.847043514251709,-2.706162214279175,-2.7112090587615967,-2.711209048493119,-1.152956485748291,-1.152956247345461,-2.263862133026123,-2.26386202452308,-2.706162214279175,-2.706162262077792,-4.869208812713623,-4.869208728741502,21.242042541503906,21.24204334082924,ok
498,4.98,-6.0,-4.869208812713623,-2.7112090587615967,-2.7161784172058105,-2.716178533026479,-1.130791187286377,-1.1307912712584978,-2.2774314880371094,-2.277431519778182,-2.7112090587615967,-2.711209048493119,-4.890900135040283,-4.890900378336568,21.193241119384766,21.193242072258148,ok
499,4.99,-6.0,-4.890900135040283,-2.7161784172058105,-2.721071481704712,-2.721071368443555,-1.1090998649597168,-1.1090996216634323,-2.290740728378296,-2.290740715238143,-2.7161784172058105,-2.716178533026479,-4.912131309509277,-4.9121311987366525,21.14422607421875,21.144226206697642,ok
500,5.0,-6.0,-4.912131309509277,-2.721071481704712,-2.725888252258301,-2.725888235743482,-1.0878686904907227,-1.0878688012633475,-2.303795099258423,-2.3037951408533033,-2.721071481704712,-2.721071368443555,-4.932913303375244,-4.932913248403272,21.095001220703125,21.095000291745425,ok
501,5.01,-6.0,-4.932913303375244,-2.725888252258301,-2.7306299209594727,-2.7306298414919943,-1.0670866966247559,-1.0670867515967277,-2.3166000843048096,-2.316600181872464,-2.725888252258301,-2.725888235743482,-4.953258037567139,-4.953258166383617,21.045568466186523,21.04556875652564,ok
502,5.0200000000000005,-6.0,-4.953258037567139,-2.7306299209594727,-2.7352969646453857,-2.735296915319017,-1.0467419624328613,-1.046741833616383,-2.3291611671447754,-2.3291610838758605,-2.7306299209594727,-2.7306298414919943,-4.973176956176758,-4.973177190760988,20.995935440063477,20.99593591579014,ok
503,5.03,-6.0,-4.973176956176758,-2.7352969646453857,-2.7398903369903564,-2.7398902075714653,-1.0268230438232422,-1.026822809239012,-2.3414828777313232,-2.3414829575867286,-2.7352969646453857,-2.735296915319017,-4.99268102645874,-4.992681176185534,20.94610595703125,20.9461059738399,ok
504,5.04,-6.0,-4.99268102645874,-2.7398903369903564,-2.744410514831543,-2.744410487112515,-1.0073189735412598,-1.0073188238144661,-2.3535706996917725,-2.3535707834725024,-2.7398903369903564,-2.7398902075714653,-5.011780738830566,-5.01178061053353,20.89608383178711,20.896083028275466,ok
505,5.05,-6.0,-5.011780738830566,-2.744410514831543,-2.7488584518432617,-2.74885853925909,-0.9882192611694336,-0.9882193894664697,-2.365429401397705,-2.3654294161461,-2.744410514831543,-2.744410487112515,-5.0304856300354,-5.030485630740854,20.845870971679688,20.845871073585045,ok
506,5.0600000000000005,-6.0,-5.0304856300354,-2.7488584518432617,-2.753235101699829,-2.7532351638497587,-0.9695143699645996,-0.9695143692591461,-2.377063512802124,-2.37706358857721,-2.7488584518432617,-2.74885853925909,-5.048806190490723,-5.048806037853875,20.795473098754883,20.795474004578118,ok
507,5.07,-6.0,-5.048806190490723,-2.753235101699829,-2.7575411796569824,-2.75754117343566,-0.9511938095092773,-0.9511939621461254,-2.3884778022766113,-2.3884779161229632,-2.753235101699829,-2.7532351638497587,-5.066751480102539,-5.066751311338676,20.744895935058594,20.744895619672324,ok
508,5.08,-6.0,-5.066751480102539,-2.7575411796569824,-2.761777400970459,-2.761777391587493,-0.9332485198974609,-0.9332486886613243,-2.39967679977417,-2.399676900386899,-2.7575411796569824,-2.75754117343566,-5.0843305587768555,-5.084330622687331,20.69413948059082,20.694139624040773,ok
509,5.09,-6.0,-5.0843305587768555,-2.761777400970459,-2.765944719314575,-2.765944651311967,-0.9156694412231445,-0.9156693773126694,-2.4106650352478027,-2.410664932914651,-2.761777400970459,-2.761777391587493,-5.101552963256836,-5.101552848357901,20.64320945739746,20.643209632626665,ok
510,5.1000000000000005,-6.0,-5.101552963256836,-2.765944719314575,-2.7700438499450684,-2.7700437935714906,-0.8984470367431641,-0.8984471516420989,-2.4214463233947754,-2.4214462987343564,-2.765944719314575,-2.765944651311967,-5.11842679977417,-5.118426582082873,20.59210968017578,20.59210917303167,ok
511,5.11,-6.0,-5.11842679977417,-2.7700438499450684,-2.774075508117676,-2.7740756659012074,-0.8815732002258301,-0.8815734179171271,-2.432025194168091,-2.432025179749362,-2.7700438499450684,-2.7700437935714906,-5.134960174560547,-5.134960146578875,20.540842056274414,20.54084168828424,ok
512,5.12,-6.0,-5.134960174560547,-2.774075508117676,-2.778041124343872,-2.778041121117812,-0.8650398254394531,-0.8650398534211252,-2.4424057006835938,-2.4424056579904154,-2.774075508117676,-2.7740756659012074,-5.1511616706848145,-5.151161604688806,20.489410400390625,20.489410539493697,ok
513,5.13,-6.0,-5.1511616706848145,-2.778041124343872,-2.7819409370422363,-2.781941016114893,-0.8488383293151855,-0.8488383953111942,-2.45259165763855,-2.45259171873415,-2.778041124343872,-2.778041121117812,-5.167038917541504,-5.167038769985815,20.43781852722168,20.437819008395593,ok
514,5.14,-6.0,-5.167038917541504,-2.7819409370422363,-2.785776138305664,-2.785776210739824,-0.8329610824584961,-0.8329612300141847,-2.462587356567383,-2.4625872534943203,-2.7819409370422363,-2.781941016114893,-5.182599067687988,-5.182599216867023,20.386070251464844,20.386070299793598,ok
515,5.15,-6.0,-5.182599067687988,-2.785776138305664,-2.7895476818084717,-2.7895475667475114,-0.8174009323120117,-0.8174007831329773,-2.4723961353302,-2.472396062891916,-2.785776138305664,-2.785776210739824,-5.197850227355957,-5.197850290163385,20.33416748046875,20.334167543902893,ok
516,5.16,-6.0,-5.197850227355957,-2.7895476818084717,-2.7932560443878174,-2.7932559468265623,-0.802149772644043,-0.8021497098366153,-2.4820218086242676,-2.4820218594099552,-2.7895476818084717,-2.7895475667475114,-5.212799072265625,-5.212799114290703,20.282114028930664,20.282113798599774,ok
517,5.17,-6.0,-5.212799072265625,-2.7932560443878174,-2.7969021797180176,-2.796902213693674,-0.787200927734375,-0.7872008857092974,-2.4914681911468506,-2.491468270038467,-2.7932560443878174,-2.7932559468265623,-5.227452754974365,-5.227452601965448,20.22991180419922,20.22991205158193,ok
518,5.18,-6.0,-5.227452754974365,-2.7969021797180176,-2.8004872798919678,-2.8004872292522878,-0.7725472450256348,-0.7725473980345523,-2.5007388591766357,-2.5007388388148817,-2.7969021797180176,-2.796902213693674,-5.241817474365234,-5.241817462507811,20.17756462097168,20.177565222443647,ok
519,5.19,-6.0,-5.241817474365234,-2.8004872798919678,-2.804011821746826,-2.8040118538117573,-0.7581825256347656,-0.7581825374921891,-2.5098369121551514,-2.509837029264788,-2.8004872798919678,-2.8004872292522878,-5.2559003829956055,-5.255900209753211,20.125076293945312,20.12507616466995,ok
520,5.2,-6.0,-5.2559003829956055,-2.804011821746826,-2.807476758956909,-2.807476945363504,-0.7440996170043945,-0.7440997902467892,-2.518766164779663,-2.5187662267477493,-2.804011821746826,-2.8040118538117573,-5.269707202911377,-5.269707169592351,20.072446823120117,20.0724476675535,ok
521,5.21,-6.0,-5.269707202911377,-2.807476758956909,-2.8108832836151123,-2.8108833589108086,-0.730292797088623,-0.7302928304076488,-2.527529716491699,-2.527529740712641,-2.807476758956909,-2.807476945363504,-5.283244609832764,-5.283244487158862,20.019681930541992,20.01968245803786,ok
522,5.22,-6.0,-5.283244609832764,-2.8108832836151123,-2.8142318725585938,-2.814231945849096,-0.7167553901672363,-0.7167555128411376,-2.536130905151367,-2.5361308068667348,-2.8108832836151123,-2.8108833589108086,-5.296518325805664,-5.2965181336825555,19.96678352355957,19.966783202490568,ok
523,5.23,-6.0,-5.296518325805664,-2.8142318725585938,-2.81752347946167,-2.8175235533937126,-0.7034816741943359,-0.7034818663174445,-2.544572591781616,-2.544572589262544,-2.8142318725585938,-2.814231945849096,-5.309534072875977,-5.309533913025356,19.91375160217285,19.913752508409285,ok
524,5.24,-6.0,-5.309534072875977,-2.81752347946167,-2.8207590579986572,-2.8207590240524016,-0.6904659271240234,-0.6904660869746442,-2.5528581142425537,-2.55285818230624,-2.81752347946167,-2.8175235533937126,-5.3222975730896,-5.322297467916085,19.860593795776367,19.860592926064093,ok
525,5.25,-6.0,-5.3222975730896,-2.8207590579986572,-2.823939085006714,-2.823939195139806,-0.6777024269104004,-0.6777025320839147,-2.560990571975708,-2.560990612691247,-2.8207590579986572,-2.8207590240524016,-5.334814071655273,-5.334814285899406,19.80730628967285,19.80730695007888,ok
526,5.26,-6.0,-5.334814071655273,-2.823939085006714,-2.8270649909973145,-2.8270648983314843,-0.6651859283447266,-0.6651857141005939,-2.5689728260040283,-2.568972841260454,-2.823939085006714,-2.823939195139806,-5.347089767456055,-5.347089705013429,19.753896713256836,19.753897020954586,ok
527,5.2700000000000005,-6.0,-5.347089767456055,-2.8270649909973145,-2.830137014389038,-2.8301369592550825,-0.6529102325439453,-0.6529102949865706,-2.576807737350464,-2.576807764800293,-2.8270649909973145,-2.8270648983314843,-5.359128952026367,-5.35912891920973,19.70036506652832,19.700365526537034,ok
528,5.28,-6.0,-5.359128952026367,-2.830137014389038,-2.833156108856201,-2.833156197116401,-0.6408710479736328,-0.6408710807902702,-2.584498167037964,-2.5844982177697764,-2.830137014389038,-2.8301369592550825,-5.370936870574951,-5.3709369835287735,19.64671516418457,19.646714803431692,ok
529,5.29,-6.0,-5.370936870574951,-2.833156108856201,-2.836123466491699,-2.836123424358267,-0.6290631294250488,-0.6290630164712265,-2.5920469760894775,-2.592046973967431,-2.833156108856201,-2.833156197116401,-5.382518768310547,-5.382518819043091,19.592947006225586,19.592947138367943,ok
530,5.3,-6.0,-5.382518768310547,-2.836123466491699,-2.8390395641326904,-2.8390394463501947,-0.6174812316894531,-0.6174811809569087,-2.599456787109375,-2.599456748138914,-2.836123466491699,-2.836123424358267,-5.393879413604736,-5.3938792175798795,19.539064407348633,19.539064769514976,ok
531,5.3100000000000005,-6.0,-5.393879413604736,-2.8390395641326904,-2.841904878616333,-2.8419050611069623,-0.6061205863952637,-0.6061207824201205,-2.6067302227020264,-2.6067301975279555,-2.8390395641326904,-2.8390394463501947,-5.405022621154785,-5.405022846234083,19.485069274902344,19.48506988775152,ok
532,5.32,-6.0,-5.405022621154785,-2.841904878616333,-2.8447210788726807,-2.8447210590343226,-0.5949773788452148,-0.5949771537659174,-2.6138699054718018,-2.6138699233731466,-2.841904878616333,-2.8419050611069623,-5.415954113006592,-5.415954251682448,19.430965423583984,19.43096463789147,ok
533,5.33,-6.0,-5.415954113006592,-2.8447210788726807,-2.8474881649017334,-2.8474882227001674,-0.5840458869934082,-0.5840457483175516,-2.6208784580230713,-2.620878472352957,-2.8447210788726807,-2.8447210590343226,-5.426677703857422,-5.426677864308486,19.376750946044922,19.376751119867293,ok
534,5.34,-6.0,-5.426677703857422,-2.8474881649017334,-2.8502073287963867,-2.8502073266295627,-0.5733222961425781,-0.5733221356915141,-2.627758264541626,-2.627758337981255,-2.8474881649017334,-2.8474882227001674,-5.437198162078857,-5.437198002147733,19.322431564331055,19.322431389873103,ok
535,5.3500000000000005,-6.0,-5.437198162078857,-2.8502073287963867,-2.852879047393799,-2.852879137122162,-0.5628018379211426,-0.5628019978522669,-2.634511947631836,-2.634511961955482,-2.8502073287963867,-2.8502073266295627,-5.447518825531006,-5.447518874662258,19.268007278442383,19.268007461469143,ok
536,5.36,-6.0,-5.447518825531006,-2.852879047393799,-2.8555045127868652,-2.8555044120905793,-0.5524811744689941,-0.5524811253377422,-2.641141653060913,-2.6411417354595352,-2.852879047393799,-2.852879137122162,-5.457644462585449,-5.457644586352838,19.213481903076172,19.213481306649342,ok
537,5.37,-6.0,-5.457644462585449,-2.8555045127868652,-2.858083963394165,-2.8580839009184,-0.5423555374145508,-0.5423554136471624,-2.6476500034332275,-2.647650000423301,-2.8555045127868652,-2.8555044120905793,-5.467578887939453,-5.46757914021683,19.158855438232422,19.158854856873532,ok
538,5.38,-6.0,-5.467578887939453,-2.858083963394165,-2.8606183528900146,-2.860618344336569,-0.5324211120605469,-0.5324208597831701,-2.654039144515991,-2.6540390507406992,-2.858083963394165,-2.8580839009184,-5.477326393127441,-5.477326441059322,19.104129791259766,19.104130004065787,ok
539,5.39,-6.0,-5.477326393127441,-2.8606183528900146,-2.8631083965301514,-2.8631084743169706,-0.5226736068725586,-0.5226735589406779,-2.660311222076416,-2.6603111334479874,-2.8606183528900146,-2.860618344336569,-5.4868903160095215,-5.486890298664756,19.04930877685547,19.049308601580414,ok
540,5.4,-6.0,-5.4868903160095215,-2.8631083965301514,-2.8655550479888916,-2.865555013982085,-0.5131096839904785,-0.5131097013352441,-2.666468381881714,-2.6664684498640105,-2.8631083965301514,-2.8631084743169706,-5.496274471282959,-5.496274430835843,18.99439239501953,18.994392465136848,ok
541,5.41,-6.0,-5.496274471282959,-2.8655550479888916,-2.8679585456848145,-2.8679586775296735,-0.503725528717041,-0.5037255691641569,-2.672513246536255,-2.6725131566939804,-2.8655550479888916,-2.865555013982085,-5.5054826736450195,-5.505482466306244,18.939382553100586,18.939383373724805,ok
542,5.42,-6.0,-5.5054826736450195,-2.8679585456848145,-2.8703200817108154,-2.8703201701714827,-0.49451732635498047,-0.49451753369375595,-2.6784472465515137,-2.6784473670983053,-2.8679585456848145,-2.8679586775296735,-5.514517784118652,-5.514517947533125,18.8842830657959,18.88428307048093,ok
543,5.43,-6.0,-5.514517784118652,-2.8703200817108154,-2.8726401329040527,-2.872640188085055,-0.48548221588134766,-0.4854820524668746,-2.6842732429504395,-2.6842731517279077,-2.8703200817108154,-2.8703201701714827,-5.523384094238281,-5.523384333375418,18.82909393310547,18.829093263538073,ok
544,5.44,-6.0,-5.523384094238281,-2.8726401329040527,-2.8749194145202637,-2.8749194183777407,-0.47661590576171875,-0.476615666624582,-2.6899924278259277,-2.6899925397274025,-2.8726401329040527,-2.872640188085055,-5.532084941864014,-5.532085001663278,18.773815155029297,18.773815626848336,ok
545,5.45,-6.0,-5.532084941864014,-2.8749194145202637,-2.8771586418151855,-2.8771585390620915,-0.46791505813598633,-0.4679149983367221,-2.6956074237823486,-2.695607519707443,-2.8749194145202637,-2.8749194183777407,-5.540623188018799,-5.540623251663976,18.71845245361328,18.718451800980954,ok
546,5.46,-6.0,-5.540623188018799,-2.8771586418151855,-2.8793582916259766,-2.879358219041853,-0.45937681198120117,-0.45937674833602404,-2.701120138168335,-2.7011200406874756,-2.8771586418151855,-2.8771585390620915,-5.549002170562744,-5.549002306449167,18.66300392150879,18.663003393896012,ok
547,5.47,-6.0,-5.549002170562744,-2.8793582916259766,-2.881519079208374,-2.881519118107809,-0.45099782943725586,-0.45099769355083286,-2.7065320014953613,-2.7065320130100856,-2.8793582916259766,-2.879358219041853,-5.557225227355957,-5.557225315168241,18.607471466064453,18.607471981694943,ok
548,5.48,-6.0,-5.557225227355957,-2.881519079208374,-2.8836419582366943,-2.8836418869427893,-0.44277477264404297,-0.4427746848317593,-2.7118453979492188,-2.7118453092280665,-2.881519079208374,-2.881519118107809,-5.565295219421387,-5.565295355232207,18.55185890197754,18.55185910934878,ok
549,5.49,-6.0,-5.565295219421387,-2.8836419582366943,-2.8857271671295166,-2.8857271671351836,-0.4347047805786133,-0.4347046447677929,-2.717061758041382,-2.71706176496528,-2.8836419582366943,-2.8836418869427893,-5.573215484619141,-5.573215434412341,18.496166229248047,18.496166291404958,ok
550,5.5,-6.0,-5.573215484619141,-2.8857271671295166,-2.8877756595611572,-2.8877755912003438,-0.4267845153808594,-0.426784565587659,-2.7221832275390625,-2.722183179752332,-2.8857271671295166,-2.8857271671351836,-5.58098840713501,-5.580988492857601,18.44039535522461,18.44039501267357,ok
551,5.51,-6.0,-5.58098840713501,-2.8877756595611572,-2.8897879123687744,-2.8897877826092917,-0.41901159286499023,-0.41901150714239943,-2.7272112369537354,-2.727211317838041,-2.8877756595611572,-2.8877755912003438,-5.588617324829102,-5.588617405034618,18.384546279907227,18.384546728893817,ok
552,5.5200000000000005,-6.0,-5.588617324829102,-2.8897879123687744,-2.8917644023895264,-2.891764355824194,-0.41138267517089844,-0.41138259496538243,-2.7321479320526123,-2.7321479089776255,-2.8897879123687744,-2.8897877826092917,-5.596105098724365,-5.5961049815938715,18.328622817993164,18.328622867381444,ok
553,5.53,-6.0,-5.596105098724365,-2.8917644023895264,-2.8937058448791504,-2.893705916340077,-0.40389490127563477,-0.4038950184061285,-2.736994743347168,-2.736994649198499,-2.8917644023895264,-2.891764355824194,-5.603454113006592,-5.6034539711654725,18.272624969482422,18.27262482765786,ok
554,5.54,-6.0,-5.603454113006592,-2.8937058448791504,-2.895612955093384,-2.8956130607323103,-0.3965458869934082,-0.3965460288345275,-2.741753101348877,-2.7417532015445136,-2.8937058448791504,-2.893705916340077,-5.6106672286987305,-5.610667062087803,18.216554641723633,18.216553982061644,ok
555,5.55,-6.0,-5.6106672286987305,-2.895612955093384,-2.8974862098693848,-2.8974863767093924,-0.38933277130126953,-0.38933293791219725,-2.746425151824951,-2.74642519679946,-2.895612955093384,-2.8956130607323103,-5.617746829986572,-5.617746884072097,18.160411834716797,18.16041167634307,ok
556,5.5600000000000005,-6.0,-5.617746829986572,-2.8974862098693848,-2.8993265628814697,-2.8993264431706214,-0.38225317001342773,-0.38225311592790323,-2.7510123252868652,-2.751012234190595,-2.8974862098693848,-2.8974863767093924,-5.624695777893066,-5.624696009805898,18.104198455810547,18.104199230242333,ok
557,5.57,-6.0,-5.624695777893066,-2.8993265628814697,-2.9011340141296387,-2.901133830268236,-0.3753042221069336,-0.37530399019410243,-2.7555158138275146,-2.7555158820729244,-2.8993265628814697,-2.8993264431706214,-5.631516933441162,-5.631516956498158,18.04791831970215,18.047917938051985,ok
558,5.58,-6.0,-5.631516933441162,-2.9011340141296387,-2.90290904045105,-2.902909099473661,-0.3684830665588379,-0.3684830435018416,-2.7599377632141113,-2.7599376785949463,-2.9011340141296387,-2.901133830268236,-5.638212203979492,-5.638212187368636,17.99156951904297,17.99156906916424,ok
559,5.59,-6.0,-5.638212203979492,-2.90290904045105,-2.9046528339385986,-2.9046528036474917,-0.3617877960205078,-0.3617878126313636,-2.7642791271209717,-2.764279132346523,-2.90290904045105,-2.902909099473661,-5.644783973693848,-5.644784113084079,17.93515396118164,17.935153868603628,ok
560,5.6000000000000005,-6.0,-5.644783973693848,-2.9046528339385986,-2.9063656330108643,-2.9063654871128914,-0.35521602630615234,-0.35521588691592143,-2.7685418128967285,-2.768541722989514,-2.9046528339385986,-2.9046528036474917,-5.651235103607178,-5.651235093143586,17.878673553466797,17.878673557545557,ok
561,5.61,-6.0,-5.651235103607178,-2.9063656330108643,-2.908047676086426,-2.9080476857320794,-0.34876489639282227,-0.34876490685641404,-2.7727270126342773,-2.772726901871791,-2.9063656330108643,-2.9063654871128914,-5.657567501068115,-5.657567437215409,17.82213020324707,17.822129333821255,ok
562,5.62,-6.0,-5.657567501068115,-2.908047676086426,-2.9096999168395996,-2.9096999269856276,-0.34243249893188477,-0.342432562784591,-2.7768361568450928,-2.776836092625206,-2.908047676086426,-2.9080476857320794,-5.663783550262451,-5.663783406427326,17.765522003173828,17.765522372409595,ok
563,5.63,-6.0,-5.663783550262451,-2.9096999168395996,-2.911322593688965,-2.9113227300542754,-0.33621644973754883,-0.33621659357267397,-2.7808706760406494,-2.780870691748078,-2.9096999168395996,-2.9096999269856276,-5.669885158538818,-5.669885214612647,17.70885467529297,17.70885382591621,ok
564,5.64,-6.0,-5.669885158538818,-2.911322593688965,-2.912916660308838,-2.9129166059030194,-0.33011484146118164,-0.3301147853873534,-2.784832000732422,-2.7848320691727264,-2.911322593688965,-2.9113227300542754,-5.675875186920166,-5.67587502951377,17.652124404907227,17.652124825040406,ok
565,5.65,-6.0,-5.675875186920166,-2.912916660308838,-2.9144821166992188,-2.9144820573672185,-0.324124813079834,-0.32412497048623035,-2.7887215614318848,-2.7887215688185614,-2.912916660308838,-2.9129166059030194,-5.681755065917969,-5.681754973945147,17.5953369140625,17.59533647903019,ok
566,5.66,-6.0,-5.681755065917969,-2.9144821166992188,-2.9160194396972656,-2.9160195792405026,-0.31824493408203125,-0.3182450260548526,-2.7925405502319336,-2.7925405091312197,-2.9144821166992188,-2.9144820573672185,-5.687527179718018,-5.6875271269174,17.538490295410156,17.53848987612591,ok
567,5.67,-6.0,-5.687527179718018,-2.9160194396972656,-2.917529582977295,-2.9175296583642596,-0.3124728202819824,-0.31247287308259963,-2.796290159225464,-2.796290183608211,-2.9160194396972656,-2.9160195792405026,-5.693193435668945,-5.693193524724246,17.481586456298828,17.481586083992813,ok
568,5.68,-6.0,-5.693193435668945,-2.917529582977295,-2.9190127849578857,-2.9190127737185123,-0.3068065643310547,-0.3068064752757538,-2.79997181892395,-2.7999718613115196,-2.917529582977295,-2.9175296583642596,-5.698756217956543,-5.698756161993834,17.424625396728516,17.424626150142924,ok
569,5.69,-6.0,-5.698756217956543,-2.9190127849578857,-2.920469284057617,-2.9204693965139863,-0.30124378204345703,-0.30124383800616616,-2.803586721420288,-2.8035867873675935,-2.9190127849578857,-2.9190127737185123,-5.704216957092285,-5.704216992705972,17.367610931396484,17.367611102346586,ok
570,5.7,-6.0,-5.704216957092285,-2.920469284057617,-2.9219000339508057,-2.9218999902852048,-0.29578304290771484,-0.29578300729402773,-2.807136297225952,-2.8071361834551216,-2.920469284057617,-2.9204693965139863,-5.709578037261963,-5.709577931176702,17.3105411529541,17.31054194903399,ok
571,5.71,-6.0,-5.709578037261963,-2.9219000339508057,-2.923305034637451,-2.9233050109844405,-0.2904219627380371,-0.2904220688232977,-2.8106212615966797,-2.8106212482810013,-2.9219000339508057,-2.9218999902852048,-5.714840888977051,-5.714840853011554,17.253419876098633,17.253419679687,ok
572,5.72,-6.0,-5.714840888977051,-2.923305034637451,-2.924685001373291,-2.9246849070763794,-0.2851591110229492,-0.2851591469884456,-2.8140430450439453,-2.814043158044863,-2.923305034637451,-2.9233050109844405,-5.720007419586182,-5.720007596028804,17.196245193481445,17.196245265221624,ok
573,5.73,-6.0,-5.720007419586182,-2.924685001373291,-2.9260401725769043,-2.9260401196333414,-0.27999258041381836,-0.27999240397119607,-2.8174030780792236,-2.817403066892517,-2.924685001373291,-2.9246849070763794,-5.7250800132751465,-5.725079961153944,17.139019012451172,17.13901965836138,ok
574,5.74,-6.0,-5.7250800132751465,-2.9260401725769043,-2.927371025085449,-2.9273710824309394,-0.2749199867248535,-0.274920038846056,-2.820702075958252,-2.8207021073586698,-2.9260401725769043,-2.9260401196333414,-5.730059623718262,-5.730059713286556,17.081743240356445,17.081743794001866,ok
575,5.75,-6.0,-5.730059623718262,-2.927371025085449,-2.928678274154663,-2.9286782220440473,-0.2699403762817383,-0.26994028671344417,-2.823941469192505,-2.8239413907992312,-2.927371025085449,-2.9273710824309394,-5.734948635101318,-5.734948582140688,17.024417877197266,17.024418589566782,ok
576,5.76,-6.0,-5.734948635101318,-2.928678274154663,-2.929961919784546,-2.929961957942956,-0.26505136489868164,-0.2650514178593122,-2.8271219730377197,-2.827122007813543,-2.928678274154663,-2.9286782220440473,-5.739748477935791,-5.739748263059811,16.967044830322266,16.96704494535568,ok
577,5.7700000000000005,-6.0,-5.739748477935791,-2.929961919784546,-2.931222677230835,-2.9312227025896185,-0.260251522064209,-0.2602517369401891,-2.830245018005371,-2.830245028656825,-2.929961919784546,-2.929961957942956,-5.744460582733154,-5.744460417807358,16.909624099731445,16.90962374488371,ok
578,5.78,-6.0,-5.744460582733154,-2.931222677230835,-2.9324607849121094,-2.932460861533882,-0.2555394172668457,-0.2555395821926423,-2.8333115577697754,-2.8333115036431367,-2.931222677230835,-2.9312227025896185,-5.749086856842041,-5.749086675333815,16.852155685424805,16.85215585521353,ok
579,5.79,-6.0,-5.749086856842041,-2.9324607849121094,-2.9336767196655273,-2.933676833509611,-0.250913143157959,-0.2509133246661852,-2.836322546005249,-2.836322463539131,-2.9324607849121094,-2.932460861533882,-5.753628730773926,-5.753628632521281,16.794641494750977,16.794642127279722,ok
580,5.8,-6.0,-5.753628730773926,-2.9336767196655273,-2.934870958328247,-2.934871010530619,-0.24637126922607422,-0.24637136747871935,-2.8392789363861084,-2.839278919948876,-2.9336767196655273,-2.933676833509611,-5.758087635040283,-5.758087854906366,16.737083435058594,16.7370833962058,ok
581,5.8100000000000005,-6.0,-5.758087635040283,-2.934870958328247,-2.9360439777374268,-2.9360437779863298,-0.2419123649597168,-0.24191214509363412,-2.842181921005249,-2.8421818656899998,-2.934870958328247,-2.934871010530619,-5.762465953826904,-5.762465877382278,16.679479598999023,16.679480481614167,ok
582,5.82,-6.0,-5.762465953826904,-2.9360439777374268,-2.9371955394744873,-2.9371955147370885,-0.2375340461730957,-0.23753412261772233,-2.845032215118408,-2.8450322751614125,-2.9360439777374268,-2.9360437779863298,-5.766764163970947,-5.766764204880871,16.62183380126953,16.62183418792909,ok
583,5.83,-6.0,-5.766764163970947,-2.9371955394744873,-2.938326597213745,-2.938326593209064,-0.23323583602905273,-0.23323579511912929,-2.8478310108184814,-2.847831104702842,-2.9371955394744873,-2.9371955147370885,-5.770984172821045,-5.770984313035429,16.564146041870117,16.564145304672987,ok
584,5.84,-6.0,-5.770984172821045,-2.938326597213745,-2.9394373893737793,-2.9394373794886706,-0.22901582717895508,-0.22901568696457097,-2.850579261779785,-2.850579292946417,-2.938326597213745,-2.938326593209064,-5.775127410888672,-5.775127648824907,16.50641441345215,16.506414606756177,ok
585,5.8500000000000005,-6.0,-5.775127410888672,-2.9394373893737793,-2.940528392791748,-2.940528233416454,-0.22487258911132812,-0.22487235117509297,-2.8532776832580566,-2.853277761160518,-2.9394373893737793,-2.9394373794886706,-5.779195785522461,-5.779195631200309,16.44864273071289,16.448642854760255,ok
586,5.86,-6.0,-5.779195785522461,-2.940528392791748,-2.9415993690490723,-2.9415995086803943,-0.22080421447753906,-0.22080436879969056,-2.8559274673461914,-2.855927413586114,-2.940528392791748,-2.940528233416454,-5.78318977355957,-5.783189651693877,16.390830993652344,16.39083079521532,ok
587,5.87,-6.0,-5.78318977355957,-2.9415993690490723,-2.9426515102386475,-2.9426515529085635,-0.2168102264404297,-0.21681034830612322,-2.8585290908813477,-2.8585291377657875,-2.9415993690490723,-2.9415995086803943,-5.787111282348633,-5.787111075011697,16.332979202270508,16.332979160871165,ok
588,5.88,-6.0,-5.787111282348633,-2.9426515102386475,-2.9436845779418945,-2.943684707761109,-0.2128887176513672,-0.21288892498830325,-2.861083745956421,-2.8610838048656473,-2.9426515102386475,-2.9426515529085635,-5.790961265563965,-5.7909612396103505,16.275089263916016,16.27508867096266,ok
589,5.89,-6.0,-5.790961265563965,-2.9436845779418945,-2.944699287414551,-2.944699309021507,-0.20903873443603516,-0.20903876038964952,-2.8635921478271484,-2.863592269990323,-2.9436845779418945,-2.943684707761109,-5.794741630554199,-5.794741458258156,16.217159271240234,16.21716003146939,ok
590,5.9,-6.0,-5.794741630554199,-2.944699287414551,-2.945695638656616,-2.9456956866870607,-0.20525836944580078,-0.205258541741844,-2.8660552501678467,-2.866055372491225,-2.944699287414551,-2.944699309021507,-5.798452854156494,-5.798453018581569,16.15919303894043,16.159193935369814,ok
591,5.91,-6.0,-5.798452854156494,-2.945695638656616,-2.946674108505249,-2.9466741650585977,-0.20154714584350586,-0.20154698141843141,-2.868474006652832,-2.8684739362682463,-2.945695638656616,-2.9456956866870607,-5.802097320556641,-5.802097183597245,16.1011905670166,16.101191062889992,ok
592,5.92,-6.0,-5.802097320556641,-2.946674108505249,-2.9476349353790283,-2.9476350628293484,-0.19790267944335938,-0.1979028164027552,-2.8708486557006836,-2.8708487700650793,-2.946674108505249,-2.9466741650585977,-5.805675029754639,-5.805675192230286,16.04315185546875,16.04315208174708,ok
593,5.93,-6.0,-5.805675029754639,-2.9476349353790283,-2.9485788345336914,-2.948578693172965,-0.19432497024536133,-0.19432480776971417,-2.873180627822876,-2.873180667758316,-2.9476349353790283,-2.9476350628293484,-5.809188365936279,-5.809188259819124,15.985077857971191,15.985077647387705,ok
594,5.94,-6.0,-5.809188365936279,-2.9485788345336914,-2.94950532913208,-2.9495053638306663,-0.1908116340637207,-0.19081174018087577,-2.8754703998565674,-2.8754704086404863,-2.9485788345336914,-2.948578693172965,-5.8126373291015625,-5.812637578607521,15.926968574523926,15.926968403221345,ok
595,5.95,-6.0,-5.8126373291015625,-2.94950532913208,-2.9504153728485107,-2.950415377197478,-0.1873626708984375,-0.18736242139247938,-2.877718687057495,-2.877718757697196,-2.94950532913208,-2.9495053638306663,-5.816024303436279,-5.816024318224101,15.86882495880127,15.868824980848876,ok
596,5.96,-6.0,-5.816024303436279,-2.9504153728485107,-2.9513089656829834,-2.9513090304075553,-0.1839756965637207,-0.18397568177589907,-2.8799264430999756,-2.8799264658785066,-2.9504153728485107,-2.950415377197478,-5.819349765777588,-5.819349626149853,15.810647964477539,15.810648000286363,ok
597,5.97,-6.0,-5.819349765777588,-2.9513089656829834,-2.9521865844726562,-2.9521866154185656,-0.1806502342224121,-0.18065037385014726,-2.882094383239746,-2.8820942703647083,-2.9513089656829834,-2.9513090304075553,-5.822614669799805,-5.8226146281739855,15.75243854522705,15.752438070184246,ok
598,5.98,-6.0,-5.822614669799805,-2.9521865844726562,-2.9530484676361084,-2.953048419095114,-0.1773853302001953,-0.17738537182601455,-2.884222984313965,-2.8842228948266206,-2.9521865844726562,-2.9521866154185656,-5.825820446014404,-5.825820428838529,15.694195747375488,15.69419578804201,ok
599,5.99,-6.0,-5.825820446014404,-2.9530484676361084,-2.95389461517334,-2.9538947232912087,-0.1741795539855957,-0.17417957116147065,-2.886312961578369,-2.8863130496805582,-2.9530484676361084,-2.953048419095114,-5.828968048095703,-5.828968111872047,15.635921478271484,15.635921740418489,ok
600,6.0,-6.0,-5.828968048095703,-2.95389461517334,-2.954725742340088,-2.9547258049317393,-0.17103195190429688,-0.17103188812795267,-2.8883655071258545,-2.8883654323380936,-2.95389461517334,-2.9538947232912087,-5.832058906555176,-5.832058740612803,15.577616691589355,15.577616503137854,ok
601,6.01,-6.0,-5.832058906555176,-2.954725742340088,-2.9555418491363525,-2.955541936092972,-0.16794109344482422,-0.16794125938719695,-2.890380620956421,-2.89038072745074,-2.954725742340088,-2.9547258049317393,-5.8350934982299805,-5.835093358421733,15.519280433654785,15.519280641491452,ok
602,6.0200000000000005,-6.0,-5.8350934982299805,-2.9555418491363525,-2.956343412399292,-2.956343384082047,-0.16490650177001953,-0.16490664157826718,-2.892359495162964,-2.8923596071496793,-2.9555418491363525,-2.955541936092972,-5.838072776794434,-5.83807298908553,15.460914611816406,15.460914710435542,ok
603,6.03,-6.0,-5.838072776794434,-2.956343412399292,-2.9571304321289062,-2.9571304115154673,-0.1619272232055664,-0.1619270109144697,-2.8943026065826416,-2.894302731280653,-2.956343412399292,-2.956343384082047,-5.840998649597168,-5.840998637210165,15.402519226074219,15.40251925478506,ok
604,6.04,-6.0,-5.840998649597168,-2.9571304321289062,-2.9579031467437744,-2.957903276396587,-0.15900135040283203,-0.15900136278983457,-2.8962106704711914,-2.896210747634131,-2.9571304321289062,-2.9571304115154673,-5.843871116638184,-5.843871288605125,15.344095230102539,15.34409480940349,ok
605,6.05,-6.0,-5.843871116638184,-2.9579031467437744,-2.958662271499634,-2.958662232192081,-0.1561288833618164,-0.15612871139487527,-2.8980844020843506,-2.8980842921708696,-2.9579031467437744,-2.957903276396587,-5.846692085266113,-5.846691910658664,15.28564167022705,15.285641899388944,ok
606,6.0600000000000005,-6.0,-5.846692085266113,-2.958662271499634,-2.9594075679779053,-2.959407527907404,-0.15330791473388672,-0.1533080893413361,-2.8999240398406982,-2.8999239892429656,-2.958662271499634,-2.958662232192081,-5.849461555480957,-5.849461452704344,15.227161407470703,15.227161040256522,ok
607,6.07,-6.0,-5.849461555480957,-2.9594075679779053,-2.960139274597168,-2.960139408161228,-0.15053844451904297,-0.15053854729565597,-2.901730537414551,-2.9017304518105136,-2.9594075679779053,-2.959407527907404,-5.8521809577941895,-5.852180846379112,15.168652534484863,15.168652738117066,ok
608,6.08,-6.0,-5.8521809577941895,-2.960139274597168,-2.960858106613159,-2.9608581132588685,-0.14781904220581055,-0.1478191536208877,-2.9035043716430664,-2.9035042816539645,-2.960139274597168,-2.960139408161228,-5.854850769042969,-5.854851005973179,15.11011791229248,15.110117489852358,ok
609,6.09,-6.0,-5.854850769042969,-2.960858106613159,-2.961564064025879,-2.9615638792646926,-0.14514923095703125,-0.1451489940268207,-2.9052460193634033,-2.905246069582286,-2.960858106613159,-2.9608581132588685,-5.857472896575928,-5.857472828771935,15.051555633544922,15.05155578328687,ok
610,6.1000000000000005,-6.0,-5.857472896575928,-2.961564064025879,-2.962256908416748,-2.962256938073512,-0.14252710342407227,-0.1425271712280649,-2.906956434249878,-2.906956395637023,-2.961564064025879,-2.9615638792646926,-5.860047340393066,-5.860047195390139,14.992968559265137,14.992968097356128,ok
611,6.11,-6.0,-5.860047340393066,-2.962256908416748,-2.962937355041504,-2.962937517480967,-0.1399526596069336,-0.1399528046098606,-2.9086358547210693,-2.9086358292923413,-2.962256908416748,-2.962256938073512,-5.862575054168701,-5.862574970098605,14.934354782104492,14.934354902271775,ok
612,6.12,-6.0,-5.862575054168701,-2.962937355041504,-2.9636058807373047,-2.963605841252899,-0.13742494583129883,-0.1374250299013946,-2.910284996032715,-2.910284929651158,-2.962937355041504,-2.962937517480967,-5.865056991577148,-5.865057001143591,14.875716209411621,14.875716659683402,ok
613,6.13,-6.0,-5.865056991577148,-2.9636058807373047,-2.964262008666992,-2.9642621291937217,-0.13494300842285156,-0.1349429988564088,-2.9119043350219727,-2.911904245637435,-2.9636058807373047,-2.963605841252899,-5.867494106292725,-5.867494121059112,14.81705379486084,14.817053822837224,ok
614,6.140000000000001,-6.0,-5.867494106292725,-2.964262008666992,-2.964906692504883,-2.9649065972137905,-0.1325058937072754,-0.13250587894088817,-2.913494348526001,-2.913494316184726,-2.964262008666992,-2.9642621291937217,-5.869886875152588,-5.869887146972366,14.758366584777832,14.758366836731664,ok
615,6.15,-6.0,-5.869886875152588,-2.964906692504883,-2.9655394554138184,-2.9655394573957796,-0.1301131248474121,-0.13011285302763387,-2.915055751800537,-2.9150556704210575,-2.964906692504883,-2.9649065972137905,-5.872236728668213,-5.872236880902469,14.69965648651123,14.699656138269914,ok
616,6.16,-6.0,-5.872236728668213,-2.9655394554138184,-2.966161012649536,-2.9661609180600697,-0.1277632713317871,-0.1277631190975308,-2.91658878326416,-2.916588827850228,-2.9655394554138184,-2.9655394573957796,-5.874544143676758,-5.874544110052678,14.640922546386719,14.640922156409552,ok
617,6.17,-6.0,-5.874544143676758,-2.966161012649536,-2.966771125793457,-2.9667711838291564,-0.1254558563232422,-0.1254558899473217,-2.9180943965911865,-2.9180942985295957,-2.966161012649536,-2.9661609180600697,-5.876809597015381,-5.876809607096287,14.582165718078613,14.582165312309252,ok
618,6.18,-6.0,-5.876809597015381,-2.966771125793457,-2.9673705101013184,-2.967370455691081,-0.12319040298461914,-0.12319039290371325,-2.919572591781616,-2.9195725832444404,-2.966771125793457,-2.9667711838291564,-5.879034042358398,-5.879034130456361,14.523386001586914,14.523386019472689,ok
619,6.19,-6.0,-5.879034042358398,-2.9673705101013184,-2.967958927154541,-2.967958931061896,-0.12096595764160156,-0.12096586954363886,-2.9210240840911865,-2.921024173678964,-2.9673705101013184,-2.967370455691081,-5.881218433380127,-5.8812184245794805,14.464584350585938,14.464584683889647,ok
620,6.2,-6.0,-5.881218433380127,-2.967958927154541,-2.968536853790283,-2.968536803847172,-0.11878156661987305,-0.11878157542051948,-2.9224495887756348,-2.9224495525840104,-2.967958927154541,-2.967958931061896,-5.883363246917725,-5.883363220203646,14.40576171875,14.40576170417445,ok
621,6.21,30.0,-5.883363246917725,-2.968536853790283,11.430895805358887,11.43089573549745,35.88336181640625,35.88336322020365,-2.491849184036255,-2.4918491939415666,-2.968536853790283,-2.968536803847172,-5.885469436645508,-5.885469234620502,14.346917152404785,14.34691747170172,ok
622,6.22,30.0,-5.885469436645508,11.430895805358887,11.86233901977539,11.862338499906635,35.885467529296875,35.8854692346205,-2.0612235069274902,-2.0612235631261204,11.430895805358887,11.43089573549745,-4.758273124694824,-4.758273019518938,14.293736457824707,14.293736332636279,ok
623,6.23,30.0,-4.758273124694824,11.86233901977539,11.842085838317871,11.842085644681456,34.75827407836914,34.75827301951894,-1.6441242694854736,-1.644124286891893,11.86233901977539,11.862338499906635,-3.6414406299591064,-3.641440574664575,14.251774787902832,14.251774991420822,ok
624,6.24,30.0,-3.6414406299591064,11.842085838317871,11.81245231628418,11.812451942973937,33.641441345214844,33.64144057466457,-1.240427017211914,-1.2404269999959183,11.842085838317871,11.842085644681456,-2.5699880123138428,-2.5699880079701245,14.22075366973877,14.220753562640839,ok
625,6.25,30.0,-2.5699880123138428,11.81245231628418,11.787568092346191,11.787568203192132,32.56998825073242,32.569988007970124,-0.8495871424674988,-0.8495871439002769,11.81245231628418,11.812451942973937,-1.5428714752197266,-1.5428716054653364,14.200223922729492,14.20022350087412,ok
626,6.26,30.0,-1.5428714752197266,11.787568092346191,11.767561912536621,11.76756149828586,31.542871475219727,31.542871605465336,-0.4710726737976074,-0.4710726846346929,11.787568092346191,11.787568203192132,-0.5579803586006165,-0.5579804239442723,14.189751625061035,14.189752069557697,ok
627,6.2700000000000005,30.0,-0.5579803586006165,11.767561912536621,11.752119064331055,11.752119484943016,30.557979583740234,30.557980423944272,-0.1043769121170044,-0.10437691954736161,11.767561912536621,11.76756149828586,0.3867237865924835,0.38672367373523997,14.18892765045166,14.188927275103536,ok
628,6.28,30.0,0.3867237865924835,11.752119064331055,11.740933418273926,11.740933610958544,29.6132755279541,29.61327632626476,0.250982403755188,0.2509823963678155,11.752119064331055,11.752119484943016,1.2931745052337646,1.2931744139020616,14.197357177734375,14.197356979760691,ok
629,6.29,30.0,1.2931745052337646,11.740933418273926,11.733712196350098,11.733712630806991,28.706825256347656,28.70682558609794,0.595464289188385,0.5954643034009908,11.740933418273926,11.740933610958544,2.163205623626709,2.1632055033811426,14.214668273925781,14.214667879610092,ok
630,6.3,30.0,2.163205623626709,11.733712196350098,11.730181694030762,11.730182102048534,27.836793899536133,27.836794496618857,0.9295058250427246,0.929505837360417,11.733712196350098,11.733712630806991,2.998555898666382,2.9985559085236098,14.240504264831543,14.240504530940614,ok
631,6.3100000000000005,30.0,2.998555898666382,11.730181694030762,11.730083465576172,11.730083473950973,27.00144386291504,27.00144409147639,1.2535231113433838,1.2535231664581337,11.730181694030762,11.730182102048534,3.800874948501587,3.800874887750691,14.274528503417969,14.274528428174815,ok
632,6.32,30.0,3.800874948501587,11.730083465576172,11.733173370361328,11.733173211357858,26.199125289916992,26.19912511224931,1.5679126977920532,1.5679126678051254,11.730083465576172,11.730083473950973,4.5717267990112305,4.571726755297501,14.31641674041748,14.316417130767132,ok
633,6.33,30.0,4.5717267990112305,11.733173370361328,11.739221572875977,11.739221965686125,25.428272247314453,25.4282732447025,1.8730520009994507,1.8730519467415554,11.733173370361328,11.733173211357858,5.312595367431641,5.312595389460515,14.365863800048828,14.365863436453536,ok
634,6.34,30.0,5.312595367431641,11.739221572875977,11.748013496398926,11.74801379095735,24.68740463256836,24.687404610539485,2.1693007946014404,2.169300802068029,11.739221572875977,11.739221965686125,6.024888515472412,6.0248884990628255,14.422574996948242,14.42257459836668,ok
635,6.3500000000000005,30.0,6.024888515472412,11.748013496398926,11.759345054626465,11.7593454024429,23.97511100769043,23.975111500937174,2.4570021629333496,2.4570021400792754,11.748013496398926,11.74801379095735,6.709941387176514,6.709941661149212,14.486271858215332,14.486271583664228,ok
636,6.36,30.0,6.709941387176514,11.759345054626465,11.773025512695312,11.77302547561959,23.290058135986328,23.290058338850788,2.736482858657837,2.736482840145485,11.759345054626465,11.7593454024429,7.369021892547607,7.369022142223031,14.55668830871582,14.556688371444631,ok
637,6.37,30.0,7.369021892547607,11.773025512695312,11.788873672485352,11.788873983256272,22.630977630615234,22.63097785777697,3.008054494857788,3.0080545744388085,11.773025512695312,11.77302547561959,8.003332138061523,8.003332514673579,14.63357162475586,14.633571287844385,ok
638,6.38,30.0,8.003332138061523,11.788873672485352,11.806721687316895,11.806721568569378,21.996667861938477,21.99666748532642,3.272014617919922,3.2720145842627257,11.788873672485352,11.788873983256272,8.614013671875,8.61401407941491,14.716678619384766,14.716678376324179,ok
639,6.390000000000001,30.0,8.614013671875,11.806721687316895,11.826409339904785,11.826408952496763,21.385986328125,21.385985920585092,3.528646469116211,3.5286464153097468,11.806721687316895,11.806721568569378,9.202150344848633,9.202150105163202,14.805778503417969,14.805778801258494,ok
640,6.4,30.0,9.202150344848633,11.826409339904785,11.847785949707031,11.847786373244467,20.797849655151367,20.797849894836798,3.7782206535339355,3.7782206140477883,11.826409339904785,11.826408952496763,9.768769264221191,9.768768894218013,14.900651931762695,14.900652283044726,ok
641,6.41,30.0,9.768769264221191,11.847785949707031,11.870713233947754,11.870713056360582,20.231231689453125,20.231231105781987,4.020995616912842,4.020995387317172,11.847785949707031,11.847786373244467,10.314846992492676,10.314846684081141,15.00108814239502,15.001088563043835,ok
642,6.42,30.0,10.314846992492676,11.870713233947754,11.89505672454834,11.895056713684717,19.68515396118164,19.68515331591886,4.2572174072265625,4.257217227108199,11.870713233947754,11.870713056360582,10.841310501098633,10.841310393743997,15.106886863708496,15.106886896755332,ok
643,6.43,30.0,10.841310501098633,11.89505672454834,11.920693397521973,11.9206930696106,19.158689498901367,19.158689606256004,4.48712158203125,4.487121502383271,11.89505672454834,11.895056713684717,11.349040031433105,11.34904022299855,15.217855453491211,15.21785557371539,ok
644,6.44,30.0,11.349040031433105,11.920693397521973,11.947505950927734,11.947505413183851,18.650959014892578,18.65095977700145,4.710933208465576,4.710933019707289,11.920693397521973,11.9206930696106,11.838871955871582,11.838872112676825,15.33381175994873,15.333811462688033,ok
645,6.45,30.0,11.838871955871582,11.947505950927734,11.975384712219238,11.97538417463656,18.161128997802734,18.161127887323175,4.928866386413574,4.928866554355167,11.947505950927734,11.947505413183851,12.311599731445312,12.311600073298033,15.45457935333252,15.454579580796407,ok
646,6.46,30.0,12.311599731445312,11.975384712219238,12.0,12.0,17.688400268554688,17.68839992670197,5.140958309173584,5.140958292474153,11.975384712219238,11.97538417463656,12.76797866821289,12.767978389199504,15.579992294311523,15.579992685313771,ok
647,6.47,30.0,12.76797866821289,12.0,12.0,12.0,17.23202133178711,17.232021610800494,5.346391677856445,5.346391874331984,12.0,12.0,13.208392143249512,13.208392256012218,15.70988941192627,15.709889218610593,ok
648,6.48,30.0,13.208392143249512,12.0,12.0,12.0,16.791606903076172,16.791607743987782,5.545369625091553,5.545369768382754,12.0,12.0,13.631537437438965,13.631537248102111,15.84410285949707,15.84410297058812,ok
649,6.49,30.0,13.631537437438965,12.0,12.0,12.0,16.36846160888672,16.368462751897887,5.738080978393555,5.738081126639853,12.0,12.0,14.038090705871582,14.038090487732275,15.982464790344238,15.982464660680579,ok
650,6.5,30.0,14.038090705871582,12.0,12.0,12.0,15.961909294128418,15.961909512267725,5.924710273742676,5.924710243525188,12.0,12.0,14.428702354431152,14.428702546822098,16.12481117248535,16.124811645908125,ok
651,6.51,30.0,14.428702354431152,12.0,12.0,12.0,15.571297645568848,15.571297453177902,6.1054368019104,6.105436643971468,12.0,12.0,14.803998947143555,14.803998488001145,16.27098846435547,16.27098766061336,ok
652,6.5200000000000005,30.0,14.803998947143555,12.0,12.0,12.0,15.196001052856445,15.196001511998855,6.280435085296631,6.280435172164615,12.0,12.0,15.164578437805176,15.164578864842705,16.42084312438965,16.42084256640297,ok
653,6.53,30.0,15.164578437805176,12.0,12.0,12.0,14.835421562194824,14.835421135157295,6.449876308441162,6.4498760807374005,12.0,12.0,15.51102066040039,15.51102068287764,16.57423210144043,16.574232111894236,ok
654,6.54,30.0,15.51102066040039,12.0,12.0,12.0,14.48897933959961,14.48897931712236,6.613924980163574,6.613925120239415,12.0,12.0,15.843878746032715,15.843878322926335,16.73101806640625,16.73101770188206,ok
655,6.55,30.0,15.843878746032715,12.0,12.0,12.0,14.156121253967285,14.156121677073665,6.7727437019348145,6.7727436287215435,12.0,12.0,16.163684844970703,16.163684428226286,16.89106559753418,16.89106617555707,ok
656,6.5600000000000005,30.0,16.163684844970703,12.0,12.0,12.0,13.836315155029297,13.836315571773714,6.926488399505615,6.9264886212855865,12.0,12.0,16.470951080322266,16.47095075677492,17.054248809814453,17.05424959341991,ok
657,6.57,30.0,16.470951080322266,12.0,12.0,12.0,13.529048919677734,13.529049243225082,7.075313091278076,7.075312879461263,12.0,12.0,16.76616859436035,16.76616900025155,17.22044563293457,17.220445032550753,ok
658,6.58,30.0,16.76616859436035,12.0,12.0,12.0,13.233831405639648,13.233830999748449,7.219365119934082,7.219365040283819,12.0,12.0,17.04981231689453,17.049811570829,17.38953399658203,17.38953438990639,ok
659,6.59,30.0,17.04981231689453,12.0,12.0,12.0,12.950187683105469,12.950188429171,7.358789920806885,7.358789684955783,12.0,12.0,17.32233238220215,17.322332357133828,17.561403274536133,17.561404193330183,ok
660,6.6000000000000005,30.0,17.32233238220215,12.0,12.0,12.0,12.677667617797852,12.677667642866172,7.493727207183838,7.493727426986086,12.0,12.0,17.58416748046875,17.584167450564994,17.735944747924805,17.73594541997239,ok
661,6.61,30.0,17.58416748046875,12.0,12.0,12.0,12.41583251953125,12.415832549435006,7.624314785003662,7.624314999708903,12.0,12.0,17.835735321044922,17.835735843133122,17.913053512573242,17.913053321830354,ok
662,6.62,30.0,17.835735321044922,12.0,12.0,12.0,12.164264678955078,12.164264156866878,7.750685214996338,7.75068534309308,12.0,12.0,18.07744026184082,18.077440097937103,18.092626571655273,18.092627258129358,ok
663,6.63,30.0,18.07744026184082,12.0,12.0,12.0,11.92255973815918,11.922559902062897,7.872967720031738,7.872967689761105,12.0,12.0,18.309667587280273,18.30966699335095,18.27457046508789,18.274570534275895,ok
664,6.640000000000001,30.0,18.309667587280273,12.0,12.0,12.0,11.690332412719727,11.690333006649048,7.991287708282471,7.991287650144065,12.0,12.0,18.532787322998047,18.53278814195171,18.458789825439453,18.458790247125705,ok
665,6.65,30.0,18.532787322998047,12.0,12.0,12.0,11.467212677001953,11.467211858048291,8.105767250061035,8.105767296706109,12.0,12.0,18.747159957885742,18.747160585178854,18.64519691467285,18.645197136318917,ok
666,6.66,30.0,18.747159957885742,12.0,12.0,12.0,11.252840042114258,11.252839414821146,8.216525077819824,8.21652524717858,12.0,12.0,18.953126907348633,18.953127364676774,18.83370590209961,18.833705441444437,ok
667,6.67,30.0,18.953126907348633,12.0,12.0,12.0,11.046873092651367,11.046872635323226,8.323677062988281,8.323676746750145,12.0,12.0,19.151018142700195,19.151018071234592,19.024232864379883,19.02423276480498,ok
668,6.68,30.0,19.151018142700195,12.0,12.0,12.0,10.848981857299805,10.848981928765408,8.42733383178711,8.427333749165077,12.0,12.0,19.341150283813477,19.341149372201734,19.216699600219727,19.216699939563195,ok
669,6.69,30.0,19.341150283813477,12.0,12.0,12.0,10.658849716186523,10.658850627798266,8.527605056762695,8.52760499668728,12.0,12.0,19.52382469177246,19.523825518223255,19.41103172302246,19.411030903057814,ok
670,6.7,30.0,19.52382469177246,12.0,12.0,12.0,10.476175308227539,10.476174481776745,8.624595642089844,8.624596098892683,12.0,12.0,19.699338912963867,19.69933883010578,19.607152938842773,19.60715257508718,ok
671,6.71,30.0,19.699338912963867,12.0,12.0,12.0,10.300661087036133,10.30066116989422,8.718409538269043,8.718409610257398,12.0,12.0,19.867969512939453,19.86797016659316,19.804994583129883,19.804994740965334,ok
672,6.72,30.0,19.867969512939453,12.0,12.0,12.0,10.132030487060547,10.13202983340684,8.809144973754883,8.809145106513474,12.0,12.0,20.02998924255371,20.029989373800376,20.00448989868164,20.00448993916353,ok
673,6.73,30.0,20.02998924255371,12.0,12.0,12.0,9.970010757446289,9.970010626199624,8.896899223327637,8.896899259748137,12.0,12.0,20.18565559387207,20.1856557170249,20.20557403564453,20.205573353357398,ok
674,6.74,30.0,20.18565559387207,12.0,12.0,12.0,9.81434440612793,9.8143442829751,8.981765747070312,8.981765912226312,12.0,12.0,20.33521842956543,20.335218295626483,20.40818214416504,20.408182708707,ok
675,6.75,30.0,20.33521842956543,12.0,12.0,12.0,9.66478157043457,9.664781704373517,9.063836097717285,9.063836148919766,12.0,12.0,20.47891616821289,20.478916441639274,20.612258911132812,20.6122581722038,ok
676,6.76,30.0,20.47891616821289,12.0,12.0,12.0,9.52108383178711,9.521083558360726,9.143198013305664,9.143198368729532,12.0,12.0,20.616979598999023,20.616980102754134,20.81774139404297,20.817742256925083,ok
677,6.7700000000000005,30.0,20.616979598999023,12.0,12.0,12.0,9.383020401000977,9.383019897245866,9.219938278198242,9.219938354391369,12.0,12.0,20.749629974365234,20.749630210283996,21.024580001831055,21.024579730042618,ok
678,6.78,30.0,20.749629974365234,12.0,12.0,12.0,9.250370025634766,9.250369789716004,9.29413890838623,9.29413934105685,12.0,12.0,20.877079010009766,20.877079032701104,21.232717514038086,21.23271752443834,ok
679,6.79,30.0,20.877079010009766,12.0,12.0,12.0,9.122920989990234,9.122920967298896,9.36588191986084,9.365882083545381,12.0,12.0,20.999530792236328,20.999530515311864,21.44210433959961,21.44210465378565,ok
680,6.8,30.0,20.999530792236328,12.0,12.0,12.0,9.000469207763672,9.000469484688136,9.4352445602417,9.435244922264815,12.0,12.0,21.11717987060547,21.117180606612827,21.652692794799805,21.652692130960407,ok
681,6.8100000000000005,30.0,21.11717987060547,12.0,12.0,12.0,8.882820129394531,8.882819393387173,9.502304077148438,9.502303847800674,12.0,12.0,21.23021697998047,21.230217571850098,21.86443328857422,21.864432889651088,ok
682,6.82,30.0,21.23021697998047,12.0,12.0,12.0,8.769783020019531,8.769782428149902,9.567132949829102,9.567132564176047,12.0,12.0,21.338821411132812,21.338822294283894,22.077281951904297,22.077281709042637,ok
683,6.83,30.0,21.338821411132812,12.0,12.0,12.0,8.661178588867188,8.661177705716106,9.629802703857422,9.62980255078614,12.0,12.0,21.44316864013672,21.443168564640356,22.291194915771484,22.29119514145352,ok
684,6.84,30.0,21.44316864013672,12.0,12.0,12.0,8.556831359863281,8.556831435359644,9.690382957458496,9.690383123013257,12.0,12.0,21.54342269897461,21.54342335921378,22.506132125854492,22.506131442810165,ok
685,6.8500000000000005,30.0,21.54342269897461,12.0,12.0,12.0,8.45657730102539,8.45657664078622,9.748941421508789,9.748941491529582,12.0,12.0,21.639747619628906,21.63974710706431,22.722049713134766,22.72205050584753,ok
686,6.86,30.0,21.639747619628906,12.0,12.0,12.0,8.360252380371094,8.36025289293569,9.805542945861816,9.805542820296655,12.0,12.0,21.7322940826416,21.732293946738668,22.938913345336914,22.93891379592894,ok
687,6.87,30.0,21.7322940826416,12.0,12.0,12.0,8.267705917358398,8.267706053261332,9.860250473022461,9.860250283271743,12.0,12.0,21.821212768554688,21.821211972924715,23.15668487548828,23.156684289382426,ok
688,6.88,30.0,21.821212768554688,12.0,12.0,12.0,8.178787231445312,8.178788027075285,9.913125038146973,9.913125119832571,12.0,12.0,21.90664291381836,21.906643473434542,23.37532615661621,23.375326414254967,ok
689,6.890000000000001,30.0,21.90664291381836,12.0,12.0,12.0,8.09335708618164,8.093356526565458,9.964226722717285,9.964226688933007,12.0,12.0,21.988725662231445,21.98872515689532,23.594806671142578,23.594805993389773,ok
690,6.9,30.0,21.988725662231445,12.0,12.0,12.0,8.011274337768555,8.01127484310468,10.013612747192383,10.013612522003267,12.0,12.0,22.067588806152344,22.06758837151228,23.81509017944336,23.815090189735532,ok
691,6.91,30.0,22.067588806152344,12.0,12.0,12.0,7.932411193847656,7.932411628487721,10.061338424682617,10.061338374609186,12.0,12.0,22.143360137939453,22.143359315253857,24.036148071289062,24.036147453800137,ok
692,6.92,30.0,22.143360137939453,12.0,12.0,12.0,7.856639862060547,7.856640684746143,10.107458114624023,10.107458276885835,12.0,12.0,22.21615982055664,22.216159237795367,24.25794792175293,24.25794747316476,ok
693,6.93,30.0,22.21615982055664,12.0,12.0,12.0,7.783840179443359,7.783840762204633,10.152024269104004,10.152024582761582,12.0,12.0,22.286104202270508,22.28610463454436,24.48046112060547,24.48046112397751,ok
694,6.94,30.0,22.286104202270508,12.0,12.0,12.0,7.713895797729492,7.713895365455642,10.195088386535645,10.195088017989297,12.0,12.0,22.353307723999023,22.35330743305811,24.70366096496582,24.70366042434907,ok
695,6.95,30.0,22.353307723999023,12.0,12.0,12.0,7.646692276000977,7.646692566941891,10.236698150634766,10.236697727001957,12.0,12.0,22.417875289916992,22.4178751721516,24.927518844604492,24.927518489575696,ok
696,6.96,30.0,22.417875289916992,12.0,12.0,12.0,7.582124710083008,7.5821248278484,10.276901245117188,10.276901318610484,12.0,12.0,22.47991180419922,22.47991117398257,25.152009963989258,25.15200948911795,ok
697,6.97,30.0,22.47991180419922,12.0,12.0,12.0,7.520088195800781,7.520088826017432,10.31574535369873,10.315744910561996,12.0,12.0,22.539514541625977,22.539514709389,25.37710952758789,25.377108605266343,ok
698,6.98,30.0,22.539514541625977,12.0,12.0,12.0,7.460485458374023,7.460485290611,10.353273391723633,10.353273172977072,12.0,12.0,22.59678077697754,22.59678115674364,25.602792739868164,25.602791993427683,ok
699,6.99,30.0,22.59678077697754,12.0,12.0,12.0,7.403219223022461,7.4032188432563615,10.38952922821045,10.389529370684963,12.0,12.0,22.65180206298828,22.651802154579748,25.829036712646484,25.829036743968654,ok
700,7.0,30.0,22.65180206298828,12.0,12.0,12.0,7.348197937011719,7.348197845420252,10.424555778503418,10.424555404475884,12.0,12.0,22.704666137695312,22.704665748232305,26.05582046508789,26.055820845555512,ok
701,7.01,30.0,22.704666137695312,12.0,12.0,12.0,7.2953338623046875,7.295334251767695,10.458392143249512,10.458391851289777,12.0,12.0,22.755456924438477,22.755456530729322,26.283123016357422,26.283123149931257,ok
702,7.0200000000000005,30.0,22.755456924438477,12.0,12.0,12.0,7.244543075561523,7.244543469270678,10.49107837677002,10.491078003361103,12.0,12.0,22.804256439208984,22.80425577815874,26.510923385620117,26.5109233380739,ok
703,7.03,30.0,22.804256439208984,12.0,12.0,12.0,7.195743560791016,7.1957442218412595,10.522651672363281,10.522651906339295,12.0,12.0,22.85114097595215,22.851141579727503,26.73920249938965,26.73920188768171,ok
704,7.04,30.0,22.85114097595215,12.0,12.0,12.0,7.148859024047852,7.1488584202724965,10.553150177001953,10.553150396404632,12.0,12.0,22.896188735961914,22.896188962720963,26.967939376831055,26.967940041933343,ok
705,7.05,30.0,22.896188735961914,12.0,12.0,12.0,7.103811264038086,7.103811037279037,10.582609176635742,10.58260913639933,12.0,12.0,22.939470291137695,22.93947001256253,27.197120666503906,27.19711977947295,ok
706,7.0600000000000005,30.0,22.939470291137695,12.0,12.0,12.0,7.060529708862305,7.060529987437469,10.611063003540039,10.611062650993606,12.0,12.0,22.981054306030273,22.981053988165733,27.42672348022461,27.426723785572147,ok
707,7.07,30.0,22.981054306030273,12.0,12.0,12.0,7.018945693969727,7.018946011834267,10.638544082641602,10.638544360906526,12.0,12.0,23.021007537841797,23.02100743276326,27.656736373901367,27.656735424422763,ok
708,7.08,30.0,23.021007537841797,12.0,12.0,12.0,6.978992462158203,6.978992567236741,10.66508674621582,10.665086616201316,12.0,12.0,23.05939483642578,23.05939428039032,27.88713836669922,27.887138712515995,ok
709,7.09,30.0,23.05939483642578,12.0,12.0,12.0,6.940605163574219,6.940605719609682,10.690720558166504,10.690720728674826,12.0,12.0,23.096275329589844,23.096275958192745,28.117918014526367,28.117918293065387,ok
710,7.1000000000000005,30.0,23.096275329589844,12.0,12.0,12.0,6.903724670410156,6.903724041807255,10.715476989746094,10.715477003360604,12.0,12.0,23.131711959838867,23.131711484723535,28.34906005859375,28.349059411432687,ok
711,7.11,30.0,23.131711959838867,12.0,12.0,12.0,6.868288040161133,6.868288515276465,10.739384651184082,10.739384769165074,12.0,12.0,23.16575813293457,23.16575756438512,28.580547332763672,28.580547891517288,ok
712,7.12,30.0,23.16575813293457,12.0,12.0,12.0,6.83424186706543,6.834242435614879,10.762472152709961,10.762472408656011,12.0,12.0,23.198469161987305,23.198468678168513,28.81237030029297,28.812370113071438,ok
713,7.13,30.0,23.198469161987305,12.0,12.0,12.0,6.801530838012695,6.801531321831487,10.784767150878906,10.784767387022445,12.0,12.0,23.229896545410156,23.229897170834505,29.044513702392578,29.044512989904938,ok
714,7.140000000000001,30.0,23.229896545410156,12.0,12.0,12.0,6.770103454589844,6.770102829165495,10.806296348571777,10.806296280224885,12.0,12.0,23.260093688964844,23.260093334676466,29.27696418762207,29.276963948944445,ok
715,7.15,30.0,23.260093688964844,12.0,12.0,12.0,6.739906311035156,6.739906665323534,10.8270845413208,10.827084802354594,12.0,12.0,23.289106369018555,23.289105489998736,29.50971031188965,29.509710910113878,ok
716,7.16,30.0,23.289106369018555,12.0,12.0,12.0,6.710893630981445,6.710894510001264,10.84715747833252,10.847157832220406,12.0,12.0,23.316980361938477,23.31698006243942,29.74274253845215,29.742742267003706,ok
717,7.17,30.0,23.316980361938477,12.0,12.0,12.0,6.683019638061523,6.68301993756058,10.866539001464844,10.866539439181347,12.0,12.0,23.343761444091797,23.343761657261314,29.97604751586914,29.97604686829823,ok
718,7.18,30.0,23.343761444091797,12.0,12.0,12.0,6.656238555908203,6.6562383427386855,10.885252952575684,10.885252908243139,12.0,12.0,23.36949348449707,23.369493130729847,30.209613800048828,30.209613999931094,ok
719,7.19,30.0,23.36949348449707,12.0,12.0,12.0,6.63050651550293,6.630506869270153,10.9033203125,10.903320764436334,12.0,12.0,23.394216537475586,23.394215658692243,30.44343376159668,30.443433367940493,ok
720,7.2,30.0,23.394216537475586,12.0,12.0,12.0,6.605783462524414,6.605784341307757,10.920764923095703,10.920764796493648,12.0,12.0,23.41796875,23.417968802467662,30.6774959564209,30.677495081996636,ok
721,7.21,0.0,23.41796875,12.0,1.5535773038864136,1.5535772755065835,-23.41796875,-23.417968802467662,10.639749526977539,10.639749170864036,12.0,12.0,23.4407901763916,23.44079057215375,30.911788940429688,30.91178963957511,ok
722,7.22,0.0,23.4407901763916,1.5535773038864136,1.2634330987930298,1.2634329420025345,-23.4407901763916,-23.44079057215375,10.35845947265625,10.358459683998191,1.5535773038864136,1.5535772755065835,22.643497467041016,22.643497299692307,31.14218521118164,31.142184503200603,ok
723,7.23,0.0,22.643497467041016,1.2634330987930298,1.301060676574707,1.301060764121269,-22.643497467041016,-22.643497299692307,10.086737632751465,10.086737716401883,1.2634330987930298,1.2634329420025345,21.854713439941406,21.854712899517214,31.364648818969727,31.364649262084427,ok
724,7.24,0.0,21.854713439941406,1.301060676574707,1.344852328300476,1.3448525565949971,-21.854713439941406,-21.854712899517214,9.824481010437012,9.824481161607677,1.301060676574707,1.301060764121269,21.099807739257812,21.09980799407839,31.579397201538086,31.57939670372656,ok
725,7.25,0.0,21.099807739257812,1.344852328300476,1.384558081626892,1.3845579639763201,-21.099807739257812,-21.09980799407839,9.571283340454102,9.571283465678736,1.344852328300476,1.3448525565949971,20.37793731689453,20.377937534855324,31.786762237548828,31.786761369664227,ok
726,7.26,0.0,20.37793731689453,1.384558081626892,1.4201085567474365,1.4201084517366063,-20.37793731689453,-20.377937534855324,9.32674789428711,9.326748215260471,1.384558081626892,1.3845579639763201,19.68748664855957,19.68748576378198,31.9870662689209,31.98706547171209,ok
727,7.2700000000000005,0.0,19.68748664855957,1.4201085567474365,1.4517536163330078,1.451753909747679,-19.68748664855957,-19.68748576378198,9.090497970581055,9.090498386095087,1.4201085567474365,1.4201084517366063,19.02689552307129,19.02689490301767,32.18061447143555,32.180615355937896,ok
728,7.28,0.0,19.02689552307129,1.4517536163330078,1.4797401428222656,1.4797404248880186,-19.02689552307129,-19.02689490301767,8.862175941467285,8.862175647258875,1.4517536163330078,1.451753909747679,18.39468765258789,18.39468785270857,32.36770248413086,32.36770219671012,ok
729,7.29,0.0,18.39468765258789,1.4797401428222656,1.504300594329834,1.5043005061754453,-18.39468765258789,-18.39468785270857,8.641439437866211,8.641439393026372,1.4797401428222656,1.4797404248880186,17.789464950561523,17.789464729323598,32.54860305786133,32.548602786054126,ok
730,7.3,0.0,17.789464950561523,1.504300594329834,1.52565336227417,1.525653501296933,-17.789464950561523,-17.789464729323598,8.427966117858887,8.42796581627449,1.504300594329834,1.5043005061754453,17.209897994995117,17.20989877316802,32.72357940673828,32.723580285216535,ok
731,7.3100000000000005,0.0,17.209897994995117,1.52565336227417,1.544006586074829,1.5440063070072814,-17.209897994995117,-17.20989877316802,8.221446990966797,8.221447030996474,1.52565336227417,1.525653501296933,16.65473175048828,16.654732449030504,32.89288330078125,32.89288493627685,ok
732,7.32,0.0,16.65473175048828,1.544006586074829,1.5595543384552002,1.5595540513842723,-16.65473175048828,-16.654732449030504,8.021590232849121,8.021590241608108,1.544006586074829,1.5440063070072814,16.122774124145508,16.122773755436228,33.05675506591797,33.05675473581557,ok
733,7.33,0.0,16.122774124145508,1.5595543384552002,1.57248055934906,1.5724807394336162,-16.122774124145508,-16.122773755436228,7.8281168937683105,7.828116956542873,1.5595543384552002,1.5595540513842723,15.612893104553223,15.612892732119457,33.215415954589844,33.21541607267245,ok
734,7.34,0.0,15.612893104553223,1.57248055934906,1.582959771156311,1.5829598636950895,-15.612893104553223,-15.612892732119457,7.6407623291015625,7.64076224375744,1.57248055934906,1.5724807394336162,15.124017715454102,15.124018155069159,33.369083404541016,33.36908433172369,ok
735,7.3500000000000005,0.0,15.124017715454102,1.582959771156311,1.5911551713943481,1.591154981729776,-15.124017715454102,-15.124018155069159,7.459273815155029,7.45927402589661,1.582959771156311,1.5829598636950895,14.655134201049805,14.655134409048143,33.51796340942383,33.51796446550285,ok
736,7.36,0.0,14.655134201049805,1.5911551713943481,1.5972203016281128,1.597220262277352,-14.655134201049805,-14.655134409048143,7.283412456512451,7.283412412988032,1.5911551713943481,1.591154981729776,14.205278396606445,14.205278528029678,33.66225051879883,33.66225153539206,ok
737,7.37,0.0,14.205278396606445,1.5972203016281128,1.6013010740280151,1.6013010017761609,-14.205278396606445,-14.205278528029678,7.112948894500732,7.112949070651676,1.5972203016281128,1.597220262277352,13.773537635803223,13.77353739451051,33.80213165283203,33.8021312240174,ok
738,7.38,0.0,13.773537635803223,1.6013010740280151,1.6035339832305908,1.6035341128474716,-13.773537635803223,-13.77353739451051,6.947666645050049,6.94766662191755,1.6013010740280151,1.6013010017761609,13.359045028686523,13.359045089146484,33.93777847290039,33.937780320393934,ok
739,7.390000000000001,0.0,13.359045028686523,1.6035339832305908,1.6040486097335815,1.6040485862589566,-13.359045028686523,-13.359045089146484,6.787358283996582,6.787358080847793,1.6035339832305908,1.6035341128474716,12.960980415344238,12.96098038261791,34.069366455078125,34.06936717928303,ok
740,7.4,0.0,12.960980415344238,1.6040486097335815,1.6029659509658813,1.6029659278006285,-12.960980415344238,-12.96098038261791,6.631826400756836,6.631826316256378,1.6040486097335815,1.6040485862589566,12.578564643859863,12.578564362067999,34.197052001953125,34.19705215614569,ok
741,7.41,0.0,12.578564643859863,1.6029659509658813,1.600400447845459,1.6004005714291782,-12.578564643859863,-12.578564362067999,6.480883598327637,6.4808835439115615,1.6029659509658813,1.6029659278006285,12.211058616638184,12.211058184870272,34.320987701416016,34.320988019001135,ok
742,7.42,0.0,12.211058616638184,1.600400447845459,1.5964601039886475,1.596460269963453,-12.211058616638184,-12.211058184870272,6.334351062774658,6.334350845693118,1.600400447845459,1.6004005714291782,11.85776138305664,11.857760952871255,34.44131851196289,34.44132033842947,ok
743,7.43,0.0,11.85776138305664,1.5964601039886475,1.591246247291565,1.591246464544616,-11.85776138305664,-11.857760952871255,6.1920576095581055,6.192057714258663,1.5964601039886475,1.596460269963453,11.518007278442383,11.518007700624091,34.558189392089844,34.558187856890534,ok
744,7.44,0.0,11.518007278442383,1.591246247291565,1.5848548412322998,1.5848546340090266,-11.518007278442383,-11.518007700624091,6.053841590881348,6.053841621851174,1.591246247291565,1.591246464544616,11.191167831420898,11.191167491478115,34.671722412109375,34.67172283846792,ok
745,7.45,0.0,11.191167831420898,1.5848548412322998,1.5773744583129883,1.577374625259928,-11.191167831420898,-11.191167491478115,5.9195475578308105,5.919547611953437,1.5848548412322998,1.5848546340090266,10.876641273498535,10.876641615720036,34.78205108642578,34.782051400087624,ok
746,7.46,0.0,10.876641273498535,1.5773744583129883,1.5688910484313965,1.568890965665422,-10.876641273498535,-10.876641615720036,5.789027690887451,5.789027912564796,1.5773744583129883,1.577374625259928,10.573862075805664,10.573861885275143,34.8892936706543,34.88929382520404,ok
747,7.47,0.0,10.573862075805664,1.5688910484313965,1.5594830513000488,1.5594831584547384,-10.573862075805664,-10.573861885275143,5.662141799926758,5.662141569941494,1.5688910484313965,1.568890965665422,10.282288551330566,10.28228901977282,34.99356460571289,34.99356486089293,ok
748,7.48,0.0,10.282288551330566,1.5594830513000488,1.54922616481781,1.5492259620323656,-10.282288551330566,-10.28228901977282,5.538753986358643,5.53875410170422,1.5594830513000488,1.5594831584547384,10.001411437988281,10.001411119060652,35.094974517822266,35.09497399924007,ok
749,7.49,0.0,10.001411437988281,1.54922616481781,1.5381895303726196,1.5381896540799591,-10.001411437988281,-10.001411119060652,5.418737411499023,5.418737168275492,1.54922616481781,1.5492259620323656,9.730742454528809,9.730742217516234,35.193626403808594,35.19362574386682,ok
750,7.5,0.0,9.730742454528809,1.5381895303726196,1.526440143585205,1.5264402812689988,-9.730742454528809,-9.730742217516234,5.301968097686768,5.301968261665298,1.5381895303726196,1.5381896540799591,9.469820976257324,9.469820915756394,35.28961944580078,35.28961986238838,ok
751,7.51,0.0,9.469820976257324,1.526440143585205,1.5140398740768433,1.5140398953627403,-9.469820976257324,-9.469820915756394,5.18833065032959,5.188330410676222,1.526440143585205,1.5264402812689988,9.218209266662598,9.218209085580611,35.383052825927734,35.383051625557705,ok
752,7.5200000000000005,0.0,9.218209266662598,1.5140398740768433,1.5010466575622559,1.5010467764439772,-9.218209266662598,-9.218209085580611,5.077712059020996,5.077711901649255,1.5140398740768433,1.5140398953627403,8.97549057006836,8.975490644209707,35.4740104675293,35.47401203380768,ok
753,7.53,0.0,8.97549057006836,1.5010466575622559,1.4875156879425049,1.4875156439653718,-8.97549057006836,-8.975490644209707,4.970005989074707,4.970006013918738,1.5010466575622559,1.5010467764439772,8.741270065307617,8.7412703940931,35.56258773803711,35.562588031865715,ok
754,7.54,0.0,8.741270065307617,1.4875156879425049,1.473497986793518,1.4734978562814978,-8.741270065307617,-8.7412703940931,4.865110874176025,4.865110769189621,1.4875156879425049,1.4875156439653718,8.515172958374023,8.515172924758666,35.648860931396484,35.64886271207863,ok
755,7.55,0.0,8.515172958374023,1.473497986793518,1.4590415954589844,1.4590415992861545,-8.515172958374023,-8.515172924758666,4.762928485870361,4.762928694092517,1.473497986793518,1.4734978562814978,8.296841621398926,8.296841573369221,35.732913970947266,35.73291550705162,ok
756,7.5600000000000005,0.0,8.296841621398926,1.4590415954589844,1.4441920518875122,1.4441920647448288,-8.296841621398926,-8.296841573369221,4.663366794586182,4.663366595212087,1.4590415954589844,1.4590415992861545,8.0859375,8.085937440829294,35.814823150634766,35.81482237217232,ok
757,7.57,0.0,8.0859375,1.4441920518875122,1.4289915561676025,1.4289916188803686,-8.0859375,-8.085937440829294,4.566335201263428,4.566335345922135,1.4441920518875122,1.4441920647448288,7.882138252258301,7.882138460455967,35.894657135009766,35.894655958560556,ok
758,7.58,0.0,7.882138252258301,1.4289915561676025,1.4134800434112549,1.413479961739748,-7.882138252258301,-7.882138460455967,4.471749782562256,4.471749684396664,1.4289915561676025,1.4289916188803686,7.685138702392578,7.685138516388302,35.97248458862305,35.97248577695508,ok
759,7.59,0.0,7.685138702392578,1.4134800434112549,1.3976942300796509,1.3976942778413428,-7.685138702392578,-7.685138516388302,4.379528045654297,4.379528022200004,1.4134800434112549,1.413479961739748,7.4946465492248535,7.494646609062171,36.048377990722656,36.04837835302141,ok
760,7.6000000000000005,0.0,7.4946465492248535,1.3976942300796509,1.3816694021224976,1.3816693785751357,-7.4946465492248535,-7.494646609062171,4.289592266082764,4.289592262891258,1.3976942300796509,1.3976942778413428,7.3103861808776855,7.310386065221199,36.122398376464844,36.12239737453848,ok
761,7.61,0.0,7.3103861808776855,1.3816694021224976,1.3654377460479736,1.3654378368027782,-7.3103861808776855,-7.310386065221199,4.201867580413818,4.2018676301086035,1.3816694021224976,1.3816693785751357,7.132093906402588,7.132093790070819,36.194602966308594,36.19460383089758,ok
762,7.62,0.0,7.132093906402588,1.3654377460479736,1.3490300178527832,1.3490301140802758,-7.132093906402588,-7.132093790070819,4.1162824630737305,4.116282504627754,1.3654377460479736,1.3654378368027782,6.959519386291504,6.95951955931126,36.26505661010742,36.26505614532352,ok
763,7.63,0.0,6.959519386291504,1.3490300178527832,1.332474708557129,1.3324746809032497,-6.959519386291504,-6.95951955931126,4.032768249511719,4.032768269916018,1.3490300178527832,1.3490301140802758,6.792425155639648,6.792425348907274,36.33380889892578,36.33381030020612,ok
764,7.640000000000001,0.0,6.792425155639648,1.332474708557129,1.3157981634140015,1.3157981303531083,-6.792425155639648,-6.792425348907274,3.951259136199951,3.951259165729131,1.332474708557129,1.3324746809032497,6.630584716796875,6.630584700567734,36.40092086791992,36.40091995590907,ok
765,7.65,0.0,6.630584716796875,1.3157981634140015,1.299025297164917,1.2990252855020374,-6.630584716796875,-6.630584700567734,3.871692180633545,3.8716921493223184,1.3157981634140015,1.3157981303531083,6.473782062530518,6.473782121017388,36.46643829345703,36.46643656340372,ok
766,7.66,0.0,6.473782062530518,1.299025297164917,1.282179355621338,1.282179300915363,-6.473782062530518,-6.473782121017388,3.794006824493408,3.79400676387011,1.299025297164917,1.2990252855020374,6.321812629699707,6.32181251324633,36.53041076660156,36.53040947105652,ok
767,7.67,0.0,6.321812629699707,1.282179355621338,1.2652816772460938,1.2652817585715774,-6.321812629699707,-6.32181251324633,3.7181451320648193,3.718145013711154,1.282179355621338,1.282179300915363,6.174480438232422,6.174480638020428,36.59288787841797,36.592886025881306,ok
768,7.68,0.0,6.174480438232422,1.2652816772460938,1.2483528852462769,1.2483527585029828,-6.174480438232422,-6.174480638020428,3.6440513134002686,3.6440512460549086,1.2652816772460938,1.2652817585715774,6.031600475311279,6.0316006040283785,36.65391159057617,36.65391166955075,ok
769,7.69,0.0,6.031600475311279,1.2483528852462769,1.231411099433899,1.2314110044435571,-6.031600475311279,-6.0316006040283785,3.571671962738037,3.571672038806568,1.2483528852462769,1.2483527585029828,5.892995357513428,5.892995385128533,36.713531494140625,36.71353002944577,ok
770,7.7,0.0,5.892995357513428,1.231411099433899,1.2144739627838135,1.2144738847551548,-5.892995357513428,-5.892995385128533,3.5009560585021973,3.500956094185026,1.231411099433899,1.2314110044435571,5.758496284484863,5.7584963632413375,36.77178192138672,36.77178300500644,ok
771,7.71,0.0,5.758496284484863,1.2144739627838135,1.1975575685501099,1.1975575488884909,-5.758496284484863,-5.7584963632413375,3.431854248046875,3.43185413782613,1.2144739627838135,1.2144738847551548,5.62794303894043,5.62794289551155,36.828712463378906,36.82871084963399,ok
772,7.72,0.0,5.62794303894043,1.1975575685501099,1.1806769371032715,1.1806769796215097,-5.62794303894043,-5.62794289551155,3.36431884765625,3.3643188230799916,1.1975575685501099,1.1975575488884909,5.5011820793151855,5.501181904438418,36.88435363769531,36.88435224838005,ok
773,7.73,0.0,5.5011820793151855,1.1806769371032715,1.1638460159301758,1.1638460613046244,-5.5011820793151855,-5.501181904438418,3.298304557800293,3.2983046402267306,1.1806769371032715,1.1806769796215097,5.378067493438721,5.378067489742098,36.938743591308594,36.93874439164656,ok
774,7.74,0.0,5.378067493438721,1.1638460159301758,1.1470776796340942,1.1470776443298911,-5.378067493438721,-5.378067489742098,3.2337677478790283,3.2337678303498256,1.1638460159301758,1.1638460613046244,5.258460521697998,5.258460560800881,36.99192428588867,36.99192304510795,ok
775,7.75,0.0,5.258460521697998,1.1470776796340942,1.1303836107254028,1.1303836060294734,-5.258460521697998,-5.258460560800881,3.170666217803955,3.170666303620215,1.1470776796340942,1.1470776443298911,5.142228603363037,5.142228488556503,37.043922424316406,37.043922616055646,ok
776,7.76,0.0,5.142228603363037,1.1303836107254028,1.1137748956680298,1.1137749081976138,-5.142228603363037,-5.142228488556503,3.108959674835205,3.108959561757537,1.1303836107254028,1.1303836060294734,5.029244899749756,5.029244775844171,37.09477615356445,37.09477621635432,ok
777,7.7700000000000005,0.0,5.029244899749756,1.1137748956680298,1.0972615480422974,1.0972616514198683,-5.029244899749756,-5.029244775844171,3.0486085414886475,3.048608624447407,1.1137748956680298,1.1137749081976138,4.919388771057129,4.919388745160069,37.14451599121094,37.1445157221893,ok
778,7.78,0.0,4.919388771057129,1.0972615480422974,1.0808531045913696,1.0808531263833792,-4.919388771057129,-4.919388745160069,2.9895758628845215,2.989575959505486,1.0972615480422974,1.0972616514198683,4.812545299530029,4.812545242932236,37.193172454833984,37.19317183077465,ok
779,7.79,0.0,4.812545299530029,1.0808531045913696,1.0645577907562256,1.0645578623325915,-4.812545299530029,-4.812545242932236,2.9318253993988037,2.931825416590299,1.0808531045913696,1.0808531263833792,4.708604335784912,4.708604359410959,37.24077224731445,37.24077411418264,ok
780,7.8,0.0,4.708604335784912,1.0645577907562256,1.0483837127685547,1.0483836728259153,-4.708604335784912,-4.708604359410959,2.875322103500366,2.8753221642773674,1.0645577907562256,1.0645578623325915,4.607460975646973,4.607461163342369,37.287349700927734,37.28735107044644,ok
781,7.8100000000000005,0.0,4.607460975646973,1.0483837127685547,1.0323377847671509,1.0323376989404198,-4.607460975646973,-4.607461163342369,2.8200325965881348,2.820032630317259,1.0483837127685547,1.0483836728259153,4.5090155601501465,4.509015450633928,37.33293151855469,37.33293017208007,ok
782,7.82,0.0,4.5090155601501465,1.0323377847671509,1.01642644405365,1.0164264500636877,-4.5090155601501465,-4.509015450633928,2.7659244537353516,2.765924444909652,1.0323377847671509,1.0323376989404198,4.413171291351318,4.41317150626304,37.37753677368164,37.3775379121516,ok
783,7.83,0.0,4.413171291351318,1.01642644405365,1.0006558895111084,1.0006558424044358,-4.413171291351318,-4.41317150626304,2.7129664421081543,2.7129663868344953,1.01642644405365,1.0164264500636877,4.319838047027588,4.3198378787203,37.421199798583984,37.42119984803856,ok
784,7.84,0.0,4.319838047027588,1.0006558895111084,0.9850311875343323,0.9850312353463753,-4.319838047027588,-4.3198378787203,2.661128282546997,2.661128332289852,1.0006558895111084,1.0006558424044358,4.228927135467529,4.228927166317003,37.46393966674805,37.463940642987474,ok
785,7.8500000000000005,0.0,4.228927135467529,0.9850311875343323,0.9695574641227722,0.9695574657630504,-4.228927135467529,-4.228927166317003,2.6103811264038086,2.610381206294048,0.9850311875343323,0.9850312353463753,4.140355587005615,4.140355814722559,37.50578308105469,37.505784105593015,ok
786,7.86,0.0,4.140355587005615,0.9695574641227722,0.9542389512062073,0.9542388804050241,-4.140355587005615,-4.140355814722559,2.560696840286255,2.560696936517377,0.9695574641227722,0.9695574657630504,4.054043769836426,4.054043925131591,37.5467529296875,37.54675322730602,ok
787,7.87,0.0,4.054043769836426,0.9542389512062073,0.9390794634819031,0.9390793664647406,-4.054043769836426,-4.054043925131591,2.5120484828948975,2.5120484094157978,0.9542389512062073,0.9542388804050241,3.9699151515960693,3.9699150724927446,37.58687210083008,37.586870218073834,ok
788,7.88,0.0,3.9699151515960693,0.9390794634819031,0.924082338809967,0.9240823804187,-3.9699151515960693,-3.9699150724927446,2.464409351348877,2.464409428545885,0.9390794634819031,0.9390793664647406,3.8878960609436035,3.8878961332617856,37.626155853271484,37.626156540210864,ok
789,7.890000000000001,0.0,3.8878960609436035,0.924082338809967,0.9092510342597961,0.9092509752411706,-3.8878960609436035,-3.8878961332617856,2.417754650115967,2.4177546749467433,0.924082338809967,0.9240823804187,3.8079171180725098,3.8079171221704238,37.664634704589844,37.66463294059208,ok
790,7.9,0.0,3.8079171180725098,0.9092510342597961,0.8945878148078918,0.8945878260785738,-3.8079171180725098,-3.8079171221704238,2.3720595836639404,2.372059669480698,0.9092510342597961,0.9092509752411706,3.7299110889434814,3.7299110375296567,37.70232009887695,37.70231948125709,ok
791,7.91,0.0,3.7299110889434814,0.8945878148078918,0.8800952434539795,0.8800952544688354,-3.7299110889434814,-3.7299110375296567,2.327300786972046,2.3273007370303422,0.8945878148078918,0.8945878260785738,3.6538138389587402,3.6538137146122684,37.739234924316406,37.73923556850801,ok
792,7.92,0.0,3.6538138389587402,0.8800952434539795,0.8657752275466919,0.8657752511854349,-3.6538138389587402,-3.6538137146122684,2.2834548950195312,2.283454972454995,0.8800952434539795,0.8800952544688354,3.579563617706299,3.579563686683592,37.77539825439453,37.77539998057956,ok
793,7.930000000000001,0.0,3.579563617706299,0.8657752275466919,0.8516295552253723,0.8516294977815582,-3.579563617706299,-3.579563686683592,2.2405002117156982,2.240500208214792,0.8657752275466919,0.8657752511854349,3.5071020126342773,3.507102053272789,37.810829162597656,37.810830893955966,ok
794,7.94,0.0,3.5071020126342773,0.8516295552253723,0.8376594185829163,0.8376593869056763,-3.5071020126342773,-3.507102053272789,2.1984150409698486,2.1984149835755185,0.8516295552253723,0.8516294977815582,3.4363722801208496,3.4363723552988046,37.84554672241211,37.84554590840509,ok
795,7.95,0.0,3.4363722801208496,0.8376594185829163,0.823866069316864,0.8238660414559966,-3.4363722801208496,-3.4363723552988046,2.1571786403656006,2.1571785153119327,0.8376594185829163,0.8376593869056763,3.3673205375671387,3.3673204566858717,37.87956237792969,37.87956207079644,ok
796,7.96,0.0,3.3673205375671387,0.823866069316864,0.8102502822875977,0.8102503326375841,-3.3673205375671387,-3.3673204566858717,2.1167707443237305,2.1167706698317024,0.823866069316864,0.8238660414559966,3.299894332885742,3.2998944321230534,37.91289520263672,37.91289589776626,ok
797,7.97,0.0,3.299894332885742,0.8102502822875977,0.7968129515647888,0.7968128969824808,-3.299894332885742,-3.2998944321230534,2.077172040939331,2.077171936646226,0.8102502822875977,0.8102503326375841,3.2340445518493652,3.234044460640855,37.94556427001953,37.94556339728957,ok
798,7.98,0.0,3.2340445518493652,0.7968129515647888,0.7835541367530823,0.7835541523898837,-3.2340445518493652,-3.234044460640855,2.038363456726074,2.0383634031185354,0.7968129515647888,0.7968128969824808,3.16972279548645,3.169722724695495,37.97758102416992,37.97758008921556,ok
799,7.99,0.0,3.16972279548645,0.7835541367530823,0.7704743146896362,0.7704743132403373,-3.16972279548645,-3.169722724695495,2.000326633453369,2.0003267304221892,0.7835541367530823,0.7835541523898837,3.1068832874298096,3.106883314468025,38.00896072387695,38.00896102482022,ok
800,8.0,0.0,3.1068832874298096,0.7704743146896362,0.7575734257698059,0.7575734046349791,-3.1068832874298096,-3.106883314468025,1.9630441665649414,1.9630441306485729,0.7704743146896362,0.7704743132403373,3.0454821586608887,3.0454821371012093,38.03972244262695,38.03972080542673,ok
801,8.01,0.0,3.0454821586608887,0.7575734257698059,0.744851291179657,0.744851275808089,-3.0454821586608887,-3.0454821371012093,1.926498293876648,1.9264983450033584,0.7575734257698059,0.7575734046349791,2.9854767322540283,2.9854768306119324,38.06987380981445,38.06987360014175,ok
802,8.02,0.0,2.9854767322540283,0.744851291179657,0.7323076725006104,0.7323076127585855,-2.9854767322540283,-2.9854768306119324,1.8906726837158203,1.8906726230360151,0.744851291179657,0.744851275808089,2.9268267154693604,2.9268266822309794,38.09943389892578,38.09943316275315,ok
803,8.03,0.0,2.9268267154693604,0.7323076725006104,0.7199419736862183,0.7199419501436233,-2.9268267154693604,-2.9268266822309794,1.855550765991211,1.8555507028492433,0.7323076725006104,0.7323076127585855,2.869492530822754,2.869492550935332,38.128414154052734,38.12841284783224,ok
804,8.040000000000001,0.0,2.869492530822754,0.7199419736862183,0.7077537178993225,0.7077536824751103,-2.869492530822754,-2.869492550935332,1.8211168050765991,1.8211167922380194,0.7199419736862183,0.7199419501436233,2.81343674659729,2.8134367939507303,38.15682601928711,38.15682562608126,ok
805,8.05,0.0,2.81343674659729,0.7077537178993225,0.695742130279541,0.6957420746577272,-2.81343674659729,-2.8134367939507303,1.7873555421829224,1.7873555507106107,0.7077537178993225,0.7077536824751103,2.7586231231689453,2.7586231970141477,38.18468475341797,38.18468409896491,ok
806,8.06,0.0,2.7586231231689453,0.695742130279541,0.6839063167572021,0.6839062719049516,-2.7586231231689453,-2.7586231970141477,1.7542520761489868,1.754252072346441,0.695742130279541,0.6957420746577272,2.705016851425171,2.7050169081971234,38.21200180053711,38.21200051266232,ok
807,8.07,0.0,2.705016851425171,0.6839063167572021,0.6722453236579895,0.6722453090675915,-2.705016851425171,-2.7050169081971234,1.7217918634414673,1.7217918694480756,0.6839063167572021,0.6839062719049516,2.6525843143463135,2.652584375101539,38.23878860473633,38.238786771374315,ok
808,8.08,0.0,2.6525843143463135,0.6722453236579895,0.6607581377029419,0.6607581194074599,-2.6525843143463135,-2.652584375101539,1.6899608373641968,1.6899608569468572,0.6722453236579895,0.6722453090675915,2.6012933254241943,2.6012932852495436,38.265052795410156,38.26505445001866,ok
809,8.09,0.0,2.6012933254241943,0.6607581377029419,0.6494435667991638,0.6494435428470398,-2.6012933254241943,-2.6012932852495436,1.6587454080581665,1.6587453375238626,0.6607581377029419,0.6607581194074599,2.551112651824951,2.551112509498859,38.29081344604492,38.29081480634448,ok
810,8.1,0.0,2.551112651824951,0.6494435667991638,0.6383002996444702,0.6383003337243189,-2.551112651824951,-2.551112509498859,1.6281319856643677,1.6281319874098763,0.6494435667991638,0.6494435428470398,2.502012014389038,2.5020120483237536,38.316078186035156,38.3160787924952,ok
811,8.11,0.0,2.502012014389038,0.6383002996444702,0.6273272037506104,0.6273271680803749,-2.502012014389038,-2.5020120483237536,1.5981078147888184,1.5981078428299913,0.6383002996444702,0.6383003337243189,2.453963041305542,2.4539629808105143,38.340858459472656,38.340857066047995,ok
812,8.120000000000001,0.0,2.453963041305542,0.6273272037506104,0.6165226101875305,0.6165226505057855,-2.453963041305542,-2.4539629808105143,1.5686602592468262,1.568660287060265,0.6273272037506104,0.6273271680803749,2.40693736076355,2.4069374162243298,38.36516189575195,38.36516000055615,ok
813,8.13,0.0,2.40693736076355,0.6165226101875305,0.6058853268623352,0.6058853205705331,-2.40693736076355,-2.4069374162243298,1.5397770404815674,1.539777038065573,0.6165226101875305,0.6165226505057855,2.3609085083007812,2.3609084480121716,38.38899612426758,38.38899769561931,ok
814,8.14,0.0,2.3609085083007812,0.6058853268623352,0.5954136252403259,0.5954136588607044,-2.3609085083007812,-2.3609084480121716,1.5114461183547974,1.511446136689427,0.6058853268623352,0.6058853205705331,2.315850019454956,2.3158501101134865,38.41238021850586,38.41237998650539,ok
815,8.15,0.0,2.315850019454956,0.5954136252403259,0.5851061344146729,0.5851060926440323,-2.315850019454956,-2.3158501101134865,1.4836559295654297,1.4836559353680652,0.5954136252403259,0.5954136588607044,2.2717373371124268,2.2717373354573738,38.43531799316406,38.43531645334663,ok
816,8.16,0.0,2.2717373371124268,0.5851061344146729,0.5749610066413879,0.5749610011851156,-2.2717373371124268,-2.2717373354573738,1.456395149230957,1.4563950873425766,0.5851061344146729,0.5851060926440323,2.228545904159546,2.228545916531414,38.45781707763672,38.457816429931,ok
817,8.17,0.0,2.228545904159546,0.5749610066413879,0.5649767518043518,0.564976720730011,-2.228545904159546,-2.228545916531414,1.4296525716781616,1.4296525363441996,0.5749610066413879,0.5749610011851156,2.1862525939941406,2.1862524679134374,38.479888916015625,38.4798890121092,ok
818,8.18,0.0,2.1862525939941406,0.5649767518043518,0.5551515221595764,0.5551515491788246,-2.1862525939941406,-2.1862524679134374,1.4034174680709839,1.4034175067292385,0.5649767518043518,0.564976720730011,2.144834518432617,2.144834390663344,38.50154495239258,38.501543065836316,ok
819,8.19,0.0,2.144834518432617,0.5551515221595764,0.5454837083816528,0.545483750463901,-2.144834518432617,-2.144834390663344,1.377679467201233,1.3776794940412784,0.5551515221595764,0.5551515491788246,2.1042697429656982,2.1042698384775655,38.522789001464844,38.522787234866335,ok
820,8.2,0.0,2.1042697429656982,0.5454837083816528,0.5359715819358826,0.5359715586502521,-2.1042697429656982,-2.1042698384775655,1.3524283170700073,1.3524282559795477,0.5454837083816528,0.545483750463901,2.064537763595581,2.0645376855139776,38.54362869262695,38.54362994811651,ok
821,8.21,0.0,2.064537763595581,0.5359715819358826,0.526613175868988,0.5266131817739567,-2.064537763595581,-2.0645376855139776,1.3276537656784058,1.32765380375338,0.5359715819358826,0.5359715586502521,2.0256175994873047,2.0256174957999695,38.56407928466797,38.564079426718024,ok
822,8.22,0.0,2.0256175994873047,0.526613175868988,0.5174067616462708,0.5174068054333922,-2.0256175994873047,-2.0256174957999695,1.3033463954925537,1.3033463938037804,0.526613175868988,0.5266131817739567,1.9874894618988037,1.9874894941410588,38.584144592285156,38.58414369076823,ok
823,8.23,0.0,1.9874894618988037,0.5174067616462708,0.5083506107330322,0.5083505961473568,-1.9874894618988037,-1.9874894941410588,1.2794965505599976,1.2794965198740877,0.5174067616462708,0.5174068054333922,1.950134515762329,1.9501345384518185,38.60383224487305,38.60383056579921,ok
824,8.24,0.0,1.950134515762329,0.5083506107330322,0.4994427263736725,0.49944270449336026,-1.950134515762329,-1.9501345384518185,1.2560949325561523,1.256094905412666,0.5083506107330322,0.5083505961473568,1.9135340452194214,1.9135340934350746,38.623146057128906,38.62314768897634,ok
825,8.25,0.0,1.9135340452194214,0.4994427263736725,0.4906812906265259,0.4906812680386361,-1.9135340452194214,-1.9135340934350746,1.2331324815750122,1.2331324962914452,0.4994427263736725,0.49944270449336026,1.877670168876648,1.877670205539265,38.6421012878418,38.64210251504016,ok
826,8.26,0.0,1.877670168876648,0.4906812906265259,0.482064425945282,0.4820644140757392,-1.877670168876648,-1.877670205539265,1.21060049533844,1.210600453824974,0.4906812906265259,0.4906812680386361,1.8425254821777344,1.842525479127586,38.660701751708984,38.66070232200385,ok
827,8.27,0.0,1.8425254821777344,0.482064425945282,0.47359025478363037,0.4735902621739395,-1.8425254821777344,-1.842525479127586,1.1884901523590088,1.1884901480754428,0.482064425945282,0.4820644140757392,1.8080830574035645,1.808083053796092,38.678955078125,38.67895421661824,ok
828,8.28,0.0,1.8080830574035645,0.47359025478363037,0.465256929397583,0.465256926557006,-1.8080830574035645,-1.808083053796092,1.1667931079864502,1.1667931514298897,0.47359025478363037,0.4735902621739395,1.7743265628814697,1.774326582781244,38.69686508178711,38.696865139615426,ok
829,8.290000000000001,0.0,1.7743265628814697,0.465256929397583,0.4570625424385071,0.4570625183173921,-1.7743265628814697,-1.774326582781244,1.1455012559890747,1.1455012324365148,0.465256929397583,0.465256926557006,1.7412402629852295,1.7412402124005828,38.71444320678711,38.71444187074173,ok
830,8.3,0.0,1.7412402629852295,0.4570625424385071,0.449005126953125,0.4490051474762816,-1.7412402629852295,-1.7412402124005828,1.1246063709259033,1.124606349887708,0.4570625424385071,0.4570625183173921,1.7088085412979126,1.708808562473181,38.731689453125,38.731691033589925,ok
831,8.31,0.0,1.7088085412979126,0.449005126953125,0.4410829544067383,0.4410829248984355,-1.7088085412979126,-1.708808562473181,1.1041007041931152,1.1041006471380297,0.449005126953125,0.4490051474762816,1.6770167350769043,1.677016707669373,38.748619079589844,38.748619100240404,ok
832,8.32,0.0,1.6770167350769043,0.4410829544067383,0.4332939684391022,0.4332939640702804,-1.6770167350769043,-1.677016707669373,1.0839765071868896,1.0839764466459971,0.4410829544067383,0.4410829248984355,1.6458501815795898,1.645850159741935,38.76523208618164,38.76523239572023,ok
833,8.33,0.0,1.6458501815795898,0.4332939684391022,0.4256363809108734,0.4256363827492231,-1.6458501815795898,-1.645850159741935,1.0642262697219849,1.064226244729094,0.4332939684391022,0.4332939640702804,1.6152948141098022,1.615294850593433,38.78153610229492,38.781537102288766,ok
834,8.34,0.0,1.6152948141098022,0.4256363809108734,0.4181083142757416,0.41810830449172076,-1.6152948141098022,-1.615294850593433,1.0448427200317383,1.0448427065219728,0.4256363809108734,0.4256363827492231,1.5853371620178223,1.5853371161368472,38.79753875732422,38.797539263557894,ok
835,8.35,0.0,1.5853371620178223,0.4181083142757416,0.41070786118507385,0.4107078600672338,-1.5853371620178223,-1.5853371161368472,1.0258187055587769,1.0258186611283306,0.4181083142757416,0.41810830449172076,1.5559636354446411,1.5559636809088662,38.8132438659668,38.81324478845472,ok
836,8.36,0.0,1.5559636354446411,0.41070786118507385,0.4034332036972046,0.4034331887647842,-1.5559636354446411,-1.5559636809088662,1.0071470737457275,1.0071470969574243,0.41070786118507385,0.4107078600672338,1.5271615982055664,1.5271616433973847,38.82865905761719,38.82865945503393,ok
837,8.370000000000001,0.0,1.5271615982055664,0.4034332036972046,0.39628246426582336,0.3962824395984704,-1.5271615982055664,-1.5271616433973847,0.9888211488723755,0.9888211572366558,0.4034332036972046,0.4034331887647842,1.4989185333251953,1.498918462046781,38.843788146972656,38.84378891414688,ok
838,8.38,0.0,1.4989185333251953,0.39628246426582336,0.38925376534461975,0.38925377241794334,-1.4989185333251953,-1.498918462046781,0.9708341360092163,0.9708341356920944,0.39628246426582336,0.3962824395984704,1.471221923828125,1.4712219419064727,38.858638763427734,38.85863869297392,ok
839,8.39,0.0,1.471221923828125,0.38925376534461975,0.38234537839889526,0.3823453589295053,-1.471221923828125,-1.4712219419064727,0.9531794786453247,0.9531794723892167,0.38925376534461975,0.38925377241794334,1.444060206413269,1.4440602218900747,38.87321472167969,38.87321419842638,ok
840,8.4,0.0,1.444060206413269,0.38234537839889526,0.3755553960800171,0.37555538363318686,-1.444060206413269,-1.4440602218900747,0.9358507394790649,0.9358507497265358,0.38234537839889526,0.3823453589295053,1.417421817779541,1.4174217626142087,38.88751983642578,38.887520720423936,ok
841,8.41,0.0,1.417421817779541,0.3755553960800171,0.36888203024864197,0.3688820446808523,-1.417421817779541,-1.4174217626142087,0.9188417196273804,0.9188416885751653,0.3755553960800171,0.37555538363318686,1.391295313835144,1.3912953347876464,38.90156173706055,38.90156343505324,ok
842,8.42,0.0,1.391295313835144,0.36888203024864197,0.3623235821723938,0.3623235546601068,-1.391295313835144,-1.3912953347876464,0.9021461606025696,0.9021461445577136,0.36888203024864197,0.3688820446808523,1.3656699657440186,1.3656700081230144,38.915348052978516,38.91534740761301,ok
843,8.43,0.0,1.3656699657440186,0.3623235821723938,0.35587817430496216,0.3558781413085078,-1.3656699657440186,-1.3656700081230144,0.885758101940155,0.8857581044602374,0.3623235821723938,0.3623235546601068,1.3405351638793945,1.340535140744753,38.92887878417969,38.92887759555078,ok
844,8.44,0.0,1.3405351638793945,0.35587817430496216,0.34954404830932617,0.3495440481623362,-1.3405351638793945,-1.340535140744753,0.8696717023849487,0.8696716827713004,0.35587817430496216,0.3558781413085078,1.3158804178237915,1.3158803690684024,38.94215774536133,38.942158851296035,ok
845,8.45,0.0,1.3158804178237915,0.34954404830932617,0.34331953525543213,0.3433195351439393,-1.3158804178237915,-1.3158803690684024,0.8538811206817627,0.8538811183424795,0.34954404830932617,0.3495440481623362,1.2916955947875977,1.2916955981276077,38.955196380615234,38.95519592499448,ok
846,8.46,0.0,1.2916955947875977,0.34331953525543213,0.33720287680625916,0.3372028790914364,-1.2916955947875977,-1.2916955981276077,0.838380753993988,0.8383807711649482,0.34331953525543213,0.3433195351439393,1.2679710388183594,1.267970992326464,38.967994689941406,38.96799346714764,ok
847,8.47,0.0,1.2679710388183594,0.33720287680625916,0.33119237422943115,0.33119237423436265,-1.2679710388183594,-1.267970992326464,0.8231651186943054,0.8231651192570307,0.33720287680625916,0.3372028790914364,1.2446969747543335,1.244696966596011,38.98055648803711,38.98055603116208,ok
848,8.48,0.0,1.2446969747543335,0.33119237422943115,0.325286328792572,0.3252863326186263,-1.2446969747543335,-1.244696966596011,0.8082287907600403,0.8082287556578786,0.33119237422943115,0.33119237423436265,1.2218642234802246,1.2218641779347854,38.992889404296875,38.992888075812075,ok
849,8.49,0.0,1.2218642234802246,0.325286328792572,0.31948307156562805,0.31948308448396434,-1.2218642234802246,-1.2218641779347854,0.7935664057731628,0.7935663855226611,0.325286328792572,0.3252863326186263,1.1994634866714478,1.1994635173143975,39.0049934387207,39.00499396761954,ok
850,8.5,0.0,1.1994634866714478,0.31948307156562805,0.3137809932231903,0.3137809785969021,-1.1994634866714478,-1.1994635173143975,0.7791728377342224,0.7791728233148884,0.31948307156562805,0.31948308448396434,1.1774860620498657,1.1774861019320968,39.016876220703125,39.0168779831548,ok
851,8.51,0.0,1.1774860620498657,0.3137809932231903,0.3081783950328827,0.3081783825420496,-1.1774860620498657,-1.1774861019320968,0.7650430202484131,0.7650429900917032,0.3137809932231903,0.3137809785969021,1.1559232473373413,1.1559232677932294,39.02854537963867,39.028544311261456,ok
852,8.52,0.0,1.1559232473373413,0.3081783950328827,0.30267369747161865,0.3026736829744114,-1.1559232473373413,-1.1559232677932294,0.7511719465255737,0.7511719108781845,0.3081783950328827,0.3081783825420496,1.1347665786743164,1.1347665626073848,39.03999710083008,39.03999705520876,ok
853,8.53,0.0,1.1347665786743164,0.30267369747161865,0.29726529121398926,0.2972652858352305,-1.1347665786743164,-1.1347665626073848,0.7375547289848328,0.7375547121268958,0.30267369747161865,0.3026736829744114,1.1140077114105225,1.1140077389828762,39.051239013671875,39.051240234774376,ok
854,8.540000000000001,0.0,1.1140077114105225,0.29726529121398926,0.29195162653923035,0.29195161653374535,-1.1140077114105225,-1.1140077389828762,0.7241865992546082,0.7241866192591013,0.29726529121398926,0.2972652858352305,1.0936387777328491,1.0936387479049938,39.062278747558594,39.06227778826055,ok
855,8.55,0.0,1.0936387777328491,0.29195162653923035,0.28673112392425537,0.2867311200971038,-1.0936387777328491,-1.0936387479049938,0.7110629677772522,0.7110629542842414,0.29195162653923035,0.29195161653374535,1.0736517906188965,1.073651732484236,39.07311248779297,39.07311357444642,ok
856,8.56,0.0,1.0736517906188965,0.28673112392425537,0.28160223364830017,0.28160226129054694,-1.0736517906188965,-1.073651732484236,0.6981791257858276,0.6981791334944305,0.28673112392425537,0.2867311200971038,1.0540390014648438,1.0540390219614293,39.0837516784668,39.083751374479064,ok
857,8.57,0.0,1.0540390014648438,0.28160223364830017,0.27656352519989014,0.2765635247098588,-1.0540390014648438,-1.0540390219614293,0.6855306625366211,0.6855306652308933,0.28160223364830017,0.28160226129054694,1.0347931385040283,1.0347931259573375,39.09419631958008,39.0941948937059,ok
858,8.58,0.0,1.0347931385040283,0.27656352519989014,0.2716134190559387,0.2716134148479583,-1.0347931385040283,-1.0347931259573375,0.6731131672859192,0.6731131477194053,0.27656352519989014,0.2765635247098588,1.0159066915512085,1.0159067289549975,39.10444641113281,39.10444776345068,ok
859,8.59,0.0,1.0159066915512085,0.2716134190559387,0.2667504847049713,0.26675045613740633,-1.0159066915512085,-1.0159067289549975,0.6609222888946533,0.6609222669719453,0.2716134190559387,0.2716134148479583,0.9973726868629456,0.9973726850036255,39.1145133972168,39.11451354273548,ok
860,8.6,0.0,0.9973726868629456,0.2667504847049713,0.26197320222854614,0.2619731929704951,-0.9973726868629456,-0.9973726850036255,0.6489537954330444,0.6489537947519018,0.2667504847049713,0.26675045613740633,0.9791840314865112,0.9791840126335227,39.12439727783203,39.124395719950755,ok
861,8.61,0.0,0.9791840314865112,0.26197320222854614,0.2572802007198334,0.25728018969849276,-0.9791840314865112,-0.9791840126335227,0.637203574180603,0.6372035866002995,0.26197320222854614,0.2619731929704951,0.9613339304924011,0.9613338899719432,39.134098052978516,39.13409771447556,ok
862,8.620000000000001,0.0,0.9613339304924011,0.2572802007198334,0.252670019865036,0.2526700306115222,-0.9613339304924011,-0.9613338899719432,0.6256675720214844,0.6256675799206362,0.2572802007198334,0.25728018969849276,0.9438156485557556,0.9438156500504137,39.14362335205078,39.143622878249914,ok
863,8.63,0.0,0.9438156485557556,0.252670019865036,0.2481413334608078,0.24814131990047067,-0.9438156485557556,-0.9438156500504137,0.6143417954444885,0.6143417921200311,0.252670019865036,0.2526700306115222,0.9266228079795837,0.9266227762944772,39.15297317504883,39.15297449730113,ok
864,8.64,0.0,0.9266228079795837,0.2481413334608078,0.24369268119335175,0.24369268160224022,-0.9266228079795837,-0.9266227762944772,0.6032223105430603,0.6032223188044974,0.2481413334608078,0.24814131990047067,0.909748911857605,0.9097488981872999,39.16215515136719,39.162155793225935,ok
865,8.65,0.0,0.909748911857605,0.24369268119335175,0.23932276666164398,0.23932275952957743,-0.909748911857605,-0.9097488981872999,0.5923053622245789,0.5923053320262498,0.24369268119335175,0.24369268160224022,0.8931878209114075,0.8931877870990161,39.17116928100586,39.17116992463005,ok
866,8.66,0.0,0.8931878209114075,0.23932276666164398,0.23503020405769348,0.2350302171866433,-0.8931878209114075,-0.8931877870990161,0.5815870761871338,0.5815870785810616,0.23932276666164398,0.23932275952957743,0.8769333362579346,0.8769333522741052,39.18001937866211,39.180019988526865,ok
867,8.67,0.0,0.8769333362579346,0.23503020405769348,0.23081374168395996,0.23081373767141955,-0.8769333362579346,-0.8769333522741052,0.5710638761520386,0.5710638783537724,0.23503020405769348,0.2350302171866433,0.8609796762466431,0.8609796369694833,39.1887092590332,39.18870902169675,ok
868,8.68,0.0,0.8609796762466431,0.23081374168395996,0.2266720086336136,0.22667202356597904,-0.8609796762466431,-0.8609796369694833,0.5607321262359619,0.5607321227101386,0.23081374168395996,0.23081373767141955,0.8453208208084106,0.8453208147363704,39.19723892211914,39.19724000200846,ok
869,8.69,0.0,0.8453208208084106,0.2266720086336136,0.22260379791259766,0.2226037968155904,-0.8453208208084106,-0.8453208147363704,0.5505882501602173,0.5505882729333021,0.2266720086336136,0.22667202356597904,0.8299511671066284,0.829951185839342,39.20561599731445,39.20561584970404,ok
870,8.700000000000001,0.0,0.8299511671066284,0.22260379791259766,0.2186078131198883,0.2186077985975653,-0.8299511671066284,-0.829951185839342,0.5406288504600525,0.5406288587032301,0.22260379791259766,0.2226037968155904,0.8148651719093323,0.8148651738063102,39.21384048461914,39.21383942864861,ok
871,8.71,0.0,0.8148651719093323,0.2186078131198883,0.21468278765678406,0.214682789180706,-0.8148651719093323,-0.8148651738063102,0.5308504700660706,0.5308504766175544,0.2186078131198883,0.2186077985975653,0.8000573515892029,0.8000573221034981,39.2219123840332,39.221913547546265,ok
872,8.72,0.0,0.8000573515892029,0.21468278765678406,0.2108275443315506,0.2108275477761551,-0.8000573515892029,-0.8000573221034981,0.5212497711181641,0.5212497887523124,0.21468278765678406,0.214682789180706,0.7855222821235657,0.7855222909297677,39.22983932495117,39.22984096112331,ok
873,8.73,0.0,0.7855222821235657,0.2108275443315506,0.20704087615013123,0.20704087238040536,-0.7855222821235657,-0.7855222909297677,0.5118235349655151,0.5118235212611553,0.2108275443315506,0.2108275477761551,0.77125483751297,0.7712548541249464,39.23762512207031,39.23762437128004,ok
874,8.74,0.0,0.77125483751297,0.20704087615013123,0.20332159101963043,0.2033215796111767,-0.77125483751297,-0.7712548541249464,0.5025684833526611,0.5025684630116559,0.20704087615013123,0.20704087238040536,0.7572498917579651,0.7572498961870701,39.24526596069336,39.24526642821212,ok
875,8.75,0.0,0.7572498917579651,0.20332159101963043,0.1996685117483139,0.19966850453682788,-0.7572498917579651,-0.7572498961870701,0.49348145723342896,0.4934814642574111,0.20332159101963043,0.2033215796111767,0.7435024380683899,0.7435024093937096,39.252769470214844,39.25276973150268,ok
876,8.76,0.0,0.7435024380683899,0.1996685117483139,0.19608049094676971,0.1960805004999272,-0.7435024380683899,-0.7435024093937096,0.48455944657325745,0.48455943534468654,0.1996685117483139,0.19966850453682788,0.730007529258728,0.730007491022795,39.260135650634766,39.26013683118615,ok
877,8.77,0.0,0.730007529258728,0.19608049094676971,0.19255642592906952,0.1925564389355685,-0.730007529258728,-0.730007491022795,0.4757993519306183,0.475799345452413,0.19608049094676971,0.1960805004999272,0.7167603373527527,0.7167603406685765,39.267372131347656,39.267370228784706,ok
878,8.78,0.0,0.7167603373527527,0.19255642592906952,0.18909521400928497,0.18909520918498235,-0.7167603373527527,-0.7167603406685765,0.4671982228755951,0.46719822136439004,0.19255642592906952,0.1925564389355685,0.7037562727928162,0.7037562576485799,39.274471282958984,39.27447237831842,ok
879,8.790000000000001,0.0,0.7037562727928162,0.18909521400928497,0.18569572269916534,0.18569571830495807,-0.7037562727928162,-0.7037562576485799,0.45875313878059387,0.4587531462726071,0.18909521400928497,0.18909520918498235,0.6909906268119812,0.6909906384976208,39.28144454956055,39.28144568728986,ok
880,8.8,0.0,0.6909906268119812,0.18569572269916534,0.18235689401626587,0.18235689087355877,-0.6909906268119812,-0.6909906384976208,0.4504612684249878,0.45046125861063563,0.18569572269916534,0.18569571830495807,0.6784589886665344,0.6784589745451339,39.288291931152344,39.28829251764408,ok
881,8.81,0.0,0.6784589886665344,0.18235689401626587,0.17907766997814178,0.17907766879258202,-0.6784589886665344,-0.6784589745451339,0.44231975078582764,0.44231975091609405,0.18235689401626587,0.18235689087355877,0.6661568284034729,0.6661568495722612,39.295013427734375,39.295015186704774,ok
882,8.82,0.0,0.6661568284034729,0.17907766997814178,0.17585702240467072,0.17585701108718954,-0.6661568284034729,-0.6661568495722612,0.4343258738517761,0.4343258687212269,0.17907766997814178,0.17907766879258202,0.6540799736976624,0.6540799375453146,39.30161666870117,39.30161596808736,ok
883,8.83,0.0,0.6540799736976624,0.17585702240467072,0.1726938784122467,0.17269389370310106,-0.6540799736976624,-0.6540799375453146,0.42647692561149597,0.4264769094706831,0.17585702240467072,0.17585701108718954,0.6422240138053894,0.642224000422399,39.30809783935547,39.30809709258983,ok
884,8.84,0.0,0.6422240138053894,0.1726938784122467,0.16958731412887573,0.1695873093017235,-0.6422240138053894,-0.642224000422399,0.4187702238559723,0.4187702214656143,0.1726938784122467,0.17269389370310106,0.6305848956108093,0.6305848860301335,39.31446075439453,39.314460749061965,ok
885,8.85,0.0,0.6305848956108093,0.16958731412887573,0.16653627157211304,0.1665362670535609,-0.6305848956108093,-0.6305848860301335,0.41120320558547974,0.41120320283325273,0.16958731412887573,0.1695873093017235,0.6191585063934326,0.6191585260075616,39.320709228515625,39.32070908525364,ok
886,8.86,0.0,0.6191585063934326,0.16653627157211304,0.1635397970676422,0.1635397924302281,-0.6191585063934326,-0.6191585260075616,0.40377330780029297,0.403773300521162,0.16653627157211304,0.1665362670535609,0.6079409122467041,0.6079409338144814,39.32684326171875,39.32684420864298,ok
887,8.870000000000001,0.0,0.6079409122467041,0.1635397970676422,0.16059693694114685,0.16059692699536943,-0.6079409122467041,-0.6079409338144814,0.3964780271053314,0.39647800931538824,0.1635397970676422,0.1635397924302281,0.5969281792640686,0.596928202801559,39.33286666870117,39.33286818724482,ok
888,8.88,0.0,0.5969281792640686,0.16059693694114685,0.15770673751831055,0.1577067281947646,-0.5969281792640686,-0.596928202801559,0.3893148601055145,0.3893148708817695,0.16059693694114685,0.16059692699536943,0.5861164927482605,0.5861165043397178,39.338783264160156,39.33878305040019,ok
889,8.89,0.0,0.5861164927482605,0.15770673751831055,0.15486827492713928,0.15486826914588236,-0.5861164927482605,-0.5861165043397178,0.38228148221969604,0.38228147282969294,0.15770673751831055,0.1577067281947646,0.5755020976066589,0.5755020860064154,39.34458923339844,39.344590789547404,ok
890,8.9,0.0,0.5755020976066589,0.15486827492713928,0.15208064019680023,0.15208063842712677,-0.5755020976066589,-0.5755020860064154,0.3753754496574402,0.37537544779761595,0.15486827492713928,0.15486826914588236,0.5650812983512878,0.565081269826534,39.35029220581055,39.35029335897529,ok
891,8.91,0.0,0.5650812983512878,0.15208064019680023,0.14934293925762177,0.14934293986700237,-0.5650812983512878,-0.565081269826534,0.3685944676399231,0.3685944725596975,0.15208064019680023,0.15208063842712677,0.5548504590988159,0.554850450565719,39.355892181396484,39.35589267655904,ok
892,8.92,0.0,0.5548504590988159,0.14934293925762177,0.14665429294109344,0.1466542923334099,-0.5548504590988159,-0.554850450565719,0.3619362711906433,0.3619362671529089,0.14934293925762177,0.14934293986700237,0.5448061227798462,0.5448060940741031,39.36138916015625,39.361390624479284,ok
893,8.93,0.0,0.5448061227798462,0.14665429294109344,0.14401382207870483,0.14401382952326763,-0.5448061227798462,-0.5448060940741031,0.35539859533309937,0.35539859402401963,0.14665429294109344,0.1466542923334099,0.5349447131156921,0.5349447356784496,39.366790771484375,39.36678904992487,ok
894,8.94,0.0,0.5349447131156921,0.14401382207870483,0.14142070710659027,0.1414206997526398,-0.5349447131156921,-0.5349447356784496,0.34897926449775696,0.34897925719587825,0.14401382207870483,0.14401382952326763,0.5252630114555359,0.5252629786208434,39.37208938598633,39.372089765779734,ok
895,8.950000000000001,0.0,0.5252630114555359,0.14142070710659027,0.13887405395507812,0.13887406574754088,-0.5252630114555359,-0.5252629786208434,0.3426761031150818,0.3426761014524281,0.14142070710659027,0.1414206997526398,0.5157575011253357,0.5157574925421426,39.377296447753906,39.37729455129446,ok
896,8.96,0.0,0.5157575011253357,0.13887405395507812,0.1363731026649475,0.13637310443557105,-0.5157575011253357,-0.5157574925421426,0.3364870250225067,0.3364870115419224,0.13887405395507812,0.13887406574754088,0.5064250230789185,0.5064250120084902,39.38240432739258,39.38240515274283,ok
897,8.97,0.0,0.5064250230789185,0.1363731026649475,0.13391700387001038,0.1339170067385263,-0.5064250230789185,-0.5064250120084902,0.3304099142551422,0.3304099113978205,0.1363731026649475,0.13637310443557105,0.4972623288631439,0.49726233507926093,39.38742446899414,39.38742328406385,ok
898,8.98,0.0,0.4972623288631439,0.13391700387001038,0.13150498270988464,0.1315049773661161,-0.4972623288631439,-0.49726233507926093,0.3244427740573883,0.3244427633768694,0.13391700387001038,0.1339170067385263,0.48826631903648376,0.48826632191489716,39.39234924316406,39.39235062748971,ok
899,8.99,0.0,0.48826631903648376,0.13150498270988464,0.12913623452186584,0.1291362346109105,-0.48826631903648376,-0.48826632191489716,0.31858357787132263,0.3185835675138906,0.13150498270988464,0.1315049773661161,0.47943389415740967,0.4794338934231547,39.39719009399414,39.39718883415997,ok
900,9.0,0.0,0.47943389415740967,0.12913623452186584,0.1268100142478943,0.12681001014462873,-0.47943389415740967,-0.4794338934231547,0.3128303587436676,0.31283036079281273,0.12913623452186584,0.1291362346109105,0.4707620441913605,0.4707620299423494,39.401939392089844,39.40193952472239,ok
901,9.01,0.0,0.4707620441913605,0.1268100142478943,0.12452554702758789,0.12452554881587297,-0.4707620441913605,-0.4707620299423494,0.3071812093257904,0.30718121643350454,0.1268100142478943,0.12681001014462873,0.4622477889060974,0.46224776996026,39.4066047668457,39.4066042899208,ok
902,9.02,0.0,0.4622477889060974,0.12452554702758789,0.12228210270404816,0.12228210844940052,-0.4622477889060974,-0.46224776996026,0.3016342520713806,0.3016342431939814,0.12452554702758789,0.12452554881587297,0.4538882076740265,0.45388820886740056,39.41118621826172,39.41118469117033,ok
903,9.03,0.0,0.4538882076740265,0.12228210270404816,0.12007896602153778,0.12007895964702117,-0.4538882076740265,-0.45388820886740056,0.2961875796318054,0.2961875846875726,0.12228210270404816,0.12228210844940052,0.44568049907684326,0.4456804977434372,39.41568374633789,39.4156822611203,ok
904,9.040000000000001,0.0,0.44568049907684326,0.12007896602153778,0.11791538447141647,0.11791538559019771,-0.44568049907684326,-0.4456804977434372,0.29083943367004395,0.29083941871465135,0.12007896602153778,0.12007895964702117,0.4376218318939209,0.43762184217557576,39.42009735107422,39.42009850420521,ok
905,9.05,0.0,0.4376218318939209,0.11791538447141647,0.11579068750143051,0.11579068184442104,-0.4376218318939209,-0.43762184217557576,0.28558796644210815,0.28558795660854447,0.11791538447141647,0.11791538559019771,0.4297094941139221,0.4297095011078014,39.424434661865234,39.42443489718395,ok
906,9.06,0.0,0.4297094941139221,0.11579068750143051,0.11370415985584259,0.1137041561654239,-0.4297094941139221,-0.4297095011078014,0.28043144941329956,0.2804314425952509,0.11579068750143051,0.11579068184442104,0.42194080352783203,0.4219407857198984,39.42869186401367,39.428692889667815,ok
907,9.07,0.0,0.42194080352783203,0.11370415985584259,0.11165512353181839,0.11165512830729152,-0.42194080352783203,-0.4219407857198984,0.2753681540489197,0.2753681531666121,0.11370415985584259,0.1137041561654239,0.41431304812431335,0.41431305833522797,39.4328727722168,39.43287390463729,ok
908,9.08,0.0,0.41431304812431335,0.11165512353181839,0.10964293777942657,0.10964292983252091,-0.41431304812431335,-0.41431305833522797,0.2703964114189148,0.27039639646658936,0.11165512353181839,0.11165512830729152,0.4068237245082855,0.40682373135628386,39.436981201171875,39.43697933894817,ok
909,9.09,0.0,0.4068237245082855,0.10964293777942657,0.10766690969467163,0.1076669039240758,-0.4068237245082855,-0.40682373135628386,0.2655145227909088,0.265514511690314,0.10964293777942657,0.10964292983252091,0.3994702696800232,0.3994702662270906,39.441009521484375,39.44101056382712,ok
910,9.1,0.0,0.3994702696800232,0.10766690969467163,0.10572640597820282,0.10572640519947774,-0.3994702696800232,-0.3994702662270906,0.2607208788394928,0.2607208684955889,0.10766690969467163,0.1076669039240758,0.3922501802444458,0.39225017242154747,39.444969177246094,39.44496892535698,ok
911,9.11,0.0,0.3922501802444458,0.10572640597820282,0.10382080078125,0.1038207995269699,-0.3922501802444458,-0.39225017242154747,0.2560138702392578,0.25601386642653035,0.10572640597820282,0.10572640519947774,0.38516101241111755,0.38516100645686113,39.448856353759766,39.44885574495214,ok
912,9.120000000000001,0.0,0.38516101241111755,0.10382080078125,0.10194946080446243,0.10194946384378589,-0.38516101241111755,-0.38516100645686113,0.2513919472694397,0.251391934349048,0.10382080078125,0.1038207995269699,0.37820038199424744,0.37820037093124537,39.45267105102539,39.45267231982408,ok
913,9.13,0.0,0.37820038199424744,0.10194946080446243,0.10011178255081177,0.10011178597654985,-0.37820038199424744,-0.37820037093124537,0.2468535304069519,0.24685352989787304,0.10194946080446243,0.10194946384378589,0.37136590480804443,0.3713659135851014,39.4564208984375,39.456419923437494,ok
914,9.14,0.0,0.37136590480804443,0.10011178255081177,0.09830716997385025,0.09830716446383247,-0.37136590480804443,-0.3713659135851014,0.24239714443683624,0.24239713893485182,0.10011178255081177,0.10011178597654985,0.3646553158760071,0.3646553263849259,39.46009826660156,39.46009980595707,ok
915,9.15,0.0,0.3646553158760071,0.09830716997385025,0.09653501212596893,0.09653500838088144,-0.3646553158760071,-0.3646553263849259,0.23802128434181213,0.2380212750182327,0.09830716997385025,0.09830716446383247,0.3580663502216339,0.3580663446292237,39.463714599609375,39.46371319468527,ok
916,9.16,0.0,0.3580663502216339,0.09653501212596893,0.09479473531246185,0.09479473716654321,-0.3580663502216339,-0.3580663446292237,0.2337244749069214,0.23372447888268202,0.09653501212596893,0.09653500838088144,0.35159674286842346,0.35159674607573344,39.467262268066406,39.46726129449126,ok
917,9.17,0.0,0.35159674286842346,0.09479473531246185,0.09308578073978424,0.09308578045238863,-0.35159674286842346,-0.35159674607573344,0.22950531542301178,0.22950531792977322,0.09479473531246185,0.09479473716654321,0.3452443480491638,0.34524435008930227,39.47074508666992,39.47074528823119,ok
918,9.18,0.0,0.3452443480491638,0.09308578073978424,0.09140758216381073,0.0914075778940523,-0.3452443480491638,-0.34524435008930227,0.2253623902797699,0.2253623857287016,0.09308578073978424,0.09308578045238863,0.33900701999664307,0.33900701680977274,39.47416687011719,39.47416633716012,ok
919,9.19,0.0,0.33900701999664307,0.09140758216381073,0.08975958079099655,0.0897595790047925,-0.33900701999664307,-0.33900701680977274,0.22129429876804352,0.22129430152698432,0.09140758216381073,0.0914075778940523,0.3328826427459717,0.3328826463392708,39.47752380371094,39.47752558133563,ok
920,9.200000000000001,0.0,0.3328826427459717,0.08975958079099655,0.08814124763011932,0.08814124299127599,-0.3328826427459717,-0.3328826463392708,0.2172997146844864,0.21729970977091306,0.08975958079099655,0.0897595790047925,0.3268691897392273,0.32686917794830767,39.4808235168457,39.48082414001346,ok
921,9.21,0.0,0.3268691897392273,0.08814124763011932,0.08655203878879547,0.08655203859159,-0.3268691897392273,-0.32686917794830767,0.21337728202342987,0.21337727963553338,0.08814124763011932,0.08814124299127599,0.32096460461616516,0.32096458930013405,39.48406219482422,39.48406311203533,ok
922,9.22,0.0,0.32096460461616516,0.08655203878879547,0.0849914401769638,0.08499144391547975,-0.32096460461616516,-0.32096458930013405,0.2095257043838501,0.20952570456393177,0.08655203878879547,0.08655203859159,0.3151668906211853,0.31516689569280354,39.48724365234375,39.48724357620899,ok
923,9.23,0.0,0.3151668906211853,0.0849914401769638,0.08345895260572433,0.08345894628681036,-0.3151668906211853,-0.31516689569280354,0.2057437002658844,0.20574370181561813,0.0849914401769638,0.08499144391547975,0.3094741404056549,0.3094741493184271,39.4903678894043,39.49036659168089,ok
924,9.24,0.0,0.3094741404056549,0.08345895260572433,0.08195404708385468,0.08195404208824729,-0.3094741404056549,-0.3094741493184271,0.2020300179719925,0.202030012023797,0.08345895260572433,0.08345894628681036,0.30388444662094116,0.30388443853911784,39.49343490600586,39.49343319830145,ok
925,9.25,0.0,0.30388444662094116,0.08195404708385468,0.08047623932361603,0.08047623660814986,-0.30388444662094116,-0.30388443853911784,0.1983834058046341,0.1983833987613276,0.08195404708385468,0.08195404208824729,0.29839590191841125,0.2983958871791462,39.49644470214844,39.49644441698321,ok
926,9.26,0.0,0.29839590191841125,0.08047623932361603,0.079025037586689,0.0790250438896691,-0.29839590191841125,-0.2983958871791462,0.1948026567697525,0.19480264811517783,0.08047623932361603,0.08047623660814986,0.29300665855407715,0.29300665383284363,39.4994010925293,39.499401250051946,ok
927,9.27,0.0,0.29300665855407715,0.079025037586689,0.07759998738765717,0.07759998658204037,-0.29300665855407715,-0.29300665383284363,0.19128656387329102,0.19128656826918372,0.079025037586689,0.0790250438896691,0.2877149283885956,0.2877149311878091,39.50230407714844,39.502304681591,ok
928,9.28,0.0,0.2877149283885956,0.07759998738765717,0.07620059698820114,0.07620059579406008,-0.2877149283885956,-0.2877149311878091,0.1878339946269989,0.18783398909493002,0.07759998738765717,0.07759998658204037,0.2825189530849457,0.2825189453629924,39.505157470703125,39.505155677778845,ok
929,9.290000000000001,0.0,0.2825189530849457,0.07620059698820114,0.07482641190290451,0.07482641094973305,-0.2825189530849457,-0.2825189453629924,0.18444375693798065,0.18444376175057411,0.07620059698820114,0.07620059579406008,0.2774169445037842,0.2774169552612397,39.50795364379883,39.50795518722017,ok
930,9.3,0.0,0.2774169445037842,0.07482641190290451,0.07347698509693146,0.07347697964607822,-0.2774169445037842,-0.2774169552612397,0.18111476302146912,0.18111475828743923,0.07482641190290451,0.07482641094973305,0.27240726351737976,0.2724072519359072,39.510704040527344,39.510704141270494,ok
931,9.31,0.0,0.27240726351737976,0.07347698509693146,0.07215185463428497,0.07215185751307635,-0.27240726351737976,-0.2724072519359072,0.17784588038921356,0.17784587126420834,0.07347698509693146,0.07347697964607822,0.26748815178871155,0.267488157971158,39.513404846191406,39.5134034543546,ok
932,9.32,0.0,0.26748815178871155,0.07215185463428497,0.07085061073303223,0.07085060807574514,-0.26748815178871155,-0.267488157971158,0.17463602125644684,0.17463601336855444,0.07215185463428497,0.07215185751307635,0.262658029794693,0.2626580268755757,39.51605224609375,39.51605402427876,ok
933,9.33,0.0,0.262658029794693,0.07085061073303223,0.0695728063583374,0.06957280261832416,-0.262658029794693,-0.2626580268755757,0.171484112739563,0.17148411704604755,0.07085061073303223,0.07085060807574514,0.2579152584075928,0.25791524248873804,39.51865768432617,39.51865673253699,ok
934,9.34,0.0,0.2579152584075928,0.0695728063583374,0.06831801682710648,0.06831802005055232,-0.2579152584075928,-0.25791524248873804,0.16838914155960083,0.1683891341361827,0.0695728063583374,0.06957280261832416,0.25325822830200195,0.25325821840040846,39.52121353149414,39.521212444611436,ok
935,9.35,0.0,0.25325822830200195,0.06831801682710648,0.06708584725856781,0.06708584677601931,-0.25325822830200195,-0.25325821840040846,0.1653500348329544,0.1653500355153778,0.06831801682710648,0.06831802005055232,0.24868540465831757,0.248685397382015,39.52372360229492,39.52372201026704,ok
936,9.36,0.0,0.24868540465831757,0.06708584725856781,0.06587587296962738,0.0658758765625718,-0.24868540465831757,-0.248685397382015,0.16236580908298492,0.16236581074679363,0.06708584725856781,0.06708584677601931,0.24419525265693665,0.24419525083009685,39.526187896728516,39.52618626384054,ok
937,9.370000000000001,0.0,0.24419525265693665,0.06587587296962738,0.06468771398067474,0.06468771041475488,-0.24419525265693665,-0.24419525083009685,0.1594354659318924,0.15943546773683245,0.06587587296962738,0.0658758765625718,0.2397862821817398,0.2397862782214112,39.52860641479492,39.52860602452396,ok
938,9.38,0.0,0.2397862821817398,0.06468771398067474,0.06352095305919647,0.06352095644826797,-0.2397862821817398,-0.2397862782214112,0.15655803680419922,0.1565580323981755,0.06468771398067474,0.06468771041475488,0.23545700311660767,0.23545700657940188,39.530982971191406,39.53098209664276,ok
939,9.39,0.0,0.23545700311660767,0.06352095305919647,0.062375232577323914,0.06237522976641474,-0.23545700311660767,-0.23545700657940188,0.1537325531244278,0.15373254831922267,0.06352095305919647,0.06352095644826797,0.2312059849500656,0.2312059899517433,39.5333137512207,39.533315269928636,ok
940,9.4,0.0,0.2312059849500656,0.062375232577323914,0.06125015765428543,0.06125015233852535,-0.2312059849500656,-0.2312059899517433,0.1509580761194229,0.15095807643980175,0.062375232577323914,0.06237522976641474,0.22703181207180023,0.22703180889868077,39.535606384277344,39.53560631978723,ok
941,9.41,0.0,0.22703181207180023,0.06125015765428543,0.06014535203576088,0.060145352880329433,-0.22703181207180023,-0.22703180889868077,0.14823369681835175,0.1482336947330176,0.06125015765428543,0.06125015233852535,0.2229330688714981,0.22293306999189935,39.53785705566406,39.53785600756069,ok
942,9.42,0.0,0.2229330688714981,0.06014535203576088,0.0590604692697525,0.05906046673625784,-0.2229330688714981,-0.22293306999189935,0.14555850625038147,0.14555849789311479,0.06014535203576088,0.060145352880329433,0.2189084142446518,0.2189084053236609,39.54006576538086,39.540065080785354,ok
943,9.43,0.0,0.2189084142446518,0.0590604692697525,0.057995133101940155,0.057995135763650424,-0.2189084142446518,-0.2189084053236609,0.14293159544467926,0.14293159702923086,0.0590604692697525,0.05906046673625784,0.21495647728443146,0.21495647202595808,39.542232513427734,39.54223427344451,ok
944,9.44,0.0,0.21495647728443146,0.057995133101940155,0.056949008256196976,0.05694900821884763,-0.21495647728443146,-0.21495647202595808,0.14035211503505707,0.14035211936491937,0.057995133101940155,0.057995135763650424,0.21107594668865204,0.2110759517994421,39.54436492919922,39.54436430621641,ok
945,9.450000000000001,0.0,0.21107594668865204,0.056949008256196976,0.05592174082994461,0.05592173864514252,-0.21107594668865204,-0.2110759517994421,0.13781921565532684,0.13781920794332606,0.056949008256196976,0.05694900821884763,0.20726555585861206,0.2072655504518887,39.54645538330078,39.54645588671767,ok
946,9.46,0.0,0.20726555585861206,0.05592174082994461,0.0549129880964756,0.05491298776257056,-0.20726555585861206,-0.2072655504518887,0.13533201813697815,0.1353320213379034,0.05592174082994461,0.05592173864514252,0.20352399349212646,0.2035239974459742,39.54851150512695,39.548509709742056,ok
947,9.47,0.0,0.20352399349212646,0.0549129880964756,0.05392242595553398,0.05392242235951372,-0.20352399349212646,-0.2035239974459742,0.1328897327184677,0.1328897333685517,0.0549129880964756,0.05491298776257056,0.19985005259513855,0.1998500454561404,39.5505256652832,39.55052645749477,ok
948,9.48,0.0,0.19985005259513855,0.05392242595553398,0.05294971540570259,0.052949715186095536,-0.19985005259513855,-0.1998500454561404,0.13049153983592987,0.13049153282307802,0.05392242595553398,0.05392242235951372,0.19624246656894684,0.1962424699343351,39.55250549316406,39.55250679982241,ok
949,9.49,0.0,0.19624246656894684,0.05294971540570259,0.05199454724788666,0.05199454484934396,-0.19624246656894684,-0.1962424699343351,0.12813661992549896,0.12813662318386598,0.05294971540570259,0.052949715186095536,0.1927000731229782,0.19270006868441958,39.55445098876953,39.55445139443861,ok
950,9.5,0.0,0.1927000731229782,0.05199454724788666,0.051056597381830215,0.05105659571009814,-0.1927000731229782,-0.19270006868441958,0.1258242279291153,0.12582422235965296,0.05199454724788666,0.05199454484934396,0.18922166526317596,0.18922166144504257,39.55636215209961,39.556360887145445,ok
951,9.51,0.0,0.18922166526317596,0.051056597381830215,0.05013555660843849,0.05013555778163592,-0.18922166526317596,-0.18922166144504257,0.123553566634655,0.12355356242231245,0.051056597381830215,0.05105659571009814,0.18580609560012817,0.1858060894807853,39.55823516845703,39.55823591205071,ok
952,9.52,0.0,0.18580609560012817,0.05013555660843849,0.04923112690448761,0.04923112662999833,-0.18580609560012817,-0.1858060894807853,0.12132389098405838,0.12132388934854303,0.05013555660843849,0.05013555778163592,0.1824522167444229,0.1824522151813882,39.56007766723633,39.560077091781196,ok
953,9.53,0.0,0.1824522167444229,0.04923112690448761,0.048343002796173096,0.04834300327598774,-0.1824522167444229,-0.1824522151813882,0.11913446336984634,0.11913446276636637,0.04923112690448761,0.04923112662999833,0.17915892601013184,0.17915892166887543,39.561885833740234,39.56188503769192,ok
954,9.540000000000001,0.0,0.17915892601013184,0.048343002796173096,0.04747089371085167,0.04747089409881619,-0.17915892601013184,-0.17915892166887543,0.11698455363512039,0.11698455570633987,0.048343002796173096,0.04834300327598774,0.1759251207113266,0.17592511241239894,39.56365966796875,39.56366035007156,ok
955,9.55,0.0,0.1759251207113266,0.04747089371085167,0.04661450907588005,0.04661451074138029,-0.1759251207113266,-0.17592511241239894,0.11487345397472382,0.11487345435739107,0.04747089371085167,0.04747089409881619,0.17274971306324005,0.17274971085062868,39.56540298461914,39.56540361834398,ok
956,9.56,0.0,0.17274971306324005,0.04661450907588005,0.045773569494485855,0.045773570017139595,-0.17274971306324005,-0.17274971085062868,0.11280045658349991,0.11280045782718354,0.04661450907588005,0.04661451074138029,0.16963165998458862,0.1696316600215207,39.567115783691406,39.56711542126608,ok
957,9.57,0.0,0.16963165998458862,0.045773569494485855,0.0449477955698967,0.04494779381857526,-0.16963165998458862,-0.1696316600215207,0.11076487600803375,0.11076487790692528,0.045773569494485855,0.045773570017139595,0.16656991839408875,0.16656992219929934,39.56879806518555,39.56879632712197,ok
958,9.58,0.0,0.16656991839408875,0.0449477955698967,0.04413691163063049,0.044136909027205545,-0.16656991839408875,-0.16656992219929934,0.10876604169607162,0.1087660388405337,0.0449477955698967,0.04494779381857526,0.16356347501277924,0.16356347853849507,39.5704460144043,39.57044689391355,ok
959,9.59,0.0,0.16356347501277924,0.04413691163063049,0.04334064945578575,0.04334064742513566,-0.16356347501277924,-0.16356347853849507,0.1068032756447792,0.10680327709807175,0.04413691163063049,0.044136909027205545,0.1606113314628601,0.16061132872488296,39.57206726074219,39.57206766954749,ok
960,9.6,0.0,0.1606113314628601,0.04334064945578575,0.04255874454975128,0.042558745608118564,-0.1606113314628601,-0.16061132872488296,0.10487594455480576,0.10487594115337315,0.04334064945578575,0.04334064742513566,0.15771248936653137,0.1577124906331717,39.57365798950195,39.57365919201892,ok
961,9.61,0.0,0.15771248936653137,0.04255874454975128,0.04179094731807709,0.041790944900104474,-0.15771248936653137,-0.1577124906331717,0.10298339277505875,0.10298339126577509,0.04255874454975128,0.042558745608118564,0.15486599504947662,0.1548659999912969,39.57522201538086,39.575221989591554,ok
962,9.620000000000001,0.0,0.15486599504947662,0.04179094731807709,0.04103699326515198,0.04103699126925632,-0.15486599504947662,-0.1548659999912969,0.10112500190734863,0.10112499926587953,0.04179094731807709,0.041790944900104474,0.15207090973854065,0.15207091005117676,39.57675552368164,39.57675658097459,ok
963,9.63,0.0,0.15207090973854065,0.04103699326515198,0.040296636521816254,0.04029663524540883,-0.15207090973854065,-0.15207091005117676,0.09930014610290527,0.09930014834526542,0.04103699326515198,0.04103699126925632,0.14932629466056824,0.149326291265791,39.57826232910156,39.57826347549632,ok
964,9.64,0.0,0.14932629466056824,0.040296636521816254,0.03956963121891022,0.039569631838949015,-0.14932629466056824,-0.149326291265791,0.09750823676586151,0.09750823285007593,0.040296636521816254,0.04029663524540883,0.14663122594356537,0.1466312309724493,39.579742431640625,39.579743173274565,ok
965,9.65,0.0,0.14663122594356537,0.03956963121891022,0.038855742663145065,0.03885574046109621,-0.14663122594356537,-0.1466312309724493,0.0957486629486084,0.09574865807840653,0.03956963121891022,0.039569631838949015,0.1439848393201828,0.14398483308211688,39.58119583129883,39.58119616538393,ok
966,9.66,0.0,0.1439848393201828,0.038855742663145065,0.0381547249853611,0.038154724845559776,-0.1439848393201828,-0.14398483308211688,0.09402084350585938,0.09402084008142113,0.038855742663145065,0.03885574046109621,0.1413862258195877,0.14138621777467064,39.58262252807617,39.582622934020016,ok
967,9.67,0.0,0.1413862258195877,0.0381547249853611,0.03746635094285011,0.03746635297155287,-0.1413862258195877,-0.14138621777467064,0.09232420474290848,0.09232420546812509,0.0381547249853611,0.038154724845559776,0.13883452117443085,0.13883452119996043,39.584022521972656,39.5840239526606,ok
968,9.68,0.0,0.13883452117443085,0.03746635094285011,0.0367903970181942,0.03679039698814091,-0.13883452117443085,-0.13883452119996043,0.09065819531679153,0.09065819121372556,0.03746635094285011,0.03746635297155287,0.13632889091968536,0.13632889518455452,39.58539962768555,39.58539968622388,ok
969,9.69,0.0,0.13632889091968536,0.0367903970181942,0.03612663596868515,0.036126633139903754,-0.13632889091968536,-0.13632889518455452,0.08902224898338318,0.08902224447151091,0.0367903970181942,0.03679039698814091,0.1338685154914856,0.13386850694405136,39.58675003051758,39.58675059122377,ok
970,9.700000000000001,0.0,0.1338685154914856,0.03612663596868515,0.03547484055161476,0.03547484169389037,-0.1338685154914856,-0.13386850694405136,0.08741582185029984,0.0874158223881823,0.03612663596868515,0.036126633139903754,0.1314525455236435,0.1314525388008418,39.588077545166016,39.58807711592237,ok
971,9.71,0.0,0.1314525455236435,0.03547484055161476,0.03483480587601662,0.034834806867845576,-0.1314525455236435,-0.1314525388008418,0.08583839237689972,0.0858383919225722,0.03547484055161476,0.03547484169389037,0.12908019125461578,0.12908018790720976,39.589378356933594,39.589379700479654,ok
972,9.72,0.0,0.12908019125461578,0.03483480587601662,0.034206315875053406,0.03420631675968829,-0.12908019125461578,-0.12908018790720976,0.08428943157196045,0.08428942966768568,0.03483480587601662,0.034834806867845576,0.1267506629228592,0.12675066597366202,39.590660095214844,39.590658777100394,ok
973,9.73,0.0,0.1267506629228592,0.034206315875053406,0.03358916565775871,0.03358916327822087,-0.1267506629228592,-0.12675066597366202,0.08276842534542084,0.08276842167600174,0.034206315875053406,0.03420631675968829,0.12446320056915283,0.12446319900237951,39.591915130615234,39.59191477017841,ok
974,9.74,0.0,0.12446320056915283,0.03358916565775871,0.032983142882585526,0.03298314207504993,-0.12446320056915283,-0.12446319900237951,0.08127486705780029,0.08127486328797318,0.03358916565775871,0.03358916327822087,0.12221702933311462,0.12221702702568665,39.59314727783203,39.59314809643815,ok
975,9.75,0.0,0.12221702933311462,0.032983142882585526,0.032388053834438324,0.03238805247769851,-0.12221702933311462,-0.12221702702568665,0.07980825752019882,0.07980825896366493,0.032983142882585526,0.03298314207504993,0.12001140415668488,0.12001140384943643,39.5943603515625,39.59435916507371,ok
976,9.76,0.0,0.12001140415668488,0.032388053834438324,0.03180369734764099,0.03180369742389036,-0.12001140415668488,-0.12001140384943643,0.07836811989545822,0.0783681221174717,0.032388053834438324,0.03238805247769851,0.11784559488296509,0.11784559680121208,39.59554672241211,39.59554837788532,ok
977,9.77,0.0,0.11784559488296509,0.03180369734764099,0.031229885295033455,0.03122988339698686,-0.11784559488296509,-0.11784559680121208,0.07695397734642029,0.07695397495585715,0.03180369734764099,0.03180369742389036,0.11571888625621796,0.11571888648324848,39.596717834472656,39.59671612941329,ok
978,9.78,0.0,0.11571888625621796,0.031229885295033455,0.030666422098875046,0.03066642036255776,-0.11571888625621796,-0.11571888648324848,0.07556535303592682,0.07556534831805817,0.031229885295033455,0.03122988339698686,0.11363057047128677,0.11363056652997847,39.597862243652344,39.59786280706954,ok
979,9.790000000000001,0.0,0.11363057047128677,0.030666422098875046,0.03011312149465084,0.03011312170606678,-0.11363057047128677,-0.11363056652997847,0.0742017850279808,0.07420178151969843,0.030666422098875046,0.03066642036255776,0.11157994717359543,0.11157994337011176,39.5989875793457,39.59898879126676,ok
980,9.8,0.0,0.11157994717359543,0.03011312149465084,0.029569802805781364,0.029569804171653724,-0.11157994717359543,-0.11157994337011176,0.07286282628774643,0.07286282219925709,0.03011312149465084,0.03011312170606678,0.1095663383603096,0.10956633599315613,39.600093841552734,39.600094455545126,ok
981,9.81,0.0,0.1095663383603096,0.029569802805781364,0.02903628721833229,0.02903628780199464,-0.1095663383603096,-0.10956633599315613,0.07154802978038788,0.07154802616733921,0.029569802805781364,0.029569804171653724,0.10758907347917557,0.1075890757202925,39.60118103027344,39.60118016669678,ok
982,9.82,0.0,0.10758907347917557,0.02903628721833229,0.028512397781014442,0.028512395879222212,-0.10758907347917557,-0.1075890757202925,0.07025695592164993,0.0702569572586957,0.02903628721833229,0.02903628780199464,0.1056475043296814,0.10564750597951819,39.60224533081055,39.60224628488801,ok
983,9.83,0.0,0.1056475043296814,0.028512397781014442,0.027997955679893494,0.02799795486688842,-0.1056475043296814,-0.10564750597951819,0.06898918747901917,0.06898918718694148,0.028512397781014442,0.028512395879222212,0.10374098271131516,0.10374098208497358,39.603294372558594,39.603293163779234,ok
984,9.84,0.0,0.10374098271131516,0.027997955679893494,0.027492795139551163,0.02749279435295205,-0.10374098271131516,-0.10374098208497358,0.06774429976940155,0.0677442954019218,0.027997955679893494,0.02799795486688842,0.1018688753247261,0.10186887102037025,39.60432052612305,39.604321150642726,ok
985,9.85,0.0,0.1018688753247261,0.027492795139551163,0.02699674665927887,0.026996746993773697,-0.1018688753247261,-0.10186887102037025,0.06652186810970306,0.06652186894967735,0.027492795139551163,0.02749279435295205,0.1000305563211441,0.10003055122644006,39.60533142089844,39.60533058647827,ok
986,9.86,0.0,0.1000305563211441,0.02699674665927887,0.02650964818894863,0.026509648459101323,-0.1000305563211441,-0.10003055122644006,0.06532150506973267,0.06532150233496006,0.02699674665927887,0.026996746993773697,0.0982254147529602,0.09822541239232647,39.6063232421875,39.606321806126665,ok
987,9.870000000000001,0.0,0.0982254147529602,0.02650964818894863,0.026031337678432465,0.02603133737802947,-0.0982254147529602,-0.09822541239232647,0.06414280086755753,0.06414279738625214,0.02650964818894863,0.026509648459101323,0.09645285457372665,0.09645285525084124,39.607295989990234,39.60729513838122,ok
988,9.88,0.0,0.09645285457372665,0.026031337678432465,0.025561656802892685,0.02556165528591564,-0.09645285457372665,-0.09645285525084124,0.062985360622406,0.06298536312324204,0.026031337678432465,0.02603133737802947,0.09471229463815689,0.09471229137751122,39.60824966430664,39.60825090609711,ok
989,9.89,0.0,0.09471229463815689,0.025561656802892685,0.02510044537484646,0.025100446572237554,-0.09471229463815689,-0.09471229137751122,0.06184881553053856,0.061848815626711906,0.025561656802892685,0.02556165528591564,0.09300314635038376,0.09300314299334189,39.609188079833984,39.609189426298876,ok
990,9.9,0.0,0.09300314635038376,0.02510044537484646,0.024647558107972145,0.024647558429375147,-0.09300314635038376,-0.09300314299334189,0.060732778161764145,0.060732777910791805,0.02510044537484646,0.025100446572237554,0.09132484346628189,0.09132484277122543,39.610111236572266,39.61011101028585,ok
991,9.91,0.0,0.09132484346628189,0.024647558107972145,0.02420284040272236,0.02420284080230163,-0.09132484346628189,-0.09132484277122543,0.059636879712343216,0.0596368797975371,0.024647558107972145,0.024647558429375147,0.08967683464288712,0.08967683364592315,39.61101531982422,39.61101596373576,ok
992,9.92,0.0,0.08967683464288712,0.02420284040272236,0.02376614697277546,0.02376614633916784,-0.08967683464288712,-0.08967683364592315,0.05856075882911682,0.05856075779378603,0.02420284040272236,0.02420284080230163,0.08805856853723526,0.08805856862755325,39.61190414428711,39.6119045868064,ok
993,9.93,0.0,0.08805856853723526,0.02376614697277546,0.023337330669164658,0.02333733034276473,-0.08805856853723526,-0.08805856862755325,0.05750405415892601,0.05750405497025539,0.02376614697277546,0.02376614633916784,0.08646950870752335,0.08646951061851671,39.61277770996094,39.61277717423545,ok
994,9.94,0.0,0.08646950870752335,0.023337330669164658,0.02291625179350376,0.022916250722848704,-0.08646950870752335,-0.08646951061851671,0.056466422975063324,0.05646642084283319,0.023337330669164658,0.02333733034276473,0.08490913361310959,0.08490913223379515,39.61363220214844,39.61363401543848,ok
995,9.950000000000001,0.0,0.08490913361310959,0.02291625179350376,0.02250276878476143,0.022502767949315126,-0.08490913361310959,-0.08490913223379515,0.05544751137495041,0.05544751125602765,0.02291625179350376,0.022916250722848704,0.0833769142627716,0.08337691562455624,39.61447525024414,39.61447539460524,ok
996,9.96,0.0,0.0833769142627716,0.02250276878476143,0.022096745669841766,0.022096745006205155,-0.0833769142627716,-0.08337691562455624,0.0544469878077507,0.054446988268532975,0.02250276878476143,0.022502767949315126,0.0818723514676094,0.0818723523050035,39.61530303955078,39.61530159079412,ok
997,9.97,0.0,0.0818723514676094,0.022096745669841766,0.02169804833829403,0.021698047346531572,-0.0818723514676094,-0.0818723523050035,0.05346452072262764,0.05346452004087293,0.022096745669841766,0.022096745006205155,0.08039494603872299,0.08039494298240854,39.616111755371094,39.61611287802489,ok
998,9.98,0.0,0.08039494603872299,0.02169804833829403,0.021306542679667473,0.02130654284790951,-0.08039494603872299,-0.08039494298240854,0.05249978229403496,0.05249978072508403,0.02169804833829403,0.021698047346531572,0.07894419878721237,0.0789441973902652,39.61690902709961,39.616909525369856,ok
999,9.99,0.0,0.07894419878721237,0.021306542679667473,0.02092210203409195,0.02092210176897795,-0.07894419878721237,-0.0789441973902652,0.05155245214700699,0.051552450356400846,0.021306542679667473,0.02130654284790951,0.07751963287591934,0.07751963412450638,39.61769104003906,39.61769179704326,ok
1000,10.0,0.0,0.07751963287591934,0.02092210203409195,0.020544597879052162,0.020544596706598292,-0.07751963287591934,-0.07751963412450638,0.05062221363186836,0.05062221474690677,0.02092210203409195,0.02092210176897795,0.0761207789182663,0.07612078048272537,39.61846160888672,39.61845995248908,ok
